Identifier,Response,Web Search Sources,Time Taken,Input Tokens,Reasoning Tokens,Output Tokens,Reasoning Effort,Error Log,Response IDs,Successful
vote|reduce1|21|0,"[""{\n    \""square entries describe stronger, concrete advanced academic and career-technical offerings and measurable postsecondary outcomes than circle entries\"": \""Groups of reviews repeatedly list AP/IB/dual‑enrollment, CTE/vo‑tech pathways and named college/scholarship outcomes for square schools (e.g., dual enrollment, IB diplomas, students graduating with college credits), a distinct programmatic/offering pattern that is about curricular breadth and outcomes rather than safety, facilities, administration, or teacher variability.\"",\n    \""square entries report more frequent and severe student safety, violence, substance‑use, and gang incidents (and related assaults/sexual misconduct) than circle entries\"": \""Many square reviews describe explicit on‑campus threats—drugs/vaping/overdoses, daily fights, weapons, gang activity and sexual/assault incidents—an overt safety/behavior cluster that is substantively different from program offerings, facilities logistics, administrative governance, or variation in classroom teaching.\"",\n    \""square entries report more administrative, counseling, and district governance failures (or contested leadership/favoritism) affecting students than circle entries\"": \""Square reviews contain recurring reports of favoritism/nepotism, secrecy/cover‑ups, lost records, opaque policy enforcement, grade manipulation and dysfunctional district/principal behavior—concrete governance and responsiveness failures separate from teacher classroom quality, physical plant problems, program availability, or student safety incidents.\"",\n    \""square entries report more facility, capacity, sanitation, and resource/funding shortfalls and operational constraints (overcrowding, dilapidated buildings, unsanitary cafeterias/bathrooms, lack of books/computers, traffic/entry congestion) than circle entries\"": \""Numerous square entries document overcrowded classes/buses, broken bathrooms, poor food, aging infrastructure and contested capital spending—an operational/facilities/resource cluster distinct from academic program breadth, personnel behavior, or safety incidents.\"",\n    \""square entries show greater variability and extremes in teacher/instructional quality and student support (from highly committed/inspirational teachers to abusive, neglectful, or discriminatory staff) than circle entries\"": \""Square reviews routinely describe stark contrasts—excellent, deeply supportive teachers and award‑winning coaches alongside abusive, favoritist, or incompetent staff and inconsistent classroom management—an instructional/personnel‑quality polarity that is about teacher practice and support rather than governance processes, facilities, safety events, or program availability.\""\n}""]",,19.65707802772522,27285,1152,1671,,[],['resp_02f359a50cf76717006a74d6c896b88192904a7b36dd5b1cbd'],True
vote|reduce1|23|5,"[""{\n    \""square entries show greater variability in teacher/paraprofessional performance and staffing patterns—both stronger individualized mentorship and more harmful/unstable staffing—than circle entries\"": \""Captures the recurring pattern in square reviews of wide swings in instructional quality, long‑tenured champions, emergency substitutes, and turnover—distinct from administrative failures (which is about leadership/response), facilities (physical/logistical issues), program breadth (what's offered), and safety (student conduct incidents).\"",\n    \""Square entries report more frequent and severe student-safety and conduct incidents (drugs, fights, weapons, sexual assault, self-harm) and show weaker staff responses than circle entries\"": \""Groups all concrete safety/discipline harms and linked failures of adult intervention described in square reviews, and is kept separate from teacher‑quality variability (who teaches), administrative misconduct (governance/cover‑up), facilities/logistics, and programmatic offerings (curriculum/extracurricular breadth).\"",\n    \""square entries describe broader, formal academic and extracurricular program inventories (AP/honors, magnet/dual‑enrollment, vocational, arts, many clubs and sports) than circle entries\"": \""Aggregates the many concrete programmatic offerings, advanced-course and dual‑credit claims, and named academies in square reviews—a factual catalog of what is provided that is intentionally distinct from how well those programs are run (instruction), from safety issues, from facilities constraints, or from leadership behavior.\"",\n    \""square entries report more facility, capacity and operational resource shortfalls and logistical breakdowns than circle entries\"": \""Consolidates physical‑plant, overcrowding, sanitation, transportation, scheduling, fee/records, and other operational failures described in square reviews; this is expressly about infrastructure and logistics rather than staffing quality, governance/accountability, safety incidents, or program inventories.\"",\n    \""square entries report more administrative unresponsiveness, procedural mishandling, and leadership/accountability failures than circle entries\"": \""Covers patterns of non‑responsive principals/boards, favoritism, withholding records, punitive policies, and governance corruption in square reviews—separated from classroom‑level teacher variability, student safety events, facility problems, and the mere presence of programs because it focuses on leadership, process, and accountability.\""\n}""]",,22.786290884017944,24471,1280,1782,,[],['resp_0530f3d37d0ed600006a74d6c885cc819283e34305f67912b5'],True
vote|reduce1|7|5,"[""{\n    \""square entries report more frequent and severe student safety, bullying, substance‑use, and violent incidents than circle entries\"": \""This cluster groups the many raw terms documenting fights, assaults, drugs, gang activity, sexual incidents, suicide/self‑harm, and ineffective or absent adult response — a discrete safety/behavior climate topic that is distinct from facility problems, academic offerings, or administrative favoritism.\"",\n    \""square entries document broader, higher‑level advanced academic pathways and measurable college outcomes (AP/IB breadth, dual‑enrollment, college credits, elite admissions) more than circle entries\"": \""This bucket captures the repeated, concrete evidence that square schools host named AP/IB/dual‑enrollment/CTE/magnet tracks and report quantifiable college/scholarship placement — a programmatic/outcomes theme separate from safety, facilities, or governance problems.\"",\n    \""square entries report more concrete facility, capacity, and operational/logistical problems and specifics than circle entries\"": \""This grouping collects the concrete operational details (overcrowding, collapsing portables, pests, scheduling/blocking, cafeteria/transport/tech/Wi‑Fi issues and renovations) that affect daily life and are materially different from curricular offerings, safety incidents, or administrative fairness.\"",\n    \""Square entries report more administrative unfairness, arbitrary discipline, favoritism/nepotism, and operational failures than circle entries\"": \""This bucket groups systemic complaints about biased enforcement, micromanagement, punitive dress/grade/athletics favoritism and corrupt/nepotistic practices — distinct from procedural breakdowns (records/IEP handling) or concrete facility/resource shortages.\"",\n    \""square entries report more concrete administrative and operational breakdowns that impede student progress and family access (records/scheduling/transcript failures, special‑education denials, counseling and parent‑notification breakdowns) than circle entries\"": \""This theme covers procedural and compliance failures (lost records, scheduling/transcript errors, counselor overload, IEP noncompliance and parent‑notification lapses) focused on barriers to student services, which is separable from the broader notion of unfair/punitive administration or from physical facility problems.\""\n}""]",,23.469658136367798,24806,1472,1967,,[],['resp_01def7daa3f899b1006a74d6c85874819e98754942972c441c'],True
vote|reduce1|18|1,"[""{\n    \""Square entries describe more concrete, named advanced-academic pathways and measurable postsecondary outcomes (AP/IB/honors/dual‑enrollment, high test-proficiency, college matriculation) than Circle entries\"": \""Groups together the many square items that list named programs, AP/IB/dual‑enrollment, National Merit/scholarship counts and college matriculation evidence—this is about program breadth and measurable academic outcomes and is distinct from complaints about facilities, safety, instruction quality, or governance (the other buckets).\"",\n    \""square entries report more frequent student-safety problems (bullying, daily fights, substance abuse) and inconsistent or punitive discipline practices than circle entries\"": \""Captures the extensive square claims about violence, bullying, drug use, weapons incidents and either lax or overly punitive discipline; this bucket is explicitly about safety/behavior incidents and responses, not about facilities, academic offerings, instructional quality, or governance malpractice.\"",\n    \""square entries report more facility, capacity, and operational resource problems (overcrowding, pests, food, Wi‑Fi, transportation, materials) than circle entries\"": \""Aggregates the concrete, physical and logistical problems square reviewers cite (portables, overcrowded classes, pests, filthy bathrooms, food and tech shortages), which are operational/infrastructure issues separate from safety incidents, governance/favoritism, instructional variability, or academic program content.\"",\n    \""square entries report more administrative favoritism, politicized governance, punitive/exclusionary policies, and resource misallocation than circle entries\"": \""Groups the governance-level patterns in square reviews—nepotism, favoritism toward athletes/affluent families, politicized discipline, contested capital spending and budget misallocation—which concern leadership and policy choices rather than day‑to‑day facilities, safety events, classroom instruction, or program offerings.\"",\n    \""square entries report more inconsistent or failing student support and instructional delivery (teacher variability, counselor/IEP failures, turnover, grading/organization problems, and mental‑health neglect) than circle entries\"": \""Collects the square evidence about uneven teaching quality, grading/record errors, IEP/counseling breakdowns and mental‑health/support service failures—this bucket targets instructional and student‑support delivery problems and is kept distinct from governance, infrastructure, safety, and program availability.\""\n}""]",,26.325095891952515,27201,1664,2181,,[],['resp_021fc3ae976fb78e006a74d6c896f0819ca92ce17af738d541'],True
vote|reduce1|12|1,"[""{\n    \""square entries report stronger advanced academic programs and measurable postsecondary/career outcomes (AP/IB/STEAM, national scholarships, college matriculation, vocational credentials) than circle entries\"": \""This clusters all concrete claims about formal academic pathways, AP/IB/dual‑enrollment, STEM/CTE tracks and documented college placements (program availability and measurable outcomes) and is distinct from operational, safety, teacher‑quality or extracurricular themes because it only captures programmatic academic offerings and their postsecondary results.\"",\n    \""square entries report a wider, higher‑profile set of extracurriculars and arts/music/drama successes and visible school spirit/community turnout than circle entries\"": \""This groups reports about breadth, prestige and participation in non‑academic programs (band, choir, theater, JROTC, boosters, high participation/spirits) and is exclusive from the facilities, safety, admin or academic‑program buckets because it focuses on program scope, competitive success and community engagement in extracurricular life.\"",\n    \""square entries report more material/infrastructure and operational resource issues (overcrowding, outdated technology, cafeteria/transportation problems, facility or HVAC failures) than circle entries\"": \""This captures concrete, day‑to‑day facility, capacity and logistics problems (and also named capital projects or device provisions) and is kept separate from governance/favoritism, safety/incidents, teacher quality, or program‑offering buckets because it concerns physical resources and operational logistics only.\"",\n    \""Square entries report more frequent and severe student-safety and conduct incidents (drugs, fights, weapons, sexual assault, self-harm) and show weaker staff responses than circle entries\"": \""This groups reports tied specifically to student safety, bullying, substance use, violent incidents and the school’s immediate handling of those crises, and is mutually exclusive from administrative/governance complaints or program descriptions because it centers on safety incidents and victim/response outcomes rather than policy, facilities, or program breadth.\"",\n    \""square entries report more administrative dysfunction, politicized governance, favoritism, inconsistent or punitive discipline, and failure-to-resolve complaints than circle entries\"": \""This groups governance and personnel problems—nepotism, favoritism, hostile discipline, unresponsiveness, recordkeeping and board/district mismanagement—and is separate from safety, facilities, extracurriculars or academic‑program buckets because it concerns decision‑making, accountability and policy implementation rather than physical conditions, programs, or student incident frequencies.\""\n}""]",,27.06034779548645,27532,1792,2351,,[],['resp_02f6dc67cef3eed9006a74d6c8872081a0b030f2d6dba26f72'],True
vote|reduce1|17|3,"[""{\n    \""Square entries report stronger, more concrete advanced‑academic programs and measurable college‑preparation outcomes than Circle entries\"": \""This bucket captures the many square reviews listing AP/IB/dual‑enrollment/magnet/CTE offerings, National Merit/scholarship outcomes, and named college placements (distinct program availability and measurable postsecondary results) and is kept separate from instructional quality, safety, admin, and facilities buckets because it describes concrete program offerings and outcomes rather than staffing, governance, or day‑to‑day operations.\"",\n    \""square entries report more frequent and more severe student-safety and misconduct problems (bullying, drugs, assaults, weapons) and weaker interventions than circle entries\"": \""This groups all raw terms about fights, gang/weapon/drug incidents, sexualized misconduct, chronic bullying and administrators/staff failing to protect or ineffectively disciplining — a clear safety/climate cluster that is different from programmatic strength, facility logistics, governance failures, or special‑education/counseling shortcomings.\"",\n    \""square entries report more administrative and governance failures, favoritism, transactional behavior, and operational breakdowns than circle entries\"": \""This bucket groups allegations of nepotistic hiring, board secrecy, grade manipulation, retaliation against parents, arbitrary discipline and politicized leadership — governance and decision‑making dysfunction that is conceptually distinct from student safety incidents, facility constraints, or availability of academic programs.\"",\n    \""square entries contain more concrete operational, facility and scheduling/resource claims (overcrowding or underpopulation, renovated vs dilapidated buildings, cafeteria/bathroom problems, block/modified schedules, parent portals, transportation cuts, distance-learning failures) than circle entries\"": \""This groups the tangible, day‑to‑day logistics and physical‑plant/resource issues (class sizes, renovations, pests, food quality, buses, scheduling, tech/parent portals) that affect service delivery and campus operations and is kept separate from governance, student‑safety, academic program, and special‑needs/counseling themes.\"",\n    \""square entries report more failures or insufficiencies in counseling, Special Education (IEP/504) implementation, and targeted student support services than circle entries\"": \""This bucket aggregates the specific evidence about broken or inconsistent SpEd implementation, ignored IEPs/504s, poor counselor access or dismissive guidance, and uneven tutoring/transition supports — a discrete cluster about individualized student supports distinct from facility/resource problems, program breadth, governance, or general safety incidents.\""\n}""]",,27.0809268951416,27315,1600,2139,,[],['resp_041afa8b6d050d2d006a74d6c8a708819ead10bec35d270fec'],True
vote|reduce1|1|2,"[""{\n  \""square entries report more pervasive student safety and behavioral crises (bullying, fights, drugs, gang activity, severe incidents) and ineffective or inconsistent school responses than circle entries\"": \""This bucket groups every raw term about violence, bullying, gang/drug activity, hate vandalism, sexual assault/threats, repeated fights, police/lockdown incidents and clear failure to remediate — it is distinct from administrative‑governance failures (which explain why problems persist) and from facilities/resource issues (which are about physical conditions), so it does not overlap with the other selected buckets.\"",\n  \""square entries report more advanced/rigorous academic offerings, college‑prep and CTE pathways (AP, IB, dual enrollment, magnet) than circle entries\"": \""This bucket captures the many concrete programmatic claims (AP/IB/honors, dual‑enrollment/college credit, CTE/vocational pathways, documented alumni/college outcomes) and is focused on curricular/program breadth and measurable postsecondary results, which is a different fact than teacher quality, safety, facilities, or governance.\"",\n  \""square entries report more concrete facility, scheduling, technology, and extracurricular/infrastructure details (both upgrades and operational constraints like overcrowding, fees, and transportation problems) than circle entries\"": \""This groups raw terms about physical plant and day‑to‑day operational logistics (cleanliness, deferred maintenance, new construction, overcrowding, no AC/water, bussing, required fees, laptops, elective cuts) and is kept separate from governance (decision‑making) and from safety, instructional quality, or programmatic breadth.\"",\n  \""square entries report more administrative dysfunction, politicization, favoritism, turnover, and failure-to-act (board/district/leadership problems) than circle entries\"": \""This bucket collects governance and personnel‑level failures (secretive boards, nepotism, favoritism toward athletes/prominent families, cover‑ups, punitive parent treatment, policy opacity and hostile leadership) and is deliberately exclusive of teacher‑level variability, student safety incidents, facilities problems, or curricular offerings.\"",\n  \""square entries show greater variability and extremes in teacher/instructional quality and student support (from highly committed/inspirational teachers to abusive, neglectful, or discriminatory staff) than circle entries\"": \""This groups items about classroom/instructional practice, grading and management inconsistencies, counseling and special‑education support successes and failures, staff professionalism/abuse, and turnover/substitute instability — a staffing/instructional axis that is conceptually distinct from governance, safety incidents, facilities, and program availability.\""\n}""]",,27.215955018997192,26970,1792,2380,,[],['resp_02043206bcba8282006a74d6c861e0819cb8dc0b3213c026f5'],True
vote|reduce1|4|2,"[""{\n    \""square entries report more frequent and severe student safety, bullying, substance‑use, physical‑violence, and sexual‑misconduct incidents and failures to address them than circle entries\"": \""Groups all raw terms describing concrete on‑campus harms (fights, assaults, drug deaths, vaping, sexual coercion, gang activity, suicidality, pervasive bullying) and the school's failure to protect students — distinct from administrative/governance themes because it catalogs the incidents and harms themselves rather than policy or leadership causes.\"",\n    \""square entries report more administrative and policy dysfunction (poor communication, favoritism/nepotism, punitive/ad‑hoc policies, and cover-ups) than circle entries\"": \""Captures reviewer claims about governance, opaque/retaliatory handling of complaints, nepotism/favoritism, record‑keeping failures and cover‑ups — focused on leadership and policy/process breakdowns, not the front‑line safety incidents or classroom instructional quality that other buckets cover.\"",\n    \""Square entries document broader formal advanced academic and extracurricular program offerings and stronger measurable college/outcome evidence than circle entries\"": \""Groups the many concrete reports of AP/IB/magnet/dual‑enrollment/STEM/CTE pathways, named program partnerships, National Merit/college placement metrics and award‑winning teams/arts that indicate program breadth and measurable outcomes — a supply/achievement footprint clearly separable from facility or staffing failures.\"",\n    \""square entries report more pronounced operational, facility, scheduling and resource-allocation problems (overcrowding, building condition, communication failures, fundraising/tuition pressures) than circle entries\"": \""Collects the tangible infrastructure, logistics and resource complaints (overcrowding, pests, mold, outdated textbooks, lunch quality, parking fees, block scheduling, capital projects vs maintenance tradeoffs) — concrete material/operational problems that are distinct from program availability, incident prevalence, or teacher competence.\"",\n    \""square entries show greater within‑school variability and inconsistency in teacher quality, classroom management, and responsiveness than circle entries\"": \""Groups evidence of polarized or uneven instructional experience (highly effective AP teachers vs many disengaged or absent teachers, high turnover, subs, favoritism in classrooms, inconsistent homework/grading) — a classroom‑level variability theme that is different from governance breakdowns, student‑safety incidents, facility shortfalls, or the formal program inventory.\""\n}""]",,27.938061714172363,26916,1472,1969,,[],['resp_0d2d5c5e30636fe4006a74d6c800d4819f8bbc2830c87e5a03'],True
vote|reduce1|18|3,"[""{\n    \""square entries report more frequent, severe, and documented student‑safety and behavioral problems and failures to address them (bullying, fights, drugs, racist incidents, sexual assault, suicides) than circle entries\"": \""This groups all concrete reports of on‑campus danger and harmful peer behavior plus the frequent claim that staff/administration fail to remediate them; it is distinct from facility/logistics (physical plant and transport) and from programmatic or instructional critiques because it concerns student conduct and safety outcomes rather than resources, extracurricular breadth, or curriculum.\"",\n    \""square entries report more formal advanced academic programs and measurable college‑preparatory outcomes (AP/IB/honors/dual‑enrollment, test scores, graduation rates, alumni placement) than circle entries\"": \""This buckets all concrete evidence about availability of advanced tracks and quantifiable postsecondary outcomes (AP counts, scholarships, college admits), separating program breadth and measurable academic results from teacher quality/counseling problems or extracurricular/athletics claims.\"",\n    \""square entries report more extensive extracurricular, arts, and competitive athletics programs and visible program successes than circle entries\"": \""This groups claims about breadth and prominence of non‑core offerings (marching band, state championships, JROTC, internships, large club ecosystems) and their public achievements, which are programmatic and cultural assets distinct from classroom instruction, administrative behavior, or facility/logistics issues.\"",\n    \""square entries report more pronounced personnel and governance dysfunction (teacher favoritism/absenteeism, grading integrity problems, counseling/IEP failures, and unstable or politicized administration) than circle entries\"": \""This captures staff- and governance‑level failings — favoritism/nepotism, grade manipulation, counseling/IEP breakdowns, punitive or politicized discipline — and is kept separate from facility/operational failures and from student safety incidents (which are outcomes often tied to but distinct from governance misconduct).\"",\n    \""square entries report more operational and facility problems (overcrowding, severe maintenance and cleanliness failures, poor food/bus/parking logistics, missing materials) than circle entries\"": \""This groups concrete, day‑to‑day logistical and physical‑plant deficiencies (transportation, overcrowding, sanitation, HVAC/parking/renovation status) and is mutually exclusive from the other buckets because it concerns infrastructure and operations rather than student behavior, program offerings, or staff/governance conduct.\""\n}""]",,27.9373779296875,27084,1856,2412,,[],['resp_0dc33575a934fe4d006a74d6c89a00819eb126f4cbb2df2a2f'],True
vote|reduce1|5|5,"[""{\n    \""square entries report more frequent and severe student-safety incidents and ineffective incident response than circle entries\"": \""This cluster isolates concrete safety and conduct problems (fights, assaults, drugs, bomb threats, expulsions, police involvement, pervasive bullying) and failures to protect or remediate — a discrete issue about on‑site student harm and incident handling that is about safety, not instruction, facilities, governance, or program offerings.\"",\n    \""square entries report more variable and often poor classroom-level instruction, teacher misconduct, counseling failures, and unequal support for struggling students than circle entries\"": \""This bucket groups school-internal instructional and student‑support practices — teacher quality/engagement, homework/feedback, counseling/IEP responsiveness, and differential classroom accommodations — which are pedagogical/service delivery problems distinct from campus safety, building capacity, district governance, or program breadth.\"",\n    \""square entries report more problematic leadership behavior, poor parent-facing communication, favoritism/nepotism, suppression of complaints, and contested resource allocation than circle entries\"": \""This theme captures governance and staff‑behavior dysfunction (principal/superintendent unresponsiveness, cover‑ups, favoritism, alleged corruption, punitive or opaque policies) that concerns decision‑making and accountability rather than physical facilities, curricular offerings, or classroom practices.\"",\n    \""square entries report more pronounced operational, facility, scheduling and resource-allocation problems (overcrowding, building condition, communication failures, fundraising/tuition pressures) than circle entries\"": \""This bucket groups tangible logistics and infrastructure failures — overcrowding, modular classrooms, mold/asbestos/pest issues, broken HVAC/bathrooms, scheduling and transportation breakdowns, and contested capital priorities — which are physical/capacity/resource problems separate from pedagogy, safety incidents, governance choices, or programmatic richness.\"",\n    \""square entries report stronger and broader academic & extracurricular program offerings and capital/technology resources (AP/IB/dual enrollment, vocational tracks, arts, facility investments) than circle entries\"": \""This category captures concrete programmatic strengths and documented outcomes — abundant AP/IB/dual‑enrollment/CTE/music/band/athletics, scholarships/college matriculation, technology rollouts and award‑winning teams — a definable set of curricular/extracurricular offerings and measurable achievements distinct from safety, operational condition, instructional delivery quality, or administrative accountability.\""\n}""]",,28.240739107131958,24942,1728,2254,,[],['resp_091f78d2642a0d10006a74d6c7fee481a2a2c7911df2aad2b2'],True
vote|reduce1|10|3,"[""{\n    \""Square entries report more pervasive safety, bullying, substance‑use, weapon and violence incidents and weaker enforcement than circle entries\"": \""Groups many raw items describing fights, pervasive bullying, drug/alcohol problems, sexualized harassment, lockdowns/assaults and victims not being protected — a discrete safety/incident cluster that is about student conduct and supervision rather than staffing, facilities, governance or academic offerings.\"",\n    \""square entries show greater variability and problems in teacher/instructional quality, professionalism, and measurable academic outcomes than circle entries\"": \""Captures the large set of comments about inconsistent teacher competence, uncertified or unprofessional staff, poor classroom practices, grade‑inflation/cheating, AP/regular‑track instruction gaps and uneven measurable outcomes — an instructional/staffing‑quality theme distinct from facility shortages, governance failures, safety incidents, or the mere presence of advanced programs.\"",\n    \""square entries report stronger advanced-academic programs and measurable college-preparatory outcomes than circle entries\"": \""Groups all the concrete programmatic claims (IB/AP/honors/dual‑enrollment, engineering/STEM tracks, college credits, scholarships and elite matriculations) that are about institutional academic offerings and outcomes rather than teacher behavior, safety, physical resources, or administrative fairness.\"",\n    \""square entries report more facility, material, and operational resource problems (overcrowding, disrepair, food, and textbook shortages) than circle entries\"": \""Aggregates the operational/resource evidence (overcrowded halls, old texts, pests/mold, poor food, fee structures, scheduling/ID lines, renovation vs dilapidation) that concern physical capacity and day‑to‑day logistics rather than pedagogy, governance, extracurricular programming, or safety incidents per se.\"",\n    \""square entries describe more administrative and staff dysfunction, inconsistent responsiveness, favoritism/nepotism, and punitive/exclusionary policies than circle entries\"": \""Groups complaints about unresponsive offices/counselors, governance capture, nepotism, punitive attendance/graduation rules, biased discipline and contested leadership — a governance/ policy/fairness cluster separate from (a) safety incidents, (b) physical resource shortfalls, (c) programmatic academic offerings, and (d) classroom instructional quality.\""\n}""]",,28.5555419921875,26796,1728,2249,,[],['resp_0c5226b8f56ae4fe006a74d6c8720881918fe211061a440145'],True
vote|reduce1|24|2,"[""{\n    \""square entries report far more extensive, high‑profile extracurricular arts, music, and athletic programs and booster/parent engagement than circle entries\"": \""Groups many raw terms describing abundant, named clubs/bands/choral teams, competitive wins, large booster support and visible community turnout into a single program‑breadth bucket; this is distinct from administrative, safety, instructional, or academic‑rigor claims because it catalogs external programs, facilities and community engagement rather than governance, pedagogy, or student‑welfare failures.\"",\n    \""square entries show wider variability in teacher instructional quality and student supports — from highly committed, tutoring/PhD faculty to unqualified, unresponsive, or abusive staff — than circle entries\"": \""Captures the repeated pattern of simultaneous extreme teacher experiences (named exemplary teachers vs. incompetent/abusive teachers) and mixed counseling/IEP responsiveness in the raw terms; it is kept separate from ‘administrative dysfunction’ (which is about governance/policy) and from ‘advanced academic programs’ (which is about formal offerings), because this bucket is strictly about front‑line instructional and support variability.\"",\n    \""square entries report more frequent STUDENT SAFETY, BULLYING, SUBSTANCE‑USE, AND HARASSMENT incidents (including inequitable discipline and sexual misconduct) than circle entries\"": \""Groups all concrete incidents and climate reports—fights, drugs/vaping, sexual misconduct, bullying, threats, metal detectors, and reported failure to remediate—into a single safety/climate bucket; it is mutually exclusive from administrative or instructional buckets because it focuses on student‑safety events and victim outcomes rather than staffing variability, program offerings, or policy paperwork.\"",\n    \""square entries document more administrative dysfunction, inconsistent policy enforcement, and operational failures (communication, fees, records) than circle entries\"": \""Bundles reviewer evidence about unresponsive offices, inconsistent/biased discipline or dress-code enforcement, scheduling/registration breakdowns, lost records, contested fee/budget choices and governance favoritism into an operational/governance bucket; this is deliberately separated from teacher‑quality and safety buckets because it highlights managerial, communication, and policy implementation failures rather than classroom teaching or student‑behavior incidents.\"",\n    \""square entries report more concrete advanced-academic programs and measurable postsecondary outcomes than circle entries\"": \""Aggregates the many specific references to AP/IB/dual‑enrollment/magnets, named college partnerships, high test/college matriculation claims and measurable college outcomes into an academic‑programs/college‑prep bucket; it is distinct from the instructional‑quality bucket (which is about how teachers teach) and from extracurricular/facilities buckets (which are about non‑academic programs and infrastructure).\""\n}""]",,28.34129500389099,27258,1664,2275,,[],['resp_026c34f928f71eae006a74d6c8986481a180b77b2d6a965dce'],True
vote|reduce1|13|2,"[""{\n    \""square entries report more acute facility, logistical, and operational problems (sanitation, overcrowding, pest infestation, HVAC/Wi‑Fi failures, transportation and scheduling constraints) than circle entries\"": \""This bucket groups the many raw terms about physical plant, capacity, meal/lunch/routing, scheduling, locker/registration and technology failures into one concrete operational-theme; it is distinct from administrative dysfunction (which is about governance/communication/favoritism), from safety incidents (which are behavioral/criminal), from programmatic breadth (which is about course/club offerings), and from college‑prep claims (which are about advanced academic pathways and outcomes).\"",\n    \""square entries report more pervasive student-safety and behavior problems plus weak or inconsistent disciplinary response than circle entries\"": \""This bucket captures the large cluster of entries documenting fights, bullying, gangs, drugs, thefts, sexual harassment, arrests, mental‑health consequences and inconsistent/lenient or punitive discipline responses; it is focused on student conduct and on‑campus safety (not facilities, not curricular offerings, and not governance/process failures), so it stays mutually exclusive from the operational, administrative, extracurricular, and academic‑program buckets.\"",\n    \""square entries describe large, well‑resourced and competitively successful extracurricular and fine‑arts/technical programs (marching band, music, debate, robotics, career centers) and high student participation more than circle entries\"": \""This bucket groups the many specifics about award‑winning bands, athletics, drama/music tours, large club ecosystems and external partnerships into a single extracurricular/fine‑arts/CTE theme; it is separable from advanced academic/college‑prep pathways (which focus on AP/IB/dual credit and measurable college outcomes), from safety problems, from facility/operational woes, and from administrative governance complaints.\"",\n    \""square entries report more and broader named advanced academic programs and measurable college/credit outcomes (AP/IB/JROTC/dual‑enrollment, internships, high ACT/college placements) than circle entries\"": \""This bucket consolidates detailed claims about AP/honors/IB/dual‑enrollment/academies, specialized STEM/CTE pathways and concrete postsecondary metrics (elite admits, SAT/ACT outcomes, scholarship/college placement anecdotes); it is explicitly about curricular/programmatic academic rigor and outcomes and therefore kept distinct from extracurricular achievement, from staffing/communication/governance, and from physical/logistical issues.\"",\n    \""square entries report more administrative and policy dysfunction (poor communication, favoritism/nepotism, punitive/ad‑hoc policies, and cover-ups) than circle entries\"": \""This bucket groups raw terms about leadership turnover, favoritism, nepotism, recordkeeping errors, unresponsive/hostile administrators, policy arbitrariness and alleged cover‑ups into an organizational‑governance theme; it focuses on how the school is run and held accountable and is intentionally exclusive of facility/operational failures, student‑safety incidents, curricular/extracurricular program descriptions, and measurable academic offerings/outcomes.\""\n}""]",,28.852657318115234,27483,1280,1944,,[],['resp_00048f2b05cf9b14006a74d6c8abac81929cdb7432fa0803e9'],True
vote|reduce1|20|3,"[""{\n    \""square entries report stronger advanced academic and college‑preparatory programs and measurable postsecondary outcomes than circle entries\"": \""This groups all concrete claims about formal advanced offerings (AP/IB/dual‑enrollment/CTE), measurable outcomes (college acceptances, credits, scholarships, GPA gains) into a single academic-program strength bucket distinct from teacher behavior, facilities, safety, admin, or extracurricular claims.\"",\n    \""square entries report more pervasive bullying, violent incidents, substance use, targeted harassment, and severe student mental‑health harms — often with ineffective, dishonest, or cover‑up responses from administration — than circle entries\"": \""This isolates safety/behavioral-crisis evidence (bullying, fights, drugs, sexual assaults, suicidality, and poor incident handling), keeping it separate from governance problems, facilities, instructional quality, or extracurricular strength.\"",\n    \""square entries report more administrative governance failures, favoritism/nepotism, and unresponsiveness than circle entries\"": \""This captures allegations about leadership, hiring/pay favoritism, cover‑ups, retaliatory/punitive discipline, and communication breakdowns at the governance level — a distinct organizational/governance theme separate from student safety, physical plant, academics, or extracurriculars.\"",\n    \""square entries report more facility, capacity, sanitation, security‑incident and scheduling problems (and occasional capital projects) than circle entries\"": \""This groups concrete operational and infrastructure issues (bathrooms, overcrowding, HVAC, buses, Wi‑Fi, lunch lines, scheduling/locker logistics, and renovation projects) and resource allocation decisions, keeping them distinct from governance, safety, curricular, or extracurricular claims.\"",\n    \""square entries describe richer extracurricular offerings and stronger, more visible community/parental influence—high-performing band/arts/athletics, heavy parent fundraising, multigenerational alumni, and clique/elitism dynamics—than circle entries\"": \""This bucket collects all claims about breadth and prominence of extracurriculars, competitive arts/athletics, booster/parent involvement and alumni ties (including claims of athletic prioritization or elitism), which are programmatic/community phenomena separate from academics, facilities, governance, or safety.\""\n}""]",,29.480350971221924,26992,1984,2446,,[],['resp_0e9afc36fd2f437c006a74d6c895e88191b9345bb6dd9e084e'],True
vote|reduce1|19|2,"[""{\n    \""square entries report more administrative dysfunction, unresponsiveness, favoritism/nepotism, recordkeeping errors, and cover‑ups than circle entries\"": \""This bucket groups reviews describing leadership and governance failures (e.g., unresponsive principals/counselors, tenure/protection, favoritism, record/transcript or scheduling mishandling, concealment/retaliation), and is distinct from safety, facilities, programs, or extracurricular claims because it focuses on decision‑making, governance practices and staff/board misconduct rather than student incidents, physical capacity, curricular offerings, or activity breadth.\"",\n    \""Square entries document more frequent and severe student safety, violence, substance, and bullying incidents than circle entries\"": \""This bucket collects concrete reports of on‑campus harm (fights, assaults, suicides, overdoses, regular drug use, pervasive bullying) and inadequate immediate protection—separate from administrative governance or programmatic breadth because it centers on student safety outcomes and frontline security incidents rather than who runs the school or what programs exist.\"",\n    \""square entries report more concrete facility, capacity, scheduling and operational conditions (overcrowding, building condition/renovation details, scheduling/timetabling and service logistics) than circle entries\"": \""This groups items about physical and operational constraints—overcrowded classrooms/hallways, renovations, testing conditions, bus/transport problems, attendance/scheduling logistics and tech/food/cleanliness issues—and is mutually exclusive from leadership dysfunction, student‑safety incidents, curricular/program strength, or extracurricular prominence because it is about infrastructure and day‑to‑day logistics rather than governance, safety events, or program content.\"",\n    \""square entries document broader and more numerous advanced academic/CTE pathways and measurable postsecondary outcomes than circle entries\"": \""This bucket captures concrete academic-program breadth and measurable college/career outputs (AP/IB/dual‑enrollment, CTE/aviation/shop, documented alumni college placements or credits), and is distinct from the other buckets because it addresses program availability and outcome metrics rather than safety, facility/operational constraints, administrative malpractice, or extracurricular/athletics dynamics.\"",\n    \""square entries report more and broader extracurricular/arts/athletic offerings and simultaneously more athletic favoritism or athletics‑first prioritization than circle entries\"": \""This groups descriptions of abundant/award‑winning extracurriculars (band, theater, JROTC, sports, boosters) paired with claims that athletics or booster/ donor priorities drive resource allocation and favoritism, and is separate from facility, safety, admin, or curricular program buckets because it focuses on the scope of co‑curricular life and the social/resource tradeoffs tied to athletics/arts.\"" \n}""]",,29.983986139297485,26989,1600,2167,,[],['resp_09a7b29459cee598006a74d6c89b8c81929ec2884f35d693a6'],True
vote|reduce1|15|0,"[""{\n    \""square entries exhibit stronger advanced academic programs, rigorous course tracks, and measurable college‑preparatory outcomes than circle entries\"": \""This groups the many square claims about AP/IB/dual‑enrollment/magnet/college‑credit programs, measurable rankings, and alumni college placement — a distinct, programmatic academic‑offerings cluster that is about availability/outcome evidence (not about classroom conduct, safety, or administration) and therefore does not overlap with buckets about instruction quality, safety, or governance.\"",\n    \""square entries report more pervasive student safety and behavioral crises (bullying, fights, drugs, gang activity, severe incidents) than circle entries\"": \""This captures the recurring concrete allegations of bullying, fights, vaping/drugs, bomb threats, police involvement and ineffective remediation — a discrete safety/behavioral‑climate domain that is conceptually separate from academic program strength, facilities/logistics, instructional variability, or administrative favoritism.\"",\n    \""square entries report more administrative favoritism, corruption, and resource misalignment (athletics/optics over instruction) than circle entries\"": \""This groups square reports of nepotism, protected staff, athlete‑centric discipline, unethical attendance/funding maneuvers, and budget priorities favoring sports/visibility — a governance/fairness/resource‑allocation theme that is about who benefits and how rules are applied, distinct from safety incidents, program breadth, facilities detail, or classroom teaching quality.\"",\n    \""square entries describe more concrete facility, operational, and enrollment/resource details than circle entries\"": \""This bucket covers square entries’ granular reporting of buildings/renovations, overcrowding, schedules/start times, transportation/busing, cafeterias/bathrooms, printing/tech policies and logistics — concrete infrastructural and operational facts that are about capacity and service delivery rather than pedagogy, discipline, or programmatic offerings.\"",\n    \""square entries report more inconsistent or inadequate instructional delivery and student support services (teacher competence variability, counseling shortages, weak or uneven IEP/504/college advising) than circle entries\"": \""This captures square reports of variable teacher quality, grade‑inflation/no‑challenge practices, counseling/IEP failures, poor grading/feedback and uneven remediation — a classroom/instructional‑support cluster focused on how teaching and student supports are delivered, which is distinct from program availability, facilities/logistics, governance/favoritism, or student safety/crisis issues.\""\n}""]",,30.37708806991577,27333,1792,2342,,[],['resp_047a8009a265e3cd006a74d6c892ac819f95d2d773b85ac7fc'],True
vote|reduce1|11|2,"[""{\n    \""square entries describe stronger, more numerous advanced academic and postsecondary pathways and measurable outcomes (AP/IB/dual enrollment, weighted GPA policy, college admissions and scholarships, high test scores) than circle entries\"": \""Groups the many raw items that list named advanced-program offerings, AP/IB/early‑college/dual‑credit tracks and measurable college/test outcomes (acceptances, graduation rates, PSAT/AP support); this is distinct from staff behavior, safety, extracurricular breadth, or facilities because it specifically catalogs curricular pathways and measurable post‑secondary results rather than operational or personnel issues.\"",\n    \""square entries report far broader and more numerous extracurricular, arts, vocational, and competitive program offerings (music, band, JROTC, auto/shop, aviation, many clubs and sports) than circle entries\"": \""Collects raw terms enumerating tangible extracurricular/vocational offerings and program achievements (award‑winning band, JROTC, robotics, athletics championships, many clubs) and is mutually exclusive from the academic‑pathways bucket because it captures non‑curricular program breadth/achievements (activities, CTE, arts) rather than AP/IB/college‑prep courses or outcomes.\"",\n    \""Square entries report more frequent and severe student-safety and conduct incidents (drugs, fights, weapons, sexual assault, self-harm) and show weaker staff responses than circle entries\"": \""Groups explicit safety and behavior reports (bullying, assaults, gang/drug presence, suicides, police/security use) plus failures or complicity by staff in responses; this is separate from administrative mismanagement or facility complaints because it documents student conduct and harm (and adult protection failures) as opposed to governance, funding, or physical infrastructure problems.\"",\n    \""square entries report more administrative mismanagement, favoritism/nepotism, and budget or policy misallocation than circle entries\"": \""Captures allegations about leadership dysfunction (nepotism, biased discipline, cover‑ups, misuse of funds, punitive policies, mishandled complaints) and is distinct from safety or instructional/program buckets because it centers on governance, decision‑making, and accountability rather than classroom offerings, extracurricular lists, or facility conditions.\"",\n    \""square entries report more concrete facility, capacity, and operational/resource problems and contested funding priorities than circle entries\"": \""Groups complaints about overcrowding, sanitation/pest problems, scheduling/transportation/logistics, outdated materials, lunch/cafeteria crowding and explicit budget allocation conflicts (athletics vs academics); this bucket is mutually exclusive from the extracurricular and academic‑pathways buckets because it concerns physical capacity and day‑to‑day operational resourcing rather than program inventories or curricular strength.\""\n}""]",,30.414307117462158,26816,1536,2095,,[],['resp_0f2537383a872386006a74d6c8976081a0880acc6d83610d77'],True
vote|reduce1|9|2,"[""{\n    \""square entries report more administrative and operational dysfunction, inconsistent policy enforcement, favoritism/nepotism, and poor responsiveness than circle entries\"": \""This groups items about leadership, governance, biased enforcement, recordkeeping/scheduling/counselor mishandling, and parent‑facing bureaucracy—distinct from safety incidents, facilities, curricular offerings, or classroom instructional quality, so it does not overlap with the other buckets.\"",\n    \""Square entries report far more pervasive safety, bullying, substance‑use, and violent‑incident problems (and administrative failure to address them) than circle entries\"": \""This captures concrete student‑safety, bullying, fights, gang/drug/weapon/sexual‑assault incidents and the school’s failure or ineffective response—a separate domain from administrative governance, facilities/capacity issues, curricular/program offerings, or teacher instructional variability.\"",\n    \""square entries document more concrete advanced academic programming, AP/Honors/college‑vocational pathways, and measurable outcomes than circle entries\"": \""This bucket groups programmatic academic evidence (AP/IB/dual‑credit/CTE, measurable college placements and outcomes, internships) and is about what courses and pathways exist and their results, not about discipline, facilities, governance, or day‑to‑day teacher behavior.\"",\n    \""square entries report more facility, capacity, scheduling and operational conditions (overcrowding, building condition/renovation details, scheduling/timetabling and service logistics) than circle entries\"": \""This isolates physical plant, overcrowding/traffic/transportation, sanitation/maintenance, construction/renovation and daily operational logistics (lunch lines, bell schedules, parking) — concrete infrastructure and logistics distinct from governance, safety incidents, curricular breadth, or instructional practice.\"",\n    \""Square entries show greater polarization and variability in teacher quality and instructional delivery (from highly supportive, individualized help to neglectful/unprofessional teachers) than Circle entries\"": \""This groups teacher‑level variability — one‑on‑one supports, accessibility, grading inconsistency, morale/turnover, and outright unprofessional classroom practices — which is about instruction and staff performance and is kept separate from administration/governance, safety, physical facilities, and program availability.\""\n}""]",,30.899914026260376,26860,2176,2657,,[],['resp_00241478ba95e363006a74d6c8712081918b44b9d7d9ce06ee'],True
vote|reduce1|3|4,"[""{\n    \""square entries report more student safety incidents, pervasive bullying, substance abuse, and unaddressed sexual misconduct than circle entries\"": \""This cluster groups all concrete reports of on‑campus threats to student safety (fights, drug use/vaping, overdoses, sexual/harassment incidents, ineffective victim protection), and is distinct from administrative or programmatic themes because it concerns direct student‑safety events and their immediate consequences rather than leadership, curriculum, or extracurricular breadth.\"",\n    \""square entries describe broader, named extracurricular/arts/athletics offerings and also more reports of preferential resource allocation toward athletics/band than circle entries\"": \""This bucket captures explicit lists of extracurricular, band/theater/athletics assets and repeated claims that athletics/boosters receive privileged funding or staffing, and is kept separate from academic program strength or facility/maintenance issues because it focuses on program mix and resource prioritization for extracurriculars specifically.\"",\n    \""square entries document broader and more concrete advanced academic, dual‑credit, CTE, and arts offerings with measurable college outcomes than circle entries\"": \""This groups all specific, named academic pathways and measurable postsecondary outcomes (AP/IB/dual‑enrollment, CTE tracks, university partnerships, alumni/college placement), distinct from extracurricular/athletics coverage and from teacher/operational problems because it addresses the school’s formal academic program capacity and outcomes.\"",\n    \""square entries report more administrative dysfunction, unresponsiveness, favoritism/nepotism, recordkeeping errors, and cover‑ups than circle entries\"": \""This bucket consolidates procedural and governance failures (lost/destroyed records, cover‑ups, nepotism, unreturned communications, manipulative social‑media monitoring), and is explicitly separate from classroom instruction or facility problems because it targets leadership, compliance, and parent‑school governance behaviors.\"",\n    \""square entries show greater variability and concrete problems in classroom instruction, teacher practices, and student supports (teacher apathy vs isolated excellent teachers, inconsistent grading/favoritism, punitive discipline, heavy homework, passive/video instruction) than circle entries\"": \""This theme captures instructional quality, grading and accommodation inconsistencies, special‑education/IEP failures, and uneven counselor/teacher responsiveness—distinct from (a) administrative governance failures and (b) program/extra‑curricular offerings because it focuses on everyday classroom delivery and student support services.\""\n}""]",,30.983038902282715,27158,2048,2562,,[],['resp_081f7a62c2ab51df006a74d6c89558819fb83e100d8153087c'],True
vote|reduce1|22|4,"[""{\n    \""square entries report broader, better‑funded extracurriculars, arts, and athletics (often with athletics prioritized or protected) more than circle entries\"": \""Groups many reviews that name concrete program breadth, high‑profile arts/athletics (marching band, JROTC, ROTC, boosters) and cases where sports receive privileged treatment — a programmatic/funding‑priority bucket distinct from facility, safety, governance, or classroom‑rigor issues.\"",\n    \""Square entries report more concrete facility, resourcing, and operational/logistical problems (or visible capital changes) than circle entries\"": \""Captures the physical‑plant, capacity, scheduling, pest/food/temperature, technology and renovation evidence in the reviews (including visible capital projects) — a facilities/operations cluster that is materially different from administrative favoritism, safety incidents, extracurricular breadth, or academic-program strength.\"",\n    \""square entries report more explicit administrative governance failures, favoritism, and counseling/IEP mismanagement than circle entries\"": \""Groups items about governance, nepotism/favoritism, opaque budgeting, cover‑ups, recordkeeping problems and IEP/counseling breakdowns — a leadership/governance and compliance theme that is separable from student safety events, facility conditions, extracurricular offerings, or academic program descriptions.\"",\n    \""square entries report more frequent and severe student safety, bullying, substance‑use, theft and on‑campus fights/incidents than circle entries\"": \""Aggregates concrete safety and peer‑misconduct reports (assaults, gangs, drugs, repeated fights, racial/sexual harassment, ineffective disciplinary responses) — an incident‑and‑climate category that is about student harm and supervision, not about facilities, governance processes, extracurricular programming, or curricular rigor.\"",\n    \""square entries describe stronger advanced-academic programs and measurable college-prep outcomes than circle entries\"": \""Collects evidence about AP/IB/dual‑enrollment/CTE pathways, named college acceptances, scholarships and explicit college‑prep supports — a distinct academic‑program/outcomes bucket that focuses on course offerings and postsecondary success rather than safety, facilities, governance, or extracurricular scale.\""\n}""]",,30.89500594139099,27008,1664,2141,,[],['resp_0b3ca8f0cdb177cd006a74d6c895f4819e8c1e1c9e9d2cab52'],True
vote|reduce1|24|1,"[""{\n    \""square entries document stronger and more extensively organized extracurriculars, performing‑arts and athletics (plus booster/fee structures) than circle entries\"": \""This groups the many raw claims about large, varied clubs/teams, flagship band/arts programs, booster/fee arrangements and visible community/booster engagement (e.g., Olympic‑sized pools, marching band prestige, numerous clubs, pay‑to‑play fees) — a clearly programmatic, non‑overlapping category distinct from academic rigor, safety, or governance issues.\"",\n    \""square entries report more frequent and severe student-safety/discipline incidents and weaker or inconsistent institutional responses than circle entries\"": \""This captures the cluster of concrete safety and behavioral problems (daily fights, weapons, drugs, lockdowns, sexual harassment, bullying, suicidality) plus documented slow/ineffective or punitive responses — a distinct theme about on‑campus harm and response that does not conflate with governance, program breadth, or routine operational failures.\"",\n    \""square entries report more administrative and governance dysfunction (coverups, nepotism/favoritism, politicized hiring/finance, leadership turnover or removal calls, and misaligned priorities) than circle entries\"": \""This isolates allegations about district/board‑level malpractice, nepotism, politicized decisions, fiscal misprioritization and cover‑ups (e.g., favoritism toward staff/athletes, board maneuvers, demands for resignations) — focused on high‑level accountability and politics and kept separate from day‑to‑day operational errors or counseling/scheduling problems.\"",\n    \""square entries report more administrative operational failures and poor responsiveness (scheduling/counselor mismanagement, enrollment/remote‑learning barriers, fees, recordkeeping and communication breakdowns) than circle entries\"": \""This groups the concrete operational breakdowns reviewers described — lost/late grades, counselor scheduling failures, phone/email non‑response, enrollment/address gaming, fee/technology mandates — which are tactical execution problems distinct from governance malfeasance, safety incidents, extracurricular scale, or academic program strength.\"",\n    \""square entries describe stronger and more abundant advanced academic programs and measurable college outcomes (AP/IB/magnet/STEM/academies) than circle entries\"": \""This bundles the numerous, concrete programmatic academic strengths (AP/IB/dual‑enrollment, magnets, CTE pathways, high college matriculation and named alumni outcomes) into one theme about formal advanced‑academic capacity and measurable post‑secondary outcomes, separate from extracurricular breadth, safety/climate, governance, or administrative operations.\""\n}""]",,31.19928288459778,27394,2048,2629,,[],['resp_07cbd6170f14e1f6006a74d6c89644819d85823111e27cb705'],True
vote|reduce1|9|1,"[""{\n    \""square entries report more extensive, concrete advanced academic, vocational, and extracurricular program offerings and measurable high‑achievement outcomes than circle entries\"": \""Groups the many square-review claims about AP/IB/dual‑enrollment, vocational/CTE tracks, university partnerships, test scores, scholarships and elite matriculations into a single program/outcomes bucket — it is explicitly about curricular/pathway capacity and measurable student results, not about safety, facilities, discipline, or leadership, so it is distinct from the other selected buckets.\"",\n    \""square entries report broader and more numerous extracurricular arts, music, academic clubs and athletics involvement — often coexisting with explicit athletic favoritism — than circle entries\"": \""Captures the sizeable cluster of square evidence listing bands, marching, JROTC, state titles, many clubs, booster engagement and complaints about athlete privilege — focused on co‑curricular breadth and athletics/arts prioritization rather than on academic-program credentials, building condition, student safety incidents, or administrative governance.\"",\n    \""square entries report more frequent, specific student-safety/discipline problems (bullying, assaults, drugs) and ineffective responses than circle entries\"": \""Groups all concrete allegations in square reviews of bullying, fights, assaults, drug use/vaping, threats, hazing and administrators failing to protect or respond — this safety/behavior bucket is about harm and supervision failures, not about program offerings, facilities upkeep, or governance/process errors.\"",\n    \""square entries report more administrative and governance failures (nepotism, favoritism, withholding information, inconsistent or punitive discipline, board/district scandals) than circle entries\"": \""Collects reports of unresponsive or unethical leadership, favoritism/nepotism, grade manipulation, punitive/opaque discipline, registrar/recordkeeping breakdowns and district‑level governance complaints — clearly about people/policy/accountability, and kept separate from facility conditions, student safety incidents, or academic-program breadth.\"",\n    \""square entries report more facility, capacity, and resource-allocation problems (overcrowding, trailers, disrepair, environmental hazards) and contested capital priorities than circle entries\"": \""Groups the concrete physical‑plant and resource themes in square reviews — overcrowding, bathrooms, custodial shortages, traffic/egress, capital projects and contested spending — which are operational/infrastructure issues distinct from curricular strength, extracurricular scale, safety incidents, or leadership/fairness problems.\""\n}""]",,31.426190853118896,27321,2112,2615,,[],['resp_0a6b7ae888a58493006a74d6c870e481a2a2ef822221b8032f'],True
vote|reduce1|15|4,"[""{\n  \""square entries report more facility, capacity, sanitation, and resource/funding shortfalls and operational constraints (overcrowding, dilapidated buildings, unsanitary cafeterias/bathrooms, lack of books/computers, traffic/entry congestion) than circle entries\"": \""This bucket captures all concrete, physical- and resource-related problems (crowding, building decay, pests, food/lunch concerns, missing materials, transport/logistics) that reviewers describe — it is distinct from administrative governance (policy/favoritism) and from pedagogy/programming (course or teacher quality), which are covered by other buckets.\"",\n  \""square entries report more frequent and severe student safety and misconduct incidents (bullying, fights, drugs, gangs, hate symbols, sexual harassment) than circle entries\"": \""This groups every report about on-campus violence, substance use, mass fights, threats/lockdowns, sexual harassment, and related victimization and inadequate protective response, which is conceptually separate from facility problems, administrative mismanagement, instructional variability, or course/program availability.\"",\n  \""square entries document stronger and more numerous advanced academic programs and measurable college‑preparation outcomes than circle entries\"": \""This bucket groups concrete programmatic strengths (AP/IB/dual‑enrollment, magnets, STEM/CTE tracks, high AP scores and college placements) and measurable outcomes — a supply-of-programs/college-prep theme that is different from teacher competence, student safety, facilities, or governance.\"",\n  \""square entries report more administrative, guidance, and governance failures (unresponsive counselors/administrators, favoritism/nepotism, punitive or retaliatory policies, board/transfer/permits manipulation) than circle entries\"": \""This collects governance- and office-level dysfunctions (lost records, nepotism, opaque discipline policy, hostile parent interactions, counselor/registry errors) that affect processes and fairness and is logically distinct from physical facilities, classroom instruction, safety incidents, or program breadth.\"",\n  \""square entries document greater variability and concrete problems in classroom instruction and teacher behavior (uneven teaching quality, favoritism, grade manipulation, and inadequate instruction) than circle entries\"": \""This bucket groups teacher- and classroom-level evidence — wide swings from excellent to abusive/unqualified teachers, inconsistent grading, special-ed/IEP failures and scheduling/advising mistakes — which is different from program availability, facility issues, governance failures, or student-safety incident reports.\""\n}""]",,31.713807106018066,27449,1984,2498,,[],['resp_0124a60f922e5bfa006a74d6c8961481a2b65e4306b3e24ad7'],True
vote|reduce1|19|3,"[""{\n    \""square entries document more extensive advanced academic pathways and measurable college‑prep outcomes (AP/IB/dual‑enrollment, college credits, scholarships) than circle entries\"": \""This groups all concrete program/offering evidence (IB/AP/dual‑credit, internships, scholarship programs, college placement claims and measurable post‑grad outcomes) that Square reviewers repeatedly cite as institutional strengths—distinct from teachers' day‑to‑day behavior, facilities, safety, or governance issues captured in other buckets.\"",\n    \""square entries report more frequent and severe student-safety, bullying, weaponization, and identity‑based harassment incidents — and more accounts that administration fails or punishes victims — than circle entries\"": \""This captures the many Square reports of fights, weapons/gang activity, substance abuse, racist/homophobic harassment, victim punishment or administrative inaction—an explicit safety/harassment climate theme that is separable from program offerings, facilities/maintenance, administrative governance, or instructional variability.\"",\n    \""square entries report more facility, capacity, and operational resource problems (overcrowding, pests, food, Wi‑Fi, transportation, materials) than circle entries\"": \""This groups concrete, physical and logistic problems Square reviewers describe (dilapidated buildings, pests, sanitation, crowded classes, cut bussing, outdated textbooks, parking/security, cafeteria issues), which are operational/resource issues distinct from instructional quality, safety incidents, governance failures, or availability of advanced programs.\"",\n    \""Square entries report more administrative unresponsiveness, favoritism/nepotism, budget misprioritization, and bureaucratic/recordkeeping failures than Circle entries\"": \""This bucket covers governance- and leadership-level dysfunctions Square reviewers allege (board/BOE turnout, favoritism, nepotism/donor influence, opaque budgeting, leadership turnover, withheld records, punitive policies), which are organizational/decision‑making failures different from classroom instruction, physical facilities, student‑safety incidents, or program availability.\"",\n    \""square entries show greater variability and more concrete problems in classroom instruction and student‑support staffing than circle entries\"": \""This collects Square evidence about inconsistent teacher quality, unprofessional/abusive teacher conduct, grading favoritism, lost/late grades, and unstable or inadequate counseling/special‑education supports—frontline instructional and support‑staff performance issues that are conceptually distinct from governance, physical resources, safety climate, or the presence of advanced programs.\""\n}""]",,31.758522033691406,27201,2112,2643,,[],['resp_0a22848061940dc9006a74d6c8b87881a3aceffe3c633d5901'],True
vote|reduce1|8|5,"[""{\n    \""square entries report more extensive, formal advanced-academic programs and measurable college/STEM outcomes than circle entries\"": \""Groups reviews that name concrete program breadth and outcomes (AP/IB/dual‑enrollment, CTE/engineering/biomedics, high ACT/college matriculation, Ivy placements) — this is about formal curricular pathways and measurable postsecondary results, distinct from teacher quality, safety, admin or facility issues.\"",\n    \""square entries report greater variability in instructional quality, classroom management, and individualized academic support than circle entries\"": \""Captures the mixed teacher/support evidence (named devoted teachers and mentors versus lazy/unprepared instructors, inconsistent grading, ignored IEPs, spotty counseling) — this is about within‑school instructional and student‑support inconsistency, not about program availability, campus safety, administration governance, or physical resources.\"",\n    \""square entries report more frequent and severe student-safety and disciplinary incidents (bullying, fights, gangs, drugs, sexual assault) than circle entries\"": \""Groups explicit accounts of violence, repeated fights, drug dealing/use, suicides/overdoses, homophobia/targeted harassment and related assault incidents — this bucket is focused on student‑safety/behavioral/peer‑climate crises and is separable from administrative choices, instructional quality, program breadth, or facility conditions.\"",\n    \""square entries report more administrative and operational mismanagement (poor communication, record-keeping, favoritism, budgeting and logistical failures) than circle entries\"": \""Collects governance and personnel complaints (nepotism, favoritism toward athletes/wealthy kids, firing/blame‑shifting, guidance/counselor failures, grade/registration/record errors, contested budgeting) — this theme is about leadership/policy/process breakdowns, not safety events, instructional variability, facilities, or program offerings.\"",\n    \""square entries report more facility, capacity, transportation, and budget/resource problems (or concrete renovation activity) than circle entries\"": \""Groups concrete physical and resource issues (sanitation/pests, overcrowding, HVAC/cold rooms, dilapidated buildings, cafeteria problems, bus/transport logistics, capital projects or contested spending) — this is about material infrastructure and allocation, distinct from programmatic strength, teacher variability, safety incidents, or administrative misconduct.\""\n}""]",,31.792277097702026,24442,2112,2626,,[],['resp_061c5175344c37fb006a74d6c8de1481929116206869f276ca'],True
vote|reduce1|16|1,"[""{\n\""Square entries report more administrative unresponsiveness, favoritism, misconduct, and inconsistent/biased discipline than circle entries\"": \""Groups many raw items about lost records, counselor/front‑office rudeness, nepotism/favoritism, arbitrary discipline, mishandled complaints, and governance conflicts into a single governance/accountability cluster that is conceptually about leadership and process failures (distinct from safety incidents, instructional quality, academic offerings, or extracurricular breadth).\"",\n\""square entries report more frequent and severe student safety, bullying, substance‑use, and violent‑incident problems (and related victimization) than circle entries\"": \""Captures the corpus of concrete, incident‑level harm — fights, assaults, drugs, sexual harassment, gang activity, threats and suicidality — and victimization accounts, which are about campus safety and student harm and are meaningfully different from administrative dysfunction, curricular/program offerings, extracurricular strength, or teacher/instructional variability.\"",\n\""Square entries document more abundant advanced/rigorous academic programs and measurable college‑preparation outcomes (AP/IB/dual enrollment, National Merit, scholarships) than circle entries\"": \""Groups all concrete evidence of formal advanced‑academic pathways, dual‑credit/AP/IB offerings, test/college outcomes and named academic tracks into an academic‑programs/college‑prep bucket, which is about what the school provides academically (not how well teachers execute day‑to‑day instruction or how safe the campus is).\"",\n\""square entries document stronger and more extensively organized extracurriculars, performing‑arts and athletics (plus booster/fee structures) than circle entries\"": \""Collects explicit, programmatic claims about band/choir/theater/state championships, NJROTC, many clubs, athletic prioritization, booster funding and fee tradeoffs into a single extracurricular/funding axis that is distinct from academic program strength, administrative fairness, student safety, or classroom instruction quality.\"",\n\""square entries report more granular classroom‑level instructional quality and student‑support patterns (teacher competence/turnover, grade‑rigor variability, cheating/grade inflation, counseling/IEP failures, teacher misconduct) than circle entries\"": \""Aggregates items about teacher variability, grading policies, substitute/turnover disruption, special‑education/IEP/counseling implementation and classroom practices into a focused instructional/support bucket that is about in‑class pedagogy and individualized supports (separate from the presence of formal AP/IB programs, extracurricular breadth, governance failures, or campus safety incidents).\""\n}""]",,31.905155897140503,27042,1664,2213,,[],['resp_064a0367a8e377f4006a74d6c8916c819e9b686a6492ba78fe'],True
vote|reduce1|12|0,"[""{\n    \""square entries report more facility, capacity, transportation, and resource‑prioritization problems (overcrowding, poor layout, cafeteria/bathroom failures, and athletic funding skew) than circle entries\"": \""Groups every concrete, on‑site operational and physical resource complaint (overcrowding, parking/lot hazards, pest/cleanliness, cafeteria scheduling/quantity, capital projects vs material shortages) into a single infrastructure/capacity bucket — clearly about the building/operations rather than about incident response, instructional quality, program availability, or leadership behavior, so it is mutually exclusive from the other selected buckets.\"",\n    \""square entries report more frequent, severe, and documented student‑safety and behavioral problems and failures to address them (bullying, fights, drugs, racist incidents, sexual assault, suicides) than circle entries\"": \""Captures all safety‑and‑conduct incidents and their mishandling (daily fights, drug deals, assaults, suicides, police involvement) as a distinct school‑climate / protection theme, which is about student harm and supervision rather than facilities, academic program breadth, instructional stratification, or governance practices.\"",\n    \""square entries report greater instructional stratification and uneven student support—strong, rigorous instruction for top/honors students but neglect, poor special‑education responsiveness, weak college/career counseling, pressured AP placement, and inconsistent teacher quality—than circle entries\"": \""Groups patterns of two‑tiered instruction and unequal in‑school supports (IB/AP pockets with high expectations vs neglected regular and special‑education tracks, inconsistent tutoring/counseling, teacher variability) — this is about differential teaching and support inside classrooms and services, distinct from simply listing program availability or describing leadership/favoritism.\"",\n    \""square entries document more extensive, named college‑prep and specialized program offerings and measurable college outcomes (AP/IB/dual enrollment/magnet/CTE/scholarships) than circle entries\"": \""Collects every concrete program‑inventory and outcome claim (many AP/IB/dual‑credit/CTE pathways, vocational and arts programs, scholarship and matriculation evidence) into a single bucket about program breadth and measurable postsecondary outcomes, which is different from the instructional‑stratification bucket because it records what exists and the outcomes realized rather than how supports are distributed or taught.\"",\n    \""square entries document more administrative governance problems, recordkeeping errors, opaque/defensive leadership, favoritism or unethical conduct, and punitive/image‑first priorities than circle entries\"": \""Groups governance and accountability failures (favoritism, cover‑ups, nepotism, biased discipline, poor parent communication, board/district conflicts and legal actions) into a leadership/governance bucket that is clearly about decision‑making and accountability rather than about facilities, student safety incidents, classroom instruction, or program inventories.\""\n}""]",,32.04420495033264,27172,2048,2644,,[],['resp_05bbc8098728bb26006a74d6c8869881a099b47ba6f35de8cf'],True
vote|reduce1|9|3,"[""{\n    \""square entries report more acute student safety and peer‑conduct problems (bullying, frequent physical fights, on‑campus drug use/dealing, gang activity and lockdowns) than circle entries\"": \""This bucket groups all safety‑and‑peer‑behavior evidence (bullying, fights, drug use, bomb threats, overdoses, frequent lockdowns) found repeatedly in square reviews and is distinct from administrative, instructional, programmatic or facility themes because it focuses solely on student conduct and immediate on‑campus harm and responses.\"",\n    \""Square entries report more administrative and governance failures (selective enforcement, favoritism, secrecy, misallocated funds, poor responsiveness and special‑education noncompliance) than circle entries\"": \""This bucket captures governance, transparency, discipline/favoritism, recordkeeping and special‑education compliance complaints in square reviews (e.g., nepotism, hidden agendas, misfiled IEPs, refusal to act) and is separate from operational/facility breakdowns, teacher quality, safety incidents, or program‑offering descriptions.\"",\n    \""square entries report stronger advanced academic programs and measurable college‑preparation outcomes than circle entries\"": \""This bucket groups concrete programmatic strength evidence in square reviews (AP/IB/dual‑enrollment, honors, academies, vocational/CTE offerings, scholarship/National Merit/college matriculation outcomes) and is deliberately distinct from teacher performance, safety, administrative conduct, or building/logistics issues.\"",\n    \""square entries contain more detailed facility, health, and day‑to‑day operational logistics (positive or negative) than circle entries\"": \""This bucket collects all granular, operational and physical‑plant details in square reviews (overcrowding, HVAC/pest/CAFETERIA issues, construction/remodeling, traffic/egress, lunch logistics, transportation and tech rollout) and is kept separate from governance problems, instructional/program content, teacher variability, and safety/behavior incidents.\"",\n    \""square entries exhibit greater polarization and variability in teacher/staff quality, stability, and instructional practices than circle entries\"": \""This bucket groups evidence of uneven frontline delivery in square reviews (highly committed teachers alongside unqualified/burned‑out staff, substitute/no‑show patterns, inconsistent grading, tutoring/remediation variability and SPED supports) and is exclusive of structural program breadth, facilities/logistics, district governance, or campus safety themes.\""\n}""]",,32.316766023635864,26973,1984,2525,,[],['resp_0b761298b82dc2ab006a74d6c87048819ca5b5b3ec54e2f946'],True
vote|reduce1|0|2,"[""{\n    \""square entries document more frequent and severe student-safety and behavior incidents (fights, drugs, gangs, sexual coercion, weapons, bullying) than circle entries\"": \""Covers all concrete reports of violence, fights, drug use, gang activity, bullying, sexual incidents, arrests, and linked mental‑health harms found in square reviews (e.g., 2–3 fights/week, drug dogs, sexual assault claims); this is strictly about student safety/misconduct and is distinct from administrative governance, instructional quality, facilities, or program‑availability issues in the other buckets.\"",\n    \""square entries report more administrative and staffing governance failures (turnover, unresponsiveness, grade manipulation, favoritism) than circle entries\"": \""Groups complaints about leadership behavior, politicized governance, favoritism/nepotism, grade inflation/retention-for-revenue, frequent principal turnover and cover‑ups—concrete governance/recordkeeping/accountability failures that are organizational (not classroom instruction, not facilities, and not program offerings).\"",\n    \""square entries show greater variability in teacher/paraprofessional performance and staffing patterns—both stronger individualized mentorship and more harmful/unstable staffing—than circle entries\"": \""Captures the twin pattern in square reviews of extremes at the classroom level (highly committed teachers, individualized ADHD/IEP support, extra‑help versus many lazy/unprofessional teachers, high turnover and substitute reliance), focusing on front‑line staff quality and stability rather than leadership governance, safety incidents, facilities, or program availability.\"",\n    \""square entries document more concrete advanced, vocational, and extracurricular program offerings than circle entries\"": \""Collects all square claims about named AP/IB/dual‑enrollment/early‑college/STEM/CTE/arts/robust band/athletics/club programs, university partnerships, scholarships and measurable college outcomes—i.e., the presence and breadth of formal programs and pathways rather than teacher behavior, admin failures, safety, or building condition.\"",\n    \""square entries report more facility, infrastructure and operational deficiencies (maintenance, overcrowding, bathrooms, transportation, unreliable wifi, and sanitation) than circle entries\"": \""Groups the operational and physical‑plant evidence in square reviews—overcrowded classrooms/short passing times, aging/run‑down or newly modernized buildings, cafeteria/food, sanitation, tech access, scheduling/registration problems—focusing on tangible facilities/logistics distinct from safety incidents, governance, instructional quality, or program offerings.\""\n}""]",,32.6562020778656,26597,2048,2572,,[],['resp_0b016ffb6b0d059a006a74d6c867d081a3a4ea46ede1934dc5'],True
vote|reduce1|5|1,"[""{\n    \""square entries report more frequent and severe student-safety and discipline problems (bullying, fights, gang activity, drug use, sexual assaults) with inconsistent or inadequate corrective action than circle entries\"": \""Captures all incident-level safety and behavioral failures (fights, police involvement, drug use, sexual assaults, bullying and ineffective discipline) that are about student conduct and school safety response — distinct from facilities, governance, academic programs, or teacher-quality issues.\"",\n    \""square entries report more extensive advanced academic programs, AP/IB/dual‑enrollment/vocational pathways and measurable college‑readiness outcomes than circle entries\"": \""Groups every concrete claim about program availability and postsecondary outcomes (AP/IB, dual‑credit, CTE, college placements, scholarships) into a single program-strength bucket that is conceptually separate from safety, staffing, facilities, or governance failures.\"",\n    \""square entries document more administrative governance problems, recordkeeping errors, opaque/defensive leadership, favoritism or unethical conduct, and punitive/image‑first priorities than circle entries\"": \""Aggregates governance- and policy-level dysfunction (board corruption, nepotism, cover‑ups, punitive reputation management, recordkeeping errors) that drive institutional behavior and are not the same as physical resources, classroom practice, or program offerings.\"",\n    \""square entries report more facility, capacity, sanitation, and resource/funding shortfalls and operational constraints (overcrowding, dilapidated buildings, unsanitary cafeterias/bathrooms, lack of books/computers, traffic/entry congestion) than circle entries\"": \""Focuses on tangible, operational resource and infrastructure problems (HVAC, overcrowded lunch lines, bus/transportation, capital projects and contested funding) that are separate from governance decisions, safety incidents, academic program strength, or staff performance variability.\"",\n    \""square entries show greater variability and polarization in teacher/staff performance, morale, and student support — including both high‑contact committed teachers and widespread apathy, counselor failures, special‑education mismanagement, turnover, and low morale — compared with circle entries\"": \""Captures the classroom- and support-staff level heterogeneity (excellent AP/magnet teachers vs. incompetent teachers, counseling/IEP follow‑through failures, high turnover) that is distinct from program inventories, physical facilities, governance, or incident/safety patterns.\""\n}""]",,32.82523202896118,27432,2368,2886,,[],['resp_0124ff16f1ca199b006a74d6c8658c81a2949d68aa55f967eb'],True
vote|reduce1|2|0,"[""{\n    \""square entries exhibit stronger, more numerous advanced academic and college-preparatory programs and measurable college outcomes than circle entries\"": \""This bucket groups all concrete programmatic and outcome evidence (AP/IB/dual‑enrollment, academies, vocational pathways, scholarship/college placements) that distinguish Square schools’ curricular breadth and measurable postsecondary results — a distinct fact from building/operational problems, safety incidents, resource allocation, or staff professionalism.\"",\n    \""square entries document frequent administrative and operational failures and logistical constraints (registration, counselor access, scheduling, passing time, parking, facility space, inconsistent enforcement) more than circle entries\"": \""This captures specific process and logistics failures (lost records, overloaded counselors, scheduling/bell issues, parent‑portal or transfer breakdowns) that are about day‑to‑day operations rather than program availability, physical plant/resource choices, safety incidents, or staff favoritism/discipline.\"",\n    \""square entries report more frequent and severe student safety problems (bullying, fights, weapons, drugs) and weaker victim support than circle entries\"": \""This groups all concrete safety and behavior incidents and the school’s failure to protect victims (assaults, pervasive drug use, gang/weapon incidents, ignored reporting) and is conceptually separate from facility condition, administrative bureaucracy, program offerings, or staff professionalism concerns.\"",\n    \""square entries report more acute facility, capacity, and resource‑allocation problems (overcrowding, outdated or disruptive construction, costly extracurricular fees, athletics‑first spending) than circle entries\"": \""This bucket contains physical‑plant, capacity and explicit budget/prioritization evidence (dilapidated buildings, overcrowding, pest/sanitation, capital spending on stadiums vs classrooms, booster/fee pressures) and is distinct from operational/process failures, safety incidents, curricular offerings, or personnel conduct.\"",\n    \""square entries report poorer staff and administrative responsiveness, professionalism, and uneven disciplinary practices (unresponsive counselors/admins, punitive/scare tactics, favoritism, micromanagement) than circle entries\"": \""This groups allegations about personnel behavior, governance/favoritism, arbitrary or biased discipline, nepotism, and bad parent/staff communication — a people-and-policy theme that is separate from logistical operations, physical resources, student‑safety incidents, or the presence/absence of advanced programs.\""\n}""]",,32.935271978378296,26898,1600,2092,,[],['resp_0810911cb108bbb3006a74d6c866a481a181866256acb359b7'],True
vote|reduce1|6|4,"[""{\n    \""square entries report more frequent and severe student safety, bullying, substance‑use, and violent‑incident problems — and administrative neglect of those issues — than circle entries\"": \""Groups all reviews that document concrete safety and peer‑conduct crises (fights, bullying, vaping/drugs, self‑harm, sexual harassment, lockdowns, police involvement) and failures to protect or discipline victims; this is distinct from facility, curricular, governance, extracurricular or instructional themes because it centers on student behavior incidents and the school's protection/response practices.\"",\n    \""square entries report stronger formal advanced/college‑preparatory programs and measurable postsecondary outcomes than circle entries\"": \""Captures reviews that list concrete academic program breadth (AP/IB/dual‑enrollment, early college, scholarships, college acceptances and rising test scores) and programmatic college‑prep outcomes; it is mutually exclusive from teacher/instructional quality, facilities, governance or extracurricular themes because it focuses strictly on formal advanced academic offerings and measurable outcomes.\"",\n    \""square entries report more extensive, higher‑achieving extracurricular arts and athletics programs and specialized facilities than circle entries\"": \""Groups reviews citing broad, named extracurricular success and high‑profile athletics/arts (state championships, award‑winning band/theater, JROTC, culinary restaurants, competitive teams) and associated program assets; this differs from general resource/facility problems or administrative dysfunction because it emphasizes program prominence, achievements and dedicated extracurricular infrastructure.\"",\n    \""square entries describe more administrative and governance failures (turnover, mismanagement, favoritism, policy experiments, scheduling/operational errors, unresponsiveness) than circle entries\"": \""Aggregates accounts of nepotism, cover‑ups, grade/scheduling/portal failures, counselor mismanagement, inconsistent discipline, and calls for firings—focusing on leadership, governance and recordkeeping breakdowns rather than on student safety incidents, academic program availability, extracurricular prominence, or building condition.\"",\n    \""square entries report worse physical capacity and maintenance problems (overcrowding, sanitation, aging infrastructure) than circle entries\"": \""Groups concrete logistics and plant problems (severe overcrowding, locked/closed bathrooms, HVAC/heat issues, dilapidated buildings, locker/parking conflicts, supply shortages) and contested capital priorities; this bucket is separate from governance (who caused it), extracurricular prominence (what programs exist), safety incidents (behavioral risks), and academic-program strength (curriculum/offering content).\""\n}""]",,32.95688986778259,26966,1536,2052,,[],['resp_054d5e50597f77ba006a74d6c7ef14819fb952d5ce9fa24773'],True
vote|reduce1|5|0,"[""{\n    \""square entries report more operational and student‑support failures (IEP/counseling noncompliance, credit/record errors, front‑office unresponsiveness, bureaucratic policies, and uneven staff accountability) than circle entries\"": \""This bucket groups all concretely operational failures that directly harm individual students (IEP/504 breakdowns, lost/inaccurate grades/transcripts, unresponsive counselors/registration staff, transfer/placement mishandling) — a distinct category about case-level support and recordkeeping that does not overlap with facility shortcomings, overall program offerings, safety incidents, or athletics prioritization.\"",\n    \""square entries document more concrete facilities, resource, and operational logistics issues and investments (overcrowding, pest/cleanliness problems, lab/STEM gaps, transport barriers, bond-funded projects and funding inequities) than circle entries\"": \""This bucket captures physical-capacity and infrastructure realities (crowded classrooms/buses, sanitation/asbestos, HVAC/renovation timelines, tech and lab availability, transportation and scheduling logistics) that are materially different from student‑support case failures, disciplinary/safety events, curricular offerings, or culture/favoritism problems.\"",\n    \""square entries document broader, higher‑level advanced academic pathways and measurable college outcomes (AP/IB breadth, dual‑enrollment, college credits, elite admissions) more than circle entries\"": \""This groups concrete curricular/program differences—named AP/IB/dual‑enrollment/CTE pathways, college‑credit opportunities and specific alumni/test outcomes—focusing on program availability and measurable academic results rather than instructional quality per se, facility conditions, counseling failures, or safety/climate issues.\"",\n    \""square entries report more frequent and severe student safety and misconduct incidents (bullying, fights, drugs, gangs, threats) together with ineffective or punitive discipline and victim‑blaming than circle entries\"": \""This bucket combines incident-driven safety/climate evidence (fights, drugs, sexual misconduct, bullying, K9 searches, arrests) and descriptions of ineffective or punitive administrative responses — a distinct phenomenon about student safety and discipline that is not the same as program breadth, facilities logistics, or administrative paperwork failures.\"",\n    \""square entries report an athletics‑dominant culture with favoritism, nepotism, athlete privilege, and athletics‑driven resource/prioritization problems more than circle entries\"": \""This captures the specific theme of sport-centered prioritization (pay‑to‑play, coach favoritism, resource diversion to athletics, athletes receiving impunity) which is organizational/priority-based and separate from infrastructure deficits, student‑support breakdowns, curricular program strength, or general safety incidents.\""\n}""]",,33.14400601387024,27174,2304,2853,,[],['resp_01be97931d8492ea006a74d6c87378819cb2549ff49fbe2bc0'],True
vote|reduce1|21|5,"[""{\n    \""square entries report more frequent and severe student‑safety and behavior problems and ineffective disciplinary response than circle entries\"": \""This bucket groups all reports of fights, gangs, drug use, bullying, overdoses, visible weapons/ankle‑monitors and school safety failures (and how discipline fails victims) — a concrete operational/safety phenomenon that is distinct from governance choices, program breadth, advanced‑academic offerings, or individualized special‑education/counseling supports captured in the other buckets.\"",\n    \""square entries report more administrative mismanagement, inconsistent enforcement, favoritism, and recordkeeping or policy failures than circle entries\"": \""This bucket captures governance and procedural breakdowns (nepotism, corruption, opaque budgets, retaliation, graduation/scheduling errors, withheld records and arbitrary discipline) that are about how the school/district is run and differ from student safety incidents, program breadth or academic offerings, and individualized special‑ed/counseling casework.\"",\n    \""square entries emphasize more concrete extracurricular/program breadth, athletics/arts prominence, and visible facility/resource differences (both upgrades and disrepair) than circle entries\"": \""This bucket covers descriptions of many named clubs/teams, booster/fee structures, facility investments or dilapidation, athletics‑first spending and arts/venue claims — programmatic and capital/resource features about extracurricular ecosystems that are separate from formal academic rigor, administrative governance, safety incidents, or special‑education practices.\"",\n    \""square entries report stronger, more concrete advanced academic programs and measurable college/career outcomes (AP/IB/STEM academies, college acceptances, scholarships, university partnerships) than circle entries\"": \""This bucket groups evidence of formal academic pathways and measurable postsecondary results (AP/IB/dual‑enrollment, magnets, college acceptances, partnerships, documented scholarships) — a curriculum/program‑level fact distinct from extracurricular breadth, facility problems, safety/discipline incidents, or individualized special‑needs case management.\"",\n    \""square entries report more explicit, concrete accounts of specialized student supports and case management (special education, IEP/504, guidance/counseling and college‑advising) — both successful and failing — than circle entries\"": \""This bucket captures all concrete IEP/504/counseling, targeted mental‑health interventions, college advising, and special‑education compliance successes or failures — individualized student‑support processes and legal‑compliance issues that are specifically about case management rather than broad governance, overall safety crises, curricular program breadth, or extracurricular/facility descriptions.\""\n}""]",,32.94035482406616,24689,1792,2315,,[],['resp_0866363a6d8c4f95006a74d6c88ac881a0881832f1d88e51de'],True
vote|reduce1|3|2,"[""{\n    \""square entries describe more formal advanced academic programs, selective tracking, measurable college/test outcomes, and linked high‑pressure expectations than circle entries\"": \""Groups many raw terms about AP/IB/Honors, dual‑enrollment, measurable test/college placements, and tracking/rigor complaints into a single academic‑program/outcome bucket; this is distinct from facility/logistics (which is about space/resources), staff variability (which is about day‑to‑day instruction and supports), safety incidents, and governance/favoritism issues.\"",\n    \""square entries report more frequent and severe student-safety incidents (bullying, fights, gangs, and substance abuse) than circle entries\"": \""Captures all reports of on‑campus violence, bullying, gangs, drugs/vaping, sexual harassment/assault, and ineffective threat responses into a cohesive safety/climate bucket; this is mutually exclusive from administrative favoritism (which centers on governance/policy bias), academic-program strength, operational/facility details, and instructional/support variability.\"",\n    \""square entries document more administrative favoritism, biased discipline, governance controversies, and public accountability conflicts than circle entries\"": \""Groups raw terms about nepotism, athlete‑favoritism, arbitrary or retaliatory discipline, cover‑ups, board/transfer barriers, and transparency failures into a governance/fairness bucket; it is separate from staff instructional variability (teacher quality and counseling), from safety incidents (student behavior), and from facility/logistics or academic‑program descriptions.\"",\n    \""square entries provide more concrete facility, operational, technology, scheduling, and extracurricular detail (renovations, overcrowding, modular/block scheduling, transportation, clubs/arts/athletics) than circle entries\"": \""Aggregates the many concrete, day‑to‑day operational and physical descriptions—building condition, renovations, crowding, bus/dismissal logistics, 1:1 laptops, schedules, and enumerated clubs/teams—into an infrastructure/logistics/program‑inventory bucket; this focuses on tangible resources and logistics (not on instructional quality, governance, safety incidents, or curricular rigor/outcomes).\"",\n    \""square entries show greater variability in classroom instruction, teacher availability, grading practices, and special‑education/counseling support (both strong supports and concrete failures) than circle entries\"": \""Collects the mixed and polarized evidence about teacher engagement/disengagement, grading manipulation or inconsistency, IEP/504 failures, counseling shortages or proactive support, and remediation/tutoring experiences into a single instructional/support‑services bucket; it is distinct from academic‑program offerings (what exists), facilities/logistics (where/how), safety incidents (student conduct), and governance/favoritism (who is protected or biased).\""\n}""]",,33.52364802360535,27334,1536,2101,,[],['resp_05c93dae13848674006a74d6c86c088192b9836f18c2ffebca'],True
vote|reduce1|11|4,"[""{\n    \""square entries emphasize broader extracurricular breadth, strong arts/athletics/music programs, and active community/parent support more than circle entries\"": \""This bucket groups dozens of raw terms documenting named, high‑visibility extracurriculars (band, award‑winning arts, championship teams, NJROTC, boosters, marching band, strong school spirit) and parental/booster engagement in Square reviews — a programmatic/community resource pattern that is conceptually distinct from administrative/governance failures, safety incidents, instructional quality, or facility/logistics problems covered by other buckets.\"",\n    \""square entries report more frequent and severe student safety/behavior incidents and inadequate responses than circle entries\"": \""This bucket collects the many Square items about bullying, fights, drug/alcohol use, weapons/lockdowns, sexual misconduct and claims that staff or administration fail to remediate — a concrete school‑safety and climate theme that is different from (a) program/offering strength, (b) facilities/logistics, (c) governance/favoritism, and (d) advanced‑academics/college outcomes.\"",\n    \""Square entries report more administrative and governance failures: unresponsiveness, hostile or punitive leadership, nepotism/favoritism, inconsistent discipline, and parental shut‑out than Circle entries\"": \""This bucket groups explicit complaints about district/board politics, leadership turnover, favoritism/nepotism, punitive or arbitrary policies, poor parent communication, and scapegoating — operational governance failures distinct from safety incidents, curricular/program breadth, physical resource problems, or the presence/quality of advanced academic pathways.\"",\n    \""square entries describe more explicit advanced-academic programming, honors/AP/IB/dual-enrollment pathways and measurable college-placement outcomes than circle entries\"": \""This bucket captures the Square reports that enumerate AP/IB/honors, dual‑enrollment, accelerated scheduling, magnet programs, measurable alumni college admissions/graduation and similar academic‑pathway evidence — a curricular/program‑quality and outcome cluster separate from extracurriculars, safety/climate, administrative governance, and facility/logistics topics.\"",\n    \""square entries report more tangible facility, resource, and operational shortfalls (maintenance, overcrowding, technology, budget-driven cuts) than circle entries\"": \""This bucket groups raw terms about overcrowding, parking/traffic, unsanitary or moldy buildings, HVAC/pest problems, capital investments vs. cuts, fees, scheduling/registration errors and other day‑to‑day operational/resource conditions — a distinct physical/infrastructural and logistical dimension not redundant with governance/favoritism, safety incidents, extracurricular breadth, or academic program strength.\""\n}""]",,33.806920766830444,26946,1984,2537,,[],['resp_0460763cd9eecfb4006a74d6c8708481a28fe74b7d7fe15a9e'],True
vote|reduce1|2|1,"[""{\n    \""square entries document more concrete advanced academic programs, formal college-prep pathways, and measurable student outcomes (AP/IB/dual-credit, career-technical offerings, test scores, college placements) than circle entries\"": \""This groups all evidence about formal curricular offerings, credentialing/CTE pathways, measurable test/college outcomes and alumni placement into a single programmatic/academic-prep bucket distinct from extracurricular, safety, administrative or operational topics.\"",\n    \""Square entries report far more pervasive safety, bullying, substance‑use, and violent‑incident problems (and administrative failure to address them) than circle entries\"": \""This isolates the cluster of concrete on‑campus safety crises, fights, weapons/drug incidents, bullying and failed emergency/response actions — a distinct operational/safety climate topic that does not overlap with program‑availability, facilities logistics, admin favoritism, or special‑education compliance.\"",\n    \""square entries report pronounced administrative dysfunction, politicized favoritism, and punitive/arbitrary enforcement (budget mismanagement, donor/athlete favoritism, harsh disciplinary policies, unresponsive or dishonest staff) more than circle entries\"": \""This captures governance, favoritism/nepotism, policy manipulation and accountability failures (including biased discipline) as a leadership/governance category separate from physical facilities, safety incidents, academic program content, or special‑needs service delivery.\"",\n    \""square entries report more concrete facilities, resource, and operational constraints than circle entries\"": \""This groups all logistics, capacity and physical‑plant evidence (overcrowding, HVAC/food/textbook/transportation problems, fees, scheduling errors and day‑to‑day maintenance) as an operational‑infrastructure bucket distinct from governance, safety, academic program strength, extracurriculars, or special‑education issues.\"",\n    \""square entries mention both concrete special‑education/therapeutic on‑campus services and documented IEP/504 noncompliance or mistreatment more than circle entries\"": \""This isolates descriptions specifically about SPED/IEP/504 counseling, therapeutic supports and both documented helpful services and legal/noncompliance or mistreatment, which is a distinct service‑delivery and legal‑compliance topic separate from general teacher quality, facilities, safety, governance or extracurricular programming.\""\n}""]",,33.81238865852356,27570,1408,1908,,[],['resp_01d1b601bd76c36c006a74d6c871f8819ebbe88fde36698e94'],True
vote|reduce1|13|1,"[""{\n    \""square entries report more frequent and severe student-safety and behavior problems (bullying, fights, weapons, pervasive vaping/drug culture) that are often poorly remediated than circle entries\"": \""This bucket groups all concrete accounts of on-campus safety crises (fights, drugs, sexual harassment, suicides, threats) and explicit failures or punitive/inadequate adult responses; it is distinct from governance/favoritism (how leaders behave) and from facilities/logistics (physical conditions), which are handled in other buckets.\"",\n    \""square entries describe stronger formal academic program offerings and measurable college/test outcomes than circle entries\"": \""This bucket captures explicit curricular and outcome evidence (AP/IB/dual enrollment, AVID, college matriculation, AP/ACT metrics) and is conceptually about programmatic academic strength rather than extracurricular breadth, instruction quality variability, or operational problems covered elsewhere.\"",\n    \""square entries describe a much broader, higher‑achieving extracurricular and arts/athletics offering and reputation than circle entries\"": \""This bucket collects concrete claims about the scope and competitive status of non‑academic programs (award‑winning band, state championships, large club ecosystems, NJROTC, travel programs) and is separate from academic course offerings, safety incidents, administrative misconduct, and facility/logistics issues.\"",\n    \""square entries document more systemic favoritism, discriminatory discipline, nepotism, and unequal enforcement of rules than circle entries\"": \""This bucket groups reports of biased enforcement, athletics/wealth favoritism, nepotism, grade manipulation, and targeted discrimination (racial, homophobic, disabled students), which concern governance/ethical misconduct rather than physical infrastructure, program availability, or pure safety incident counts.\"",\n    \""square entries report more concrete facility, capacity, scheduling and operational conditions (overcrowding, building condition/renovation details, scheduling/timetabling and service logistics) than circle entries\"": \""This bucket groups tangible, day‑to‑day operational and infrastructure realities (overcrowding, buses, food/cleanliness, nurses, tech, parking, renovations) and is kept distinct from safety/behavior incidents, academic programming, extracurricular reputation, and governance/favoritism issues.\""\n}""]",,33.8565239906311,27038,1728,2198,,[],['resp_04c3dd1596f6b474006a74d6c895f0819f9b4d02babf0f1ecf'],True
vote|reduce1|13|4,"[""{\n    \""square entries report more bullying, on-campus violence, gang/drug presence, and ineffective safety responses than circle entries\"": \""Groups all raw terms documenting concrete student‑safety incidents (fights, gangs, drugs, weapons, lockdowns, suicides, harassment) and immediate failure or inconsistency of on‑site responses — distinct from governance, facilities, academic programming, or classroom‑level instruction issues.\"",\n    \""square entries report more administrative and governance dysfunction, unresponsiveness, and budget/policy misprioritization than circle entries\"": \""Captures reviews that allege politicized leadership, secrecy, nepotism/favoritism, budget choices that prioritize athletics/capital over instruction, and opaque or punitive district/school policies, which is a different locus of problems than frontline safety events, physical facility failures, or classroom practices.\"",\n    \""square entries document stronger, broader advanced academic programs, AP/IB/dual-credit offerings and measurable post‑secondary outcomes than circle entries\"": \""Groups concrete programmatic evidence (IB/AP/honors, magnets, dual‑enrollment, STEM/CTE tracks) and measurable outcomes (scholarships, college placements) that indicate program breadth and college‑prep strength — a factual program‑availability/outcome signal separate from teacher behavior, safety, or facilities.\"",\n    \""square entries report more concrete facility, operational, and logistical problems (overcrowding, broken infrastructure, cafeteria/traffic/scheduling issues, supply/budget shortfalls) than circle entries\"": \""Collects the operational and physical resource complaints (overcrowded classes, closed bathrooms, maintenance, scheduling/transportation/grade‑entry failures, tech logistics) that concern infrastructure and day‑to‑day operations rather than governance choices, student safety incidents, or curricular offerings.\"",\n    \""square entries show greater variability and concrete problems in classroom instruction, teacher practices, and student supports (teacher apathy vs isolated excellent teachers, inconsistent grading/favoritism, punitive discipline, heavy homework, passive/video instruction) than circle entries\"": \""Groups raw terms about uneven teacher quality/professionalism, inconsistent grading/favoritism, ineffective classroom management, and breakdowns or overloads in counseling/IEP/tutoring supports, which are distinct classroom‑and‑support‑level phenomena apart from schoolwide governance, facilities, safety incidents, or formal program availability.\""\n}""]",,34.28225302696228,27173,2368,2912,,[],['resp_07f5372821916117006a74d6c89aa8819cb3adf65189c6c7bb'],True
vote|reduce1|22|2,"[""{\n    \""square entries report more frequent and severe student safety, bullying, substance‑use, and physical‑violence incidents and claims of ineffective follow‑up than circle entries\"": \""This bucket groups all raw terms about fights, weapons/drugs, sexual misconduct, pervasive bullying/vaping, police involvement, lockdowns and documented failures to investigate or follow up — a clear, concrete safety/climate cluster that is distinct from administrative governance, curricular/program offerings, extracurricular breadth, or facilities/logistics problems.\"",\n    \""square entries report more administrative mismanagement, recordkeeping failures, favoritism/nepotism, politicized or reputation‑driven decisions, and contested resource/prioritization choices than circle entries\"": \""This bucket captures raw terms about opaque governance, nepotism/favoritism, grade/record scandals, punitive/retaliatory leadership, contested budgeting (e.g., athletics vs. instruction) and withheld records — organizational and governance failures that are substantively different from physical-safety incidents, program availability, extracurricular scope, or day‑to‑day facility logistics.\"",\n    \""square entries document more concrete academic program breadth and measurable college/career outcomes than circle entries\"": \""This bucket groups mentions of AP/IB/dual‑enrollment/CTE/STEM/academy offerings, quantifiable college placements and scholarship metrics, and explicit course-pathway strengths — a concrete curricular/programmatic strength cluster that is not the same as teacher quality variability, special‑education compliance, extracurricular scale, or facility issues.\"",\n    \""square entries describe richer extracurricular offerings and stronger, more visible community/parental influence—high-performing band/arts/athletics, heavy parent fundraising, multigenerational alumni, and clique/elitism dynamics—than circle entries\"": \""This bucket collects all raw terms about broad award‑winning arts, extensive clubs/teams, JROTC/NJROTC, booster/fundraising activity, school‑spirit and legacy dynamics (including favoritism tied to athletics/legacy) and is distinct from curricular breadth, administrative corruption, safety incidents, or facility/logistical condition.\"",\n    \""square entries report more facility, capacity, sanitation, security‑incident and scheduling problems (and occasional capital projects) than circle entries\"": \""This bucket covers overcrowding, broken HVAC/bathroom/food problems, pests, parking/pep‑rally logistics, short lunches, one‑to‑one tech deployments, and visible capital projects — concrete operational/resource/physical‑plant issues separate from governance/favoritism, safety incidents, curricular offerings, or extracurricular program descriptions.\""\n}""]",,34.068522930145264,27497,2304,2874,,[],['resp_0e8599557dfbded0006a74d6c898388192885b4d56cba9b3b3'],True
vote|reduce1|6|5,"[""{\n    \""square entries report stronger and broader advanced academic programs and measurable college outcomes than circle entries\"": \""Groups many raw items about AP/IB/honors, CTE/dual‑enrollment, internships, named elite college placements, and measurable postsecondary outcomes into a single program/outcome axis — distinct from safety, facilities, administration, or day‑to‑day teaching quality issues.\"",\n    \""square entries report more frequent student misconduct, bullying, violence, and ineffective safety responses than circle entries\"": \""Collects all raw terms documenting bullying, fights, gang/drug activity, theft, sexualized conduct, riots and weak on‑site enforcement into a single safety/behavioral‑climate bucket that does not overlap with programmatic offerings or facilities problems.\"",\n    \""Square entries document more administrative and governance failures, punitive or obstructive policies, and politicized/district‑level malpractice than circle entries\"": \""Groups complaints about cover‑ups, nepotism/favoritism, opaque discipline/graduation policy, unethical funding/attendance practices, concealed investigations and leadership turnover into an administrative/governance bucket that is separate from instructional variability, safety incidents, or physical capacity issues.\"",\n    \""square entries document more concrete facility, capacity, funding and operational-management problems (maintenance, overcrowding/trailers, scheduling/logistics, fragmented digital platforms, fees/budget pressure) than circle entries\"": \""Captures the distinct operational/resource evidence (overcrowding, portables, sanitation, buses/transport, scheduling breakdowns, facility renovations or capital projects) so it remains separate from program strength, safety, admin misconduct, or classroom practice.\"",\n    \""Square entries reveal greater variability in staff instructional quality and professionalism — from highly committed, individualized support to unprofessional favoritism, humiliation, and absenteeism — compared with Circle entries\"": \""Groups the broad set of classroom‑level and student‑support patterns (teacher excellence vs. absenteeism, grading errors, IEP/504 failures, counseling variability, reliance on paid tutoring) into a single instructional‑support variability bucket distinct from programs, safety, administration, or facilities.\""\n}""]",,34.3139169216156,24556,1728,2207,,[],['resp_0a7781bc5e651765006a74d6c875d481a3844bbb8f0ee03a26'],True
vote|reduce1|18|5,"[""{\n    \""square entries report more concrete and extreme facility, operational, and resource conditions (from capital investments and advanced tech to overcrowding, outdated materials, pests, and daily logistics failures) than circle entries\"": \""Groups many reviews that list tangible, day‑to‑day facility and operational facts (overcrowding, trailers, pests, Wi‑Fi, locked bathrooms, recent capital projects, mandatory fees, broken equipment) into a single infrastructure/resource bucket; this is distinct from safety incidents, governance failures, curricular strength, or program prominence because it focuses on physical/operational conditions and logistics rather than who enforces policy, how students behave, or what programs exist.\"",\n    \""square entries report more frequent/serious student-safety and behavior crises (violence, drugs, bullying, sexual harassment, suicides) and ineffective incident response than circle entries\"": \""This groups all concrete accounts of harms and threats to students (fights, gangs, drug dealing, suicides, bullying/homophobia/transphobia, police/SRO involvement and ineffective responses) into a safety/behavior/climate bucket that is conceptually separate from facility problems, administrative governance, academic offerings, or extracurricular scale.\"",\n    \""square entries document more administrative and governance failures (unresponsiveness, nepotism, turnover, cover‑ups, and communication breakdowns) than circle entries\"": \""This bucket collects reviews alleging leadership and governance breakdowns (unreturned calls, board cover‑ups, favoritism/nepotism, mismanaged records, failed scheduling/IEP processes, strikes), keeping governance/accountability problems distinct from physical infrastructure, safety incidents, program availability, or classroom instructional variance.\"",\n    \""square entries report stronger advanced-academic programs, rigorous coursework, and measurable college-prep outcomes than circle entries\"": \""This groups concrete, curriculum‑level evidence (AP/IB/dual‑enrollment/academies, honors rigor, AP/college credit, measurable matriculation and scholarship outcomes) into a single academic‑offerings/college‑prep bucket that focuses on program breadth and measurable outcomes rather than facility condition, safety climate, administration behavior, or extracurricular prominence.\"",\n    \""square entries describe broader, higher-profile extracurricular and athletics prominence (booster funding, championship bands, large facilities, specialized academies) and an athletics-first culture more than circle entries\"": \""This bucket aggregates claims about scale and visibility of extracurriculars (award‑winning bands/theater, major athletic facilities and booster support, pay‑to‑play, coach favoritism, sports‑first budgeting) and is kept separate from academic-program strength, raw facility/maintenance issues, safety incidents, or administration/governance failures.\""\n}""]",,34.33252000808716,24876,1984,2535,,[],['resp_00e63e576be9bf05006a74d6c89610819199022343d51e3913'],True
vote|reduce1|16|5,"[""{\n    \""square entries report more special‑education, 504/IEP, and counseling/transition failures (and transfer/credit harms) than circle entries\"": \""Groups all raw items documenting IEP/504 noncompliance, ineffective or absent counseling, transition/credit/transfer harms and legal escalation — a distinct student‑support/compliance cluster separate from general governance, safety incidents, instructional quality, or extracurricular offerings.\"",\n    \""square entries report more frequent and more severe student safety, bullying, substance‑use and violent‑incident problems (and calls for visible security response) than circle entries\"": \""Captures the many reports of fights, weapons, gang activity, lockdowns, pervasive bullying, vaping/drug use and demands for security — a concrete safety/discipline cluster that is thematically different from administrative mismanagement, program breadth, special‑education compliance, or teacher/instruction issues.\"",\n    \""square entries document more administrative and operational failures—unresponsiveness, mismanagement, coercive discipline, governance problems, and broken processes—than circle entries\"": \""Collects items about leadership/board dysfunction, nepotism/favoritism, rude/unresponsive offices, recordkeeping/scheduling breakdowns, budget priorities and punitive policy use — an operational/governance theme distinct from safety incidents, classroom instruction, special‑ed compliance, or program offerings.\"",\n    \""square entries document more organized advanced academic and vocational programs (AP/IB/CTE/academies) and measurable college/career outcomes than circle entries\"": \""Groups all concrete evidence of robust AP/IB/dual‑enrollment, CTE/academy pathways and measurable postsecondary outcomes — an academic‑program strength cluster that is different from extracurricular/booster prominence, staff conduct, safety, or special‑education failures.\"",\n    \""square entries report far more extensive, high‑profile extracurricular arts, music, and athletic programs and booster/parent engagement than circle entries\"": \""Collects reports of award‑winning bands/choirs/theater, state championships, broad club/sport listings and active booster/parent fundraising — a nonacademic program and community‑engagement cluster that is substantively separate from academic programing, safety problems, administrative dysfunction, or IEP/counseling issues.\""\n}""]",,34.43744206428528,24548,1920,2418,,[],['resp_0e050bd1023c1ef1006a74d6c88bc4819da8fd153dffc80b45'],True
vote|reduce1|11|5,"[""{\n    \""square entries report more frequent and severe student safety, bullying, substance‑use, and violent‑incident problems — and administrative neglect of those issues — than circle entries\"": \""This bucket groups all concrete reports of violence, fights, assaults, drugs/vaping, weapon/threat incidents, pervasive bullying and victimization plus explicit claims that administration fails to intervene—distinct from resource, program, or curricular descriptions and thus non‑overlapping with the other chosen buckets.\"",\n    \""square entries describe stronger specialized academic, AP/IB, and college‑/career‑prep programs and measurable post‑secondary outcomes than circle entries\"": \""This bucket captures the cluster of reviews naming formal advanced pathways (IB/AP/dual‑enrollment/CTE, certifications) and measurable college/career outcomes, which is a programmatic/outcome theme separate from safety, extracurricular breadth, facilities, or administrative/process failures.\"",\n    \""square entries describe richer extracurricular offerings and stronger, more visible community/parental influence—high-performing band/arts/athletics, heavy parent fundraising, multigenerational alumni, and clique/elitism dynamics—than circle entries\"": \""This groups evidence about breadth/visibility/awards in arts, athletics, clubs, booster/parent engagement and social stratification around extracurriculars—an external/community/program‑visibility axis that is conceptually distinct from curriculum rigor, building/operational capacity, or governance problems.\"",\n    \""square entries report more chronic facility, overcrowding and material‑resource shortages than circle entries\"": \""This bucket gathers concrete, physical and operational resource items (overcrowding, classroom sizes, sanitation, HVAC, vending/food, parking, capital projects and construction strain) that concern the built environment and logistics rather than programs, discipline/safety, or governance/bureaucracy.\"",\n    \""square entries report more concrete administrative and operational breakdowns that impede student progress and family access (records/scheduling/transcript failures, special‑education denials, counseling and parent‑notification breakdowns) than circle entries\"": \""This bucket collects governance/administrative dysfunction (favoritism, opaque discipline, recordkeeping/transcript/scheduling errors, IEP/counseling failures, retaliatory/unresponsive leadership) that hamper access and process—kept separate from safety incidents, facilities, curricular strength, or extracurricular prominence.\""\n}""]",,34.56410789489746,24935,2176,2669,,[],['resp_0f1f18b17c8e1a63006a74d6c89b44819c901ca45f212c3002'],True
vote|reduce1|23|2,"[""{\n    \""square entries describe stronger and more abundant advanced academic programs and measurable college outcomes (AP/IB/magnet/STEM/academies) than circle entries\"": \""Groups all reviews that cite concrete formal academic pathways, dual‑credit/AP/IB offerings and documented college placements — this is distinct from extracurricular/program infrastructure, safety incidents, administrative governance, or facilities/logistics because it specifically concerns formal academic curriculum and postsecondary outcomes.\"",\n    \""square entries report more pervasive student safety and behavioral crises (bullying, fights, drugs, gang activity, suicides) and inconsistent or punitive responses than circle entries\"": \""Captured entries describe concrete incidents of violence, substance use, bullying and resulting mental‑health harms or inadequate on‑site responses — this is about safety/events and their impacts, not about program breadth, academic offerings, general facilities, or governance failures.\"",\n    \""Square entries report more administrative, guidance, and governance dysfunction (unresponsiveness, misallocation, scheduling/enrollment failures, counselor errors, turnover) than circle entries\"": \""Groups reviews documenting leadership/board/counseling breakdowns, favoritism, corruption, missing records and governance/policy failures — this is focused on institutional decision‑making and responsiveness, separate from frontline safety incidents, curricular offerings, extracurricular assets, or building/resource constraints.\"",\n    \""square entries report more facility, capacity, logistics and resource-allocation issues (overcrowding, aging or new construction tradeoffs, transportation, funding priorities) than circle entries\"": \""Collects concrete operational claims about buildings, overcrowding, maintenance, transportation, and contested spending or pay‑to‑play pressures — these are physical and logistical constraints distinct from programmatic (academic/extracurricular) content, safety incidents, or governance dysfunction.\"",\n    \""square entries describe richer, better‑documented extracurriculars, specialized programs, and extracurricular infrastructure (music/arts, marching band, athletics, academies, internships, boosters) than circle entries\"": \""Groups reviews that enumerate robust non‑academic offerings, competitive teams, arts/band successes and booster/parent engagement — this focuses on extracurricular program breadth and achievements, which is different from formal advanced academic pathways, safety/crisis reports, administrative governance, or facility/resource problems.\""\n}""]",,34.8933641910553,27304,2496,2978,,[],['resp_0a697d7a50d96d74006a74d6c899f0819ea1e2ac4c263f728b'],True
vote|reduce1|7|0,"[""{\n  \""square entries report more frequent student safety/discipline problems and substance‑use incidents — often coupled with ineffective responses — than circle entries\"": \""Groups many raw terms about fights, on‑campus drug dealing/use, sexual/physical assaults, pervasive bullying (including identity‑based harassment), suicide attempts, lockdowns and examples of inadequate or punitive responses into a single safety/climate bucket; this is distinct from administrative/process failures (which is about governance) and from instructional or programmatic strengths (which are about academics/extracurriculars).\"",\n  \""square entries report more administrative and governance dysfunction, inconsistent discipline, and bureaucratic/process failures than circle entries\"": \""Captures complaints about unresponsive leadership, recordkeeping/transcript errors, credit/transfer policy problems, arbitrary or punitive discipline, nepotism, fiscal/board controversies and denied due‑process — grouping operational/governance breakdown evidence separate from frontline teacher variability or from safety‑incident reports (which describe student conduct and harm rather than governance mechanics).\"",\n  \""square entries show greater variability and polarization in teacher/staff performance, morale, and student support — including both high‑contact committed teachers and widespread apathy, counselor failures, special‑education mismanagement, turnover, and low morale — compared with circle entries\"": \""Groups the recurring theme that schools in square contain extremes at the staff/classroom level (some exemplary, some neglectful), plus counseling/IEP/504 compliance failures and substitute/coverage problems; this bucket is explicitly about personnel and student‑support delivery and is kept separate from governance/process failures, safety incidents, advanced program availability, or extracurricular breadth.\"",\n  \""square entries report more concrete advanced academic and college‑prep programs and measurable postsecondary outcomes than circle entries\"": \""Collects the many specific mentions of AP/IB/dual‑enrollment/college credit, selective tracks, documented college admissions and quantifiable outcomes (transferable credits, Ivy/Ivy‑adjacent admits), keeping programmatic academic offerings and outcomes distinct from how well teachers implement instruction or from extracurricular/facility descriptions.\"",\n  \""square entries describe broader, better‑documented extracurricular/arts/athletics offerings and stronger community/parent fundraising — but also more athletics prioritization and athlete favoritism — than circle entries\"": \""Groups explicit, named extracurricular programs (band, orchestra, robotics, JROTC, vocational academies), facility/investment notes, booster/parent fundraising and complaints about sports‑first prioritization or favoritism into one bucket focused on extra‑curricular scope and resource allocation; this is kept separate from academic program strength, staff quality/support, safety/climate, and governance/operational failure buckets.\""\n}""]",,35.14853310585022,27104,1600,2199,,[],['resp_0728cd125d811dbd006a74d6c86230819d9641411c55bac4b6'],True
vote|reduce1|15|5,"[""{\n    \""Square entries report more and more-varied extracurricular programs while also documenting athletic prioritization and selection/funding issues (strong bands/arts, many clubs, but coach favoritism and sports-first budgeting) than circle entries\"": \""This bucket groups concrete programmatic breadth (marching band awards, many clubs, ROTC, theater, CTE offerings) together with repeated claims that athletics/boosters receive preferential funding or athlete favoritism—distinct from facilities, safety, governance, or staff‑support themes because it concerns what programs exist and how resources/attention are visibly allocated to extracurriculars rather than building condition or personnel conduct.\"",\n    \""square entries report more facility, sanitation, and capacity failures (overcrowding, broken/closed bathrooms, leaks, vermin, poor maintenance) than circle entries\"": \""This bucket captures the school physical‑plant and operational logistics evidence (asbestos/ceiling tiles, overcrowded classes, closed/unsanitary bathrooms, food quality, bus/parking problems) and is explicitly about infrastructure and day‑to‑day facility failures rather than extracurricular offerings, disciplinary incidents, governance misbehavior, or teacher/support variability.\"",\n    \""square entries allege more administrative dysfunction, favoritism, cover‑ups, retaliation, and governance conflict than circle entries\"": \""This bucket groups governance and leadership misconduct claims (withheld evidence, nepotism/favoritism, record‑keeping errors, retaliatory discipline, contested board/leadership priorities) that concern institutional decision‑making and ethics and are conceptually distinct from incident-level safety problems, program/facility descriptions, or variability in frontline student supports.\"",\n    \""square entries report more severe bullying, harassment and student-safety failures with ineffective administrative protection than circle entries\"": \""This bucket bundles reports of student safety harms and behavioral crises (daily fights, assaults, suicides, on‑campus drug use, lockdowns, harassment) and the school's failure to protect victims or meaningfully sanction offenders—focused on safety outcomes and incident response rather than broader governance scandals or program/facility inventories.\"",\n    \""square entries show greater variability and breakdowns in staffing and student support services than circle entries (inconsistent teacher quality, high turnover, and weak guidance/special‑education/mental‑health supports)\"": \""This bucket collects evidence about inconsistent classroom instruction, staffing instability/tenure problems, counselor turnover or steering, special‑education/IEP failures, and uneven tutoring/mental‑health supports—a personnel and service‑delivery cluster that is separate from facility condition, extracurricular breadth, governance malpractice, or isolated safety incidents.\""\n}""]",,35.27709484100342,24376,1856,2400,,[],['resp_09381e8b8d01e18a006a74d6c8989081a1a0da7222279f61e7'],True
vote|reduce1|1|1,"[""{\n    \""square entries report substantially stronger advanced academic programs and measurable college‑prep outcomes than circle entries\"": \""Many square reviews name AP/IB/dual‑credit courses, specific college placements, test scores and scholarships; this bucket isolates curricular/programmatic academic strength and measurable postsecondary outcomes (distinct from extracurricular success, facilities, safety, or governance issues).\"",\n    \""square entries report more robust, award‑winning extracurricular and competitive arts/athletics programs and dedicated facilities than circle entries\"": \""Square texts repeatedly cite marching band championships, state sports, dedicated arts/CTE centers and high‑quality athletic facilities/boosters; this bucket captures non‑academic program breadth and competitive achievements separate from classroom rigor, building condition, or administrative behavior.\"",\n    \""square entries report more administrative and operational dysfunction (registration, scheduling, discipline, communication, and biased enforcement) than circle entries\"": \""Numerous square reviews document chaotic registration/scheduling, biased discipline, favoritism/nepotism, fake social‑media monitoring, and complaint‑handling failures; this governance/operational leadership theme is distinct from physical resource shortfalls, student safety incidents, or program availability.\"",\n    \""square entries report more facility, capacity, sanitation, and resource/funding shortfalls and operational constraints (overcrowding, dilapidated buildings, unsanitary cafeterias/bathrooms, lack of books/computers, traffic/entry congestion) than circle entries\"": \""Square entries contain many concrete claims about overcrowding, HVAC/asbestos/ceiling failures, broken equipment, filthy or underfunded facilities and capital projects; this infrastructure/resource cluster is focused on physical and material conditions, not on curricular quality, extracurricular success, or administrative misconduct.\"",\n    \""square entries report more frequent and severe student safety, bullying, substance‑use, and violent incidents (and ineffective disciplinary responses) than circle entries\"": \""A large set of square reviews report pervasive bullying, fights, drug use, threats, suicidality and documented mishandling or lenient/inconsistent responses by staff; this safety/discipline climate cluster is about student harm and incident response and is separate from program offerings, facility state, or routine administrative errors.\""\n}""]",,35.46452498435974,27377,2368,2840,,[],['resp_0ef9858db8f64c82006a74d6c8826881a2a927f1b3cb166215'],True
vote|reduce1|1|5,"[""{\n    \""square entries report more frequent and severe safety, violence, bullying, substance‑use, and unaddressed harassment incidents than circle entries\"": \""Groups many reports of fights, weapons/bomb threats, assaults, pervasive drug/alcohol use, and victim‑blaming or ineffective adult responses into a single concrete school‑safety theme; this is distinct from facilities/operations (space/maintenance), administrative governance (favoritism/cover‑ups/communication), advanced academics (course offerings/outcomes), and extracurricular/program breadth (named clubs/awards/funding).\"",\n    \""square entries report more facility, resource, and operational capacity problems (or large-scale space/technology differences) than circle entries\"": \""Captures complaints about overcrowding, sanitation/pest issues, broken/old buildings, transportation and scheduling failures, locked bathrooms, and tech/portal breakdowns—a logistical/infrastructure cluster that is separable from safety incidents, governance/favoritism problems, academic program strength, and programmatic/extracurricular detail.\"",\n    \""square entries report more formal advanced academic programs and measurable college‑preparatory outcomes (AP/IB/honors/dual‑enrollment, test scores, graduation rates, alumni placement) than circle entries\"": \""Groups specific, named evidence of AP/IB/Honors/dual‑enrollment/GT offerings and concrete postsecondary metrics and elite acceptances into an academic‑program/outcome bucket that is about what the school offers and achieves (not about teacher conduct, admin fairness, safety, or facility logistics).\"",\n    \""square entries document more administrative mismanagement, inconsistent or punitive discipline, favoritism/nepotism, and poor parent/counselor communication than circle entries\"": \""Collects reports of cover‑ups, protected staff, biased discipline (athlete/legacy favoritism), retaliatory or arbitrary policy enforcement, secrecy, and unresponsive leadership into a governance/decision‑making bucket distinct from physical conditions, student safety incidents, program offerings/outcomes, and simply listing extracurriculars or achievements.\"",\n    \""square entries provide far richer, more concrete detail about extracurricular programming, facilities, and resource allocation (including athletic/arts funding tradeoffs) than circle entries\"": \""Groups the many named clubs, award‑winning teams, music/theatre travel, booster/booster‑funding descriptions and explicit resource‑allocation tradeoffs (athletics vs academics/arts) into a programmatic/extracurricular evidence bucket that differs from administrative malpractice, facility/logistics failures, student‑safety crises, and formal academic/college‑prep program reporting.\""\n}""]",,35.53255605697632,24756,1920,2500,,[],['resp_0225e8423409d413006a74d6c851c0819c82571ddef2a485dc'],True
vote|reduce1|22|0,"[""{\n    \""square entries document more concrete advanced-academic offerings and measurable college-readiness outcomes than circle entries\"": \""Groups the many concrete references to AP/IB/dual‑enrollment/college credit, scholarships, test scores and elite matriculations in square reviews — a specific program/outcome cluster distinct from safety incidents, facilities/overcrowding, administrative governance, or extracurricular breadth.\"",\n    \""Square entries report far more pervasive safety, bullying, substance‑use, and violent‑incident problems (and administrative failure to address them) than circle entries\"": \""Captures the frequent, concrete accounts of bullying, fights, drug/alcohol use, sexual misconduct, suicides and ineffective protective responses in square reviews — a student‑safety/incident cluster that is substantively different from program offerings, facilities capacity, admin recordkeeping, or extracurricular descriptions.\"",\n    \""square entries report greater administrative/operational dysfunction, record‑keeping failures, and leadership instability than circle entries\"": \""Groups allegations of favoritism, privacy violations, lost records/IEP mishandling, cover‑ups, leadership turnover and unresponsive governance in square entries — focusing on governance/process failures separate from on‑the‑ground safety incidents, physical plant issues, curricular offerings, or the presence of clubs/teams.\"",\n    \""square entries report more facility, capacity, and operational problems (overcrowding, sanitation, maintenance, and outages) than circle entries\"": \""Collects the concrete reports about overcrowded halls, mold/infestations, outdated tech, broken HVAC/cleanliness, parking/traffic and schedule/logistics failures — a facilities/operational resource cluster distinct from administrative misconduct, safety incidents, advanced‑academics, or extracurricular program richness.\"",\n    \""square entries report more extensive extracurricular, arts, and athletics programs and community/booster support than circle entries\"": \""Groups the repeated, specific claims about abundant clubs, award‑winning music/athletics, travel, JROTC/CTE offerings and booster/community engagement in square reviews — a programmatic/extracurricular capacity cluster that is different from academic rigor metrics, facility constraints, safety crises, or governance/recordkeeping problems.\""\n}""]",,35.363454818725586,27385,2048,2526,,[],['resp_05eba4a6554154df006a74d6c8967481a1bc35eea41384d6d8'],True
vote|reduce1|1|0,"[""{\n    \""square entries report more variable and often poor classroom-level instruction, teacher misconduct, counseling failures, and unequal support for struggling students than circle entries\"": \""Groups many raw observations about on-the-ground teaching and student supports (uneven teacher quality, grading/attendance/substitute problems, IEP/504 and counselor failures, harassment by staff) into a single instructional-support bucket that is distinct from facility, safety, extracurricular, or governance failures.\"",\n    \""Square entries report more facility, capacity, and operational resource problems (overcrowding, sanitation/maintenance issues, scheduling/tech/logistical failures, and material shortages) than circle entries\"": \""This groups all concrete building/capacity/resource problems (crowded classes, broken bathrooms, busing cuts, tech filtering/Chromebook issues, scheduling glitches, library complaints) into a single operational/facilities bucket that does not overlap with instruction, safety incidents, extracurricular offerings, or administrative governance.\"",\n    \""square entries document broader, higher-profile extracurricular and specialized program offerings and public recognition (competitive athletics, award‑winning arts, JROTC/ROTC, many clubs) than circle entries\"": \""This captures the dense set of programmatic offerings and high‑profile extracurricular achievements (theater, band, JROTC, academies, AP/IB/CTE partnerships, booster support) as a program-breadth/visibility bucket distinct from facility strain, safety concerns, classroom instruction, or governance problems.\"",\n    \""square entries report more frequent and severe student-safety, bullying, substance abuse, and ineffective protective responses than circle entries\"": \""This groups all safety- and student‑behavior evidence (frequent fights, drug use/vaping, gang/weapons/threats, bullying, suicidality and failures to protect victims) into a single safety/climate bucket separate from administrative failures, facilities, academics, or extracurricular breadth.\"",\n    \""square entries report more administrative and governance failures, opaque or punitive policies, and mismanagement than circle entries\"": \""This clusters complaints about leadership and governance (favoritism/nepotism, recordkeeping/credit errors, punitive attendance/discipline policies, unresponsiveness, cover‑ups, contested budgeting) into a single governance/management bucket that is conceptually distinct from safety, instruction, facilities, or program offerings.\""\n}""]",,35.69784498214722,26748,2560,3035,,[],['resp_0a4825f53dc2ccc0006a74d6c8610881a1b4c53ec7a53b094f'],True
vote|reduce1|20|1,"[""{\n    \""square entries report more frequent and more severe safety, bullying, substance‑use, and violent‑incident problems (and ineffective responses) than circle entries\"": \""This bucket captures the many square reviewers' concrete accounts of fights, drugs, gangs, racialized harassment, vaping/lockdowns, suicides and failure to protect/victimize-punish patterns; it is distinct from governance, facilities, academic-program, and teacher-quality buckets because it concerns student conduct and campus safety incidents and adult enforcement outcomes rather than leadership decisions, infrastructure, curricular offerings, or classroom practice.\"",\n    \""square entries report more administrative and governance failures (selective enforcement, favoritism, secrecy, misallocated funds, poor responsiveness and special‑education noncompliance) than circle entries\"": \""This groups square claims about nepotism, board/district corruption, biased/arbitrary discipline, hiding information, misprioritized spending and IEP/504 mishandling; it is mutually exclusive from safety, facilities, academic-program, and teacher-behavior buckets because it targets leadership, policy and governance-level misconduct rather than frontline safety events, physical infrastructure, program breadth, or individual teacher performance.\"",\n    \""square entries report more extensive, concrete advanced academic, vocational, and extracurricular program offerings and measurable high‑achievement outcomes than circle entries\"": \""This captures square reviewers' repeated descriptions of AP/IB/dual‑enrollment, CTE/PT/tech academies, JROTC, award‑winning band/athletics and measurable college placements/scholarships; it is separate from 'teacher variability' because it describes program availability and documented outcomes (what the school offers and produces) rather than how individual teachers or counselors perform day‑to‑day.\"",\n    \""square entries report more acute facility, logistical, and operational problems (sanitation, overcrowding, pest infestation, HVAC/Wi‑Fi failures, transportation and scheduling constraints) than circle entries\"": \""This groups square details about crowded classes, block‑schedule/prerequisite credit glitches, broken parent portals, sanitation/maintenance failures, Wi‑Fi/iPad rollouts and renovation projects; it is distinct from governance (which is about who makes decisions), safety (student incidents), academics (program breadth), and teacher quality (instructional practice) because it concerns physical capacity and day‑to‑day operational systems.\"",\n    \""square entries show greater variability and concrete problems in teacher/staff quality, staffing stability, substitutes, and classroom practices than circle entries\"": \""This bucket collects square reports of large swings in teacher effectiveness, named unprofessional staff, high turnover/absenteeism, poor classroom management, inconsistent counseling/IEP follow‑through and intermittent after‑school support; it is mutually exclusive from the governance, facilities, safety, and program‑breadth buckets because it focuses on front‑line personnel performance and consistency rather than leadership, infrastructure, student misconduct, or the presence of formal programs.\""\n}""]",,35.91238212585449,27221,2368,2961,,[],['resp_0df6191e352bf469006a74d6c899a081a29a04c60856d4d42c'],True
vote|reduce1|0|0,"[""{\n    \""square entries report more and stronger formal college‑prep/advanced academic programs (AP, IB, honors, dual‑enrollment, documented college credit and measurable college outcomes) than circle entries\"": \""Groups many raw terms that document concrete curricular pathways, AP/IB/dual‑credit counts, college‑credit access and measurable postsecondary outcomes into a single programmatic bucket; this is distinct from administrative, safety, extracurricular or facility issues because it names specific academic offerings and college results rather than staff behavior, governance, student conduct, or buildings.\"",\n    \""square entries report broader, higher‑profile extracurricular, arts, vocational and athletics programming — and recurring claims of funding/favoritism toward sports — more than circle entries\"": \""Collects all concrete claims about on‑campus programs (band, JROTC, vocational shops, award‑winning arts, many sports), booster/alignment of funds to athletics, and visible competitive achievements into one program‑breadth and resource‑priority bucket; it is separate from safety (incidents), admin (governance/favoritism), teacher/support, and facilities because it concerns what programs exist and how resources are allocated to them.\"",\n    \""square entries report more frequent and severe student-safety and behavior problems (bullying, fights, weapons, pervasive vaping/drug culture) that are often poorly remediated than circle entries\"": \""Groups all concrete accounts of physical safety and peer‑conduct harms (drugs, overdoses, fights, weapons, sexual harassment, pervasive bullying) and the described failures to protect students into a single safety/climate bucket; this is mutually exclusive from program‑offerings, administrative mismanagement, teacher/support variability, and facilities because it focuses on student incidents and protection rather than who runs the school or which programs exist.\"",\n    \""square entries report more administrative instability, mismanagement, nepotism, and lack of accountability than circle entries\"": \""Aggregates reports about governance and leadership failures—board cover‑ups, nepotism, politicized decisions, opaque discipline policy, retaliatory practices and high leadership turnover—into a single governance/ accountability bucket distinct from teacher‑level support, physical plant issues, student safety incidents, or curricular offerings because it targets district/school decision‑making and oversight.\"",\n    \""square entries report more detailed, variable teacher and student-support patterns (instructional effectiveness, morale/turnover, counseling and special‑education supports, parent communication) than circle entries\"": \""Groups all items about classroom instruction quality, inconsistent grading, counselor/IEP practice (both strong and failing examples), teacher turnover/morale, and family‑school communication into a staff/support bucket; this is intentionally separate from administrative governance (policy/board behavior), student safety incidents, facilities/capacity, and program breadth because it concerns day‑to‑day instructional and support delivery rather than higher‑level governance or physical resources.\""\n}""]",,35.97452902793884,27209,2432,3083,,[],['resp_0f2cc98469626971006a74d6c864c08191ab456e6420bbfedf'],True
vote|reduce1|15|1,"[""{\n    \""square entries report more pervasive student-safety problems and ineffective/uneven anti-bullying responses than circle entries\"": \""This captures the distinct cluster of concrete safety incidents (fights, assaults, drugs, police presence, suicide/harms) and repeated failure or victim‑blaming by adults; it is focused narrowly on on‑campus violence/health/anti‑bullying failures and is therefore clearly different from buckets about programs, facilities, admin governance, or teacher quality.\"",\n    \""square entries report more and broader advanced academic, vocational, and extracurricular offerings and measurable student outcomes (AP/IB/dual-enrollment, CTE, arts, competitive athletics, college acceptances) than circle entries\"": \""This groups all evidence about program breadth and measurable student achievement (AP/IB/dual credits, CTE, band/championships, college admits) into a single programmatic/outcomes bucket distinct from safety, facilities, administration, or classroom professionalism.\"",\n    \""square entries document more administrative and operational failures—unresponsiveness, mismanagement, coercive discipline, governance problems, and broken processes—than circle entries\"": \""This bucket isolates governance and process breakdowns (board/leadership cover‑ups, retaliation, punitive policies, scheduling/transcript errors and withheld communication) and is kept separate from teacher-level professionalism, physical infrastructure, student‑safety incidents, or program availability.\"",\n    \""Square entries report more chronic facility, overcrowding, sanitation, equipment and resource shortages (and related logistical constraints) than circle entries\"": \""This groups physical/infrastructure and operational resource problems (overcrowding, leaks, pests, outdated textbooks, food/pricing, transportation/time burdens) into a facilities/logistics bucket that does not overlap conceptually with administrative misconduct, extracurricular/program strength, safety incidents, or teacher competence.\"",\n    \""square entries depict greater intramural variability in teacher/staff competence and professionalism (from highly committed/excellent to hostile/unqualified) than circle entries\"": \""This captures the mixed, within‑school range of instructional and adult behavior (exemplary mentors, unprofessional/gossipy teachers, grading inconsistency, 504/IEP inconsistency, counselor variability) and is distinct from governance failures, program offerings, facility problems, or discrete safety/crisis incidents.\""\n}""]",,35.989919900894165,26672,2560,3037,,[],['resp_01bc7bfb6706ee35006a74d6c895608192b26b028c5aaf8fd1'],True
vote|reduce1|13|0,"[""{\n  \""square entries report more pervasive student-safety and misconduct incidents (and inadequate on-site responses) than circle entries\"": \""Groups all concrete reports of bullying, fights, arrests, drug use, suicides, police/office violence, and repeated failures to remediate those incidents (e.g., unchecked bullying, violent officer allegations, suicidality) — a distinct safety/behavior domain separate from facility condition, curricular offerings, administrative favoritism, or classroom instruction failures.\"",\n  \""square entries report more administrative and governance dysfunction, prioritized fiscal/test/athletic choices, favoritism/nepotism, program suppression, and leadership instability than circle entries\"": \""Captures concrete governance-level problems (nepotism, pay-for-play, denying transfers for revenue, board myopia, hostile principals, opaque recordkeeping and retaliation) that are about decision‑making, resource priorities and accountability rather than frontline classroom practice, student-safety incidents, facility capacity, or presence/quality of academic programs.\"",\n  \""square entries document broader and more concrete advanced academic, dual‑credit, CTE, and arts offerings with measurable college outcomes than circle entries\"": \""Groups the numerous named programmatic offerings and measurable postsecondary evidence (AP/IB/dual‑credit/Running Start/CTE, specialized academies, alumni/college matriculation statistics) describing what programming exists and its outcomes — a separate fact about program breadth and college-prep results distinct from instructional consistency, safety, governance, or physical resource problems.\"",\n  \""square entries report more facility, resource, and operational capacity problems (or large-scale space/technology differences) than circle entries\"": \""Collects concrete, physical and operational issues and investments (overcrowding, trailers, pests, sanitation, HVAC, busing/transportation, renovations, labs, 1:1 laptop rollouts) that concern the built environment and logistics rather than governance choices, student safety incidents, program offerings, or teacher/classroom practices.\"",\n  \""square entries report more inconsistent or ineffective classroom instruction and student support than circle entries\"": \""Groups teacher- and support‑level instructional failures and variability — absenteeism, packet-based teaching, grading inconsistency, weak math instruction, IEP/504 failures, counseling breakdowns and uneven remediation/tutoring — a frontline pedagogical and student‑support domain that is substantively distinct from safety incidents, facilities, governance, or catalogues of advanced programs.\""\n}""]",,36.19577980041504,27025,2304,2848,,[],['resp_0726a1edc6c5e932006a74d6c8ae288191b0565e7eba4163b1'],True
vote|reduce1|8|4,"[""{\n    \""square entries report more frequent and severe student safety, bullying, substance‑use, physical‑violence, and sexual‑misconduct incidents and failures to address them than circle entries\"": \""Groups together the many raw items about fights, gang/drug activity, threats, sexual harassment, suicides and pervasive bullying — a distinct safety/crisis cluster that is about on‑site harm and incident response, not about instruction, programs, facilities, or governance, so it is mutually exclusive from the other selected buckets.\"",\n    \""square entries report more granular classroom‑level instructional quality and student‑support patterns (teacher competence/turnover, grade‑rigor variability, cheating/grade inflation, counseling/IEP failures, teacher misconduct) than circle entries\"": \""Captures the classroom‑and‑student‑support evidence (wide swings in teacher quality, grade inflation, IEP/504 failures, counseling responsiveness, academic rigor/assignment practices and named teacher misconduct) — a distinct instructional/support dimension separate from safety, administration, extracurriculars, or high‑level program offerings.\"",\n    \""square entries report more intrusive, punitive, and operationally dysfunctional administrative practices (surveillance, restrictive policies, procedural errors, and chronic unresponsiveness requiring heavy parental advocacy) than circle entries\"": \""Groups the operational/governance failures (nepotism, opaque discipline, recordkeeping/enrollment/credit mishandling, privacy violations, punitive enforcement, and unresponsive offices) which are about how the school is managed and run — a different phenomenon from classroom quality, safety incidents, program breadth, or extracurricular resources.\"",\n    \""square entries report more concrete advanced academic and college‑prep programs and measurable postsecondary outcomes than circle entries\"": \""Collects the explicit program/outcome evidence (AP/IB/dual‑enrollment/STEM/CTE tracks, scholarships, college matriculation and concrete test/award metrics) — this is about formal academic pathways and measurable student outcomes, not about teacher behavior, safety incidents, administration, or extracurricular breadth.\"",\n    \""square entries report more abundant, well‑resourced, and varied extracurriculars, arts, athletics, and external partnerships than circle entries\"": \""Groups the many items about robust music/theatre/band, large athletics programs, boosters/parent fundraising, vocational electives and external partnerships — a resourcing and program‑breadth cluster that is about extracurricular offerings and facilities rather than safety, classroom instruction, admin dysfunction, or formal advanced‑academic pathways.\""\n}""]",,36.39244985580444,27180,2048,2570,,[],['resp_0ebed754b178bc86006a74d6c879d881a3b7c7092822ca5b66'],True
vote|reduce1|17|2,"[""{\n    \""square entries report more administrative dysfunction, favoritism, and punitive or chaotic policy enforcement than circle entries\"": \""This bucket groups reviews documenting governance/HR problems—favoritism, nepotism, cover‑ups, retaliatory discipline, withheld diplomas and opaque policy enforcement—which is distinct from facility/operational problems, student‑safety incidents, program breadth, or academic-program availability (each covered by other buckets).\"",\n    \""Square entries report more frequent and severe student safety, bullying, substance‑use, vandalism, and physical‑assault incidents (often with ineffective or absent remediation) than circle entries\"": \""This bucket captures concrete safety and conduct crises (fights, weapons, drug use, sexual/hate incidents, failed anti‑bullying responses) and is separate from administrative dysfunction (how leaders behave), programmatic breadth (what the school offers), academic pathways, or logistics/facility issues.\"",\n    \""square entries document more concrete advanced academic, vocational, and college‑preparation programs and measurable student outcomes than circle entries\"": \""This bucket groups all evidence of AP/IB/dual‑enrollment/CTE/early‑college pathways and explicit college/career outcomes and is intentionally focused on curricular/program capacity and measurable student results rather than extracurricular prestige, safety, administration, or physical/logistical resources.\"",\n    \""square entries report broader, higher‑profile extracurricular and athletics offerings and recognition — often accompanied by politicized selection, coach favoritism, pay‑to‑play/fundraising barriers, or uneven program support — more than circle entries\"": \""This bucket clusters programmatic breadth and visible extracurricular prestige (band, championships, boosters, fees) and the social/political behaviors tied to those programs (athlete favoritism, pay‑to‑play), which is distinct from academic program availability, general safety incidents, administrative governance, or facility/logistics detail.\"",\n    \""square entries provide more concrete operational and facility detail — enrollment scale, overcrowding, building condition, scheduling logistics and tech/resource provisions — than circle entries\"": \""This bucket groups tangible physical and operational facts (overcrowding, HVAC/cleanliness, food, transportation, 1:1 tech, scheduling and recordkeeping) and is kept separate from leadership behavior, student safety/climate, curricular program strength, and extracurricular prominence.\""\n}""]",,36.71255707740784,27051,1792,2328,,[],['resp_0cf1aa4054079fd1006a74d6c8946c81a38f3713f7863ae9f5'],True
vote|reduce1|0|3,"[""{\n    \""square entries report more administrative, counseling, and district governance failures (or contested leadership/favoritism) affecting students than circle entries\"": \""Groups reviews that document leadership/governance problems (unresponsive counselors, board/district disputes, favoritism, recordkeeping and policy manipulation) — a clear, building‑level governance/office dysfunction cluster that is different from (and does not subsume) safety incidents, facilities problems, academic program strength, or extracurricular breadth.\"",\n    \""square entries report more frequent and severe student safety, bullying, substance‑use, and physical‑violence incidents than circle entries\"": \""Captures the safety/climate cluster (bullying, fights, drugs, sexual harassment, lockdowns and mishandled incidents) which is conceptually distinct from administrative/governance failures, facility maintenance, curricular/program offerings, or extracurricular funding/prioritization.\"",\n    \""square entries document more concrete advanced academic programs, AP/IB/honors/dual‑enrollment/CTE offerings and measurable postsecondary outcomes than circle entries\"": \""Groups all evidence about formal academic program breadth and measurable college/career outcomes (AP/IB/dual credit, academies, CTE, test/college placement) — a programmatic/academic‑pathways axis that is separate from safety, facilities, governance or extracurricular/athletics resource debates.\"",\n    \""square entries report more tangible facility, resource, and operational shortfalls (maintenance, overcrowding, technology, budget-driven cuts) than circle entries\"": \""Encompasses concrete physical and operational resource issues (overcrowding, aging or upgraded buildings, sanitation/pest problems, technology/ supply shortages, scheduling/registration logistics) distinct from governance choices, safety incidents, curricular offerings, or extracurricular prominence.\"",\n    \""square entries report more and broader extracurricular/arts/athletic offerings and simultaneously more athletic favoritism or athletics‑first prioritization than circle entries\"": \""Groups the cluster of detailed extracurricular descriptions (large band/theatre, multiple clubs, state championships) together with complaints about athletics‑first funding/favoritism — a resource‑allocation and program‑breadth theme that is separate from academic-program strength, facility deficits, governance failures, or safety/climate problems.\""\n}""]",,36.85370898246765,26877,1920,2397,,[],['resp_01592be0a03befe5006a74d6c7fa1c81a0801fd8a21f665e93'],True
vote|reduce1|17|5,"[""{\n    \""square entries describe stronger advanced-academic offerings and measurable college-preparation outcomes than circle entries\"": \""This bucket groups the many raw items that name concrete program availability and measurable postsecondary outcomes (AP/IB/dual‑enrollment, college credits, high test scores, scholarship totals and elite acceptances) — it is focused on what formal academic pathways and documented outcomes the school provides, and is distinct from instructional delivery quality, safety incidents, operational/facility conditions, or governance/favoritism issues covered in the other buckets.\"",\n    \""square entries report more frequent and severe student safety and behavior incidents (bullying, fights, drugs, lockdowns, police) than circle entries\"": \""This bucket captures the recurring, concrete reports of on‑campus safety crises (physical fights, bullying, substance availability/use, sexual assaults, gangs, police/lockdown involvement) and the school's ineffective supervision/incident response — it is limited to student-safety and behavior incidents and their remediation, not to program offerings, facilities logistics, teacher quality, or governance problems.\"",\n    \""square entries report more staff/administration misconduct, favoritism, discrimination, cover‑ups, and governance/fiscal mismanagement than circle entries\"": \""This bucket groups allegations about leadership and governance failures (nepotism/favoritism, punitive or opaque discipline policies, cover‑ups, dishonest administration, budget/misaligned priorities, legal escalation) — it focuses on systemic policy, personnel and board-level malpractice distinct from frontline safety incidents, instructional variability, program availability, or physical/resource logistics.\"",\n    \""Square entries provide more detailed accounts of facilities, capacity and operational logistics (overcrowding, scheduling constraints, maintenance, technology programs, and resource allocation/athletics prioritization) than Circle entries\"": \""This bucket collects concrete, operational and capital evidence (overcrowded classrooms/lunchrooms, outdated or newly renovated buildings, HVAC/cleanliness/maintenance complaints, scheduling/scheduling errors, transportation and cafeteria logistics, and contested spending on athletics) and is separate from instructional/program content, safety incidents, or governance/staff misconduct.\"",\n    \""Square entries report greater instructional stratification and variability in teacher quality and student supports (strong honors/AP support and one‑on‑one help for some vs. neglect for others) than circle entries\"": \""This bucket groups items about classroom-level teaching and student supports — uneven teacher competence, variable rigor between regular and honors/AP tracks, special‑education/IEP failures, counseling responsiveness, tutoring/mentoring availability and grading/instructional neglect — and is deliberately distinct from program presence (advanced offerings), physical/logistical facility issues, governance/favoritism, or campus safety incidents.\""\n}""]",,36.88429379463196,24484,2112,2666,,[],['resp_01dd4168c7361a08006a74d6c89488819199d9d7a408b0c775'],True
vote|reduce1|9|0,"[""{\n    \""Square entries report more frequent, severe student-safety and hostile-climate incidents (violence, gangs, drugs, sexual assault, targeted hate and pervasive bullying) and also describe ineffective or inconsistent anti-bullying/discipline responses than Circle entries\"": \""Covers the large cluster of raw terms about on‑campus threats (fights, assaults, drugs, racial/targeted harassment, pervasive bullying) and the school's failure or inconsistency in addressing them; this is distinct from administrative governance, academic programming, special‑education failures, and physical/resource problems, which are captured in other buckets.\"",\n    \""square entries document broader and more concrete advanced academic, dual‑credit, CTE, and arts offerings with measurable college outcomes than circle entries\"": \""Groups all items describing explicit programmatic breadth and measurable post‑secondary outcomes (IB/AP/dual enrollment, CTE, performing arts, college credits/scholarships), and is kept separate from instructional delivery quality, admin behavior, special‑education compliance, and facilities/resource issues.\"",\n    \""square entries report more frequent special-education and 504/IEP implementation problems and inconsistent accommodations for students with disabilities than circle entries\"": \""Targets the repeated, specific evidence about IEP/504 noncompliance, denial of accommodations, and special‑education process breakdowns; this bucket is focused on legally‑sensitive student‑support failures and is intentionally distinct from general counseling, whole‑school admin dysfunction, or academic-program availability.\"",\n    \""square entries report more facility, capacity, and resource‑allocation problems — including overcrowding, deteriorated or insufficient facilities, budget cuts, and visible prioritization of athletics over academics — than circle entries\"": \""Captures concrete, physical and resourcing evidence (overcrowding, broken infrastructure, renovations, pay‑to‑play fees, athletic spending choices) and is separated from programmatic strength, student safety incidents, special‑education compliance, and administrative/governance misconduct.\"",\n    \""Square entries report more administrative dysfunction, procedural/recordkeeping breakdowns, and punitive or biased discipline/favoritism than circle entries\"": \""Encompasses governance and bureaucratic failures (hostile/unresponsive offices, nepotism/favoritism, lost records, punitive/inconsistent discipline, manipulated metrics) and is kept distinct from safety/behavior incidents, facility/resource conditions, special‑education implementation, and the existence or quality of academic programs.\""\n}""]",,36.962871074676514,27263,2560,3070,,[],['resp_04c9653e5938b6e8006a74d6c86d00819ca40bdef12875fcd9'],True
vote|reduce1|3|0,"[""{\n    \""square entries report more frequent and severe student‑safety and behavior problems and ineffective disciplinary response than circle entries\"": \""This groups the many square reviews describing bullying, fights, lockdowns, drug/alcohol use, threats, victimization, severe mental‑health/legal fallout, and administrators who fail to protect or inconsistently discipline — a concrete safety/climate cluster that is about on‑campus student misconduct and its school‑level handling, not program breadth, academics, instruction quality, or governance processes (so it stays distinct from the other buckets).\"",\n    \""square entries describe a wider, deeper, and more award‑winning extracurricular & athletics ecosystem than circle entries\"": \""This captures the repeated square evidence of numerous, high‑profile arts, band, athletics, ROTC, vocational and award‑winning programs and facilities (big auditoriums, hangars, championships), a program‑offerings/achievement cluster focused on breadth and public recognition that is separate from safety, instructional quality, administrative malfeasance, or special‑education/counseling issues.\"",\n    \""square entries report stronger, more numerous formal advanced-academic programs and measurable college outcomes than circle entries\"": \""This groups square reports of extensive AP/IB/dual‑enrollment/STEM/magnet/early‑college pathways and concrete college admissions/test outcomes (Ivy placements, high graduation/college rates), a programmatic/academic‑pathways cluster distinct from classroom teaching variability, extracurriculars, or safety/governance themes.\"",\n    \""square entries document more ADMINISTRATIVE DYSFUNCTION, POOR COMMUNICATION, AND GOVERNANCE/RESOURCE controversies than circle entries\"": \""This covers square descriptions of unresponsive front offices and counselors, turnover, record‑keeping failures, levy/capital/funding fights, pay‑to‑play fees, favoritism/nepotism and contested resource choices — an operational/governance and communication cluster separate from student safety events, course/program inventories, or classroom instructional quality.\"",\n    \""square entries report greater instructional stratification and uneven student support—strong, rigorous instruction for top/honors students but neglect, poor special‑education responsiveness, weak college/career counseling, pressured AP placement, and inconsistent teacher quality—than circle entries\"": \""This groups square claims that instruction and supports are polarized (excellent for honors/AP and some students but many classrooms, SPED/IEP compliance, tutoring and counseling fail) and that teacher quality varies wildly — a classroom‑level equity and support pattern that is conceptually different from program availability, extracurricular prominence, campus safety incidents, or governance/communication breakdowns.\""\n}""]",,37.24914503097534,27587,1792,2377,,[],['resp_03da35adb4222f42006a74d6c87d3081a2b88532bac353703f'],True
vote|reduce1|8|0,"[""{\n    \""square entries document more administrative and operational failures, weak governance, and punitive/retaliatory complaint handling than circle entries\"": \""Groups many raw items about governance: nepotism/favoritism, secretive boards, punitive responses to complaints, legal escalations, transcript/record mishandling and policy misprioritization — a distinct cluster about who runs the school and how complaints are handled that is conceptually separate from facility strain, classroom instruction, student-safety incidents, or available programs.\"",\n    \""square entries report more frequent and severe student safety and behavior incidents and security failures than circle entries\"": \""Captures the cluster of concrete safety problems (bullying, fights, gangs, weapons/drug incidents, sexual assaults, ineffective anti‑bullying responses, security breaches) focused on student harm and on‑campus risk — clearly different from program breadth, physical‑resource problems, governance failures, or variable teacher quality.\"",\n    \""square entries report more specialized academic, vocational, and extracurricular program availability (AP/IB/dual‑enrollment/STEM/CTE/arts/clubs) than circle entries\"": \""Groups all concrete reports of formal program offerings and measurable outcomes (AP/IB/academies, CTE/shop, dual‑credit, competitive arts/athletics, scholarships, AP credit totals) into a single program‑availability/outcome bucket that is about what the school provides academically and co‑curricularly rather than how it is managed, staffed, or secured.\"",\n    \""square entries report more concrete facilities, resource-allocation, operational and program-management issues (and also more named extracurricular/facility investments) — e.g., maintenance, austerity, overcrowding, scheduling, communications, and program cuts/allocations — than circle entries\"": \""Groups physical‑plant and operational logistics evidence (overcrowding, locked/dirty bathrooms, food service, busing, renovation projects, scheduling/attendance enforcement, funding tradeoffs) into one bucket about material resources and operational management, distinct from governance norms, teacher performance, safety incidents, or curricular/program content.\"",\n    \""square entries report greater variability and persistent issues in teacher quality, professionalism, and staffing stability (tenure-protected poor performers, turnover, unprofessional conduct, or exceptional dedication) than circle entries\"": \""Aggregates the many concrete statements about inconsistent instruction, high turnover, absenteeism, abusive or exemplary teachers, grading manipulation and staffing instability into a single personnel/teaching‑quality bucket that is about frontline delivery and workforce stability, not about governance, facilities, safety incidents, or program availability.\""\n}""]",,37.559364795684814,27014,2752,3278,,[],['resp_017dc1d46c9c1c22006a74d6c86b3c81a3a5adabdca515b602'],True
vote|reduce1|16|2,"[""{\n    \""square entries report more frequent and severe safety, bullying, substance‑use, and violent incidents (often with perceived administrative inaction) than circle entries\"": \""This bucket captures the numerous raw items documenting fights, gang/drug presence, assaults, bullying, and related failures of enforcement — a distinct student‑safety/behavior cluster that is separate from facility complaints, administrative corruption, academic programming, or teacher‑quality evidence.\"",\n    \""square entries report more administrative and district-level governance failures, favoritism, or corruption than circle entries\"": \""This bucket groups allegations about nepotism, financial scandal, cover‑ups, punitive/arbitrary policies, and district/principal‑level misconduct — governance and accountability problems that are conceptually distinct from physical facilities, classroom instruction, student supports, or program breadth.\"",\n    \""Square entries report stronger advanced / college‑prep and specialized program offerings and measurable postsecondary outcomes than circle entries\"": \""This bucket collects the concrete programmatic/academic offerings and outcomes (AP/IB/dual‑enrollment/academies, test/college results, partnerships) reported in many items — a program‑availability and measurable‑outcome axis that is different from safety, facilities, admin corruption, or teacher variability.\"",\n    \""Square entries report worse physical infrastructure, resourcing, and logistical safety problems (building disrepair, overcrowding, cafeteria/food/health hazards, transportation/traffic issues) than circle entries\"": \""This bucket groups the operational and capital/resource evidence (overcrowding, maintenance, sanitation, traffic/parking, food/cafeteria problems and capital projects) that affect daily logistics and health, and it is distinct from leadership/favoritism, instruction/support quality, or program offerings.\"",\n    \""Square entries provide more concrete, varied evidence about teacher-level instructional quality and student-facing support (both strong dedication and documented failures) than circle entries\"": \""This bucket captures the mixed, detailed teacher‑ and support‑service items (high variability in teaching, heavy substitute use, counseling/IEP failures, individualized help, grade‑leniency) — a classroom and student‑support theme clearly separable from safety incidents, governance scandals, facilities/logistics, or formal academic program breadth.\""\n}""]",,37.724334955215454,27240,1536,2003,,[],['resp_0d6ce8d156c75a6c006a74d6c8a9a0819faaa5abe4e8757c1f'],True
vote|reduce1|10|5,"[""{\n    \""square entries document more and clearer advanced academic, vocational, and measurable post‑secondary offerings/outcomes (AP/IB/dual‑credit, career tech, healthcare certifications, specialized magnets, measurable college placements) than circle entries\"": \""This groups all evidence about program availability, named pathways (AP/IB/dual‑enrollment, CTE, magnets) and measurable college/certification outcomes into one concrete ‘programs & outcomes’ bucket; it is distinct from governance, safety, facilities, or day‑to‑day instruction because it focuses on formal offerings and measurable post‑secondary results rather than how those programs are managed or staffed.\"",\n    \""square entries report more frequent and severe student-safety incidents and ineffective incident response than circle entries\"": \""This captures bullying, fights, drug/weapon incidents, police/lockdown involvement and complaints about poor responses — a coherent safety/climate cluster that is separate from academic program strength, administrative favoritism, facility logistics, or classroom teaching quality.\"",\n    \""square entries report more administrative and governance failures (selective enforcement, favoritism, secrecy, misallocated funds, poor responsiveness and special‑education noncompliance) than circle entries\"": \""This bucket groups reports of nepotism, favoritism, cover‑ups, policy misapplication, fiscal/records misconduct and top‑down mismanagement into a single governance category that is conceptually distinct from student safety, operational facilities, curricular offerings, or teacher instructional practice.\"",\n    \""square entries report more concrete operational and resource failures (funding, scheduling, overcrowding, tech, counseling, testing) than circle entries\"": \""This groups physical‑plant and resourcing evidence — overcrowding, lunch/parking logistics, custodial/food shortcomings, scheduling/transportation, and budget‑driven program cuts — as operational/resource problems separate from governance misconduct, classroom instruction, safety incidents, or program inventories/outcomes.\"",\n    \""square entries report more teacher‑level instructional failures, unprofessional conduct, and breakdowns in individualized supports (special education, counseling, mental‑health) than circle entries\"": \""This bucket consolidates classroom‑and‑support‑service level failures — inconsistent teaching quality, lost grading/organizational errors, unprofessional teacher behavior, and failing IEP/504/counseling implementation — which are about direct instructional/support delivery and distinct from program availability, facilities, safety incidents, or district governance.\"" \n}""]",,37.77395701408386,24768,2432,2962,,[],['resp_007ac402ecd2dbf4006a74d6c878148191802835b1a071e123'],True
vote|reduce1|7|2,"[""{\n    \""square entries report stronger and more numerous advanced academic programs and measurable college-prep outcomes than circle entries\"": \""This groups the many raw terms documenting AP/IB/dual-enrollment/CTE offerings, measurable outcomes (scholarships, Ivy placements, test scores) and explicit college‑prep pathways in square reviews; it is distinct from extracurricular/athletics (program presence vs. competitive/funding dynamics) and from staff/administration problems (which concern governance, not program availability).\"",\n    \""square entries describe broader, higher‑profile extracurricular & competitive program portfolios (and explicit athletic prioritization/favoritism) than circle entries\"": \""This captures raw terms about expansive arts, band, ROTC, many sports, state championships, pay‑to‑play, and explicit athletics-first funding/favoritism in square reviews; it is focused on co‑curricular scale and resource prioritization and thus kept separate from academic-program strength, safety incidents, administrative mismanagement, and facility/resource failures.\"",\n    \""Square entries report more safety incidents, pervasive bullying, gang/fight problems, visible substance use, and ineffective safety responses (including weapon incidents) than circle entries\"": \""This groups the concrete testimonies of on‑campus drug dealing/use, fights, sexual assaults, suicides/attempts, racialized harassment and staff non‑intervention in square reviews; it is purposefully limited to student safety/behavior and response failures and does not overlap with program breadth, facilities/logistics, or governance mismanagement buckets.\"",\n    \""square entries report more administrative and governance failures (selective enforcement, favoritism, secrecy, misallocated funds, poor responsiveness and special‑education noncompliance) than circle entries\"": \""This buckets the many reports of opaque/retaliatory policies, favoritism/nepotism, secrecy over curriculum, misprioritized budgets, counselor/IEP noncompliance and poor parent communication in square reviews; it is about governance and decision‑making and thus kept distinct from teacher‑level variability, physical/facility constraints, academic program breadth, and safety incidents.\"",\n    \""square entries report more facility, capacity, sanitation, and resource/funding shortfalls and operational constraints (overcrowding, dilapidated buildings, unsanitary cafeterias/bathrooms, lack of books/computers, traffic/entry congestion) than circle entries\"": \""This groups the concrete infrastructure and daily‑operations problems (old buildings, pests, no AC, textbook shortages, scheduling/transportation/locker problems) reported in square reviews, separating material/operational deficits from governance choices, program offerings, safety/climate issues, and instructional/program quality.\""\n}""]",,37.94363880157471,27129,2432,3009,,[],['resp_09ffd87fa1c01b98006a74d6c86608819ea921f03e8fc3adda'],True
vote|reduce1|17|4,"[""{\n    \""square entries report more pervasive student-safety and discipline failures (violence, bullying, gangs, drugs, assaults) and inadequate protection/follow-up than circle entries\"": \""This groups the many raw claims about on‑campus violence, gangs, bullying, substance use, assaults, K‑9 searches, and administrators failing to protect or follow up — a distinct operational/safety cluster that is about student harm and on‑site security rather than facilities, academics, counseling, or governance issues.\"",\n    \""square entries describe substantially more advanced academic pathways and measurable college outcomes than circle entries\"": \""This captures the abundant, concrete evidence in square reviews of AP/IB/dual‑enrollment/academies, scholarships and named college outcomes — a programmatic/outcome cluster focused on academic pathways and measurable postsecondary results, which is conceptually distinct from safety, facilities, admin dysfunction, or counseling supports.\"",\n    \""square entries report more concrete operational, facility, scheduling, and resourcing constraints (overcrowding, limited course sections, staffing shortages, maintenance problems, security/emergency gaps, COVID remediation failures) than circle entries\"": \""This groups the operational/resource items (overcrowding, building disrepair or major capital projects, transportation/busing, scheduling/registration breakdowns, limited AP sections, cafeteria/cleanliness) — concrete logistics and physical capacity problems separate from safety incidents, curricular strength, staff behavior, or special‑education/counseling content.\"",\n    \""square entries report more administrative dysfunction, opaque/remote leadership, favoritism/nepotism, and poor operational responsiveness than circle entries\"": \""This clusters reports of opaque governance, favoritism (athlete/insider privilege), nepotism/hiring complaints, cover‑ups, punitive or arbitrary discipline, lost records and unresponsive leadership — managerial and fairness/governance failures that are about who runs the school and how, distinct from specific facilities, classroom programs, safety events, or counseling/IEP practices.\"",\n    \""square entries include more specific accounts of student support services and special‑education/counseling practices (both praised and criticized) than circle entries\"": \""This captures the detailed, sometimes contradictory square evidence about counselors, IEP/504 implementation, special‑education staffing, tutoring and college‑advising supports (and their breakdowns) — a focused cluster on individualized supports and accommodation processes that is distinct from systemwide admin governance, facilities/logistics, safety incidents, or broader advanced‑program listings.\""\n}""]",,38.03992199897766,27057,2368,2878,,[],['resp_0b792da1bac5d24d006a74d6c89194819fa5649cb058455c9c'],True
vote|reduce1|21|1,"[""{\n    \""square entries report stronger advanced academic programs, AP/IB/dual‑enrollment, CTE and measurable post‑secondary outcomes than circle entries\"": \""Groups many raw terms documenting concrete course/program availability (AP, IB, dual‑credit, magnet/CTE tracks) and measurable college/postsecondary outcomes into a single, programmatic academic-strength bucket that is distinct from (a) teacher/classroom delivery, (b) extracurricular/athletic prominence, (c) safety incidents, and (d) operational/facility problems because it is specifically about formal academic offerings and documented outcomes rather than governance, safety, facilities, or student life.\"",\n    \""square entries report more administrative, guidance, and governance failures (unresponsive counselors/administrators, favoritism/nepotism, punitive or retaliatory policies, board/transfer/permits manipulation) than circle entries\"": \""Groups raw terms about leadership, governance, counselor responsiveness, favoritism/retaliation, and district/board manipulation into a single bucket focused on institutional decision‑making and personnel/accountability problems, keeping it separate from safety (incidents), instructional/program offerings, facilities/logistics, and extracurricular emphasis.\"",\n    \""square entries report more frequent and severe student safety, bullying, substance‑use, and violent incidents than circle entries\"": \""Aggregates the many concrete reports of bullying, fights, drugs, weapons/lockdowns, sexual/mob violence, victim‑blaming and calls for expulsions into one safety/climate bucket that is about student harm and on‑campus threats, which is conceptually separate from administrative governance, curricular offerings, facilities/overcrowding, and extracurricular programming.\"",\n    \""square entries report more facility, capacity, and operational resource problems (overcrowding, pests, food, Wi‑Fi, transportation, materials) than circle entries\"": \""Captures all concrete infrastructure and operational failures (crowded halls, sanitation/pest issues, broken intercoms/wifi, scheduling/website errors, lost services, pay‑to‑participate/material fees) into an operations/facility bucket that is distinct from safety incidents, administrative governance, teacher/instructional practices, and programmatic (AP/IB/CTE) offerings.\"",\n    \""square entries report greater extracurricular breadth, athletic emphasis, and local community/alumni financial support than circle entries\"": \""Groups evidence about extensive clubs/arts/band/athletics, athletic prioritization (resource allocation to sports), booster/fundraising activity and visible community/parent financial backing into one coherent extracurricular/resourcing bucket that is separate from academic-program strength, administrative dysfunction, safety problems, and facility/operational issues.\""\n}""]",,38.18443274497986,27279,2624,3225,,[],['resp_0748872c7cf16419006a74d6c8935c819cb2ccf052698b5e77'],True
vote|reduce1|0|4,"[""{\n    \""square entries report more frequent, concrete student safety and behavioral crises and routine enforcement failures than circle entries\"": \""Groups all raw terms documenting bullying, fights, assaults, suicides, drug use/overdoses, locker thefts and routine failure-to-enforce — a clear, incident-centered safety/climate bucket that is conceptually distinct from administrative governance, facilities/capacity, academic offerings, or classroom-support variability.\"",\n    \""square entries report more administrative dysfunction, politicized governance, favoritism, inconsistent or punitive discipline, and failure-to-resolve complaints than circle entries\"": \""Captures reports of favoritism, nepotism, punitive/exclusionary policies, non‑responsiveness and politicized decision‑making — a governance/leadership theme separate from concrete safety incidents, from physical resource constraints, from course/program availability, and from teacher-level instructional variation.\"",\n    \""square entries report more extensive advanced academic programs, AP/honors/dual‑enrollment offerings, specialized academies, and measurable college‑preparatory outcomes than circle entries\"": \""Groups the many concrete, programmatic claims about AP/IB/dual‑credit, college partnerships, scholarships and measurable postsecondary outcomes — a program‑availability/outcomes bucket that is distinct from how well classes are taught, how the building functions, or how discipline/leadership operates.\"",\n    \""square entries report more chronic facility, overcrowding and material‑resource shortages than circle entries\"": \""Collects the facility/operational evidence (overcrowded classes, parking/transport problems, unsanitary or outdated materials, capital projects vs. shortfalls) — a physical‑plant and capacity category that does not overlap with safety incidents, administrative favoritism, program breadth, or classroom/support quality.\"",\n    \""square entries show greater variability in teacher/instructional quality and more individualized student supports (both strong one‑on‑one help and formal remediation) than circle entries\"": \""Groups the mixed, classroom‑level evidence — inconsistent teacher competence, absenteeism, confusing/neglectful instruction, plus pockets of intensive one‑on‑one tutoring, remediation and mixed special‑education/counseling outcomes — a staffing/instruction & student‑support bucket that is functionally distinct from program availability, leadership/governance failures, safety incidents, and facility/resource constraints.\""\n}""]",,38.33963203430176,27079,2304,2826,,[],['resp_068e976f4c6f34bd006a74d6c849b081a0b433390ee0c43f2a'],True
vote|reduce1|2|4,"[""{\n    \""square entries report more frequent serious student safety problems (bullying, fights, assaults, gang activity) and inconsistent or ineffective disciplinary responses than circle entries\"": \""Groups all reviewer claims about on‑campus violence, bullying, drug/gang activity, sexual/physical assaults and the school's failure or inconsistency in responding — a concrete safety/climate cluster that is distinct from facility, curricular, athletic, or governance complaints.\"",\n    \""square entries report stronger, named advanced academic programs and measurable college/career outcomes than circle entries\"": \""Captures the concrete programmatic evidence (AP/IB/honors, dual enrollment, CTE credentials, alumni/college placement metrics) that square reviews repeatedly name — a curricular/program-strength theme that is separate from safety, athletics culture, facilities/logistics, and administrative/governance problems.\"",\n    \""square entries exhibit greater athletics dominance and athlete favoritism that crowds out academics more than circle entries\"": \""Groups complaints and praise tied to an athletics‑first culture (booster funding, pay‑to‑play, athlete grade/selection favoritism, championship pride) which is a distinct organizational/cultural pattern, different from general governance failures, facilities issues, academic-program breadth, or student‑safety incidents.\"",\n    \""square entries report more administrative and governance dysfunctions, policy choices, and management issues (turnover, politicized hiring/layoffs, prioritizing metrics/funding over student needs, enrollment/scheduling chaos, favoritism and pay‑to‑play) than circle entries\"": \""Collects documented problems about boards, principals, opaque or punitive policies, favoritism/nepotism, cover‑ups and politicized decision‑making — an accountability/governance cluster that is not the same as physical facility problems, athletics culture, safety incidents, or curricular offerings.\"",\n    \""square entries document more concrete facility, capacity and resource constraints and structural scheduling/policy issues (overcrowding, portables, gymnatorium, limited AP sections, block scheduling, attendance enforcement) than circle entries\"": \""Groups the operational and infrastructure evidence — HVAC/mold, overcrowding/traffic, outdated tech, cafeteria/locker logistics, scheduling and attendance rules and fundraising/fee burdens — which are tangible, day‑to‑day resource problems distinct from administrative governance, safety incidents, athletics culture, or academic program strength.\""\n}""]",,38.46812582015991,26968,2560,3055,,[],['resp_087078303ea5011f006a74d6c8658c81a2bd5a1ed4f05b780f'],True
vote|reduce1|13|5,"[""{\n    \""Square entries report more frequent and severe student-safety and behavioral incidents (bullying, fights, drugs, weapons, lockdowns) than circle entries\"": \""This bucket groups the many concrete reports of fights, pervasive bullying, drug/alcohol use, gang/weapon incidents, suicide/mental‑health crises, K‑9 searches and ineffective safety follow‑up in the square set and is distinct from other buckets because it focuses solely on on‑site student safety and behavioral crises rather than administrative process, programming, or facilities issues.\"",\n    \""square entries document more administrative and operational breakdowns, recordkeeping errors, and policy/process barriers than circle entries\"": \""This captures the repeated examples in square reviews of lost transcripts/credits, mis‑applied policies, botched counseling/credit transfers, scheduling/parent‑communication failures and procedural mishandling, and is separate from governance/favoritism (which is about corruption and politicized decisions) and from general facility/resource complaints.\"",\n    \""square entries report more administrative and governance dysfunction (turnover, mismanagement, favoritism, policy experiments, scheduling/operational errors, unresponsiveness) than circle entries\"": \""This bucket clusters allegations of nepotism, secretive boards, politicized hiring, favoritism toward athletes, leadership incompetence and turnover in square reviews, and is kept distinct from day‑to‑day operational breakdowns because it concerns leadership, governance and intentional or systemic misuse of authority rather than isolated process mistakes.\"",\n    \""square entries report stronger advanced academic programs, AP/IB/dual‑enrollment, CTE and measurable post‑secondary outcomes than circle entries\"": \""This groups the many square claims about broad AP/IB/dual‑credit, specialized academies/CTE, measurable college credits, National Merit/elite matriculations and outcome data, and is explicitly different from ‘extracurricular/facility’ or ‘teacher quality’ buckets because it refers to concrete curricular pathways and demonstrated postsecondary results.\"",\n    \""square entries report more facility, capacity, and resource-allocation problems (overcrowding, trailers, disrepair, environmental hazards) and contested capital priorities than circle entries\"": \""This bucket gathers square evidence about overcrowded halls, large class sizes, sanitation/pest problems, contested spending (athletics vs. academics), cafeteria/transportation/scheduling failures and capital projects, and is kept separate from administrative/governance dysfunction because it centers on physical capacity, maintenance and allocation outcomes rather than governance behavior per se.\""\n}""]",,38.529391050338745,24613,2624,3171,,[],['resp_0720a4e5f6350f2d006a74d6c8b0a081a09c6d07942098510d'],True
vote|reduce1|5|4,"[""{\n    \""square entries report more chronic student violence, pervasive bullying, and tolerated on‑campus drug/weapon incidents than circle entries\"": \""Groups all raw terms documenting fights, gang/drug/vaping incidents, sexualized behavior, assaults, arrests, and staff failure-to-protect into a single student-safety/climate bucket that is distinct from facilities, academics, governance, and teacher-quality issues.\"",\n    \""square entries describe worse physical facilities, maintenance, overcrowding and day‑to‑day operational problems than circle entries\"": \""Captures raw terms about overcrowding, broken HVAC/ceiling tiles, filthy/locked bathrooms, cafeteria/traffic/logistics, transportation and sanitation problems — concrete infrastructure and operational constraints separate from safety incidents, program breadth, administration behavior, or classroom instruction.\"",\n    \""Square entries document more concrete advanced academic, vocational and competitive program breadth and measurable college/elite outcomes than circle entries\"": \""Collects the many concrete reports of AP/IB/dual‑enrollment, named academies/magnets, internships, vocational certifications, award‑winning arts/athletics and explicit college placements/scholarships into one program-strength/outcomes bucket that is conceptually distinct from teacher professionalism, safety, facility, or governance complaints.\"",\n    \""square entries report more administrative/governance dysfunction, favoritism, and unequal treatment (including special‑education and equity failures) than circle entries\"": \""Groups allegations of nepotism/favoritism, inconsistent/punitive policy enforcement, cover‑ups, biased discipline, levy/budget mismanagement and documented special‑education/IEP noncompliance into one governance/mismanagement bucket distinct from concrete facilities, safety incidents, curricular offerings, or classroom teaching quality.\"",\n    \""square entries report greater variability in instructional quality, teacher stability, and targeted in‑school supports (both strong pockets and many weak classrooms) than circle entries\"": \""Aggregates raw terms about teacher incompetence or dedication, classroom management differences, grading retaliation, tenure‑protected poor teachers, one‑on‑one help and counseling variability into an instructional/staffing-quality bucket that is clearly separate from administrative governance, facility conditions, safety climate, or program breadth/outcomes.\""\n}""]",,38.566898822784424,27238,2048,2540,,[],['resp_0a4ff75eba98fd62006a74d6c7ca60819c8f6528e4786a661a'],True
vote|reduce1|24|3,"[""{\n  \""square entries report more frequent and more severe student safety/behavior incidents and inadequate responses than circle entries\"": \""Groups many raw terms about fights, weapons/drugs, pervasive bullying, sexualized conduct, suicidality/mental‑health crises, pervasive vaping/substance use and repeated victimization into a single safety/behavior climate bucket; this is distinct from administrative, resource, academic or extracurricular claims because it centers on student conduct and the school's protective response (or lack thereof).\"",\n  \""square entries report greater administrative instability, unresponsiveness, and governance problems than circle entries\"": \""Collects items about frequent principal turnover, opaque or punitive policy decisions, favoritism/retaliation, poor complaint handling, and leadership/board dysfunction into one governance/administration bucket; this is clearly about who runs the school and how, not about facility capacity, academic program availability, student behavior, or extracurricular breadth. \"",\n  \""square entries report more resource/space and fiscal pressures (overcrowding, staffing shortages, budget cuts, facility decay or contested upgrades) than circle entries\"": \""Groups raw terms about overcrowded classes, staffing/counselor shortages, material/food/technology scarcity, budget cuts, contested capital spending and renovation activity into a distinct operational‑resources bucket; this addresses physical capacity and money/operations rather than pedagogy, safety, administration culture, or program offerings. \"",\n  \""square entries report more advanced/AP/IB college-preparatory programs and measurable college outcomes than circle entries\"": \""Captures concrete academic-program evidence (AP/IB/dual enrollment, honors tracks, college/career centers, student scholarships and selective‑college matriculation) into a focused academic‑programs bucket, which is about curriculum and measurable postsecondary outcomes and is separate from extracurricular prominence, safety issues, administrative dysfunction, or facility/resource constraints. \"",\n  \""square entries highlight broader, higher‑achievement extracurricular, arts and community involvement than circle entries\"": \""Groups all references to numerous clubs, award‑winning band/music/theater, competitive athletics achievements, JROTC/CTE/academies, active boosters/volunteers and community engagement into a single extracurricular/arts/community bucket; this is about the scope and achievement of co‑curricular life and distinct from funding/priority disputes, administrative problems, classroom instruction, or campus safety. \""\n}""]",,38.38755011558533,27042,2368,2889,,[],['resp_094a5352c2d7bef1006a74d6c8959c8191894c5db6f8f27ae3'],True
vote|reduce1|24|5,"[""{\n    \""square entries describe stronger, more numerous advanced academic programs and measurable college-prep outcomes than circle entries\"": \""Groups all raw terms citing concrete course/pathway offerings (AP/IB/honors, dual‑enrollment, STEM/engineering tracks, college partnerships) and measurable postsecondary results (scholarships, Ivy admissions, college credits); this is distinct from facility, safety, administrative, or day‑to‑day instructional/support problems because it concerns formal program availability and outcomes rather than operations, discipline, or teacher/counseling performance.\"",\n    \""square entries report more frequent and severe student safety, bullying, harassment, drug and violent‑incident problems and ineffective/incomplete disciplinary/Title IX responses than circle entries\"": \""Captures the cluster of reports about fights, gang activity, lockdowns, drug/alcohol access, sexual incidents, racialized assaults, suicidality and failures or cover‑ups in disciplinary/Title IX handling; this is mutually exclusive from administrative/governance or instructional themes because it focuses on on‑campus safety events and enforcement outcomes, not on program offerings, facilities, or teacher quality.\"",\n    \""square entries report more administrative and governance dysfunction, prioritized fiscal/test/athletic choices, favoritism/nepotism, program suppression, and leadership instability than circle entries\"": \""Groups raw terms that allege unresponsive or politicized leadership, protectionism for athletes/ donors, contested budget/prioritization decisions, board/district mismanagement and leadership turnover; this bucket is separate from safety, facilities, advanced‑program presence, and classroom practice because it concerns governance, decision‑making and allocation, not incidents, infrastructure, or pedagogy.\"",\n    \""square entries report more tangible facility, resource, and operational shortfalls (maintenance, overcrowding, technology, budget-driven cuts) than circle entries\"": \""Collects items about overcrowded classes, HVAC/comfort failures, broken/insufficient textbooks or devices, transportation/food logistics, denied-meal policies and visible capital vs. maintenance gaps; this bucket is distinct from administrative dysfunction (the latter is about governance choices) and distinct from instructional or safety problems because it centers on physical, capacity and service infrastructure.\"",\n    \""square entries report more inconsistent or failing student support and instructional delivery (teacher variability, counselor/IEP failures, turnover, grading/organization problems, and mental‑health neglect) than circle entries\"": \""Groups complaints and praise tied to classroom instruction quality, grading/integrity problems, erratic teacher competence/turnover, counseling and IEP/504 compliance failures, and gaps in mental‑health or remediation support; this is separate from program availability, campus safety incidents, governance/favoritism, and facility deficits because it addresses how instruction and individualized student supports are delivered (or not) inside classrooms and support offices.\""\n}""]",,38.389415979385376,24521,2560,3178,,[],['resp_0b3eea6e0c56e621006a74d6c8bda4819eaa658e26bf0a083a'],True
vote|reduce1|5|3,"[""{\n    \""square entries report more student-safety problems (bullying, fights, drugs, violent incidents) and ineffective remediation than circle entries\"": \""Captures the recurring, concrete accounts of on‑campus violence, bullying, gang/drug activity and failures to remediate; this is distinct from administrative, instructional, facility, programmatic, or special‑education issues because it focuses specifically on student conduct, safety incidents, and enforcement outcomes.\"",\n    \""square entries report more extensive advanced/college-preparatory academic programs, measurable positive outcomes, and concrete instructional supports than circle entries\"": \""Groups all evidence about AP/IB/dual‑enrollment/CTE offerings, scholarship/college placement metrics, and documented classroom supports; this is separate from staff behavior, safety, facilities or governance because it refers to tangible program offerings and measurable postsecondary results.\"",\n    \""Square entries report more administrative governance, transparency, and fairness failures (secrecy, retaliation, favoritism/nepotism, fabricated monitoring, discriminatory or harassing leadership, and punitive policy changes) than circle entries\"": \""Collects the reports of cover‑ups, favoritism, retaliation, secretive program suppression and governance controversies; it is distinct from operational/facility problems, student safety incidents, classroom instruction, or special‑education failures because it centers on governance, policy fairness, and misconduct at the administrative/board level.\"",\n    \""square entries report more concrete facility, capacity, and operational resource problems and contested allocation decisions than circle entries\"": \""Encompasses overcrowding, trailers/portables, building disrepair, sanitation/pest issues, scheduling/passing‑time/transportation logistics and contested resource allocation (fees, bond use, prioritization); this focuses on physical and operational infrastructure rather than curricula, staff conduct, safety incidents, or special‑education practice.\"",\n    \""square entries report more failures (and sometimes targeted inequities) in student supports and accommodations—special education, counseling, mental‑health services, and equitable access—than circle entries\"": \""Groups IEP/504 noncompliance, counseling overload/unresponsiveness, mental‑health harms, inequitable tracking, and accommodation denials into a single student‑support theme; it is kept separate from overall administrative/governance failures (which are about leadership/policy) and from instructional/program offerings (which are about course availability and outcomes).\""\n}""]",,38.67036700248718,27111,2816,3356,,[],['resp_0394dd55ed22bb8a006a74d6c866988191a5c62c263f96aa1c'],True
vote|reduce1|20|5,"[""{\n    \""square entries report more frequent and severe student safety, bullying, substance‑use, and violent‑incident problems (and related victimization) than circle entries\"": \""Many raw items document fights, stabbings/assaults, gang activity, widespread drug/tobacco use, suicides, sexual assaults, police/security presence and ineffective adult protection—this safety/behavior cluster is distinct from administrative governance, facilities, teacher quality, or programmatic strength because it concerns student harm and supervision outcomes rather than resources, programs, or staff competence.\"",\n    \""Square entries report more administrative governance, transparency, and fairness failures (secrecy, retaliation, favoritism/nepotism, fabricated monitoring, discriminatory or harassing leadership, and punitive policy changes) than circle entries\"": \""Numerous reviews allege favoritism, nepotism, cover‑ups, retaliatory/punitive policy changes, board/district opacity and legal escalation—this governance/fairness theme is about decision‑making, accountability and bias and is separable from physical resources, classroom instruction, safety incidents, or program availability.\"",\n    \""Square entries show greater polarization and variability in teacher quality and instructional delivery (from highly supportive, individualized help to disengaged, absent, or unprofessional teachers) than Circle entries\"": \""Raw terms repeatedly describe a bimodal teacher picture—some teachers praised for individualized tutoring, counseling outreach, and remediation while others are absent, incompetent, punitive or ideologically biased—this instructional‑support variability is a classroom/practice issue and does not collapse into governance, facilities, safety, or program‑offering categories.\"",\n    \""square entries document stronger, more numerous advanced-academic programs and measurable college-preparation outcomes than circle entries\"": \""Many square reviews list AP/IB/dual‑enrollment, academies, measurable college matriculations, honors/dual‑credit pathways and documented test/ranking outcomes—this academic‑program/outcome cluster captures curricular breadth and measurable college preparation and is distinct from extracurricular awards, facility condition, staff behavior, or safety incidents.\"",\n    \""square entries report more concrete facility, capacity, and operational resource problems and contested allocation decisions than circle entries\"": \""A large set of reviews documents overcrowding, long lines/lack of food, broken/unsanitary bathrooms, pests, locked bathrooms, bus/transportation gaps, scheduling/enrollment chaos and contested budget/athletics‑first spending—this facilities/operational/resource theme focuses on physical capacity and logistics and is clearly different from safety incidents, administrative fairness, teacher quality, or programmatic offerings.\""\n}""]",,38.82542276382446,24411,2560,3115,,[],['resp_0293990bc23e40cd006a74d6c88af881a1b338478b4d399cd3'],True
vote|reduce1|3|1,"[""{\n    \""square entries report more acute student-safety and discipline problems (bullying, frequent fights, drugs, police/metal detectors) than circle entries\"": \""This groups the many raw items documenting on-campus fights, gang/drug presence, sexualized misconduct, police/lockdown visibility and weak day‑to‑day discipline — and is distinct from governance or facilities themes because it focuses on frontline student conduct and immediate safety incidents rather than who manages or funds the school.\"",\n    \""square entries report more administrative and governance dysfunction, unresponsiveness, and budget/policy misprioritization than circle entries\"": \""This captures the repeated allegations about school‑board and principal failures, favoritism, opaque/punitive policies, misallocated capital/fees, and district‑level unresponsiveness — a governance/decision‑making cluster that is conceptually separate from safety incidents, special‑education compliance, academic program availability, or facility conditions.\"",\n    \""square entries describe more extensive, concrete advanced-academic and career pathways and measurable postsecondary outcomes than circle entries\"": \""This groups the numerous mentions of AP/IB/dual‑enrollment, CTE/CTE certifications, documented college credits and elite matriculations — a programmatic/college‑prep strengths cluster that differs from administration, safety, special‑needs implementation, or physical resource issues.\"",\n    \""square entries provide far more concrete facility, capacity, and logistics detail—both positive (new/state‑of‑the‑art) and negative (overcrowding, broken bathrooms, food/transport issues)—than circle entries\"": \""This clusters the many concrete, operational descriptions about overcrowding, renovations, cafeteria/meal/bussing systems, scheduling/locker conflicts, fees, and maintenance/cleanliness — a distinct set of physical and logistical conditions separate from instructional programs, governance, safety, or special‑education practice.\"",\n    \""Square entries report more Special Education and counseling/mental‑health implementation failures and unmet legal accommodations than Circle entries\"": \""This captures repeated IEP/504 noncompliance, counseling shortfalls, inconsistent accommodations, and both strong and failed individualized supports — a distinct category focused on legally mandated student support services that is not reducible to general administrative mismanagement, safety incidents, facility problems, or academic-program breadth.\""\n}""]",,38.83779191970825,27492,2304,2821,,[],['resp_0deb53430afd4731006a74d6c86ee881919aa29fd49935c6d8'],True
vote|reduce1|14|1,"[""{\n    \""square entries report more pervasive student-safety problems, bullying, substance use, fights and violent incidents with inadequate administrative response than circle entries\"": \""Groups of raw terms describe frequent fights, gang/drug activity, sexual assault mishandling, and pervasive bullying with poor follow‑up — a distinct cluster about student safety and violent/misconduct incidents that is separate from administrative governance, instructional quality, facilities, or programmatic offerings.\"",\n    \""square entries report more administrative governance problems, inconsistent or punitive discipline, favoritism/protectionism, and discriminatory or cover-up behavior than circle entries\"": \""Many raw items allege nepotism, cover‑ups, biased disciplinary enforcement, retaliatory leadership, and poor parent communication — a governance/accountability cluster that is about how the school is run and is logically distinct from (a) the occurrence of student safety incidents and (b) operational resource or programmatic descriptions.\"",\n    \""square entries report stronger and more numerous formal academic programs and measurable college/career outcomes (IB/AP/AVID/dual‑credit/CTE, scholarships, high AP scores) than circle entries\"": \""A large set of reviews documents concrete advanced‑academic offerings, named academies, dual‑enrollment and demonstrable college outcomes — this is a programmatic/academic‑pathway cluster (what the school offers and outcomes) and is intentionally separate from teacher/counseling variability, safety issues, or facilities/logistics.\"",\n    \""Square entries report more concrete operational/resource and contested policy issues (overcrowding, facilities, scheduling, transportation, program cuts, and remediation/online‑credit practices) than circle entries\"": \""Numerous raw terms focus on physical capacity, capital projects, overcrowded classes/buses, scheduling tradeoffs, fees and contested budget/prioritization decisions — an operational/resources cluster distinct from governance misconduct, student safety incidents, instructional programs, or frontline teacher variability.\"",\n    \""square entries show greater variability in teacher/instructional quality and more individualized student supports (both strong one‑on‑one help and formal remediation) than circle entries\"": \""Many entries describe polarized classroom experiences — excellent AP/honors teaching and one‑on‑one help versus incompetent or abusive teachers, plus mixed evidence on counseling/IEP implementation — a staff/instruction/support cluster that is substantively different from safety, governance, program availability, or facility/logistics issues.\""\n}""]",,38.894388914108276,26939,2304,2797,,[],['resp_0b51687e53991937006a74d6c893a4819fba62cd890edde86d'],True
vote|reduce1|4|5,"[""{\n    \""square entries allege more administrative misconduct, favoritism, and unresponsive district governance than circle entries\"": \""Groups many raw terms that document governance-level problems (nepotism, coverups, named misbehavior by administrators, retaliation, secrecy, board/district politics and poor parent communication) and is distinct from programmatic, instructional, safety or extracurricular claims because it centers on leadership/governance conduct rather than classroom, student‑behavior, facility, or program availability issues.\"",\n    \""square entries report more concrete advanced academic offerings, AP/IB/dual‑enrollment pathways and measurable college outcomes than circle entries\"": \""This captures the numerous concrete programmatic claims (IB/AP/JROTC/Running Start/dual‑enrollment, college credits, selective college matriculation metrics) and is separate from teacher quality or extracurricular strength because it describes institutional program breadth and measurable post‑secondary outcomes rather than staff behavior, discipline, or facilities.\"",\n    \""square entries report more frequent and severe student safety, misconduct, substance, and facility‑health incidents than circle entries\"": \""This groups explicit safety and conduct evidence (fights, bullying, drugs/vaping, bomb searches, police/resource‑officer incidents, sexual assault allegations, mold/sewer/sanitation hazards) and is kept distinct from administrative wrongdoing or facility/resource descriptions because it focuses on student safety events and their immediate on‑campus consequences.\"",\n    \""square entries document a broader, better‑resourced extracurricular/arts/athletics ecosystem and stronger parent/community financial support than circle entries\"": \""This bucket groups claims about extensive/high‑profile extracurriculars, championship bands, athletic facilities, booster fundraising, paid coaches and community recruitment/migration for programs—distinct from governance/favoritism (which is about who runs things) and from instructional quality (which is about classroom teaching).\"",\n    \""square entries show greater variability and concrete problems in classroom instruction, teacher practices, and student supports (teacher apathy vs isolated excellent teachers, inconsistent grading/favoritism, punitive discipline, heavy homework, passive/video instruction) than circle entries\"": \""This collects the numerous reviewer reports about uneven teacher quality, inconsistent grading, IEP/counseling implementation variability, tutoring/support availability and classroom management—distinct from program availability, extracurricular resources, administrative misconduct, and student‑safety incidents because it addresses day‑to‑day instructional and student‑support delivery.\""\n}""]",,38.90707302093506,24793,1984,2527,,[],['resp_0cdf96f7e3193bff006a74d6c8535c81a2b489ba6d3a35ae5c'],True
vote|reduce1|4|4,"[""{\n    \""square entries report more student safety incidents, pervasive bullying, substance abuse, and violent episodes than circle entries\"": \""This bucket groups the many raw terms documenting fights, assaults, gang/drug activity, pervasive bullying, vaping/substance use and consequent mental‑health harms — it is focused on student‑safety & peer‑behavior incidents (not on administration or facilities) and so is distinct from governance, program, or facility buckets.\"",\n    \""square entries report more administrative and governance dysfunction, inconsistent discipline, and bureaucratic/process failures than circle entries\"": \""This bucket captures the repeated allegations about unresponsive or politicized leadership, favoritism/cover‑ups, arbitrary or punitive enforcement, grade/record mishandling, and turnover — governance/process problems distinct from safety incidents, physical facilities, advanced‑program offerings, or extracurricular breadth.\"",\n    \""Square entries document broader, higher‑performing extracurricular, arts, and athletics offerings with active parent/community booster engagement than circle entries\"": \""This bucket groups the concrete reports of award‑winning bands, theater, JROTC/athletics traditions, booster/PTA activism and high participation in clubs/sports — programmatic extracurricular strengths and recognitions that are about offerings and community support rather than academic rigor, safety, administration, or facilities.\"",\n    \""square entries report more formal advanced academic and college‑preparatory pathways (AP/IB, dual‑enrollment, career certifications) and stronger postsecondary outcomes than circle entries\"": \""This bucket covers the many concrete descriptions of AP/IB/dual‑enrollment, honors tracks, college advising and measurable alumni/test outcomes — programmatic academic pathway strength and college‑prep metrics that are analytically distinct from extracurricular breadth, staff governance, safety, or building/operational problems.\"",\n    \""Square entries report far more facility, capacity, scheduling, and resource‑policy problems (overcrowding, traffic/logistics, fees, tech/facility maintenance, scheduling errors) than circle entries\"": \""This bucket groups the extensive concrete evidence about overcrowding, portables, HVAC/pests, bathroom sanitation, traffic/transportation, schedule/registration errors and resource allocation — physical and operational infrastructure issues that are separate from student safety incidents, administrative governance behavior, curricular offerings, or extracurricular program quality.\""\n}""]",,38.990397930145264,26875,2432,2922,,[],['resp_0e2fe831f66fb636006a74d6c85db481a0b5fe8922dc41ca2f'],True
vote|reduce1|3|5,"[""{\n    \""square entries report more administrative unresponsiveness, inconsistent or favoritist policy enforcement, and failures of accountability/communication than circle entries\"": \""This bucket groups items about governance and recordkeeping (unresponsive principals/boards, favoritism/nepotism, punitive/opaque policy enforcement, mishandled transfers/records) and is distinct from facility/resource problems, student safety incidents, program availability, or teacher-quality variability because it focuses on leadership/governance failures and parent/board communication rather than operational logistics, physical conditions, or classroom-level instruction.\"",\n    \""square entries report more frequent and severe student safety, violence, substance and bullying incidents than circle entries\"": \""This bucket captures reports of on‑campus harm and disciplinary breakdowns (bullying, assaults, fights, drugs, gangs, sexual harassment, police/resource‑officer involvement and failed anti‑bullying responses) and is mutually exclusive from administrative‑governance, facility/logistics, program offerings, or staff‑quality buckets because it centers on student safety and behavioral incidents rather than who runs the school, what programs exist, or physical/operational constraints.\"",\n    \""square entries more often highlight operational resource and staffing realities—budget cuts, overcrowding, facility/food/custodial problems, transportation and enrollment logistics, and uneven student‑support staffing (counselors, mental‑health, tutoring)—than circle entries\"": \""This bucket groups concrete service/resource and infrastructure issues (HVAC, bathrooms, pests, overcrowding, food quality, bus/parking/scheduling, levy cuts, counselor staffing) and is separate from administrative favoritism, safety incidents, program richness, or teacher polarization because it concerns material capacity and service delivery rather than leadership behavior, student misconduct, program content, or staff professionalism.\"",\n    \""square entries report stronger and broader academic & extracurricular program offerings and capital/technology resources (AP/IB/dual enrollment, vocational tracks, arts, athletics, and facility/tech investments) than circle entries\"": \""This bucket collects the many concrete descriptions of formal program breadth and measurable outcomes (AP/IB, dual‑enrollment, CTE, music/arts, championship athletics, 1:1 laptops, college placements and scholarships) and is distinct from administrative, safety, facilities, or teacher‑variability buckets because it describes what programs and pathways the school offers and the tangible outcomes/partnerships supporting them, not how staff behave or how the building operates.\"",\n    \""square entries show greater polarization and instability in staff and leadership—both highly committed staff and pervasive underqualification, turnover, or managerial failures—than circle entries\"": \""This bucket captures recurring contrasts within the same school reports (some teachers/admins praised as exceptionally supportive while others are described as abusive, inexperienced, or high‑turnover) and is mutually exclusive from governance/process failures, safety incidents, facility/resource problems, and program availability because it specifically describes heterogeneity and extremes in staff/leadership quality and continuity rather than policy, physical infrastructure, student conduct, or program offerings.\""\n}""]",,39.368671894073486,24705,2688,3310,,[],['resp_0e81d6bed1b29f86006a74d6c85e0881a29d373f257d648ac4'],True
vote|reduce1|21|2,"[""{\n    \""square entries report more frequent and severe student safety problems (physical violence, bullying, drugs, and community crime) than circle entries\"": \""This bucket groups all reports of fights, arrests, pervasive bullying, drugs/gang activity, hate/vandalism and administrators failing to protect students — a discrete safety/climate construct distinct from program offerings, facilities, governance, or extracurricular inventory.\"",\n    \""Square entries report stronger advanced / college‑prep and specialized program offerings and measurable postsecondary outcomes than circle entries\"": \""This bucket captures concrete curricular pathways (AP/IB/dual‑credit/CTE/academies), measurable outcomes (AP pass rates, college acceptances, alumni success) and accelerated pacing — a curriculum/outcomes dimension separate from safety, facilities, administration, or extracurricular funding.\"",\n    \""square entries report more administrative/governance and operational dysfunction or distinctive structural policies (unresponsiveness, favoritism, discipline policy, enrollment/transport/scheduling/facility issues) than circle entries\"": \""This bucket collects governance and process failures — nepotism, unresponsive offices, recordkeeping/transcript errors, biased discipline, scheduling/registration breakdowns — which are organizational/governance phenomena distinct from physical plant, program breadth, staff instructional quality, or student-safety incidents.\"",\n    \""square entries report more concrete facility, scheduling, technology, and extracurricular/infrastructure details (both upgrades and operational constraints like overcrowding, fees, and transportation problems) than circle entries\"": \""This bucket covers tangible operational and capital realities — overcrowding/portables, maintenance/pest problems, cafeteria/food safety, parking/traffic, tech/1:1, pay‑to‑participate fees and specific scheduling/logistics — a physical/infrastructure/logistics axis that is conceptually separate from curriculum strength, safety climate, governance, or program emphasis.\"",\n    \""square entries report broader and richer extracurricular, arts, technical, and athletic offerings — but also more explicit athletics prioritization and funding tradeoffs — than circle entries\"": \""This bucket groups rich, named extracurricular programs, booster/parent fundraising, competitive achievements and the repeated tension that athletics receives privileged funding or favoritism — an extracurricular/program‑allocation pattern that is meaningfully different from academic-program strength, facility/logistics detail, administrative governance, or school safety issues.\""\n}""]",,39.64379692077637,27163,2752,3258,,[],['resp_05b98a4db5e83687006a74d6c892a881a2959a1884259ad647'],True
vote|reduce1|13|3,"[""{\n    \""square entries report more frequent and severe student safety and disciplinary incidents (bullying, physical harm, substance use, gangs) and mixed/security enforcement (either lax or punitive policing/searches) than circle entries\"": \""This groups all concrete accounts of fights, weapons/drugs, bullying, lockdowns, and inconsistent or punitive security responses into a single safety/discipline bucket; it is focused on on‑campus student harm and enforcement practices and is therefore distinct from administrative governance, facilities, academic programs, or instructional quality buckets.\"",\n    \""square entries report more pervasive administrative and staff dysfunction (poor counselor help, inconsistent/unclear policies, favoritism/corruption, high turnover, and unresponsiveness) than circle entries\"": \""This captures governance, personnel misconduct, favoritism/nepotism, cover‑ups, board conflict and unresponsive leadership as an administrative/governance theme and is kept separate from safety incidents, physical‑plant problems, curricular/program offerings, or classroom instructional variability.\"",\n    \""square entries report worse physical plant, capacity, and logistics problems than circle entries\"": \""This groups overcrowding, portables, pests/unsanitary conditions, HVAC/utility outages, parking/transportation and material shortages as operational infrastructure issues distinct from safety/discipline outcomes, administrative governance failures, programmatic breadth, or teacher/instructional variability.\"",\n    \""square entries document more formal advanced, vocational, and dual‑credit academic programs and measurable college‑preparatory outcomes than circle entries\"": \""This bucket collects explicit programmatic offerings (AP/IB/magnets/CTE/dual‑enrollment, internships, partnerships, scholarship/college metrics) and postsecondary outcomes, which are concrete provisioning differences separate from facilities, safety, governance, or everyday instructional practice.\"",\n    \""square entries show greater internal inconsistency and polarized experiences (wide dispersion in teacher quality, student outcomes, improvement over time) than circle entries\"": \""This groups the pattern of polarized classroom experiences — strong/high‑track pockets versus weak/mainstream instruction, uneven special‑education/counseling support, variable teacher professionalism and turnover — focusing on variability in instructional/support delivery rather than administrative policy, facilities, safety, or presence of advanced programs.\""\n}""]",,39.88630485534668,27577,2560,3074,,[],['resp_050437a3c9241cc1006a74d6c89b94819184869cfef58bea0a'],True
vote|reduce1|11|3,"[""{\n    \""square entries document more administrative mismanagement, inconsistent or punitive discipline, favoritism/nepotism, and poor parent/counselor communication than circle entries\"": \""This bucket groups reviews that describe governance and enforcement problems (who runs the school, how rules are applied, nepotistic hires, opaque/ punitive policies and broken parent/counselor channels); it is about leadership and policy faults and is conceptually distinct from (a) student-safety incidents, (b) physical/facility/resource conditions, (c) advanced‑program availability/outcomes, and (d) special‑education/counseling implementation.\"",\n    \""Square entries report more failures, inconsistencies, and variability in special‑education implementation, 504/IEP compliance, and counseling/guidance supports than circle entries\"": \""This bucket captures IEP/504 noncompliance, uneven special‑ed placement, counseling access/failures and individualized‑support breakdowns — concrete student‑support and legal‑accommodation issues that are operationally different from governance/policy failures, physical facility problems, general safety/behavior incidents, or the presence/absence of AP/dual‑credit programs.\"",\n    \""square entries report more frequent and severe student-safety, violence, substance‑use, and gang incidents (and related assaults/sexual misconduct) than circle entries\"": \""This bucket groups explicit accounts of fights, bullying, sexual harassment/assaults, gang activity, on‑campus drug use and related violent incidents and ineffective immediate responses — a discrete safety/climate category that does not conflate with administrative favoritism, program breadth, facility condition, or special‑education/counseling breakdowns.\"",\n    \""square entries document more extensive advanced-academic pathways and measurable postsecondary outcomes than circle entries\"": \""This bucket covers concrete program offerings and outcomes (AP/IB/dual‑enrollment/CTE, internship partnerships, college credits, awards, and measurable college placement) — a substantive academic‑program strength axis that is separate from safety/climate, leadership/governance behavior, facility/operational constraints, or special‑education implementation.\"",\n    \""square entries report more concrete facility, staffing, and resourcing shortfalls and contested resource allocation than circle entries\"": \""This bucket collects detailed, operational logistics and infrastructure claims (overcrowding, construction/renovation, custodial/cleanliness, outdated tech, scheduling/transport/parking, pay‑to‑play fees and contested spending priorities) — material/resource problems distinct from governance misconduct, student‑safety incidents, special‑education/counseling failures, or the presence of advanced academic programs.\""\n}""]",,39.90206599235535,27121,2560,3138,,[],['resp_0dc4db880cee281a006a74d6c89468819cb80ccf1e1ca1fe64'],True
vote|reduce1|7|4,"[""{\n    \""square entries report more frequent and severe student safety, bullying, substance, and violent-discipline problems with weaker protective/mental-health responses than circle entries\"": \""This groups the many raw terms documenting fights, gangs, drug offers, bomb/gun threats, self‑harm/harassment, and described failures of anti‑bullying/mental‑health follow‑up into a single safety/behavior climate bucket that is distinct from program, staffing, or facilities topics.\"",\n    \""circle entries report consistently caring, accessible teachers/staff and organized student supports while square entries show high variability in teacher competence, professionalism, instructional quality, and special‑education/ELL support\"": \""This captures the cluster of items contrasting Circle’s uniform reports of responsive, caring staff with Square’s wide variance—examples include teacher unresponsiveness, mixed instructional quality, and inconsistent special‑education/ELL supports—separating frontline instructional/support practice from administrative or programmatic topics.\"",\n    \""square entries document more extensive advanced academic pathways and measurable college‑prep outcomes (AP/IB/dual‑enrollment, college credits, scholarships) than circle entries\"": \""This groups together concrete program- and outcome-level evidence (IB, many APs, dual enrollment, elite college matriculation, scholarships) into an academic-program strength bucket that is conceptually distinct from extracurricular prominence, safety issues, or staff/operational failures.\"",\n    \""square entries document broader, better‑resourced extracurricular, vocational and competitive program offerings and achievements than circle entries\"": \""This isolates the many references to award‑winning band, championship teams, magnet/CTE academies, boosters/fundraising for activities, and vocational/CTE pathways as an extracurricular/program-capacity bucket that does not overlap with academic rigor or administrative governance issues.\"",\n    \""square entries report more administrative dysfunction, unresponsiveness, favoritism/nepotism, recordkeeping errors, and cover‑ups than circle entries\"": \""This groups the distinct set of governance and operational failure items—billing/transcript holds, favoritism/nepotism, lost records/scheduling/IEP mishandling, politicized board/district behavior and cover‑ups—into a single leadership/governance bucket separate from teacher-level variability, safety incidents, facilities, or program offerings.\""\n}""]",,40.11790180206299,27092,2176,2692,,[],['resp_07bbcd245a9b7758006a74d6c890c48191acdc4009b4e6b132'],True
vote|reduce1|14|5,"[""{\n    \""square entries report more frequent and severe student safety/behavior incidents and inadequate on‑site prevention than circle entries\"": \""This groups all reports of bullying, fights, weapons, drug/vaping use, assaults, self‑harm and explicit safety incidents (and claims that staff/security do not prevent or effectively respond), and is distinct from governance, academic-program, facilities, or teacher‑quality themes because it focuses specifically on student conduct and on‑site safety outcomes and prevention practices.\"",\n    \""Square entries report more administrative dysfunction, favoritism/nepotism, image‑management, governance failures, and leadership turnover than circle entries\"": \""This clusters complaints about unresponsive or politicized leadership, favoritism/selective discipline, cover‑ups, naming of staff, and turnover/opaque governance — a governance/ethics/decision‑making category that is substantively different from safety incidents, instructional variability, facilities/operations, or program richness.\"",\n    \""square entries report stronger advanced/specialized academic programs and better measurable college/career outcomes than circle entries\"": \""This captures concrete programmatic evidence (AP/IB/dual‑enrollment/magnet/STEM pathways, named college acceptances, scholarships, college recruiters) and measurable outcomes, and is separate from teacher/staff variability, operational/facility problems, extracurricular breadth, or administrative misconduct because it describes program offerings and post‑graduation results.\"",\n    \""square entries report more facility, capacity and logistics issues and mixed technology/resource rollouts (overcrowding, aging vs. renovated buildings, parking/traffic hazards, 1:1 laptop programs and disruptive tech) than circle entries\"": \""This groups concrete, operational and infrastructure concerns — overcrowding, cafeteria/ bathroom/ pest/maintenance problems, scheduling/registration/recordkeeping failures, and tech deployments — which are operational/resource issues distinct from safety incidents, governance dysfunction, instructional quality, or programmatic breadth.\"",\n    \""square entries show greater variability in classroom instruction, teacher availability, grading practices, and special‑education/counseling support (both strong supports and concrete failures) than circle entries\"": \""This groups the mixed, within‑school evidence about teacher competence, chronic absenteeism, inconsistent grading, uneven counseling/IEP practice and pockets of excellent one‑on‑one help, which is an instructional/support‑service pattern separate from facilities/logistics, governance/favoritism, safety incidents, or the existence of formal advanced programs.\""\n}""]",,40.15428686141968,24966,2240,2781,,[],['resp_05656b0019b1808d006a74d6c897c0819e9e4f72280ee3d4f9'],True
vote|reduce1|4|0,"[""{\n    \""square entries report stronger, named advanced academic programs and measurable college/career outcomes than circle entries\"": \""This groups the many square claims about explicit programs (AP, honors, dual‑enrollment, concurrent enrollment, academies, CTE pathways) and measurable postsecondary outcomes (scholarships, college matriculation, test scores) — a concrete program/outcome cluster that is about curricular offerings and results, distinct from governance, safety, facilities, or teacher‑level professionalism.\"",\n    \""square entries report more severe student-safety and misconduct problems (and ineffective responses) than circle entries\"": \""This captures the repeated square accounts of bullying, fights, sexual assault/harassment, substance use, gangs, K‑9 searches and poor incident response — a campus‑safety/behavioral‑incidents cluster that is about student conduct and protection, separate from program quality, facilities, district governance, or teacher variability.\"",\n    \""square entries report more administrative and governance dysfunction (coverups, nepotism/favoritism, politicized hiring/finance, leadership turnover or removal calls, and misaligned priorities) than circle entries\"": \""This groups square references to board/district level failures, levy/finance distrust, corruption/nepotism, politicized decisions and contested leadership — organizational/governance problems that operate above day‑to‑day facilities, classroom instruction, or individual staff behavior and are conceptually distinct from teacher professionalism.\"",\n    \""square entries report more facility, capacity, and resource problems (overcrowding, large classes, sanitation, equipment and maintenance issues) than circle entries\"": \""This clusters square reports about physical plant and logistics (aging buildings, pests, unsanitary bathrooms, overcrowding, scheduling/busing chaos, HVAC/food problems and capital projects) — concrete infrastructure and resourcing problems separate from curricular program strength, safety incidents, governance behavior, or staff conduct.\"",\n    \""square entries report greater variability in staff professionalism and accountability—including both strong mentorship and explicit misconduct/favoritism/cover‑ups—than circle entries\"": \""This groups square descriptions that show wide swings in teacher/counselor behavior (named exemplary teachers and individualized support alongside favoritism, public ridicule, rude counselors, high turnover, and poor certification) — a staff‑level variability/fairness theme that is distinct from district governance, physical facilities, safety incidents, or the presence of advanced programs.\""\n}""]",,40.184995889663696,27054,2688,3229,,[],['resp_084b47de450d511b006a74d6c86dac8192b577393c7d938230'],True
vote|reduce1|16|3,"[""{\n    \""square entries report more administrative and staff governance problems (poor communication, punitive/inconsistent policies, favoritism, unethical district behavior, and higher teacher turnover) than circle entries\"": \""This bucket groups all reviews that document leadership/governance breakdowns (unresponsive offices, politicized hiring/firing, favoritism/nepotism, punitive policy swings and high teacher churn) — a discrete organizational-governance phenomenon that is conceptually distinct from (and does not subsume) safety incidents, facility problems, curricular/program breadth, or classroom‑level instructional variability.\"",\n    \""square entries report more student safety, bullying, substance‑use, theft and on‑campus fights/incidents than circle entries\"": \""This bucket collects texts describing concrete on‑campus harms and disorder (bullying, fights, vaping/drugs, weapon/lockdown threats, police involvement and sexual harassment) and their immediate handling — a front‑line safety/climate category that is separable from governance failures, facilities/logistics, academic program offerings, or teacher‑support variability.\"",\n    \""square entries document more concrete advanced academic programs and measurable college‑prep outcomes than circle entries\"": \""This bucket groups evidence about programmatic academic breadth and outcomes (AP/IB/dual‑enrollment, CTE/vocational tracks, measurable college credits, top‑college matriculation and awards) — a specific fact about what programs and measurable postsecondary results the school provides, distinct from administrative behavior, safety climate, facilities/capacity, or how consistently teachers deliver instruction.\"",\n    \""Square entries report more concrete facility, resourcing, and operational/logistical problems (or visible capital changes) than circle entries\"": \""This bucket captures facility/capacity and day‑to‑day operational facts (overcrowding, building condition or recent capital projects, scheduling/transportation/feeding logistics, fees and material shortages) — a physical/operational resource axis that is conceptually different from governance choices, student safety incidents, curricular breadth, or classroom instructional quality.\"",\n    \""square entries report more inconsistent or inadequate instructional delivery and student support services (teacher competence variability, counseling shortages, weak or uneven IEP/504/college advising) than circle entries\"": \""This bucket groups reports about instructional and support delivery (wide teacher quality variance, poor classroom management, grade/assessment practices, uneven special‑education/IEP implementation, and counseling/college‑advising gaps) — a personnel‑practice and service‑delivery category that is distinct from governance/favoritism, campus safety incidents, facility/logistics, and the mere presence of advanced programs.\""\n}""]",,40.2015380859375,27294,1984,2575,,[],['resp_0181b5751cc254dc006a74d6cbdb0081928ca7af7fe9f10c5b'],True
vote|reduce1|17|1,"[""{\n    \""square entries document more concrete advanced academic and career pathways and measurable postsecondary outcomes (AP/IB/CTE/dual-enrollment, college placement) than circle entries\"": \""This groups the many Square reviews that list named AP/IB/dual‑enrollment/CTE tracks, accelerated pathways, internships and concrete college placements/metrics — a distinct programmatic/outcome cluster that is about course offerings and measurable postsecondary results and does not overlap with safety, facilities, admin or special‑education implementation themes.\"",\n    \""square entries report more pervasive student-safety and behavioral crises (bullying, fights, drugs, gang activity, severe incidents) and ineffective/slow staff responses than circle entries\"": \""This captures the corpus of Square reviews documenting recurring fights, bullying, substance use, overdoses, weapon/sexual incidents and failed or inconsistent adult responses — a clearly safety/behavior‑centered cluster that is conceptually separate from program offerings, facilities, instruction quality, or administrative recordkeeping.\"",\n    \""square entries report more administrative and staff misconduct, biased enforcement, and communication/recordkeeping failures than circle entries\"": \""This bucket groups Square reports of favoritism, secrecy, punitive or arbitrary enforcement, unresponsiveness, transcript/attendance/discipline record failures and retaliatory behavior by leaders — a governance/accountability theme distinct from physical facilities, instructional quality, special‑education compliance, or extracurricular/program breadth.\"",\n    \""square entries report more facility, capacity, and operational problems — including overcrowding, deteriorated or insufficient facilities, budget cuts, and visible prioritization of athletics over academics — than circle entries\"": \""This groups Square items documenting overcrowding, pest/food/bathroom issues, aging or bond‑funded capital contrasts, scheduling/transportation/logistics, and visible resource‑allocation tradeoffs (athletics vs academics) — a concrete operational/infrastructure cluster that is different from administrative misconduct, instructional variability, safety crises, or program/offering strength.\"",\n    \""Square entries report more Special Education and counseling/mental‑health implementation failures and unmet legal accommodations than Circle entries\"": \""This isolates Square reviews that specifically describe IEP/504 noncompliance, denied services, poor counseling/college‑advising for vulnerable populations, missing health accommodations and mental‑health harms (including suicidal ideation) — a student‑support and legal‑compliance theme that is distinct from broad administrative mismanagement, facilities troubles, instructional program breadth, or general safety incidents.\""\n}""]",,40.223052978515625,27330,2816,3329,,[],['resp_0bc38a6c48b45232006a74d6c8999881a2ae8e83e05897ea09'],True
vote|reduce1|15|2,"[""{\n    \""square entries report more frequent/serious student-safety and behavior crises (violence, drugs, bullying, sexual harassment, suicides) and ineffective incident response than circle entries\"": \""This bucket groups all safety/behavior evidence (fights, drugs, gang activity, unchecked bullying, threats, sexualized incidents and weak staff responses) and is distinct from governance, facilities, program, or staffing-variability buckets because it focuses specifically on on-campus student conduct and the school's failure to protect/respond rather than who runs or funds the school or what programs it offers.\"",\n    \""square entries report more administrative and governance dysfunction (coverups, nepotism/favoritism, politicized hiring/finance, leadership turnover or removal calls, and misaligned priorities) than circle entries\"": \""This bucket captures governance-level problems (nepotism, biased discipline, opaque finance/priority choices, coverups, refusal-to-communicate and leadership instability) and is mutually exclusive from safety, facilities, programmatic offerings, or teacher-quality variability because it targets institutional decision‑making, policy and accountability failures rather than day‑to‑day student behavior, physical resources, or curricular breadth.\"",\n    \""square entries document more extensive advanced academic programs and measurable college‑prep outcomes than circle entries\"": \""This bucket groups concrete programmatic strengths (IB/AP/dual‑credit, academies, CTE/magnet tracks, measurable college credit and matriculation outcomes, award‑winning arts/athletics) and is separate from staffing, safety, governance, or facility problems because it is about the existence and documented results of formal academic/extracurricular pathways rather than implementation quality, equity, or operational breakdowns.\"",\n    \""square entries report more operational capacity and facility/logistical issues (overcrowding, scheduling, transportation, parking, maintenance, hazardous design) than circle entries\"": \""This bucket collects all physical-plant, capacity and daily‑operations evidence (overcrowding, portables, pest/cleanliness problems, new vs deferred capital projects, scheduling/transportation barriers and logistical chaos) and remains distinct from governance, safety, program offerings, or staff variability by focusing on tangible infrastructure and logistical constraints that shape daily schooling.\"",\n    \""square entries show greater polarization and instability in staff and leadership—both highly committed staff and pervasive underqualification, turnover, or managerial failures—than circle entries\"": \""This bucket groups the pronounced internal variability in adults (both standout, high‑support teachers/coaches and many underqualified, burned‑out or transient staff, plus counselor/special‑ed breakdowns) and is distinct from governance/favoritism, safety crises, facilities, or program breadth because it centers on front‑line personnel competence, morale, turnover, and inconsistent delivery of instruction/supports.\""\n}""]",,40.75677680969238,27052,2048,2637,,[],['resp_0857547ad4c87a8b006a74d6cb2448819c95ebe84d298af16b'],True
vote|reduce1|16|4,"[""{\n    \""square entries report more frequent and severe student safety and disciplinary incidents (bullying, physical harm, substance use, gangs) and mixed/security enforcement (either lax or punitive policing/searches) than circle entries\"": \""Many raw terms document bullying, fights, drugs, sexual harassment, weapons, policing or punitive minute‑level discipline — a distinct cluster about on‑campus safety, student conduct, and enforcement practice that is operationally different from program, facility, counseling, or governance topics in the other buckets.\"",\n    \""square entries document more administrative mismanagement, poor accountability, mishandled complaints, and politicized favoritism than circle entries\"": \""A separate set of reviews centers on leadership/board/HR failures (nepotism, favoritism, cover‑ups, inconsistent or punitive enforcement and poor complaint handling), which is about governance and personnel decisions rather than safety incidents, program breadth, facilities, or direct student support services.\"",\n    \""Square entries document broader, higher‑profile extracurricular and specialized program offerings and public recognition (competitive athletics, award‑winning arts, JROTC/ROTC, many clubs) than circle entries\"": \""Numerous entries enumerate named AP/IB/STEM/CTE/dual‑credit magnets, championship teams, music/theatre strengths and community booster support — a concrete programmatic/offering dimension that is distinct from safety, facilities, counseling, or governance issues.\"",\n    \""square entries report more facility, capacity, transportation, and budget/resource problems (or concrete renovation activity) than circle entries\"": \""Many raw terms describe overcrowding, dilapidated or modernized buildings, pest/HVAC/water issues, transportation logistics and contested capital allocation (often tied to athletics), a set of tangible infrastructure and resource problems distinct from governance, safety, curricular breadth, or counseling practice.\"",\n    \""square entries report more failures or mixed performance in special‑education, counseling, and mental‑health supports than circle entries\"": \""A coherent cluster documents counselor unavailability, IEP/504 noncompliance, weak college/career advising and mental‑health support — focused on student support services and accommodations rather than facilities, extracurricular offerings, governance, or general safety incidents.\""\n}""]",,40.78978776931763,27248,2816,3277,,[],['resp_09dfbd5adfef2128006a74d6c89424819ca9e9b87b8faf95b7'],True
vote|reduce1|19|4,"[""{\n    \""square entries describe stronger and more numerous advanced academic pathways and measurable college‑prep outcomes than circle entries\"": \""This groups all raw terms about AP/IB/honors/dual‑enrollment/academies, scholarships, college trips and concrete post‑secondary placement that contrast square's documented program breadth and outcomes with circle's lack of such offerings; it is distinct from operational, safety, instructional, or governance themes because it names the formal academic pathways and measurable college results specifically.\"",\n    \""square entries report more frequent and severe student-safety/discipline incidents and weaker or inconsistent institutional responses than circle entries\"": \""This captures the many reports of bullying, fights, weapon/drug activity, sexual harassment, police/SRO involvement and administrators failing to protect or respond—a discrete safety/climate cluster separate from programmatic strength, facilities/logistics, governance practices, or classroom instruction.\"",\n    \""square entries document more administrative and personnel governance failures (turnover, unresponsiveness, grade manipulation, favoritism) than circle entries\"": \""This bucket groups allegations about dishonest or politicized leadership, nepotism, favoritism toward athletes, grade‑tampering, evasive complaint handling and board/district mismanagement; it is about governance and accountability and kept separate from safety incidents, instructional quality, or program/facility descriptions.\"",\n    \""square entries provide more concrete operational and facility detail — enrollment scale, overcrowding, building condition, scheduling logistics and tech/resource provisions — than circle entries\"": \""This groups terms that describe physical‑plant realities and day‑to‑day logistics (overcrowding, renovations, buses, construction smells, cafeteria/cleanliness, pay‑to‑participate fees, scheduling problems), a materially‑focused cluster distinct from academic program strength, safety/climate, governance, or teacher practice.\"",\n    \""square entries document more uneven instructional practice and teacher accountability issues—concentrated high-quality instruction in honors vs poor mainstream teaching, lecture‑heavy or technology‑substitute practices, grading sloppiness, cheating, and teacher unprofessionalism—than circle entries\"": \""This bucket gathers evidence about classroom‑level instruction, teacher turnover/absence, cheating or grade‑inflation, special‑education/counseling failures and inconsistent teacher responsiveness, which is a pedagogical/support phenomenon separate from facility/logistics, governance, extracurricular breadth, or student‑safety incidents.\""\n}""]",,41.1318941116333,26963,2496,3023,,[],['resp_0636bfbabcec0bb7006a74d6c8960081a1bd6e1d4a926bf4b2'],True
vote|reduce1|6|0,"[""{\n  \""square entries describe stronger and more abundant advanced academic programs and measurable college outcomes (AP/IB/magnet/STEM/academies) than circle entries\"": \""This bucket groups the many raw items that enumerate named rigorous pathways, AP/IB/magnet/STEM/dual‑credit programs and concrete college/scholarship outcomes in square reviews (e.g., AP counts, IB, STEM and named academies, National Merit, scholarship/college placements); it is distinct from extracurricular or operational themes because it specifically captures curricular program breadth and measurable academic outcomes rather than staffing, safety, facilities, or governance issues.\"",\n  \""square entries report a much broader and higher‑achieving extracurricular and athletics ecosystem than circle entries\"": \""This bucket collects raw terms that describe expansive, high‑profile co‑curricular life in square reviews (many clubs, award‑winning band/theater, competitive sports, facility investments and traditions), and is kept separate from the advanced‑academics bucket because it refers to extracurricular/arts/athletics breadth and prestige (including athlete favoritism) rather than formal classroom programs or college‑prep coursework.\"",\n  \""square entries document more frequent and severe campus safety, bullying, substance, and violence incidents and security failures than circle entries\"": \""This bucket groups the many concrete safety and misconduct reports in square reviews (daily bullying, fights, videos of assaults, stabbings/weapon threats, drugs, bus safety, lockdowns and failures of supervision or police reporting), and is explicitly about student‑safety/behavioral climate and security lapses — a different factual domain than administrative process failures, special‑education supports, or program offerings.\"",\n  \""square entries report more administrative and operational mismanagement (poor communication, record-keeping, favoritism, budgeting and logistical failures) than circle entries\"": \""This bucket groups raw items about governance and operations in square reviews (opaque discipline, favoritism/nepotism, lost transcripts, scheduling/arena scheduling errors, misleading communications, budget prioritization tradeoffs and capital spending choices), and is mutually exclusive from safety, instructional quality, or program‑availability buckets because it focuses on leadership, policy, recordkeeping and resource‑allocation practices rather than student supports or program content.\"",\n  \""square entries report more inconsistent or inadequate special‑education, counseling, and individualized student supports (IEP/504 failures, overloaded or unhelpful counselors, mental‑health eligibility issues) than circle entries\"": \""This bucket captures the cluster of concrete service‑delivery and casework failures/occasional successes reported in square reviews (IEP/504 noncompliance, counselor unavailability, transcript/counseling delays, denial of accommodations, mental‑health mishandling), and is distinct from administrative/governance problems because it centers on frontline student‑support implementation and special‑needs outcomes rather than broad governance or extracurricular/program breadth.\""\n}""]",,41.207817792892456,27255,2432,3058,,[],['resp_0c3686b1b2218666006a74d6c8005481929f1e51d715d1af92'],True
vote|reduce1|22|3,"[""{\n    \""square entries document broader and more formal advanced-academic and vocational programs with measurable college/credential outcomes than circle entries\"": \""Groups all concrete course/program availability and measurable postsecondary outcomes (AP/IB/dual‑enrollment, CTE, National Merit, scholarships) into one program‑strength bucket distinct from operational, safety, staffing, or extracurricular topics.\"",\n    \""square entries report more administrative and operational dysfunction, policy enforcement problems, favoritism, staffing/resource shortages, and facility/budget mismanagement than circle entries\"": \""Captures governance, decision‑making, favoritism/nepotism, budget misallocation and policy/recordkeeping failures as an administration/governance cluster that is conceptually distinct from classroom instruction quality, safety incidents, facilities detail, or program breadth.\"",\n    \""square entries report greater extracurricular breadth, athletic emphasis, and local community/alumni financial support than circle entries\"": \""Groups all named extracurricular ecosystems, athletic/arts prominence, booster/alumni involvement and visible prioritization of programs into an extracurricular/funding‑prioritization bucket separate from academic-program strength, administrative failures, staffing variability, and facility logistics.\"",\n    \""square entries provide more concrete facility, resource and operational detail (overcrowding, underfunding, HVAC/food/maintenance, technology rollouts, punitive procedural policies) than circle entries\"": \""Collects the granular, day‑to‑day logistics and physical/infrastructure issues (overcrowding, sanitation, schedules, tech rollouts, cafeteria/transportation) into an operational/infrastructure bucket that is distinct from governance blame, classroom/staff variability, safety incidents, or program offerings.\"",\n    \""square entries show greater variability in teacher/paraprofessional performance and staffing patterns—both stronger individualized mentorship and more harmful/unstable staffing—than circle entries\"": \""Isolates classroom‑level staffing and student‑support variability (turnover, substitutes, polarized teacher quality, special‑ed/IEP inconsistency, counseling responsiveness) as a staffing/supports bucket that differs from administrative governance, facilities/operations, safety incidents, and program availability.\""\n}""]",,41.13511872291565,26961,3008,3472,,[],['resp_04260949a540db58006a74d6c899a08191b4b1dd2e23fffa3e'],True
vote|reduce1|5|2,"[""{\n    \""Square entries describe more concrete administrative unresponsiveness, favoritism, punitive discipline, and procedural mishandling than circle entries\"": \""This groups the many reports of aloof or retaliatory leaders, favoritism toward athletes/honors, grade/record mishandling, and punitive or arbitrary discipline at square schools and is distinct from facility, safety, academic-program, and support-service categories because it focuses specifically on governance, policy enforcement, and parental/office interactions.\"",\n    \""square entries report more acute and chronic student‑safety and conduct crises (bullying, gangs, drugs, fights, sexual incidents, lockdowns) than circle entries\"": \""This captures the cluster of severe safety incidents, substance use, frequent fights/lockdowns, and victim‑blaming/inaction documented in square reviews and is kept separate from administrative or facility failures because it targets concrete student misconduct and immediate safety outcomes rather than governance or infrastructure.\"",\n    \""square entries document more concrete advanced academic programs and measurable college‑prep outcomes than circle entries\"": \""This groups the many square reports naming AP/IB/dual‑enrollment/CTE/magnet programs, dual‑credit partnerships, scholarships and explicit college placements into a single academic‑program strength bucket, distinct from teacher quality or student‑support issues because it covers program availability and measurable outcomes rather than day‑to‑day instruction or counseling.\"",\n    \""Square entries report more physical‑plant, health/sanitation, overcrowding, and transportation/parking problems than circle entries\"": \""This covers overcrowding, trailers, pest/maintenance/food concerns, transportation burdens, and capital‑project detail found in square reviews and is mutually exclusive from governance, safety, academic programs, and student supports because it concerns the building, capacity, and daily logistics/infrastructure of the school.\"",\n    \""square entries report weaker or inconsistent supports for struggling, special‑needs, and mental‑health needs and uneven remediation compared with circle entries\"": \""This groups the explicit IEP/504/special‑education failures, counseling unresponsiveness, unmet mental‑health needs, and reliance on external tutoring seen in square entries and is distinct from administrative misconduct, facility problems, safety incidents, and program availability because it focuses specifically on individualized student support and compliance with accommodations.\""\n}""]",,41.57538986206055,27162,2816,3308,,[],['resp_0a1acc3ccad4f56c006a74d6c7db4c819eb847f744771ba3a6'],True
vote|reduce1|10|0,"[""{\n    \""square entries describe worse student safety, bullying, substance use, and identity‑based discrimination (with contested or inadequate responses) than circle entries\"": \""This bucket collects the many square reports of fights, pervasive bullying, drug/alcohol/vaping use, sexual/physical assaults, racial/misogynistic exclusion and failed or contested anti‑bullying responses—distinctly about student safety and identity‑targeted harms rather than facilities, academic offerings, or purely administrative process failures.\"",\n    \""square entries document more administrative and counseling operational failures, poor parent communication, and scheduling/IEP mishandling than circle entries\"": \""This groups concrete claims about unresponsive principals/counselors, lost/erased records, transfer/scheduling breakdowns, IEP/504 non‑compliance and burdensome parent processes—focusing on governance and case‑management breakdowns rather than instructional quality, program breadth, or physical infrastructure.\"",\n    \""square entries report more formal advanced academic programs and measurable college‑preparatory outcomes (AP/IB/honors/dual‑enrollment, test scores, graduation rates, alumni placement) than circle entries\"": \""This captures the cluster of square claims listing AP/IB/early‑college/dual‑enrollment pathways, documented test/graduation/college‑placement statistics and scholarship outcomes—specific programmatic and outcome evidence distinct from teacher behavior, safety incidents, or building/operational issues.\"",\n    \""square entries report concrete facility, capacity, and operational infrastructure problems (or major renovation projects) more than circle entries\"": \""This groups reports of overcrowding, broken HVAC/plumbing/escaltors, sanitation, closed/open campus/security lapses, major renovations or new facilities and logistical problems (busing, pickup, cafeteria seating), which are physical/capacity/operations issues separate from academics, admin governance, or classroom instruction.\"",\n    \""Square entries report greater instructional stratification and variability in teacher quality and student supports (strong honors/AP support and one‑on‑one help for some vs. neglect for others) than circle entries\"": \""This bucket covers repeated square descriptions of within‑school academic polarity—highly supported/AP tracks and devoted teachers versus neglectful mainstream instruction, grade‑inflation/favoritism, and uneven tutoring/special‑education follow‑through—focusing on classroom‑level execution and inequitable supports rather than program availability, facility problems, or governance failures.\""\n}""]",,41.84798789024353,26674,2368,2899,,[],['resp_051762a18cfe5ca1006a74d6c87a64819f8aca86b68c7ceb59'],True
vote|reduce1|19|5,"[""{\n    \""square entries describe broader, higher-quality extracurricular, arts, athletics, and facility investments than circle entries\"": \""This groups every raw term about extensive, named clubs/teams/arts/band successes, visible facility investments and parent-funded projects into one program/facility cluster distinct from academics, safety, administration, or classroom instruction.\"",\n    \""square entries document substantially stronger/ broader advanced academic and measurable college-preparatory offerings and outcomes than circle entries\"": \""This captures all concrete AP/IB/dual‑enrollment/CTE/credential, scholarship, test‑score and college‑placement evidence—an academic-program/outcome cluster that is conceptually separate from extracurricular strength, teacher variability, safety, or operational failures.\"",\n    \""square entries describe more acute student safety, behavior, and substance‑use problems (bullying, fights, gang/drug activity, invasive searches) than circle entries\"": \""This groups every raw term about bullying, fights, drugs, weapons, police involvement, lockdowns and failed incident responses into a single safety/behavior cluster that is clearly different from program richness, administrative politics, or classroom quality.\"",\n    \""square entries document more administrative mismanagement, inconsistent or punitive discipline, favoritism/nepotism, and poor parent/counselor communication than circle entries\"": \""This bucket collects governance, favoritism, cover‑ups, retaliatory or punitive leadership, board/district politics and broken complaint‑handling—administrative/governance failure evidence that is distinct from classroom instruction, facilities, or student behavior.\"",\n    \""square entries report greater variability and execution problems in classroom instruction and assessment—uneven teacher quality, heavy homework/academic workload and burnout, classroom disruption, and grade‑inflation/grade‑manipulation—than circle entries\"": \""This groups classroom‑level evidence (teacher absenteeism, inconsistent pedagogy, grading/IEP/counseling execution, workload/burnout and curricular gaps) into a separate instructional‑quality cluster that does not duplicate program breadth, safety, or governance themes.\""\n}""]",,41.971991777420044,24956,2112,2561,,[],['resp_063167a89fda2053006a74d6c96fec81a39cf56be4ce645282'],True
vote|reduce1|2|2,"[""{\n    \""Square entries report more administrative and governance failures: unresponsiveness, hostile or punitive leadership, nepotism/favoritism, inconsistent discipline, and parental shut‑out than Circle entries\"": \""This bucket captures the concrete governance and leadership problems (turnover, favoritism, punitive/opaque policies, poor complaint handling and recordkeeping) that are organizational in origin and distinct from classroom practice, student safety incidents, facility constraints, advanced-program strength, or individualized support breakdowns.\"",\n    \""square entries document a substantially broader, named portfolio of advanced academic programs and high‑level extracurricular/competitive success and elite college outcomes than circle entries\"": \""This groups all concrete evidence of programmatic richness (AP/IB/dual‑credit/CTE/magnets, elite band/theatre awards, measurable college matriculation) — a supply‑side description of offerings and outcomes that is conceptually separate from governance, safety, facilities, or support‑service performance.\"",\n    \""square entries report more frequent and severe student-safety and behavior crises (bullying, gangs, drugs, fights, sexual incidents, lockdowns) than circle entries\"": \""This bucket collects descriptions of acute and recurring student‑behavior and safety failures (fights, drugs, arrests, sexual harassment, lockdowns and ineffective incident response) — distinct from administrative dysfunction, program breadth, facilities strain, or individualized support/counseling issues.\"",\n    \""square entries document more concrete facility, capacity, funding and operational-management problems (maintenance, overcrowding/trailers, scheduling/logistics, fragmented digital platforms, fees/budget pressure) than circle entries\"": \""This groups material and operational constraints (overcrowding, disrepair, tech failures, scheduling, pay‑to‑play fees, transportation and renovation projects) that are about physical/financial capacity and logistics rather than leadership behavior, program offerings, safety incidents, or counseling/IEP breakdowns.\"",\n    \""Square entries report more failures and inconsistencies in student support services, guidance and special‑education accommodations (IEP/504 breakdowns, counseling access, uneven teacher assignment, parent communication problems) than circle entries\"": \""This bucket covers breakdowns in the school’s individualized support systems (counseling, special‑education/504, guidance, tutoring and casework) which are operationally and functionally different from school‑wide governance failures, safety crises, facilities capacity, or the presence/absence of advanced academic programs.\""\n}""]",,42.06718111038208,27598,2432,2961,,[],['resp_027a165828fe8508006a74d6c8cc3081a0a85af64ae772edf1'],True
vote|reduce1|18|2,"[""{\n  \""square entries document more concrete advanced academic programs, rigor, and measurable college outcomes than circle entries\"": \""This groups all evidence about AP/IB/honors/dual‑enrollment, vocational/CTE pathways, internships, test/college metrics and alumni outcomes found in square reviews and is distinct from other buckets because it catalogs program/offering breadth and measurable student outcomes rather than staff behavior, safety, facilities, or support-service performance.\"",\n  \""Square entries indicate more administrative and operational dysfunction — favoritism/nepotism, condescending or unresponsive leadership, policy/discipline inconsistency, and facility/logistical failings (overcrowding, maintenance, registration/tech failures) — than circle entries\"": \""This bucket collects governance, board/leadership, policy‑level and scheduling/registration/records breakdowns and favoritism allegations in square reviews and is mutually exclusive because it focuses on leadership/governance and bureaucracy rather than classroom instruction, student supports, physical plant, or safety incidents.\"",\n  \""square entries report more incidents of bullying, violence, drugs/vaping, student safety crises and ineffective supervision than circle entries\"": \""This groups all concrete reports of peer misconduct, fights, gang/drug activity, sexual assaults, emergency/threat incidents and failures of supervision in square reviews and is separate from the other buckets because it addresses on‑campus safety and student‑to‑student harm rather than programming, governance, facilities, or counseling/special‑education delivery.\"",\n  \""square entries contain far more detailed, concrete descriptions of facility and physical‑campus conditions (either newly modernized or severely under‑maintained) than circle entries\"": \""This bucket captures detailed facility, capacity and resource descriptions in square reviews (overcrowding, portables, HVAC/pest/cleanliness, cafeteria/bathroom problems, capital upgrades or lack thereof) and is distinct because it focuses on physical infrastructure and spatial/resource tradeoffs rather than leadership, safety incidents, curricular offerings, or student‑support services.\"",\n  \""square entries report more failures (and sometimes targeted inequities) in student supports and accommodations—special education, counseling, mental‑health services, and equitable access—than circle entries\"": \""This groups counseling/college‑advising breakdowns, IEP/504 non‑compliance, understaffed student‑support roles, inconsistent remediation/tutoring and inequitable access claims in square reviews and is mutually exclusive because it centers on delivery of individualized supports and accommodations rather than safety events, curricular breadth, facilities, or governance problems.\""\n}""]",,42.097090005874634,26834,2688,3260,,[],['resp_0e1e05264043c8a2006a74d6c8953c8192aac8eef986467f69'],True
vote|reduce1|7|3,"[""{\n    \""square entries report more pervasive bullying, violent incidents, substance use, targeted harassment, and severe student mental‑health harms — often with ineffective, dishonest, or cover‑up responses from administration — than circle entries\"": \""This bucket groups the many raw terms describing concrete safety crises (fights, weapons, overdoses, suicidality, sexual harassment, gang activity, cyberbullying) and explicit accounts that administration failed, concealed, or mishandled those harms; it is distinct from administrative‑misconduct (which focuses on governance/favoritism/recordkeeping) and from facility, programmatic or instructional themes.\"",\n    \""Square entries describe stronger, more numerous advanced-academic programs and measurable college-preparatory outcomes than circle entries\"": \""This captures the repeated, concrete programmatic evidence (many AP/IB/dual‑enrollment offerings, CTE/academies, measurable AP/college placements, scholarships, partnerships) that a school provides high‑end academic pathways and outcomes; it is separate from instructional quality or student‑support failures (which are about delivery/compliance) and from extracurricular/athletics or facility topics.\"",\n    \""square entries report more administrative and staff unresponsiveness, arbitrariness, favoritism, and misconduct than circle entries\"": \""This groups reports of governance and personnel malpractice (nepotism, biased discipline, retaliation, lying to avoid reporting, named staff misconduct, recordkeeping errors), a managerial/governance cluster that is organizationally distinct from concrete student‑safety incidents, program availability, physical‑plant shortcomings, or counseling/special‑education compliance issues.\"",\n    \""square entries report more facility, capacity, transportation, and resource‑prioritization problems (overcrowding, poor layout, cafeteria/bathroom failures, and athletic funding skew) than circle entries\"": \""This bucket aggregates the operational and capital problems reviewers cite (overcrowded buses/cafeterias, aging/unsanitary buildings, parking/traffic hazards, contested capital spending and athletics‑first funding) and is logically distinct from personnel/governance failures, academic program breadth, classroom instruction variability, or counseling/IEP breakdowns.\"",\n    \""Square entries report more failures and inconsistencies in student support services, guidance and special‑education accommodations (IEP/504 breakdowns, counseling access, uneven teacher assignment, parent communication problems) than circle entries\"": \""This groups the many specific accounts about counseling overload/unresponsiveness, special‑education noncompliance, college‑advising gaps, misassigned or unqualified teachers, and family communication failures — a services/compliance cluster focused on supports for vulnerable students that is meaningfully different from governance misconduct, facility deficits, safety crises, or the presence of advanced academic programs.\""\n}""]",,42.179198026657104,27217,2624,3242,,[],['resp_092166fc4fad19e2006a74d6c873c0819e858f7065035a8ae5'],True
vote|reduce1|12|5,"[""{\n    \""Square entries show greater polarization and variability in teacher quality and instructional delivery (from highly supportive, individualized help to disengaged, absent, or unprofessional teachers) than Circle entries\"": \""This groups all raw terms about highly variable classroom-level teaching, grading and mentorship (from exemplary staff to lazy/rude/unhelpful teachers and turnover) and is distinct from administrative, safety, facilities, or programmatic themes because it focuses specifically on in-class instructional practice and teacher behavior rather than leadership, physical resources, safety incidents, or program availability.\"",\n    \""square entries report more administrative and staff problems around communication, favoritism, arbitrary/punitive discipline, and inconsistent enforcement than circle entries\"": \""This captures the recurring, concrete governance and personnel dysfunctions (unreturned emails, nepotism, favoritism toward athletes, punitive or inconsistent discipline, recordkeeping failures) and is mutually exclusive from teacher-level variability (which is about classroom delivery), safety incidents (which are outcomes), facilities, and programmatic breadth.\"",\n    \""square entries report more severe and pervasive safety, bullying, drug and violent-incident problems with ineffective administrative response than circle entries\"": \""This groups all raw reports of on-campus safety crises (bullying, fights, drugs, sexual harassment, lockdowns, police involvement, suicides) and the school’s failure to remediate them, which is a distinct phenomenon from administration/process failures, teacher instructional variability, facilities/resource constraints, or available academic/extracurricular programs.\"",\n    \""square entries document richer, named academic/vocational programs, extracurricular breadth, awards, partnerships and measurable postsecondary outcomes than circle entries\"": \""This bucket groups concrete programmatic strengths and outcomes (AP/IB/dual enrollment, CTE pathways, strong band/arts/athletics, internships, Ivy/college placements, awards/partnerships) and is separate from complaints about safety, facilities, teacher conduct, or governance because it catalogs what structured offerings and measurable achievements the school provides.\"",\n    \""square entries document more concrete facility, capacity, funding and operational-management problems (maintenance, overcrowding/trailers, scheduling/logistics, fragmented digital platforms, fees/budget pressure) than circle entries\"": \""This groups explicit, tangible operational/resource issues (overcrowding, pests, HVAC/AC, renovations or lack thereof, traffic/parking, fees, tech/bandwidth) and is distinct from governance or safety themes because it centers on physical plant, capacity, budgeting and day‑to‑day logistical constraints rather than personnel behavior, student safety incidents, or curricular/program offerings.\""\n}""]",,42.33532214164734,24522,2944,3523,,[],['resp_04881f8fe91c9e8f006a74d6c8946c81a18d4f2ba0592f59ae'],True
vote|reduce1|2|5,"[""{\n    \""square entries report more frequent and severe student safety, bullying, substance‑use, and violent‑incident problems (and ineffective responses) than circle entries\"": \""This groups the many square items documenting fights, gangs, drugs/vaping/possession, sexualized incidents, thefts, racially‑targeted harassment, and repeated staff failure to protect or remediate — a discrete safety/climate cluster that is about on‑campus harm and incident response, not about program offerings, facilities, administration governance, or curricular strength (so it remains distinct from the other selected buckets).\"",\n    \""square entries describe stronger and more numerous advanced academic pathways and measurable college‑prep outcomes than circle entries\"": \""This captures the square evidence listing AP/IB/dual‑credit/academies, magnet/CTE/STEM pipelines and concrete college/admissions/ scholarship outcomes — a focused academic-programs and measurable‑outcomes theme that is about curricular opportunity and results, not about safety, daily operations, extracurricular scale, or governance issues (keeps it separate from the operational/resource and admin failure buckets).\"",\n    \""square entries report more pronounced facilities, resource and operational support contrasts (physical plant, funding priorities, technology, special‑ed/ counseling delivery, transportation, and cleanliness) than circle entries\"": \""This groups square items about overcrowding, outdated or upgraded buildings, technology and textbook shortages, cafeteria/transportation/scheduling details, pay‑to‑participate fees, and cleanliness/maintenance — concrete logistical and material resource conditions distinct from instructional program strength, student safety incidents, extracurricular breadth, or governance/favoritism complaints.\"",\n    \""square entries report more administrative and staff governance failures, favoritism, misconduct, and unresponsiveness than circle entries\"": \""This bucket collects square allegations of nepotism, coverups, secrecy, retaliation, opaque budgeting, personnel churn, inconsistent policy enforcement, and refusal to address complaints — a governance/ethics/communication cluster that is about who runs the school and how, not about the school’s facilities, course offerings, extracurricular achievements, or the frequency of safety incidents (even though poor governance can affect those other buckets, the content here is specifically about leadership/fairness/administrative behavior).\"",\n    \""square entries report more and better‑documented extracurricular, performing‑arts, and competitive athletics offerings and achievements than circle entries\"": \""This groups square items that enumerate award‑winning bands, state competitive teams, many clubs, robust vocational/arts/athletic infrastructures and booster involvement — a concrete program‑breadth and achievement cluster focused on extracurricular scale and accolades, which is conceptually separate from curricular rigor/college prep, physical/operational resource conditions, administrative governance, or safety/behavior incidents.\""\n}""]",,42.39059519767761,24746,2304,2870,,[],['resp_0816130855bb8ca1006a74d6c7caa0819f90e1b3ef5ad2264d'],True
vote|reduce1|23|1,"[""{\n    \""square entries report stronger and more numerous formal academic programs and measurable college/career outcomes (IB/AP/AVID/dual‑credit/CTE, scholarships, high AP scores) than circle entries\"": \""This bucket groups the many raw items that document named, formal academic pathways (IB/AP/dual‑credit/CTE, large AP loads, scholarship/alumni outcomes and test/transfer credit claims) in square entries — it is explicitly about program availability and measurable postsecondary results and is kept separate from extracurricular prominence, safety incidents, administrative governance, or physical/resource problems.\"",\n    \""square entries document wider/more prominent extracurricular and specialized program offerings (and visible athletics prioritization) than circle entries\"": \""This bucket captures raw terms that emphasize athletics/band/arts/competitive wins, facility investments for sports, no‑cut teams, travel/opportunity breadth, and athletics‑first budgeting/fee structures in square entries — it is focused on extracurricular scale and prioritization and is distinct from academic-program rigor, incident/safety claims, administrative mismanagement, or facility/maintenance issues.\"",\n    \""square entries report more pervasive student safety and peer‑climate problems (bullying, fights, drugs, gangs) and adult inaction than circle entries\"": \""This bucket collects the numerous concrete incident‑and‑climate reports in square entries (bullying, fights, drugs/vaping/dealing, weapons/lockdowns, sexual harassment, public assaults and ineffective or punitive adult responses) and is expressly incident‑focused rather than about program offerings, governance mechanics, or facilities.\"",\n    \""square entries report greater administrative dysfunction and policy failures (unresponsive/bureaucratic administration, inconsistent or politicized discipline, counselor/scheduling breakdowns, and funding mismanagement) than circle entries\"": \""This bucket groups the governance and policy failures documented in square entries — nepotism/favoritism, cover‑ups, rude/unresponsive front offices, grade/records mishandling, punitive/inconsistent discipline, counselor overload and scheduling/transfer failures — and is about decision‑making and process breakdowns (distinct from safety incidents, program supply, or physical resource conditions).\"",\n    \""square entries report more facility, capacity, and resource problems (overcrowding, large classes, sanitation, equipment and maintenance issues) than circle entries\"": \""This bucket contains raw terms describing tangible infrastructure and operational shortages in square entries (overcrowding, broken bathrooms/furniture, inadequate AC/labs, bussing/food logistics, pay‑to‑participate fees and material shortages) and is distinct from governance/policy dysfunction, extracurricular prominence, academic program offerings, or student safety incident reporting.\""\n}""]",,42.744301080703735,27628,2368,2911,,[],['resp_02cea56ce858b60e006a74d6c8987c81918ba9b7b54ed00e8d'],True
vote|reduce1|24|0,"[""{\n    \""Square entries document broader, higher‑profile extracurricular and specialized program offerings and public recognition (competitive athletics, award‑winning arts, JROTC/ROTC, many clubs) than circle entries\"": \""This captures the many square reviews that list named extracurriculars, championship bands/theaters, JROTC, large marching bands, boosters and distinctive programs — a concrete inventory-of-offerings theme that is about what the school provides and is distinct from governance, facility, academic rigor, or safety problems.\"",\n    \""Square entries report more frequent and severe student safety problems (bullying, fights, weapons, drugs) and weaker victim support than circle entries\"": \""This groups the repeated square claims of violence, gang/drug activity, assaults, weapon threats, suicidality and inadequate protection/response — a safety/incident-and-response cluster that is conceptually separate from program breadth, facilities, administrative recordkeeping, or curriculum quality.\"",\n    \""square entries report more operational, resourcing, and facility problems (overcrowding, scheduling/logistics, maintenance/HVAC/pest issues, parking, levy/funding shortfalls) than circle entries\"": \""This groups raw terms focused on physical plant, overcrowding, food/restroom hygiene, pests, transportation, scheduling/block policies and budget shortfalls — concrete infrastructure and logistics problems distinct from leadership misconduct, classroom rigor, or extracurricular offerings.\"",\n    \""square entries report more administrative dysfunction, opaque/remote leadership, favoritism/nepotism, and poor operational responsiveness than circle entries\"": \""This captures governance- and process-level failings in square reviews — unresponsive/hostile administrators, nepotism/favoritism, recordkeeping/registration errors, budget mismanagement and punitive cover‑ups — a distinct theme about who runs the school and how, separate from facilities, safety incidents, academic programs or extracurricular breadth.\"",\n    \""Square entries report more extensive advanced academic programs, college‑prep pathways, and measurable postsecondary outcomes than circle entries\"": \""This groups square reviewers' concrete evidence of AP/IB/dual‑enrollment, honors/STEM/CTE tracks, high AP participation and named college placements/scholarships — a distinct academic-program/outcomes cluster that is about curricular opportunity and results, not about discipline, facilities, or governance.\""\n}""]",,43.117454051971436,26855,2368,2880,,[],['resp_0a419ba4e2c4d304006a74d6c899ec81929623c84a7067652e'],True
vote|reduce1|7|1,"[""{\n    \""square entries report more concrete advanced academic programs, formal honors/IB/AP/dual‑enrollment offerings, and measurable outcome data than circle entries\"": \""This bucket captures the many square reviews that enumerate named AP/IB/honors/dual‑enrollment/CTE programs and concrete metrics (scholarships, pass rates, college credits) — it is distinct from extracurricular or facility themes because it specifically concerns formal academic pathways and measurable academic outcomes rather than non‑academic programming, infrastructure, or administrative behavior.\"",\n    \""Square entries report more frequent and severe student-safety and conduct incidents (drugs, fights, weapons, sexual assault, self-harm) and show weaker staff responses than circle entries\"": \""This groups the explicit safety, bullying, gang, drug, weapon, assault and mental‑health victimization reports (and linked failures of supervision/response) found in square reviews; it is mutually exclusive from administrative/operational dysfunction (which is about governance and processes) and from facility/resource buckets (which are about space and material conditions).\"",\n    \""square entries report more administrative, counseling, and operational dysfunction (missed deadlines, recordkeeping/grade scandals, staffing shortages, and unresponsive communication) than circle entries\"": \""This bucket aggregates reports of governance and process failures (unresponsive principals/counselors, scheduling/credit errors, grade/record mishandling, nepotism and opaque discipline) and is separate from safety incidents (student misconduct) and from academic-program strength (availability of AP/IB etc.), because it focuses on institutional execution and accountability.\"",\n    \""square entries report more concrete facility, capacity, scheduling and operational conditions (overcrowding, building condition/renovation details, scheduling/timetabling and service logistics) than circle entries\"": \""This groups explicit, tangible infrastructure and logistics issues in square reviews — overcrowded classrooms, broken HVAC/bathrooms, parking/traffic, renovation vs decay, odd bell/schedule impacts — and is distinct from programmatic breadth (what the school offers) and from administrative dysfunction (how leaders manage), since it describes physical and day‑to‑day operational constraints.\"",\n    \""square entries document broader, higher‑profile extracurricular, arts and athletic programs and traditions (sometimes coupled with athletics prioritization) more than circle entries\"": \""This captures the repeated square evidence of extensive band/theater/competitive teams, many clubs, CTE/academy tracks, state championships and booster/parent fundraising — including notes that athletics may be prioritized — and is distinct from academic‑program strength (formal AP/IB/dual credits) and from facility/resource problems (which describe physical condition rather than program scale).\""\n}""]",,43.34044909477234,27514,2496,3040,,[],['resp_0c8186ef89cc7ec2006a74d6c7cf6081a29971de3b9c66786f'],True
vote|reduce1|20|2,"[""{\n    \""Square entries report more frequent serious student safety incidents and allegations of administrative indifference than circle entries\"": \""This bucket captures the many square-specific reports of fights, weapons, drug use, sexual/harassment incidents, suicide attempts, pervasive bullying and claims that staff/administration fail to protect victims — a distinct safety/response pattern that is not the same as facility, programmatic, or governance complaints in the other buckets.\"",\n    \""square entries report more administrative dysfunction, politicization, favoritism, turnover, and failure-to-act (board/district/leadership problems) than circle entries\"": \""This groups square claims about governance failures, cover‑ups, opaque discipline, nepotism, punitive/arbitrary policies, and leadership instability — issues about decision‑making and accountability that are conceptually separate from (and do not subsume) safety incidents, program offerings, facilities, or classroom instructional quality.\"",\n    \""square entries report more concrete advanced academic, vocational, and arts programs and measurable college‑prep outcomes than circle entries\"": \""This bucket groups square’s repeated, concrete evidence of AP/IB/dual‑credit, CTE/vocational courses, measurable college admissions/credit outcomes, and named academic magnets — programmatic/credential offerings and outcomes that are distinct from extracurricular/athletics breadth, administrative behaviour, or facility conditions.\"",\n    \""square entries report broader, more numerous, and higher-level extracurricular/arts/athletics programs and competitive achievements than circle entries\"": \""This captures square’s many reports of award‑winning bands, JROTC, high‑level sports, marching band/state championships, large club ecosystems and booster/athletic funding debates; these extracurricular/competition achievements and related funding/prioritization controversies are different from academic-program depth or facility/resource deficits.\"",\n    \""square entries document more concrete facilities, maintenance, and resourcing shortfalls and district fiscal problems (aging/rundown buildings, overcrowding, HVAC/ventilation failures, filthy bathrooms, inadequate textbooks/food, levy distrust) than circle entries\"": \""This groups the concrete, physical and resourcing problems square reviewers report — sanitation, pests, overcrowding, outdated tech/equipment, bond/capital fights and pay‑to‑play/fee burdens — which are operational/resource issues distinct from governance choices, safety incidents, program offerings, or classroom instructional variance.\""\n}""]",,43.44967555999756,27145,2368,2891,,[],['resp_069c082ea1d1f5b9006a74d6c89b008192b6c58ecca6743e37'],True
vote|reduce1|2|3,"[""{\n    \""square entries report more concrete advanced academic offerings, AP/IB/dual‑enrollment pathways and measurable college outcomes than circle entries\"": \""This groups all reviews that list concrete program capacity and measurable post‑secondary outcomes (AP/IB/dual credit, scholarships, elite acceptances) as a defining difference — it is about what programs and outcomes the school provides (not about safety, facilities, admin behavior, or day‑to‑day instruction), so it is distinct from the other selected buckets.\"",\n    \""Square entries report more frequent and severe student safety, bullying, substance‑abuse, gang and weapon incidents and/or inadequate remedial responses than circle entries\"": \""This bucket captures the corpus of reviews centered on on‑campus safety and student‑misconduct (fights, drugs, gangs, bullying, sexual incidents) and how the school responds, a concrete safety/climate pattern that is separate from program offerings, facilities/resource allocation, administrative governance, or teacher/instructional variability.\"",\n    \""square entries report more administrative and staff misconduct, biased enforcement, and communication/recordkeeping failures than circle entries\"": \""This groups complaints about adult governance and procedures (cover‑ups, favoritism/nepotism, hostile parent communication, lost records, punitive/opaque policies), which are operational/governance problems distinct from facility condition, student safety incidents, program breadth, or classroom instructional variability.\"",\n    \""square entries report more pronounced facility, logistical and resource problems (overcrowding, outdated/decaying equipment and furnishings, pest/cleanliness issues, restrictive/overreaching security and misallocated tech spending) than circle entries\"": \""This bucket covers tangible physical and logistical constraints — building disrepair, overcrowding, lunch/transportation/tech issues and visible budget tradeoffs (e.g., athletics vs arts) — a material resources/facilities category clearly different from safety incidents, program offerings, governance, or teacher practice variability.\"",\n    \""square entries exhibit more polarized, uneven stakeholder experiences and variable teacher quality than circle entries\"": \""This captures the recurring pattern of inconsistent instructional/support delivery (wide swings from exemplary committed teachers to apathetic/abusive staff, mixed special‑ed/IEP implementation, counseling variability and grading inconsistency), which is about variability in people‑delivered instruction/support and is not the same as the presence of formal programs, facility problems, administrative misconduct, or discrete safety crises.\""\n}""]",,43.847017765045166,27035,2752,3271,,[],['resp_0fc334467a506785006a74d6c8950081a2a42e4736e6283db2'],True
vote|reduce1|18|0,"[""{\n    \""square entries report more pervasive student safety and behavioral crises (bullying, daily fights, drug activity, suicides, normalized harassment) than circle entries\"": \""This groups the many concrete reports of fights, gang/drug presence, sexual harassment/assaults, suicides, police arrests and ineffective on‑the‑ground discipline in Square reviews — a distinct cluster focused on student safety and peer misconduct that is different from administrative governance, facilities, academic programs, or teacher/support variability.\"",\n    \""square entries report more administrative governance failures, unprofessional or biased staff behavior, and arbitrary/favoritist discipline than circle entries\"": \""This captures the recurring Square evidence of leadership misconduct, favoritism (athlete/insider protection), cover‑ups, punitive/opaque discipline, record‑keeping and responsiveness failures — a governance/fairness theme that is about who runs the school and how, not about physical plant, curricular offerings, or classroom teaching quality.\"",\n    \""square entries report more numerous and formally structured advanced academic offerings, college‑credit pathways, and measurable college outcomes than circle entries\"": \""This groups Square's many concrete programmatic claims (IB/AP/honors, dual‑credit, CTE, vocational certifications, measurable elite college placements and scholarships) — a program/academic‑pathway strength cluster that describes offerings and outcomes rather than safety, administration, facilities, or day‑to‑day teacher behavior.\"",\n    \""square entries include more detailed facility and operational reporting—renovations, specialized labs, overcrowding, sanitation/pest problems, and complex cafeteria logistics—than circle entries\"": \""This clusters Square's concrete, often granular reports about building condition, major renovations, overcrowding/traffic/parking, pests, food service, HVAC/maintenance and scheduling/logistics — an operational/infrastructure theme that is separate from curriculum/program breadth, governance, safety incidents, or instructional variability.\"",\n    \""square entries show greater variability and polarization in academic rigor, workload, and student support (including special‑education outcomes, counseling, and uneven teacher quality) than circle entries\"": \""This groups Square's repeated contrasts — high honors/AP rigor for some alongside weak or absent instruction for others, inconsistent grading/substitute use, plus both praised and failing special‑education/IEP and counseling experiences — focusing on classroom/instructional and targeted‑support inconsistency distinct from program availability, facility problems, governance failures, or student safety crises.\""\n}""]",,44.40102028846741,27210,3200,3723,,[],['resp_0506923e4fe55483006a74d6c8ad20819c81176cb220890de3'],True
vote|reduce1|11|0,"[""{\n    \""square entries describe stronger, more numerous advanced academic programs and measurable college-prep outcomes than circle entries\"": \""This groups the many raw terms documenting AP/IB/dual‑credit/STEM/college‑credit offerings and named postsecondary outcomes (Johns Hopkins, Ivy admits, alumni doctorates), and is distinct from extracurricular, safety, governance or facilities buckets because it specifically captures curricular pathways and measurable college-prep results rather than staffing, extracurricular, or operational features.\"",\n    \""square entries describe broader, higher-profile extracurricular, athletics, and arts offerings (and attendant prioritization/funding issues) more than circle entries\"": \""This captures the repeated concrete accounts of large bands, state championships, JROTC, marching ensembles, award-winning music/drama, booster funding and claims of athletic favoritism, and is kept separate from the advanced-academics bucket because it focuses on non-academic program breadth, prestige, and resource-allocation to activities rather than course/college-prep offerings.\"",\n    \""square entries document more concrete allegations of administrative/staff governance problems and protective practices (favoritism, tenure protection, dishonesty, punitive parent treatment, and staff misconduct) than circle entries\"": \""This groups the many specific reports of favoritism, tenure-protected underperforming teachers, dishonest administrators, retaliatory/punitive discipline, record‑keeping/complaint mishandling and staff bullying, and is mutually exclusive from safety or facilities buckets because it targets governance/staff behavior and institutional decision-making rather than student misbehavior or physical-plant issues.\"",\n    \""square entries report more frequent and severe campus safety, violence, and substance‑use problems than circle entries\"": \""This clusters the concrete incidents and impacts—daily fights, weapons/assaults, pervasive bullying, drug use/on‑campus intoxication, and linked mental‑health harms—and is distinct from governance or staffing themes because it concerns student-safety outcomes and supervision failures rather than administrative policy or programmatic offerings.\"",\n    \""square entries more often highlight operational resource and staffing realities—budget cuts, overcrowding, facility/food/custodial problems, transportation and enrollment logistics, and uneven student‑support staffing (counselors, mental‑health, tutoring)—than circle entries\"": \""This groups the explicit descriptions of overcrowding, bathroom/cleanliness failures, construction/renovation notes, bus/transportation and scheduling breakdowns, counselor vacancies and insufficient support, and is kept separate from the governance and safety buckets because it centers on physical capacity, logistics, and resourcing rather than governance misconduct or behavioral incidents.\""\n}""]",,44.549254179000854,27268,1664,2200,,[],['resp_04ef0de87ce942e7006a74d6ca4c6c819c84aaa9a524c0ff56'],True
vote|reduce1|14|0,"[""{\n    \""square entries document more concrete advanced academic programs, formal college-prep pathways, and measurable student outcomes (AP/IB/dual-credit, career-technical offerings, test scores, college placements) than circle entries\"": \""Groups reviews that name specific academic pathways, dual‑enrollment/AP/IB/STEM/CTE offerings and measurable outcomes (scores, scholarships, college matriculations); this is distinct from extracurricular excellence or instructional quality because it focuses on formal curricular pathways and postsecondary metrics.\"",\n    \""square entries report more pervasive student-safety, harassment, and violence incidents with inadequate or punitive institutional response than circle entries\"": \""Captures the many concrete safety claims (bullying, assaults, weapons, gangs, substance abuse, sexual misconduct) and descriptions of failed or punitive responses; this is separate from governance problems or facilities issues because it centers on on-the-ground student harm and disciplinary handling.\"",\n    \""square entries report more administrative and staff misconduct, politicization, insider favoritism, and governance scandals (fabricated allegations, retaliation, nepotism, indicted officials) than circle entries\"": \""Groups evidence about leadership/board/staff malpractice, recordkeeping/grade manipulation, favoritism/nepotism and politicized discipline or suppression of complaints, which is organizational/governance-level and distinct from physical‑plant or programmatic differences.\"",\n    \""square entries report more pronounced operational, facility, scheduling and resource-allocation problems (overcrowding, building condition, communication failures, fundraising/tuition pressures) than circle entries\"": \""Covers concrete day-to-day infrastructural and logistic failures — overcrowded classrooms, poor sanitation, parking/traffic, bell/schedule and communication problems, and contested budget/fee tradeoffs — which are operational rather than curricular, safety, governance, or extracurricular phenomena.\"",\n    \""square entries describe broader, higher-profile extracurricular, athletics, and arts offerings (and attendant prioritization/funding issues) than circle entries\"": \""Groups accounts of extensive clubs, award-winning band/JROTC/teams, athletic prioritization/booster influence and related funding/favoritism debates, which are programmatic/extracurricular in focus and distinct from core academic-pathway claims.\""\n}""]",,44.80315399169922,26976,2560,3033,,[],['resp_02c0e6d2b3329aec006a74d6c8914c81a39db6c63e21b3f300'],True
vote|reduce1|17|0,"[""{\n    \""square entries document more entrenched administrative misconduct, favoritism, and governance/accountability failures than circle entries\"": \""Groups the many reports of favoritism, nepotism, dishonest leadership, punitive/arbitrary policies, poor recordkeeping and high leadership turnover—this bucket is about governance and personnel misconduct specifically and is distinct from (a) student-safety incidents, which describe on‑the‑ground harms, (b) facility/capacity problems, which are physical/resource issues, (c) programmatic academic/extracurricular offerings, which are about what the school provides, and (d) special‑education/counseling breakdowns, which are about individualized student supports.\"",\n    \""square entries report more frequent and severe bullying, harassment, and school-safety failures (including staff‑perpetrated abuse) than circle entries\"": \""Captures the recurring concrete accounts of bullying, fights, drug/gang incidents, sexualized student behavior, police/lockdowns and staff‑joined or ignored abuse—this bucket is explicitly about student safety and misconduct and is kept separate from governance (which covers leadership behavior), facilities (which covers buildings/capacity), programmatic strength (advanced courses/arts/athletics), and special‑education/counseling (which is about individualized supports and compliance).\"",\n    \""square entries report substantially broader advanced academic and extracurricular programs and clearer measurable college/career outcomes than circle entries\"": \""Groups the many concrete claims about AP/IB/dual‑enrollment, CTE/vocational tracks, award‑winning arts/athletics, measurable outcomes (scholarships, selective admits, National Merit) and formal academies—this bucket is about program breadth and documented postsecondary outcomes, not about safety, physical condition, governance, or individual student support operations.\"",\n    \""square entries report more facility, capacity, and resource problems (overcrowding, trailers, disrepair, environmental hazards) than circle entries\"": \""Collects concrete reports of overcrowded classes, portables/trailers, pests, unsanitary bathrooms, building hazards, parking/traffic and material shortages—this bucket is strictly about physical infrastructure and day‑to‑day operational logistics and is intentionally separated from administrative mismanagement, safety incidents, curricular/program offerings, and special‑education/counseling issues.\"",\n    \""square entries report more inconsistent or inadequate special‑education, counseling, and individualized student supports (IEP/504 failures, overloaded or unhelpful counselors, mental‑health eligibility issues) than circle entries\"": \""Captures the repeated, concrete evidence about IEP/504 noncompliance, counseling unresponsiveness/overload, remediation/tutoring gaps and mixed special‑education outcomes—this bucket focuses on case‑level student supports and legal/therapeutic services and is kept distinct from governance, schoolwide safety incidents, facility problems, and high‑level program availability.\""\n}""]",,44.96927094459534,27150,2496,3151,,[],['resp_01ba62b0f33c2da6006a74d6c89564819cb557ca07cb7347d2'],True
vote|reduce1|10|2,"[""{\n  \""square entries describe pervasive student safety problems, bullying, fights, gang activity, substance use, teen pregnancy and ineffective or inconsistent discipline responses more than circle entries\"": \""This bucket groups all concrete peer‑conduct and safety incidents (bullying, fights, drugs, sexual harm, teen pregnancy) and the school’s failure or inconsistency in responding — a distinct subject of on‑campus student harm that is not about program offerings, facilities, governance, or instructional quality, so it remains separate from the other four buckets.\"",\n  \""square entries report stronger advanced academic programs (AP/IB/honors), selective honors concentration, and measurable college‑prep outcomes than circle entries\"": \""This bucket captures tangible academic-program structure and measurable post‑secondary outcomes (AP/IB/dual‑enrollment, scholarships, elite college matriculation) — concrete curricular pathways and outcomes that are different from safety issues, staffing/support variability, facilities/resource shortfalls, or administrative governance problems.\"",\n  \""Square entries indicate more administrative and operational dysfunction — favoritism/nepotism, condescending or unresponsive leadership, policy/discipline inconsistency, and facility/logistical failings (overcrowding, maintenance, registration/tech failures) — than circle entries\"": \""This bucket groups governance and process failures (coverups, favoritism, unresponsive offices, policy manipulation or legal threats) that concern who runs the school and how decisions are made, which is conceptually distinct from student safety incidents, programmatic academic strength, physical resource conditions, or teacher/counseling variability.\"",\n  \""square entries report more facility, capacity, and resource problems (overcrowding, large classes, sanitation, equipment and maintenance issues) than circle entries\"": \""This bucket groups concrete physical and operational resource conditions (overcrowding, portables, HVAC, unsanitary restrooms, transportation, tech device rollouts and capital tradeoffs) that describe the built environment and resource pressures, separate from governance choices, instructional programs, student conduct, or staff support quality.\"",\n  \""square entries show greater variability and breakdowns in staffing and student support services than circle entries (inconsistent teacher quality, high turnover, and weak guidance/special‑education/mental‑health supports)\"": \""This bucket groups personnel and direct student‑support delivery problems — uneven teacher competence, turnover, grading/teaching malpractice, thin or non‑compliant counseling/IEP delivery — which concern frontline instruction and accommodations and are meaningfully different from facilities, governance, extracurricular offerings, or student safety incidents.\""\n}""]",,45.03740310668945,27728,2624,3193,,[],['resp_0dc22a1a40a81fe6006a74d6c8c1e0819d8f047fc41dd3ec03'],True
vote|reduce1|1|4,"[""{\n    \""square entries report more frequent and severe student safety, bullying, substance, and violent-discipline problems with weaker protective/mental-health responses than circle entries\"": \""This groups all raw items describing fights, drug/dealing, gang activity, pervasive bullying, sexualized conduct, threats and inadequate/ punitive mental‑health or protective responses; it is distinct from administrative or facilities failures because it focuses on student conduct and safety outcomes rather than governance, infrastructure, or curricular offerings.\"",\n    \""square entries report more facility, sanitation, and capacity failures (overcrowding, broken/closed bathrooms, leaks, vermin, poor maintenance) than circle entries\"": \""This captures the many concrete complaints about overcrowding, bad buildings, pest/maintenance problems, scheduling/transport logistics and cafeteria/bathroom conditions; it is mutually exclusive from safety, governance, instructional, and program‑quality buckets because it concerns physical infrastructure and daily operations rather than people‑behavior, leadership, pedagogy, or curricular breadth.\"",\n    \""square entries report more administrative mismanagement, turnover, unresponsiveness, and fiscal/governance complaints than circle entries\"": \""This groups the billing/enrollment errors, board/district disputes, favoritism/nepotism, recordkeeping failures, leadership turnover, and parent‑communication breakdowns; it is separate from the instructional/support bucket because it targets governance and bureaucratic dysfunction (decisions, policies, finance, and responsiveness) rather than classroom practice or direct student supports.\"",\n    \""square entries describe stronger and more numerous advanced academic pathways and measurable college‑preparatory outcomes than circle entries\"": \""This collects the repeated, concrete mentions of AP/IB/dual‑enrollment/CTE/magnet programs, vocational shops, award‑winning teams and measurable college/award outcomes; it is distinct from the instructional variability bucket because it documents formal program offerings and post‑secondary results rather than day‑to‑day teaching quality or counseling/IEP service delivery.\"",\n    \""square entries report more inconsistent or inadequate instructional delivery and student support services (teacher competence variability, counseling shortages, weak or uneven IEP/504/college advising) than circle entries\"": \""This covers teacher absenteeism/turnover, uneven classroom rigor, poor grading/gradebook practice, tutoring/counseling/IEP failures and mixed special‑education outcomes; it is kept separate from governance, facilities, safety, and program‑breadth buckets because it focuses on instructional quality and front‑line student supports rather than leadership, buildings, student misconduct, or program availability.\""\n}""]",,45.219768047332764,27033,2496,3049,,[],['resp_0b9c72e22b0baecc006a74d6c8617881a2a32bb44d79c6ce70'],True
vote|reduce1|8|3,"[""{\n    \""square entries report more bullying, fights, drug/intoxication incidents and inadequate student safety supervision than circle entries\"": \""This cluster captures the many concrete accounts of fights, drugs/overdoses, vaping, weapons, suicides, police involvement and failed/ineffective safety responses in Square reviews — a discrete safety‑and‑student‑misconduct domain that is clearly different from programmatic, staffing, or facilities issues addressed in other buckets.\"",\n    \""square entries document more concrete advanced academic programs, formal college-prep pathways, and measurable student outcomes (AP/IB/dual-credit, career-technical offerings, test scores, college placements) than circle entries\"": \""This bucket groups the extensive, named evidence in Square of AP/IB/dual‑enrollment, CTE/academies, scholarships and alumni college/career placements — a specific programmatic/outcome dimension distinct from safety, staffing behavior, admin governance, or facilities/resource constraints.\"",\n    \""square entries document more administrative mismanagement, poor accountability, mishandled complaints, and politicized favoritism than circle entries\"": \""This theme captures allegations of nepotism, cover‑ups, mismanaged complaints, punitive/opaque discipline, protected underperforming staff and hostile leadership in Square reviews — governance and accountability failures that are conceptually separate from classroom instructional variability, student safety incidents, program offerings, or physical resource problems.\"",\n    \""square entries report more facility, capacity, and operational resource problems (overcrowding, sanitation, maintenance, and outages) than circle entries\"": \""This bucket groups concrete, operational and infrastructure problems in Square — overcrowded classes, leaking roofs/restrooms, outdated HVAC, traffic/transportation/logistics, and contested capital spending — a facilities/operational axis distinct from safety incidents, curricular offerings, staff behavior, or extracurricular prominence.\"",\n    \""square entries describe broader, better‑resourced extracurricular, athletics and arts (and explicit athletic‑priority funding/culture) more than circle entries\"": \""This cluster covers Square’s repeated, specific claims of award‑winning bands/JROTC/athletics, high extracurricular breadth, booster/parent fundraising and athletics‑first budgeting — a program‑profile and community‑resource dynamic that is different from academic rigor, safety climate, administrative dysfunction, or facility shortcomings.\""\n}""]",,45.22783303260803,27195,2176,2700,,[],['resp_02e21d389ec918ca006a74d6c876c4819f9bc1c59291657878'],True
vote|reduce1|6|3,"[""{\n    \""square entries emphasize athletics prominence, athletic facilities/funding, and athlete privilege or athletics mismanagement more than circle entries\"": \""This cluster captures raw claims about an athletics‑first culture, booster/fee structures, athlete favoritism, large sports/band programs and related funding choices—distinct from safety, admin governance, facilities, or academic-program themes because it is specifically about sports/arts prominence and resource prioritization.\"",\n    \""Square entries report more physical‑plant, health/sanitation, overcrowding, and transportation/parking problems than circle entries\"": \""This bucket groups concrete, day‑to‑day operational and infrastructure evidence (overcrowded classes/lunchrooms, unsanitary bathrooms, parking/transportation and renovation details) that is about the building/operations rather than staff behavior, student conduct, special‑education compliance, or program breadth.\"",\n    \""square entries report more frequent and severe student-safety and behavior problems (bullying, fights, weapons, pervasive vaping/drug culture) that are often poorly remediated than circle entries\"": \""This theme aggregates accounts of violence, bullying, drug/vaping epidemics, weapon/gun threats, self‑harm incidents and ineffective on‑the‑ground protection—separate from administrative governance or facilities problems because it centers on student conduct and on‑campus threat/harms.\"",\n    \""square entries report more administrative and staff unaccountability, favoritism, nepotism, and cover‑ups (or, conversely, named supportive staff) than circle entries\"": \""This bucket captures governance and personnel dynamics—unresponsiveness, inconsistent or punitive enforcement, nepotism/cover‑ups, recordkeeping failures and contested leadership—that are organizational/decision‑making problems distinct from physical facilities, student safety incidents, athletics emphasis, or special‑education service delivery.\"",\n    \""square entries report failures and inconsistencies in special‑education implementation and disability accommodations (IEP/504 non‑compliance, denied services, or mistreatment) than circle entries\"": \""This category groups concrete claims about IEP/504 noncompliance, counseling and special‑education case management breakdowns, and variable individualized supports—the school’s legally mandated student‑support failures, which are substantively different from broad governance, facility, athletics, or general safety issues.\""\n}""]",,45.24345779418945,27345,2560,3057,,[],['resp_0767f91490f42fc6006a74d6ca458881a3bdb6c6a6f6b3d4da'],True
vote|reduce1|21|3,"[""{\n    \""square entries report more administrative and operational dysfunction, punitive policies, favoritism/nepotism, and recordkeeping failures than circle entries\"": \""Groups reviews that describe governance problems (nepotism, retaliatory or punitive policies, lost records, board/leadership failures) — this is about who runs and enforces policy and is intentionally distinguished from facility/resource issues, student-safety incidents, course/program availability, or classroom instruction quality.\"",\n    \""square entries report more frequent and severe student-safety and peer-behavior incidents than circle entries\"": \""Captures bullying, fights, assaults, substance‑use and ineffective anti‑bullying/discipline responses — a safety/behavior climate bucket that is conceptually separate from administrative governance, physical facilities/logistics, curricular offerings, or teacher‑level instructional variability.\"",\n    \""square entries contain more concrete operational, facility and scheduling/resource claims (overcrowding or underpopulation, renovated vs dilapidated buildings, cafeteria/bathroom problems, block/modified schedules, parent portals, transportation cuts, distance-learning failures) than circle entries\"": \""Groups concrete, on‑the‑ground infrastructure and operational realities (buildings, overcrowding, bathrooms, buses, schedules, food, technology rollouts) and is distinct from governance blame, student‑safety incidents, curricular/program strength, or teacher/special‑ed practice.\"",\n    \""square entries document more extensive advanced academic programs and measurable college‑prep outcomes than circle entries\"": \""Captures specific programmatic evidence (AP/IB/dual‑enrollment/magnet/CTE offerings, scholarships, rankings and alumni college outcomes) — this is about availability and measurable outcomes of academic pathways and is intentionally separate from facilities, safety, governance, or variability in instructional delivery.\"",\n    \""square entries show greater variability in teacher/instructional quality and more individualized student supports (both strong one‑on‑one help and formal remediation) than circle entries\"": \""Groups reports about classroom‑level execution — big swings between strong mentors and unprofessional/absent teachers, grading/organizational errors, and both examples of targeted tutoring/IEP/504 supports and failures — distinct from program availability, facilities/operational constraints, governance/favoritism, or campus safety incidents.\""\n}""]",,45.59808611869812,27054,2816,3333,,[],['resp_0b5506354e8ebc66006a74d6c8973081a18ddc376a0c9b04fe'],True
vote|reduce1|6|2,"[""{\n    \""square entries evidence greater administrative and staff dysfunction, favoritism, and unprofessional conduct than circle entries\"": \""This bucket groups the many reports of nepotism, biased enforcement, rude or retaliatory administrators, personnel mismanagement, and staff unprofessionalism — a governance/personnel pattern that is distinct from (and does not subsume) student-safety incidents, program offerings, extracurricular prominence, or facility/logistics issues.\"",\n    \""square entries report more frequent/severe student safety, bullying, substance‑use, and mental‑health crises and failures to protect than circle entries\"": \""This bucket captures the recurring, concrete accounts of fights, bullying, sexual misconduct, drugs/vaping, lockdowns, suicidality and failures to safeguard students — a safety/climate cluster that is about student behavior and protection (not about administrative favoritism, curricular breadth, extracurricular prominence, or physical infrastructure).\"",\n    \""square entries describe more concrete, named advanced-academic pathways and measurable postsecondary outcomes (AP/IB/honors/dual‑enrollment, high test-proficiency, college matriculation) than Circle entries\"": \""This bucket groups reports of explicit advanced-program offerings (IB, AP, dual enrollment, CTE/associates pathways), named curricula and alumni/college-placement evidence — a programmatic/academic-offering dimension that is separable from staff behavior, safety/climate, extracurricular/athletics emphasis, and day‑to‑day facilities or logistics.\"",\n    \""square entries report more extensive extracurricular breadth and a stronger athletics-centered culture — including budget/recognition favoritism toward sports — than circle entries\"": \""This bucket aggregates the many detailed references to broad clubs, award‑winning band/theatre, strong sports programs, booster/athletic prioritization and pay‑to‑play/exclusionary selection practices — an extracurricular/funding‑prioritization theme that is about programs and social hierarchy rather than safety, administration, academics, or facilities.\"",\n    \""square entries contain more detailed facility, health, and day‑to‑day operational logistics (positive or negative) than circle entries\"": \""This bucket collects the concrete, operational claims about buildings, renovations, overcrowding, sanitation/pest problems, bus/transportation shortages, scheduling/locker/testing logistics and device provisioning — an operational/infrastructure cluster that is distinct from governance, safety/climate, curricular offerings, or extracurricular culture.\""\n}""]",,45.68829584121704,26616,2624,3134,,[],['resp_0fc5122cd56c4a1b006a74d6c805a4819c947bd87e02f8ea20'],True
vote|reduce1|23|4,"[""{\n    \""square entries report more frequent and severe student safety, bullying, substance‑use, and physical‑violence incidents and claims of ineffective follow‑up than circle entries\"": \""Groups the many raw terms documenting fights, gang/drug activity, sexual harassment, suicidality, pervasive bullying and police/lockdown responses (and complaints that staff/administration failed to remediate) — a discrete safety/incident cluster that is about student harm and incident response rather than facilities, program offerings, or governance, so it is mutually exclusive from the other selected buckets.\"",\n    \""square entries report stronger advanced academic programs and measurable postsecondary/career outcomes (AP/IB/STEAM, national scholarships, college matriculation, vocational credentials) than circle entries\"": \""Captures the numerous concrete claims about IB/AP/dual‑credit, academies, CTE/magnet programs and demonstrable college/career outcomes — a programmatic academic‑pathway cluster focused on curricular offerings and outcomes that is distinct from safety, facilities, staff conduct, or student‑support service failures.\"",\n    \""square entries report more administrative and operational dysfunction, policy enforcement problems, favoritism, staffing/resource shortages, and facility/budget mismanagement than circle entries\"": \""Groups reports of governance failures (retaliation, nepotism, favoritism, arbitrary disciplinary policy, budget priorities, hiring/turnover and day‑to‑day operational mistakes) — a governance/management cluster that is about leadership and institutional practices rather than physical capacity, student safety incidents, academic program breadth, or special‑education/counseling service delivery.\"",\n    \""square entries report more chronic facility, overcrowding and material‑resource shortages than circle entries\"": \""Collects the many concrete complaints and positive notes about building condition, overcrowding/overpopulation, closed/unsanitary bathrooms, supply shortages, and logistical constraints (busing, scheduling) — a facilities and capacity cluster that is materially distinct from administration behavior, instructional programs, student safety incidents, or student‑support compliance.\"",\n    \""square entries report more failures and variability in student support services, special‑education/504 implementation, counseling/onboarding, and mental‑health handling than circle entries\"": \""Encompasses IEP/504 noncompliance, inconsistent counseling/college‑advising, mental‑health neglect, tutoring/substitute instability and wide swings in teacher support quality — a student‑support and instructional‑quality cluster focused on direct services to students that is separable from governance, facilities, safety incidents, and program offerings.\""\n}""]",,45.831498861312866,27136,2688,3251,,[],['resp_06184665cb74b147006a74d6c891b0819e9e10178ee9fa6028'],True
vote|reduce1|15|3,"[""{\n    \""Square entries indicate more administrative and operational dysfunction — favoritism/nepotism, condescending or unresponsive leadership, policy/discipline inconsistency, and facility/logistical failings (overcrowding, maintenance, registration/tech failures) — than circle entries\"": \""This bucket captures governance, decision‑making, complaint‑handling and office/process failures (e.g., rude front office, lost records, politicized hiring) and is clearly about leadership/governance rather than physical plant, student safety, program breadth, or classroom instruction, so it is mutually exclusive from the other four chosen buckets.\"",\n    \""square entries report more frequent and severe student-safety and behavioral incidents (bullying, fights, drugs, weapons, lockdowns) than circle entries\"": \""This groups all concrete accounts of on‑campus safety problems, substance use, gangs, assaults and police involvement, which are incidents of student behavior and security (distinct from administrative mismanagement, facilities capacity, curricular offerings, or teacher quality issues).\"",\n    \""square entries document more extensive advanced academic, specialized magnet, dual‑enrollment, vocational and arts programs and measurable college‑prep outcomes than circle entries\"": \""This bucket collects claims about programmatic breadth and measurable academic outcomes (AP/IB/dual credit/CTE/award‑winning band and college matriculation), which is a discrete fact about what the school offers and produces versus the other buckets that address safety, governance, facilities or instructional variability.\"",\n    \""square entries show greater variability in teacher quality, classroom instruction, and in‑class management (from highly engaged teachers to uncaring or abusive ones) than circle entries\"": \""This groups reports about teacher competence, turnover, differential assignment to advanced tracks, grading/favoritism and in‑class management—an instructional‑staffing phenomenon separate from administrative governance, physical capacity, student safety, or the presence of formal programs.\"",\n    \""square entries report more acute facility, capacity, and operational infrastructure problems (overcrowded classrooms, HVAC/hygiene failures, unsafe parking/egress, and cramped circulation) than circle entries\"": \""This bucket captures physical plant, crowding, sanitation, cafeteria/transportation and concrete resource/space shortages—operational/infrastructure issues that are distinct from leadership behavior, student safety incidents, curricular/program offerings, or teacher/instructional variability.\""\n}""]",,46.74381899833679,27228,2752,3247,,[],['resp_0401bcc53f64f6a6006a74d6c89fac81a293da7cbc645a18f8'],True
vote|reduce1|19|1,"[""{\n    \""square entries report more frequent and severe student-safety, bullying, and substance-abuse incidents than circle entries\"": \""This cluster groups every concrete report of fights, weapons, lockdowns, pervasive drug/alcohol use, sexual/physical assaults, and ineffective bullying/discipline responses into a single safety‑and‑behavior category that is distinct from programmatic, staffing, governance, or facilities claims.\"",\n    \""square entries describe stronger specialized academic, AP/IB, and college-/career-prep programs and measurable post‑secondary outcomes than circle entries\"": \""This bucket captures all concrete evidence about advanced academic pathways, AP/IB/dual‑enrollment/CTE offerings, test/college placement metrics and scholarship outcomes — a programmatic academic‑strength theme that is separate from safety, staffing variability, governance, or physical infrastructure.\"",\n    \""square entries report more administrative and staff misconduct, politicization, insider favoritism, and governance scandals (fabricated allegations, retaliation, nepotism, indicted officials) than circle entries\"": \""This grouping consolidates governance‑level problems (board/leadership cover‑ups, corruption, nepotism, recordkeeping/grade scandals and retaliation) into a single accountability/governance bucket that is conceptually distinct from classroom instruction quality, program offerings, facility issues, or student safety incidents.\"",\n    \""square entries document greater teacher/staff variability, turnover, favoritism, and staffing instability compared with circle entries\"": \""This bucket covers variability in teacher/counselor/paraprofessional quality, high turnover, substitute reliance, staff favoritism and inconsistent special‑education/counseling support — personnel and instructional‑stability issues that are different from governance misconduct, academic program breadth, safety incidents, or facilities problems.\"",\n    \""square entries report more facility, capacity, and operational problems (overcrowding, sanitation, maintenance, and outages) than circle entries\"": \""This category groups concrete, day‑to‑day logistical and physical resource problems (overcrowded classes, bad bathrooms/pests, lunch/traffic/scheduling constraints, tech/Chromebook issues and maintenance) that are distinct from governance, personnel variability, program offerings, or student‑safety crises.\""\n}""]",,46.895280838012695,27094,3072,3573,,[],['resp_00a8c2d7ad6b1db9006a74d6c89a7c819dbc15059f12ffeb52'],True
vote|reduce1|0|5,"[""{\n    \""square entries report more frequent and severe student safety and disciplinary incidents (bullying, physical harm, substance use, gangs) and mixed/security enforcement (either lax or punitive policing/searches) than circle entries\"": \""Groups all raw terms about concrete on-campus harm (fights, weapons, drugs, widespread bullying, lockdowns, invasive searches) into one safety‑focused bucket; this is distinct from administrative blame or programmatic offerings because it catalogs incidents and immediate enforcement outcomes rather than leadership, pedagogy, or facilities.\"",\n    \""square entries report more administrative unresponsiveness, inconsistent or favoritist policy enforcement, and failures of accountability/communication than circle entries\"": \""Captures favoritism/nepotism, unresponsive principals/counselors, grade tampering, politicized discipline and poor parent communication as a governance/accountability cluster; this is mutually exclusive from safety (incident reports) and from classroom/staff performance (teacher variability) because it centers on institutional decision‑making and recordkeeping.\"",\n    \""Square entries document broader and stronger advanced academic and career‑technical offerings and measurable college/career outcomes than circle entries\"": \""Groups specific evidence of formal academic pathways (AP/IB/dual enrollment, CTE/vocational tracks, external college partnerships, rankings and selective matriculation) into a single programmatic academic‑strength bucket that is distinct from extracurricular prominence, facilities, or teacher practice.\"",\n    \""square entries report more pronounced facilities, capacity, technology and logistical resource problems — and also more large capital investments — than circle entries\"": \""Groups the concrete resource and operational items (overcrowding, HVAC/pest/food issues, scheduling/locker mishaps, device rollouts, bond projects, user fees) into one infrastructure/logistics bucket; this focuses on physical/operational capacity and investments rather than governance, pedagogy, or student behavior.\"",\n    \""square entries show greater variability and polarization in teacher/staff performance, morale, and student support — including both high‑contact committed teachers and widespread apathy, counselor failures, special‑education mismanagement, turnover, and low morale — compared with circle entries\"": \""Collects all raw terms about classroom‑level staff behavior, inconsistent grading/instruction, counseling/special‑education successes and failures, turnover and morale into a staff‑performance/support bucket that is distinct from administrative governance (policies/favoritism), the existence of formal academic programs, facilities, or incident‑level safety reports.\""\n}""]",,47.510042905807495,24245,3136,3638,,[],['resp_010ac14eb9f5ee2c006a74d6cb1b7c819d8dc0b742faab5cd0'],True
vote|reduce1|10|1,"[""{\n    \""square entries document more concrete advanced academic, vocational and competitive program breadth and measurable college/elite outcomes than circle entries\"": \""Groups the many reviews that list AP/IB/dual‑enrollment/CTE/academies, named college placements, scholarships and measurable test/class metrics; this is distinct from operational/facilities, safety, staff conduct, and special‑education/counseling themes because it concerns program offerings and postsecondary outcomes rather than staffing, discipline, physical plant, or accommodation practices.\"",\n    \""square entries report more concrete facility, capacity, funding and operational-management problems (maintenance, overcrowding/trailers, scheduling/logistics, fragmented digital platforms, fees/budget pressure) than circle entries\"": \""Collects the reviews describing building condition, overcrowding/traffic/parking, HVAC/pest/cafeteria problems, capital investments and contested budget choices; this bucket is about physical and operational resourcing (not staff misconduct, student safety incidents, program breadth, or special‑education/counseling issues).\"",\n    \""square entries report more frequent and severe student-safety and behavior problems (bullying, fights, weapons, pervasive vaping/drug culture) that are often poorly remediated than circle entries\"": \""Captures the cluster of concrete safety incidents, weapons/drug sightings, pervasive bullying/fights and documented failures to protect students; it is focused on on‑campus safety/peer‑behavior outcomes and response effectiveness, and is kept separate from administrative governance, facility complaints, program offerings, and special‑education/counseling detail.\"",\n    \""square entries report more staff/administration problems — unresponsiveness, bullying or abusive staff behavior, punitive or inconsistent discipline, favoritism (often toward athletes), governance failures and record/credit mishandling — than circle entries\"": \""Groups allegations about adult behavior and governance: rude/unresponsive front‑office, favoritism, punitive or arbitrary discipline practices, cover‑ups, lost records and leadership/grievance failures; this bucket centers on personnel and governance misconduct (distinct from student safety incidents, which are peer behaviors, and from facility, program, or accommodation topics).\"",\n    \""square entries report more special‑education, IEP, learning‑disability, and counseling service detail (both failures and specific supports) than circle entries\"": \""Aggregates explicit reviewer accounts about IEP/504 breakdowns, denial or mishandling of accommodations, counseling availability/ineffectiveness or strong named counselor support and documented tutoring interventions; this bucket is about individualized student‑support processes and compliance, not about general program breadth, facilities, staff malfeasance, or peer safety problems.\""\n}""]",,47.84261202812195,27578,3264,3845,,[],['resp_03d3c037b4ca897e006a74d6c8709c81a294a651589e1338c0'],True
vote|reduce1|22|1,"[""{\n    \""Square entries report more frequent and more severe student safety, bullying, and substance‑abuse incidents (and linked mental‑health harms) than circle entries\"": \""Groups many raw items about daily fights, riots, pervasive bullying/cyberbullying, drug/vape use, sexual/racial harassment, suicidality and teachers/admins failing victims into a single safety‑climate bucket; this is distinct from administrative/process failures (how leaders behave) and from program/facility descriptions (what offerings exist).\"",\n    \""square entries document stronger and more numerous advanced academic programs and measurable college‑preparation outcomes than circle entries\"": \""Captures the repeated concrete claims about AP/IB/dual‑enrollment/CTE/STEM academies, college‑credit pathways and elite alumni outcomes found in square texts; this is about program availability and measurable outcomes, not about day‑to‑day safety, facilities logistcs, or administrative favoritism.\"",\n    \""square entries report more and better‑resourced extracurricular programs and facility investments, plus organized parent/alumni funding, than circle entries\"": \""Groups the many square examples of award‑winning band/arts, large club/sports portfolios, booster/parent funding, facility upgrades and high‑visibility extracurricular successes into one program‑resource/community‑support bucket that is separate from academic‑rigor claims, safety problems, or operational deficits.\"",\n    \""square entries report more administrative governance problems, inconsistent or punitive discipline, favoritism/protectionism, and discriminatory or cover‑up behavior than circle entries\"": \""Aggregates the allegations of leadership instability/scandal, nepotism/favoritism (athlete/wealth bias), grade‑changing, cover‑ups, arbitrary or punitive discipline and victim‑blaming into one governance/accountability bucket distinct from tangible resource/operational problems or program availability.\"",\n    \""square entries report more operational and resource problems (overcrowding, portable classrooms, maintenance/cleanliness, transportation and scheduling failures, unreliable tech, food quality, and poor administrative communication) than circle entries\"": \""Groups the concrete, logistical and infrastructure failures—overcrowded classes, cafeteria/food complaints, sanitation, bus shortages, scheduling/registration errors, underutilized or failing tech—into an operations/resources bucket that is materially different from safety incidents, academic program strength, extracurricular prominence, or governance misconduct.\""\n}""]",,48.18751502037048,26972,2624,3117,,[],['resp_0c7ad8a773d157fb006a74d6c89470819db17c769f63b883f0'],True
vote|reduce1|20|0,"[""{\n    \""square entries report more organized advanced academic and vocational programs (AP/IB/CTE/academies) and measurable college/career outcomes than circle entries\"": \""This groups reviews that name concrete program offerings (AP, IB, dual‑enrollment, STEM/CTE/magnet tracks), documented college placements/scholarships, internships and vocational pathways — a discrete fact about available curricula and measurable postsecondary outcomes that is distinct from governance, safety, facilities, or day‑to‑day instructional quality.\"",\n    \""square entries report more administrative/governance dysfunction, personnel instability, and poor accountability than circle entries\"": \""This captures reports of recordkeeping errors, lawsuits, turnover, nepotism/favoritism, unresponsive leadership and opaque decision‑making — a governance/administration theme separate from physical resources, classroom instruction, student safety incidents, or program breadth.\"",\n    \""square entries report more safety incidents, student substance use, and violent/bullying problems than circle entries\"": \""This groups concrete claims about fights, gang/drug activity, sexual/racial harassment, suicide attempts, pervasive bullying and weak incident remediation — a safety/discipline cluster that is conceptually and operationally distinct from facility conditions, administrative governance, program offerings, or teacher performance.\"",\n    \""square entries report more concrete operational, facility, scheduling, and resourcing constraints (overcrowding, limited course sections, staffing shortages, maintenance problems, security/emergency gaps, COVID remediation failures) than circle entries\"": \""This groups complaints and specifics about building condition, overcrowding, parking/transport, locker/passing‑time logistics, cafeteria/cleanliness, fees and capital projects — physical and operational resource constraints that are different from curricular breadth, governance or safety incident reports.\"",\n    \""square entries document greater variability and concrete problems in classroom instruction and teacher behavior (inconsistent teaching quality, unprofessional conduct, grading retaliation, tardiness, uneven responsiveness) than circle entries\"": \""This groups evidence about instructional delivery, teacher absenteeism/burnout, variable rigor, grading/assessment practices, counseling/special‑education breakdowns and frontline support — a staff/instructional support theme distinct from program availability, facilities/operations, governance, or safety incident frequency.\""\n}""]",,48.74455404281616,26858,2816,3300,,[],['resp_00ce12253e43e7ab006a74d6c9cf9081a2a215c12b869b0185'],True
vote|reduce1|14|4,"[""{\n    \""square entries report more pervasive bullying, violent incidents, substance use, targeted harassment, and severe student mental‑health harms — often with ineffective, dishonest, or cover‑up responses from administration — than circle entries\"": \""This bucket groups all safety‑and‑peer‑harm evidence (fights, drug/alcohol use, sexual misconduct, suicides/mental‑health harms, gang activity and repeated bullying) which is conceptually distinct from administrative/process failures, program offerings, facilities, or personnel‑quality topics covered in the other buckets.\"",\n    \""square entries document more concrete administrative/counseling operational breakdowns and bureaucratic mismanagement than circle entries\"": \""This bucket captures process and operational failures (slow/absent email replies, missed grade posting, scheduling/senior‑project/district policy problems, counselor nonresponsiveness, record‑keeping and procedural noncompliance) that are about institutional operations rather than safety incidents, staff misconduct, program breadth, or facilities/logistics.\"",\n    \""square entries describe broader and higher‑profile extracurricular, arts, and athletics offerings and achievements than circle entries\"": \""This bucket groups claims about the presence, scale, and competitive success of extracurricular programs (marching band, CIF wins, speech/debate, ROTC, boosters/alumni engagement, large arts/athletics investments), which is separate from academic rigor, safety, facilities maintenance, or staffing/favoritism issues.\"",\n    \""square entries document stronger advanced academic structures and measurable college‑preparation outcomes (AP/IB/dual‑enrollment, metrics, elite acceptances) than circle entries\"": \""This bucket collects concrete programmatic academic strengths and measurable outcomes (AP/IB/honors availability, dual‑enrollment, college credit, scholarships, SAT/GPA/college matriculation evidence) and is kept distinct from teacher/staff variability, administrative breakdowns, extracurricular prominence, or facility problems.\"",\n    \""square entries report more pronounced personnel and governance dysfunction (teacher favoritism/absenteeism, grading integrity problems, counseling/IEP failures, and unstable or politicized administration) than circle entries\"": \""This bucket groups personnel‑level dysfunction and equity/fairness failures (high turnover, nepotism/favoritism, grade‑rigging, staff misconduct, IEP/504 noncompliance and biased discipline) which are about who and how adults act and govern, distinct from site safety incidents, program breadth, academic offerings, or purely operational/bureaucratic failures.\""\n}""]",,49.03905010223389,27255,3200,3747,,[],['resp_0895ffdb2c924cc9006a74d6c8827481a2943fee93eb2a3b87'],True
vote|reduce1|14|3,"[""{\n    \""square entries report more extensive advanced/dual‑credit/academy programs and measurable college‑preparation outcomes than circle entries\"": \""Many raw items document named AP/IB/dual‑enrollment/academy pathways, quantified college credits, scholarship totals and measurable post‑secondary placement in Square reviews — a concrete program/outcome pattern distinct from (and non‑overlapping with) facilities, safety, extracurricular prominence, or personnel/governance failures.\"",\n    \""square entries describe a broader, higher‑profile extracurricular and athletic programming (often with access barriers or favoritism) than circle entries\"": \""Numerous Square reviews list award‑winning bands, many clubs, CTE/ROTC/vocational pathways, booster/alumni fundraising and championship athletics (plus allegations of athlete favoritism), a programmatic/extracurricular ecosystem that is substantively different from academic‑rigor, facility constraints, safety incidents, or administrative misconduct.\"",\n    \""square entries report more frequent and severe student safety/behavior incidents and inadequate responses than circle entries\"": \""A large cluster of Square items recounts fights, bullying, drug/vaping use, sexual assault, suicidality and claims that staff/administration failed to protect or remediate, a discrete safety/behavioral‑climate theme not captured by program breadth, facilities, or routine governance problems.\"",\n    \""square entries report more facility, capacity, and resource problems (overcrowding, maintenance failures, outdated technology, unsanitary/food issues) than circle entries\"": \""Many Square comments specifically name overcrowded classes, parking shortages, sanitation/pest problems, construction/renovation details and capital tradeoffs — concrete physical and logistical constraints separable from curricular offerings, safety incidents, or staff/leadership behavior.\"",\n    \""square entries report more administrative unresponsiveness, procedural mishandling, and leadership/accountability failures than circle entries\"": \""Numerous Square reviews describe lost records, poor parent communication, arbitrary/punitive discipline, nepotism/cover‑ups and counselor/scheduling breakdowns — governance and accountability problems that are conceptually distinct from classroom teacher professionalism, facility conditions, extracurricular assets, or student‑safety incidents.\""\n}""]",,49.325677156448364,27183,3392,3897,,[],['resp_0f22579802de9147006a74d6c897b0819186d10eea5395a2f9'],True
vote|reduce1|3|3,"[""{\n    \""square entries report stronger extracurricular prominence and an athletics/activities-first social hierarchy (robust band/arts, many clubs, athletic favoritism and social power for athletes) than circle entries\"": \""Groups all raw terms describing program breadth, award-winning music/athletics/arts, booster/parent funding and an athletics‑first social hierarchy (athlete favoritism, program prestige); this is distinct from governance, facilities, safety, or academics because it is about visible extracurricular program scale and cultural status rather than administrative failures, physical plant, incident rates, or curricular rigor.\"",\n    \""Square entries report more administrative, guidance, and governance dysfunction (unresponsiveness, misallocation, scheduling/enrollment failures, counselor errors, turnover) than circle entries\"": \""Aggregates the many items about broken processes, bad record‑keeping, counselor/placement errors, cover‑ups, favoritism/nepotism, politicized boards and leadership turnover; mutually exclusive because it focuses on governance/process failings rather than student safety events, facility conditions, extracurricular scope, or the presence/quality of advanced academic programs.\"",\n    \""square entries document substantially stronger/ broader advanced academic and measurable college-preparatory offerings and outcomes than circle entries\"": \""Captures the cluster of concrete AP/IB/honors/dual‑enrollment/STEM/academy pathways, high AP/SAT outcomes, college credits and scholarship/acceptance evidence; this bucket is about programmatic academic opportunity and measurable post‑secondary results, not about discipline, governance, extracurricular prestige, or building/operational problems.\"",\n    \""square entries contain more detailed facility, capacity and operational condition reporting (either acute maintenance failures or recent capital investments) than circle entries\"": \""Groups detailed, tangible accounts of physical plant and logistics—renovations vs. decay, overcrowding/parking/traffic, cafeteria/cleanliness, tech vs. supply tradeoffs and capital spending decisions—distinct from program quality, governance behavior, or safety incident frequencies because it is about built environment and operational logistics.\"",\n    \""square entries report more frequent student safety, drug/gang, bullying and physical‑violence incidents and simultaneous failures or heavy‑handedness in discipline than circle entries\"": \""Collects the many reports of fights, drug use, gang activity, pervasive bullying/harassment, police involvement and either inadequate or punitive disciplinary responses; this focuses on acute student‑behavior incidents and campus safety outcomes, separable from governance/process problems, program breadth, facilities, or academic-program descriptions.\""\n}""]",,49.44389367103577,27013,2752,3294,,[],['resp_0c0a4e67ec7a390c006a74d6c929f481a38237e346b420aba3'],True
vote|reduce1|24|4,"[""{\n    \""square entries report more frequent student safety incidents, bullying, substance use, and ineffective protective responses than circle entries\"": \""This bucket groups all concrete accounts of on‑campus student harm (fights, assaults, gang/drug activity, harassment, suicide attempts) and claims that staff/security fail to protect students — it is distinct from facility/resource, governance, programmatic, and teacher‑quality buckets because it concerns frontline student safety incidents and immediate supervision rather than administrative policy, physical infrastructure, curricular offerings, or instructional variability.\"",\n    \""square entries report more facility, capacity, and operational resource problems (overcrowding, pests, food, Wi‑Fi, transportation, materials) than circle entries\"": \""This bucket captures tangible, logistical and physical resource failures (crowded classes, broken HVAC, poor cafeteria/food policies, bus/transportation breakdowns, missing textbooks or tech distribution problems) and is mutually exclusive because it focuses on built environment and operations rather than student conduct, leadership/governance behavior, program strength, or teacher/counseling practice.\"",\n    \""square entries document stronger, more formalized college‑prep and advanced academic pathways and measurable post‑graduation outcomes than circle entries\"": \""This bucket groups explicit, named academic offerings and outcomes (AP/IB/dual‑enrollment/CTE pathways, high AP scores, college credit accumulation, alumni college placement) and is separate from other buckets because it concerns program availability and measurable academic results — not safety incidents, physical resources, administrative misconduct, or variability in classroom delivery.\"",\n    \""square entries report more administrative and governance dysfunctions, policy choices, and management issues (turnover, politicized hiring/layoffs, prioritizing metrics/funding over student needs, enrollment/scheduling chaos, favoritism and pay‑to‑play) than circle entries\"": \""This bucket collects complaints about district/school leadership, corruption, nepotism, budget/prioritization decisions, recordkeeping/legal escalations and opaque policies; it is exclusive because it addresses governance and policy‑level failures rather than frontline safety events, physical resource conditions, program richness, or teacher/counseling variability.\"",\n    \""square entries show greater variability and polarization in teacher/staff performance, morale, and student support — including both high‑contact committed teachers and widespread apathy, counselor failures, special‑education mismanagement, turnover, and low morale — compared with circle entries\"": \""This bucket groups reports of uneven instructional quality, strong standout staff alongside many ineffective or abusive teachers, counselor/IEP breakdowns, and high turnover; it is distinct from the governance bucket (which is about leaders/policy), the safety bucket (which is about student incidents), the facilities bucket (which is about physical/logistical conditions), and the program bucket (which is about formal curricular/extracurricular offerings and outcomes).\""\n}""]",,49.51391673088074,27438,3392,3992,,[],['resp_055c91cd042f606a006a74d6c894ac819cbe08f7ac22b768b9'],True
vote|reduce1|10|4,"[""{\n    \""square entries contain more concrete evidence about instructional quality, classroom management, student support services, and special-education practice (both positive and negative) than circle entries\"": \""This bucket groups the many raw items that give classroom‑level, teacher/counselor, tutoring and IEP/504 details (examples of strong tutors, unqualified teachers, missed IEPs, grading practices and classroom management) and is distinct from facility, safety, governance or program‑offerings buckets because it focuses on day‑to‑day instructional delivery and student‑support practices rather than buildings, discipline incidents, governance, or declared academic program breadth.\"",\n    \""square entries describe substantially richer, more numerous, and more measurable advanced/specialized academic and career programs and college‑outcomes (IB/AP/ECE, large AP loads, early‑college credit, vocational/CTE, remediation, scholarships) than circle entries\"": \""This bucket captures all concrete references to program types and measurable college/career outcomes (AP/IB/dual‑credit, magnet/CTE tracks, documented SAT/AP/college placements), and is mutually exclusive from the instructional/support bucket because it records which formal programs and credential pathways exist and their outcomes rather than how classes are taught or how support is delivered.\"",\n    \""square entries report more student safety and climate problems (bullying, fights, substance use, racial harassment) and failure or bias in disciplinary responses than circle entries\"": \""This groups incidents and climate evidence — fights, arrests, drugs/vaping, bullying, homophobia/transphobia, suicidality and administrators' ineffective or biased discipline — and is kept separate from governance or facilities buckets because it centers on student behavior, threat/harm events, and how safety policies play out, not on building condition, program offerings, or administrative organization.\"",\n    \""square entries report more administrative and operational dysfunction, poor communication, record‑keeping failures, punitive complaint handling, and governance problems than circle entries\"": \""This bucket collects items about leadership/unresponsiveness, nepotism, politicized board decisions, cover‑ups, scheduling/website/gradebook errors and punitive policy choices, and is distinct from facility/resource problems or classroom/instructional failures because it targets governance, decision‑making, and procedural/recordkeeping breakdowns at the managerial level.\"",\n    \""square entries report more operational and resource problems (overcrowding, portable classrooms, maintenance/cleanliness, transportation and scheduling failures, unreliable tech, food quality, and poor administrative communication) than circle entries\"": \""This bucket groups concrete, physical and logistical resource issues — building condition, overcrowding/trailers, sanitation, fees, scheduling and tech outages — and is kept separate from the administrative/governance bucket (which is about leadership and policy failings) and the safety, instructional, or programmatic buckets (which are about behavior, teaching, or curricular offerings respectively).\""\n}""]",,49.84415888786316,27228,3008,3632,,[],['resp_0536d331d76348b2006a74d6c8741081a3ad96f5d32ba15613'],True
vote|reduce1|14|2,"[""{\n    \""square entries report more administrative and operational dysfunction around communication, scheduling, counseling, accommodations, enrollment logistics, and policy enforcement than circle entries\"": \""Groups all evidence about broken office processes, recordkeeping, counselor/counseling failures, scheduling/credit errors, opaque policy enforcement and poor parent communication — a distinct cluster about how the school is run (procedures/administration) that is different from physical plant, safety incidents, curricular offerings, or extracurricular scale.\"",\n    \""square entries report more frequent and severe student safety/behavior problems, bullying, weapon/drug incidents, and invasive monitoring than circle entries\"": \""Captures the many concrete reports of fights, bullying, assaults, substance use, threats/lockdowns and intrusive security/monitoring — a discrete safety/behavior cluster that is about student conduct and immediate campus risk rather than administrative paperwork, facility condition, academic rigor, or program breadth.\"",\n    \""Square entries document more concrete advanced academic, vocational and competitive program breadth and measurable college/elite outcomes than circle entries\"": \""Collects items that name formal academic pathways (AP/IB/dual‑enrollment/CTE/academies), measurable postsecondary placements and test/college outcomes — a programmatic/outcomes cluster focused on curricular opportunity and results, separate from extracurricular clubs, facility issues, administrative responsiveness, or safety incidents.\"",\n    \""square entries report more facility, maintenance, overcrowding, and hazardous environmental problems than circle entries\"": \""Groups all physical‑plant and capacity evidence (overcrowding, closed/unsafe bathrooms, asbestos/mold, cafeteria/food problems, classroom relocations and renovation detail) — a concrete infrastructure/capacity theme distinct from governance, behavior, curricular offerings, or community boosters.\"",\n    \""square entries report broader, higher‑profile extracurricular and arts offerings and stronger community/booster engagement than circle entries\"": \""Captures the cluster of evidence about extensive clubs, band/arts, competitive athletics, booster funding, stadiums and active alumni/parent fundraising and spirit — a community/program‑scale resource and participation theme that is conceptually different from classroom academic programs, physical infrastructure problems, administrative process failures, or campus safety incidents.\""\n}""]",,51.076520919799805,26802,3456,3909,,[],['resp_02e2ccb23b5d1ab5006a74d6c896ec81a1a66e1853627886c4'],True
vote|reduce1|12|3,"[""{\n  \""square entries report more frequent and severe student safety/behavior problems, bullying, weapon/drug incidents, and invasive monitoring than circle entries\"": \""This groups the many concrete accounts of fights, arrests, gang/drug activity, bomb threats, bathroom vaping/drug use, police/armed responses, sexual‑assault reports, and ineffective incident reporting — a distinct category about on‑campus safety and misconduct that is separate from (a) administrative responsiveness, (b) program offerings, (c) facilities/logistics, and (d) extracurricular breadth.\"",\n  \""square entries report more administrative and staff unresponsiveness, arbitrariness, favoritism, and misconduct than circle entries\"": \""This captures root problems about adults and governance — lost paperwork, counselors/office rudeness, favoritism/nepotism, punitive or arbitrary discipline, billing/record errors, district cover‑ups and bullying by leaders — a personnel/governance cluster that is substantively different from safety incidents, facility failures, curricular offerings, or extracurricular program richness.\"",\n  \""square entries document more extensive formal advanced-academic programs, college-credit pathways, and higher selective/standardized outcomes than circle entries\"": \""This groups concrete programmatic evidence (AP/IB/dual‑enrollment, honors/AP participation, CTE/credential programs, measurable SAT/AP/college‑placement claims and elite admits) and is distinct from teacher/admin behavior, safety/climate, facility logistics, or extra‑curricular breadth.\"",\n  \""square entries report more operational and resource problems (overcrowding, portable classrooms, maintenance/cleanliness, transportation and scheduling failures, unreliable tech, food quality, and poor administrative communication) than circle entries\"": \""This bucket clusters tangible facility/capacity and day‑to‑day logistics failures — A/C/bathroom cleanliness, overcrowding, bussing/lunch/locker scheduling, registration/portal breakdowns and budget‑driven cuts — which are concrete infrastructure/operations issues separate from safety incidents, adult misconduct, program availability, or extracurricular prominence.\"",\n  \""square entries report far more extensive, high‑profile extracurricular arts, music, and athletic programs and booster/parent engagement than circle entries\"": \""This groups the many explicit descriptions of abundant clubs/41 clubs, award‑winning band/theatre/robotics/athletics, on‑campus internships/partner banks, booster/parental influence and athletic priority/favoritism — a distinct programmatic/community engagement cluster that differs from academic program claims, safety problems, facilities/operations, or staff/governance failures.\""\n}""]",,51.56356716156006,27026,1920,2467,,[],['resp_05d33f2e973c6a45006a74d6c8afa481a2a8cd6f1de697d949'],True
vote|reduce1|4|1,"[""{\n    \""square entries report more frequent and severe student safety, bullying, harassment, drug and violent‑incident problems and ineffective/incomplete disciplinary/Title IX responses than circle entries\"": \""This groups all raw terms about fights, gang activity, drug use, sexual misconduct, pervasive bullying/harassment, lockdowns and related incidents (and the school’s inadequate protective responses) — a distinct operational safety/climate cluster that is about on‑campus threat and victim protection and does not overlap with governance, facilities, special‑ed, or programmatic strength buckets.\"",\n    \""square entries report more administrative and non‑instructional governance failures, unresponsiveness, politicization, privacy/financial scandals, and problematic resource priorities than circle entries\"": \""This captures governance, board/district mismanagement, opaque or dishonest leadership, politicized decisions, budget/priority choices (e.g., athletic spending vs. instruction), and adversarial parent‑facing behavior — a management/governance category separate from student safety incidents, physical plant problems, special‑education/counseling execution, or academic program breadth.\"",\n    \""square entries report more operational capacity and facility/logistical issues (overcrowding, scheduling, transportation, parking, maintenance, hazardous design) than circle entries\"": \""This bucket groups concrete infrastructure and operational constraints — overcrowding/portables, vermin/cleanliness, restroom closures, bussing/transport scheduling, HVAC/repairs and cafeteria/food problems — which are material, site‑level resourcing problems distinct from governance conduct, instructional/program offerings, special‑education practice, or safety/behavior crises.\"",\n    \""square entries report stronger advanced‑academic programs and measurable college‑preparation outcomes than circle entries\"": \""This groups all concrete evidence of formal academic pathways and outcomes — AP/IB/dual‑enrollment, academies/CTE, test scores, scholarships, and named college/military placements — a programmatic/achievement cluster about course structure and postsecondary results that is conceptually separate from safety, facilities, governance, and special‑ed/counseling issues.\"",\n    \""square entries report more concrete student support structures and also more documented failures in guidance/IEP execution than circle entries\"": \""This bucket collects all reviewer evidence about counseling, 504/IEP handling, IEP denials/mishandling, inconsistent accommodations, staffing shortages in guidance/mental‑health, and both successful and failed individualized supports — a discrete category focused on case‑level student support delivery that is not the same as broad governance failures, campus safety incidents, facility problems, or advanced‑program availability.\""\n}""]",,52.837949991226196,27152,3200,3764,,[],['resp_03742e63ea5d5877006a74d6c8607c819c9f489ed579575f33'],True
vote|reduce1|16|0,"[""{\n    \""square entries evidence more administrative dysfunction, politicized discipline, favoritism/nepotism, and hostile parent‑communication than circle entries\"": \""Groups together reviews that allege governance problems (cover‑ups, nepotistic hiring, selective enforcement, politicized discipline and antagonistic parent relations); this is about leadership behavior and power/privilege dynamics and is distinct from logistical/process failures, facility problems, safety incidents, or program offerings.\"",\n    \""Square entries report more pervasive student-safety, bullying, violence, substance- and weapon-related incidents and ineffective administrative responses than circle entries\"": \""Captures the cluster of concrete safety harms (fights, gangs, drugs, weapons, sexual assaults, repeated bullying) and failures to protect victims — a student‑conduct and incident‑response theme that is substantively different from administrative favoritism, operational/process breakdowns, facility decay, or program breadth.\"",\n    \""square entries describe broader academic and extracurricular program breadth and measurable college/career outcomes than circle entries\"": \""Groups all detailed claims about abundant/advanced academic tracks (AP/IB/dual‑enroll/CTE/magnet), strong arts/band/JROTC/sports programs, and named college/scholarship outcomes — a program‑and‑outcomes cluster separate from safety, facilities, or governance/process complaints.\"",\n    \""square entries report more facility, capacity, and resource problems (overcrowding, maintenance failures, outdated technology, unsanitary/food issues) than circle entries\"": \""Collects concrete physical‑plant and space constraints (overcrowded classes, broken HVAC, dirty restrooms, lack of fields/rooms, technology shortfalls) that are about infrastructure and resourcing rather than incidents, governance choices, or curricular/programmatic breadth.\"",\n    \""square entries report more concrete administrative and operational mishandling (guidance/counseling failures, transcript/grade/privacy errors, scheduling and recordkeeping mistakes, mandatory-fee policies) than circle entries\"": \""Focuses on logistical and process failures (counselor no‑shows, scheduling/arena scheduling errors, missing grades/transcripts, residency/fee bureaucracy and poor parent communication) that are operational in nature and distinct from intentional favoritism/politicization, physical facilities, safety crises, or curricular offerings.\""\n}""]",,53.03159284591675,26979,3712,4187,,[],['resp_0320bd71b94a9529006a74d6c89310819fadb5c705cd300919'],True
vote|reduce1|8|2,"[""{\n    \""square entries report more frequent and severe student safety, bullying, harassment, drug and violent-incident problems and ineffective/incomplete disciplinary/Title IX responses than circle entries\"": \""This bucket captures the concrete incidents and safety/climate harms (fights, gangs, drugs, lockdowns, daily bullying, failed anti‑bullying/Title IX responses) reported in square entries and is distinct from governance or facilities problems because it focuses on student conduct and the school's protective response rather than who runs or funds the school.\"",\n    \""square entries report more administrative, counseling, and governance failures and biased disciplinary/governance practices than circle entries\"": \""This bucket groups reports of leadership and governance breakdowns (favoritism, nepotism, punitive policy changes, cover‑ups, unresponsive leaders and counselors) and is exclusive from the safety bucket because it describes decision‑making, policy, and accountability failures rather than the on‑the‑ground incidents themselves.\"",\n    \""square entries report stronger and broader programmatic resources and measurable academic outcomes than circle entries (AP/IB/honors, STEM/CTE, extensive extracurriculars, labs, and college-prep services)\"": \""This bucket groups all concrete descriptions of richer curricular and extracurricular offerings and measurable post‑secondary outcomes (IB/AP/CTE, award‑winning band, college matriculation) and is separate from operations or staffing buckets because it describes what programs/resources exist and their outcomes rather than how they are managed, staffed, or maintained.\"",\n    \""square entries report greater variability and concrete deficiencies in operational supports, facilities, and student services (special education failures, inconsistent counseling/tutoring, scheduling, maintenance, IDs/security, overcrowding) than circle entries\"": \""This bucket covers the logistical, facility and service‑delivery failures (broken bathrooms, overcrowding, lunch/ID failures, lost records, IEP noncompliance) and is distinct from the programmatic bucket because it focuses on execution, capacity, and service access rather than the presence or quality of academic/extracurricular programs.\"",\n    \""square entries show greater internal inconsistency and polarized experiences (wide dispersion in teacher quality, student outcomes, improvement over time) than circle entries\"": \""This bucket groups the highly variable classroom‑level instructional evidence in square entries (some teachers highly supportive or producing strong outcomes while others are absent/unprofessional/grade‑inflating), and is mutually exclusive from the governance, safety, programmatic, and facilities buckets because it specifically targets variability in teacher practice and student instructional experience rather than leadership, incidents, programs, or logistics.\""\n}""]",,53.038050174713135,26842,3328,3887,,[],['resp_0a1d55d3adcf04c0006a74d6c86868819f811ccc99f36d8737'],True
vote|reduce1|12|4,"[""{\n    \""square entries document more frequent and more severe student safety, substance‑abuse, sexual‑misconduct, gang/weapon, and on‑campus violence incidents (often with ineffective follow‑through) than circle entries\"": \""Groups of raw terms repeatedly describe guns, drug sales, frequent fights, sexual incidents, hate‑speech incidents, lockdowns/shelter‑in‑place, and ineffective or punitive official responses — a coherent safety/hostile‑climate cluster that is distinct from facility, curricular, administrative or teacher‑quality problems.\"",\n    \""square entries document more ADMINISTRATIVE DYSFUNCTION, POOR COMMUNICATION, AND GOVERNANCE/RESOURCE controversies than circle entries\"": \""Many items single out unresponsive or hostile principals, bureaucratic mismanagement, favoritism/nepotism, mishandled complaints, fee/policy disputes, union/board conflict and cover‑ups — an administrative/governance axis that is about who runs the school and how, separate from physical plant, safety incidents, curricular breadth, or classroom instruction.\"",\n    \""square entries report stronger and broader programmatic resources and measurable academic outcomes than circle entries (AP/IB/honors, STEM/CTE, extensive extracurriculars, labs, and college‑prep services)\"": \""A clear body of reviews documents abundant advanced classes, dual‑credit/IB/magnet/CTE pathways, measurable college acceptances and scholarships, and rich extracurriculars — a programmatic/college‑prep strength dimension that describes offered opportunities and outcomes rather than staffing, safety, or facilities problems.\"",\n    \""square entries report more operational and facility problems (overcrowding, severe maintenance and cleanliness failures, poor food/bus/parking logistics, missing materials) than circle entries\"": \""Numerous raw items detail overcrowded halls/trailers, vandalized/locked bathrooms, dated textbooks, poor cafeteria/parking logistics and contested capital priorities — an operations/infrastructure cluster focused on physical capacity and daily logistics distinct from curricular offerings, safety incidents, or administrative behavior.\"",\n    \""square entries report greater variability and instability in classroom instruction and staffing (polarized teacher quality, turnover, substitutes, grading inconsistency, and occasional curriculum refusal) than circle entries\"": \""Many reviews describe swings between exemplary, highly accessible teachers and abysmal/unprofessional or transient staff, inconsistent grading/PowerSchool use, homework/workload extremes, cheating/grade‑inflation claims and substitute‑coverage failures — a classroom‑level instructional and staffing variability theme that is not the same as governance, facilities, safety, or program breadth.\""\n}""]",,53.07338500022888,27549,2816,3357,,[],['resp_034ec1e92b57510f006a74d6c888cc81a19005a3f836034a15'],True
vote|reduce1|12|2,"[""{\n    \""square entries report more student-safety incidents, bullying, substance use and on-campus violence than circle entries\"": \""This bucket groups the many concrete reports of fights, weapons/drugs, severe bullying (including race/LGBT-targeted harassment and self-harm), and related on-campus violent or substance incidents described in square reviews — it is distinct from administrative-failure or counseling themes because it labels the incidents themselves (what happens to students), not how staff or systems respond.\"",\n    \""square entries document stronger and more numerous formal advanced/college-prep programs and measurable postsecondary outcomes than circle entries\"": \""This captures the recurring, specific programmatic evidence in square reviews (IB/AP/dual‑credit/STEM tracks, certifications, named college matriculations and scholarship outcomes) and is separate from general teaching quality or extracurricular breadth because it focuses on formal, measurable academic pathways and college-prep credentials.\"",\n    \""square entries report more administrative and staff misconduct, inconsistent policy enforcement, favoritism, and poor responsiveness (including counseling/guidance breakdowns and confidentiality breaches) than circle entries\"": \""This bucket groups named leadership/staff failures (nepotism, scandals, punitive/arbitrary discipline, favoritism, turnover, unresponsiveness and recordkeeping/communication misconduct) and is kept distinct from student-safety incidents and from special-education/counseling implementation because it centers on governance, personnel behavior, and procedural fairness.\"",\n    \""Square entries report worse physical facilities, operational constraints, and resource deficiencies (outdated technology, overcrowding, poor cafeteria/cleanliness, transportation shortages) than circle entries\"": \""This groups concrete, observable facility and operational problems documented in square reviews (overcrowding, dilapidated interiors, outdated equipment, cafeteria/bathroom problems, logistics/scheduling failures) and is mutually exclusive from programmatic/academic and personnel-failure buckets because it addresses capital, maintenance and daily operational constraints rather than programs or staff behavior.\"",\n    \""Square entries report more Special Education and counseling/mental‑health implementation failures and unmet legal accommodations than Circle entries\"": \""This bucket collects the explicit IEP/504 noncompliance, denied accommodations, inconsistent special‑education practice, counselor overload or helpfulness, and mental‑health support successes/failures found in square reviews — it is separated from general administrative misconduct because it specifically concerns legally protected supports and student‑level remediation/counseling practices.\""\n}""]",,53.42548990249634,26999,3328,3871,,[],['resp_085c005fa3fa5fb7006a74d6c895ac81a0bc77102631a85ad9'],True
vote|reduce1|21|4,"[""{\n    \""square entries report more frequent and severe student safety and disciplinary incidents (bullying, physical harm, substance use, gangs) and mixed/security enforcement (either lax or punitive policing/searches) than circle entries\"": \""Groups of raw terms repeatedly describe weapons, overdoses, weekly fights, gang presence, pervasive bullying, sexual assaults, and inconsistent or punitive security responses in square reviews — a distinct safety/discipline cluster that is about on‑campus violence and enforcement, not about administration, facilities, academics, or teacher quality (the other buckets).\"",\n    \""square entries describe substantially stronger and more formally structured advanced academic and college‑preparatory offerings and measurable postsecondary outcomes than circle entries\"": \""Many square items list AP/IB/dual‑credit/CTE pathways, named rigorous teachers, AP/IB outcomes, and concrete college placements/scholarships — this cluster captures programmatic academic breadth and measurable postsecondary success, which is conceptually separate from facility conditions, safety, counseling failures, or classroom conduct.\"",\n    \""square entries report more facility, sanitation, and capacity failures (overcrowding, broken/closed bathrooms, leaks, vermin, poor maintenance) than circle entries\"": \""Numerous square reviews give concrete physical‑plant evidence (overcrowded classes, vermin, HVAC/AC failures, recent renovations or new gym, cafeterias, bond campaigns and also pay‑to‑participate fees) — these are infrastructure/resource issues distinct from safety incidents, curricular offerings, counseling/IEP practices, or individual teacher behavior.\"",\n    \""square entries report more special‑education, 504/IEP, and counseling/transition failures (and transfer/credit harms) than circle entries\"": \""A recurring set of square items documents IEP/504 noncompliance, poor counseling/advising, failed transitions/transfer demotions, and legal/ADA problems — these are student‑support/systemic accommodation failures that are different from general governance, facilities, safety, or classroom instruction quality.\"",\n    \""square entries show greater variability and dysfunction in classroom instruction and teacher behavior (wide swings from highly dedicated to unqualified/abusive, favoritism, poor subject knowledge) than circle entries\"": \""Many square entries simultaneously name standout, caring teachers and specific allegations of abusive, unqualified or favoritist staff, grading manipulation, or teaching‑to‑tests — this teacher/instructional variability cluster focuses on classroom practice and staff conduct, separate from schoolwide governance, facilities, safety, or formal program availability.\""\n}""]",,53.931480884552,27163,3264,3784,,[],['resp_0729c74e501276b7006a74d6c89d6c81a3946d21081a87248f'],True
vote|reduce1|22|5,"[""{\n    \""square entries report more frequent safety, bullying, substance‑use, and violent‑incident problems (and ineffective disciplinary responses) than circle entries\"": \""This groups all reports about on‑campus student safety, fights, bullying, drugs/vaping, and the school’s failure to remediate them—clearly about frontline safety/incidents rather than governance, program offerings, classroom instruction, or extracurricular breadth, so it is distinct from the other buckets.\"",\n    \""square entries report more administrative and staff governance problems (poor communication, punitive/inconsistent policies, favoritism, unethical district behavior, and higher teacher turnover) than circle entries\"": \""This captures leadership/governance and personnel‑level dysfunction (board/district politics, nepotism, recordkeeping, communication failures and punitive policy application) which is organizational rather than a classroom‑level instructional or programmatic attribute, making it mutually exclusive from safety, teacher practice, programs, or extracurricular descriptions.\"",\n    \""square entries report more concrete advanced academic programs and measurable college-prep outcomes than circle entries\"": \""This buckets all mentions of AP/IB/dual‑enrollment/honors tracks, early college credit, measurable test/college placement outcomes and programmatic gatekeeping—it is a concrete cataloging of academic pathways and outcomes, not about safety, admin conduct, classroom misbehavior, or extracurricular breadth.\"",\n    \""square entries report broader, more numerous, and higher‑level extracurricular/arts/athletics programs and competitive achievements than circle entries\"": \""This groups claims about the scope and prestige of non‑core offerings (teams, bands, orchestras, state championships, award‑winning arts, CTE/vocational clubs and facility investments) and is explicitly about extracurricular ecosystem and public competitive success, distinct from academic program availability, classroom instruction quality, safety, or governance.\"",\n    \""square entries provide more specific evidence of instructional variability, staffing instability, and student‑support outcomes (teacher effectiveness, turnover, counseling, and special‑education practice) than circle entries\"": \""This covers classroom‑level teacher behaviors (both supportive and abusive), uneven instructional quality, staffing shortages/burnout, counselor/IEP/504 implementation and special‑education failures—concrete student‑support and instructional practice issues that are different from governance, safety incidents, program breadth, or extracurricular offerings.\""\n}""]",,54.34721517562866,24935,3520,4011,,[],['resp_076e182c376cea20006a74d6c8a0f481a2954e70ac91c6f7fa'],True
vote|reduce1|20|4,"[""{\n    \""square entries document more administrative/staff accountability and governance failures (unresponsiveness, favoritism, recordkeeping and punitive retaliation) than circle entries\"": \""Groups all evidence about leadership and governance problems (unresponsive counselors/principals, favoritism/nepotism, lost/withheld records, punitive/retaliatory policies) into one bucket focused on personnel and process failures; this is mutually exclusive because it is about governance/accountability rather than physical safety, facilities/logistics, curricular offerings, or program breadth/funding.\"",\n    \""Square entries report more student safety incidents, substance use, and on-campus misconduct than circle entries\"": \""Captures the recurring reports of bullying, fights, weapons/drugs, sexual misconduct, lockdowns and related on-campus threats/health harms; this is distinct from administrative dysfunction (how leaders respond), facility or scheduling problems (physical causes), extracurricular breadth, or academic-program claims.\"",\n    \""Square entries report more facility, capacity, and operational resource problems (overcrowding, sanitation/maintenance issues, scheduling/tech/logistical failures, and material shortages) than circle entries\"": \""Groups all concrete infrastructure and day‑to‑day logistics complaints (overcrowding, collapsing portables, pests/sewage, cafeteria/transportation/locker/scheduling/tech breakdowns, missing textbooks) into one bucket focused on physical and operational constraints, separate from governance, safety incidents, curricular strength, or extra‑curricular/funding debates.\"",\n    \""square entries provide far richer, more concrete detail about extracurricular programming, facilities, and resource allocation (including athletic/arts funding tradeoffs) than circle entries\"": \""Collects the long lists of named clubs/teams/band/ROTC/CTE programs, athletic/arts facility investments, pay‑to‑play or booster activity, and explicit claims of athletics‑first resource prioritization into a single program/funding bucket that is about offerings and allocation rather than academic rigor, safety, governance, or infrastructure failures.\"",\n    \""square entries document stronger, broader advanced academic programs, AP/IB/dual-credit offerings and measurable post‑secondary outcomes than circle entries\"": \""Groups all evidence of formal college‑prep and advanced curricular strength (IB/AP/honors, dual‑credit, academies, high college‑admit metrics or elite matriculation) into a single academic‑program/outcome bucket, which is clearly separate from extracurricular breadth, facilities/operations, safety incidents, or administrative/governance dysfunction.\""\n}""]",,54.75919318199158,27395,3712,4244,,[],['resp_06f1e7929cbb7aac006a74d6c893348192ad71bc60112fbab4'],True
vote|reduce1|19|0,"[""{\n    \""square entries report more extensive formal advanced academic and college‑preparatory pathways (AP/IB, dual‑enrollment, career certifications) and stronger postsecondary outcomes than circle entries\"": \""This groups the many raw items that list concrete program offerings (IB, AP, ROTC, dual‑enrollment, CTE, Engineering/Pre‑Med academies) and measurable outcomes (scholarships, college acceptances) into a single programmatic/outcome bucket — distinct from governance, safety, facility, or instructional‑support themes because it names the school’s formal course/pathway offerings and downstream results rather than how they are administered or experienced.\"",\n    \""Square entries report more facility, capacity, and operational resource problems (overcrowding, sanitation/maintenance issues, scheduling/tech/logistical failures, and material shortages) than circle entries\"": \""This captures concrete, physical and logistical problems found across the raw terms — pests, crowded halls, broken cafeteria/food shortages, bus/transportation shortages, scheduling/start‑time complaints, and outdated tech — and is kept separate from safety/behavior (student misconduct) and from governance (who manages budgets/policies) because it focuses on built‑environment and day‑to‑day operational resource constraints.\"",\n    \""square entries report more frequent and specific safety and student‑behavior problems (bullying, fights, drugs/vaping, assaults, police involvement) than circle entries\"": \""This bucket consolidates explicit safety‑and‑climate incidents and failures (student and staff bullying, vaping/drug use, assaults, hate incidents, ineffective anti‑bullying responses and police involvement), which are qualitatively about student conduct and on‑site physical/psychological safety and are therefore distinct from facility upkeep, program offerings, or administrative mismanagement.\"",\n    \""square entries report more administrative and governance failures (poor communication, punitive/inconsistent policies, favoritism, unethical district behavior, and higher teacher turnover) than circle entries\"": \""This groups allegations about leadership and governance — board corruption/censorship, nepotism/favoritism, billing/enrollment errors, tenure‑protected underperformers, inconsistent/punitive policy enforcement and nonresponsive superintendents/counseling offices — and is intentionally separate from instructional variability or facilities because it refers to governance actions, decisions, and systemic accountability problems, not frontline program content or building conditions.\"",\n    \""square entries exhibit greater internal variability and polarized teacher/staff behavior (both pronounced high‑support and explicit unprofessionalism/favoritism) than circle entries\"": \""This bucket collects the many reports of wildly mixed staff performance — teachers praised as exceptional alongside allegations of teacher abuse, bullying by staff, grade‑manipulation, uneven AP access, high turnover, and inconsistent counseling/IEP handling — and is distinct from governance (who makes policy), advancedprogram presence (what offerings exist), safety incidents (student conduct), and facility problems because it focuses on variability and inequity in how adults deliver instruction and supports to students.\""\n}""]",,54.8517529964447,27175,3072,3744,,[],['resp_06c8aa984bd6c1d1006a74d6c895f081929634bd73b712de9e'],True
vote|reduce1|0|1,"[""{\n    \""square entries report more frequent and severe on‑campus safety incidents (fights, drugs, gangs, sexual assault, suicide, and shooting threats) than circle entries\"": \""This bucket groups all concrete reports about student safety, bullying, substance use, gang/fight incidents, lockdowns and weapon/threat events — it is about on‑campus safety/crisis occurrences and their immediate consequences, not about academic offerings, facilities, governance, or extracurricular breadth (so it stays distinct from the other four buckets).\"",\n    \""square entries report stronger formal advanced-academic programs and measurable college-prep outcomes than circle entries\"": \""This bucket captures AP/IB/dual‑enrollment/STEM/credential pathways and quantified college/test outcomes described in the reviews — a programmatic/outcome theme focused on curricular rigor and college preparation that is conceptually separate from safety, facilities, governance, or extracurricular prominence.\"",\n    \""square entries allege more administrative misconduct, favoritism, and unresponsive district governance than circle entries\"": \""This bucket groups allegations about leadership behavior, nepotism/favoritism, cover‑ups, school‑board/district unresponsiveness and punitive or arbitrary personnel/discipline practices — governance and staff‑accountability problems distinct from facility condition, program breadth, safety incidents, or curricular offerings.\"",\n    \""square entries report more facility, overcrowding, and resource‑priority conditions (maintenance, capacity, tech, and budget allocations) than circle entries\"": \""This bucket groups concrete, physical and logistical constraints — overcrowded classrooms, HVAC/cleanliness/maintenance problems, capacity/traffic/short passing times, equipment/tech and budget‑allocation tradeoffs — and is focused on built environment and daily operations rather than governance decisions, safety incidents, extracurricular scope, or academic program content.\"",\n    \""square entries highlight a broader, higher‑profile extracurricular/athletics and performing-arts infrastructure (and related favoritism) than circle entries\"": \""This bucket collects descriptions of rich/large extracurricular ecosystems (competitive sports, marching band, boosters, CTE/robotics, awards and community turnout) and program‑level prominence (including funding/prioritization tensions tied to athletics/arts), which is about program visibility and participation rather than core academic rigor, physical facility condition, governance misconduct, or acute safety crises.\""\n}""]",,55.21876502037048,26947,2176,2706,,[],['resp_0fc2c40cf1ad2d33006a74d6c85ddc819290d355db587fca46'],True
vote|reduce1|23|0,"[""{\n    \""square entries report more detailed and contested special‑education, counseling, and student‑support experiences (both strong support anecdotes and well‑documented failures) than circle entries\"": \""This bucket groups all reviews that give concrete, often conflicting accounts about IEP/504 execution, counselor responsiveness, mental‑health supports and remediation/tutoring (both praised and failed), and is distinct from administration, facilities, safety, or academic‑program claims because it focuses specifically on individualized student supports and special‑education processes rather than governance, buildings, or program offerings.\"",\n    \""square entries report more visible administrative and district‑level dysfunction, favoritism, secrecy, turnover, and poor communication than circle entries\"": \""This captures reports of nepotism, cover‑ups, lost/misfiled records, politicized discipline, opaque district decisions and adversarial parent interactions—issues about governance and process rather than classroom instruction, student safety incidents, facility conditions, or availability of advanced programs.\"",\n    \""square entries report more pervasive student-safety problems and ineffective/uneven anti-bullying responses than circle entries\"": \""This bucket groups concrete accounts of fights, weapons/drugs on campus, sexual harassment, repeated bullying and either ignored or inconsistent incident responses, and is kept separate from administrative dysfunction (which may describe cause or cover‑up) because it centers on on‑campus harm and behavioral incidents themselves.\"",\n    \""square entries report more pronounced facility, logistical and resource problems (overcrowding, outdated/decaying equipment and furnishings, pest/cleanliness issues, restrictive/overreaching security and misallocated tech spending) than circle entries\"": \""This groups complaints and descriptions about physical capacity, cleanliness, cafeteria/food/transport issues, traffic/parking, HVAC/pest problems and concrete resource trade‑offs, and is intentionally distinct from programmatic/academic or personnel issues because it concerns the material and logistical environment of the school.\"",\n    \""square entries report stronger and broader advanced academic programs and measurable college outcomes than circle entries\"": \""This bucket collects the many concrete claims about AP/IB/dual‑credit, STEM/CTE academies, named college credits, scholarship/college‑placement evidence and award‑winning competitive teams, and is exclusive from teacher/counseling or operational complaints because it describes formal curricular pathways and measurable post‑secondary outcomes rather than staffing, safety, or facilities.\""\n}""]",,56.55397891998291,27172,2368,2855,,[],['resp_0f573afe6e2a2927006a74d6c897f081a28b50697c93ec4349'],True
vote|reduce1|6|1,"[""{\n    \""square entries report more INSTRUCTIONAL QUALITY, GRADING/ASSESSMENT DESIGN, and TEACHER‑LEVEL PRACTICE PROBLEMS (and some strong teacher examples) than circle entries\"": \""Groups of raw terms cluster heavily around classroom-level practice — uneven teacher competence, grading irregularities, heavy homework, weak subject instruction (especially math), and occasional exemplary teachers — a distinct, actionable set of problems about pedagogy and assessment that is separate from facility, safety, governance, or program‑availability issues.\"",\n    \""square entries document more concrete administrative/counseling operational breakdowns and bureaucratic mismanagement than circle entries\"": \""Many raw terms describe recordkeeping loss, counselor overload/mis-scheduling, lost files, poor communication, opaque policies, and unhelpful or punitive administrators — operational and governance failures that concern school systems/processes rather than teacher instruction, physical resources, student-safety incidents, or program offerings, making this bucket distinct.\"",\n    \""square entries report more frequent and severe student safety, bullying, substance‑use, physical‑violence, and sexual‑misconduct incidents and failures to address them than circle entries\"": \""A large subset of items document fights, bullying and harassment, drug/alcohol use, threats/assaults, and reports that the school fails to protect victims — a concrete safety/climate cluster that is conceptually and evidentially different from administrative paperwork problems, curricular/program strength, facility capacity, or teacher grading practices.\"",\n    \""square entries report more concrete facility, operational, and logistical problems (overcrowding, broken infrastructure, cafeteria/traffic/scheduling issues, supply/budget shortfalls) than circle entries\"": \""Numerous raw entries focus specifically on physical plant, overcrowding, HVAC/water/food problems, bus/transportation and scheduling logistics or tech/material shortages — tangible infrastructure and operational-resource issues that are neither classroom pedagogy nor safety/behavior nor programmatic academic breadth.\"",\n    \""square entries report more concrete advanced academic programming and college-preparation partnerships (AP, IB, dual‑credit / PSEO agreements) and measurable postsecondary outcomes than circle entries\"": \""Many items enumerate AP/IB/dual‑enrollment, CTE/magnet tracks, college-credit partnerships, and concrete college‑placement statistics — an explicit programmatic/offerings cluster about academic pathways and outcomes that is conceptually distinct from teacher practice, administrative process, campus safety, or facilities.\""\n}""]",,57.137978076934814,27465,3200,3747,,[],['resp_02ef780048f4a482006a74d6c8d28481a2a4281118d14535fe'],True
vote|reduce1|8|1,"[""{\n    \""square entries report more frequent and severe student-safety incidents, substance use, and police/lockdown involvement than circle entries\"": \""This groups all concrete safety/crisis reports (fights, weapons, gang/drug activity, bomb threats, police on campus, suicidality and severe student distress) into a single theme about on‑campus harm and emergency response; it is distinct from administrative or programmatic complaints because it concerns student conduct and safety outcomes rather than governance, facilities, or curricular offerings.\"",\n    \""square entries report more administrative and operational dysfunction, inconsistent policy enforcement, favoritism/nepotism, and poor responsiveness than circle entries\"": \""This groups descriptions of leadership failure, biased enforcement, cover‑ups, recordkeeping/communication breakdowns, and political/corrupt behavior into one governance/operations bucket; it is kept separate from safety (incidents) and from instructional/program descriptions because it centers on how adults and systems run the school rather than on student programs, facilities, or curricular breadth.\"",\n    \""square entries report more extensive formal advanced academic and college‑preparatory pathways (AP/IB, dual‑enrollment, career certifications) and stronger postsecondary outcomes than circle entries\"": \""This captures concrete program- and outcome-level academic strengths (AP/IB, PSEO/dual credit, CTE credentials, measurable college matriculation and test-score claims) rather than teacher practice or climate; it is mutually exclusive from the governance, safety, extracurricular, and facilities buckets because it specifically describes formal academic pathways and measurable downstream results.\"",\n    \""square entries emphasize larger, higher‑profile extracurricular and athletics programs — often accompanied by claims of athlete favoritism, pay‑to‑play costs, and social hierarchy — more than circle entries\"": \""This groups all concrete extracurricular evidence (award‑winning band/robotics, many clubs, strong athletics, booster/parent pressure, athlete privileging and selection practices) into a single programmatic/extracurricular bucket; it remains distinct from the advanced‑academic bucket (academic pathways) because it concerns non‑classroom programming and resource prioritization and distinct from facilities because it primarily describes program scale, outcomes, and favoritism.\"",\n    \""square entries report more facility, capacity and operational resource shortfalls and logistical breakdowns than circle entries\"": \""This groups tangible physical/infrastructure and logistics problems (overcrowding, portables, run‑down buildings, food safety, bus/transportation problems, renovation disruptions, technology/textbook shortages) into an operational‑infrastructure bucket that is separate from governance (who mismanages), safety incidents (student harm), extracurricular scale (program breadth), and academic-pathway availability (AP/dual‑credit).\""\n}""]",,57.56260895729065,27005,3904,4496,,[],['resp_0ef3747e2d02051f006a74d6c8712c81a2907c9d9dadca77ce'],True
vote|reduce1|9|5,"[""{\n    \""square entries report more administrative and staff unresponsiveness, punitive or opaque policies, and mishandling of records (including staffing turnover and alleged staff misconduct) than circle entries\"": \""This cluster groups governance, communication, favoritism, punitive policy, recordkeeping and turnover complaints—administration-level failures distinct from classroom instruction, physical resources, safety incidents, or program availability, and so does not overlap with the other four buckets.\"",\n    \""square entries show more classroom‑level instructional, assessment, and student‑support failures and variability (teacher quality swings, extreme grading policies, ignored IEPs/504, poor counseling) than circle entries\"": \""This bucket captures teacher/classroom practices, grading/assessment, and direct student-support (special‑education, counseling) variability—concrete instructional and service-delivery failures that are meaningfully different from governance, building/resources, safety incidents, or program breadth.\"",\n    \""square entries document more frequent and severe student‑safety and misconduct incidents (bullying, fights, drugs, sexual misconduct) and at‑times inadequate incident response than circle entries\"": \""This groups all peer-safety and misconduct phenomena (violent incidents, drugs, bullying, weapons) plus failure to remediate them, which is clearly separable from administrative governance, instructional quality, facility resourcing, or academic-program differences.\"",\n    \""square entries report more concrete facilities, maintenance, and resourcing shortfalls and district fiscal problems (aging/rundown buildings, overcrowding, HVAC/ventilation failures, filthy bathrooms, inadequate textbooks/food, levy distrust) than circle entries\"": \""This bucket is explicitly about physical plant, capacity, material resources, and operational logistics (overcrowding, pests, food, transport, wifi), distinct from personnel behavior, classroom practice, safety incidents, or curricular/program offerings.\"",\n    \""square entries report more concrete advanced‑academic pathways, college‑credit and formal vocational/CTE offerings than circle entries\"": \""This groups all concrete programmatic breadth and measurable academic/career outcomes (AP/IB/dual‑enrollment, academies, internships, competitive awards and college matriculation), which is a distinct institutional offering dimension separate from facilities, safety, administration, or everyday classroom delivery.\""\n}""]",,58.27798295021057,24745,1664,2157,,[],['resp_0de07f742543d70d006a74d6c9260481a0bb0439ce27540260'],True
vote|reduce1|1|3,"[""{\n    \""square entries report far worse student safety, bullying, substance and violence problems than circle entries\"": \""Many raw items uniquely document fights, daily violence, drug use, sexualized behavior, lockdowns, police involvement, teen‑pregnancy and pervasive bullying in square reviews—this cluster is specifically about student safety and behavioral crises and does not overlap with administrative, facilities, academic-program, or teacher‑quality buckets.\"",\n    \""square entries report more facility, capacity, transportation, and budget/resource problems (or concrete renovation activity) than circle entries\"": \""Numerous square reviews describe overcrowding, portables, leaking roofs, HVAC/cleanliness, bus/transport failures, parking/entry logistics and contested spending or capital projects—these are concrete physical, capacity and logistics issues distinct from governance, safety, instructional quality or extracurricular program content.\"",\n    \""square entries report more administrative/governance dysfunction, personnel instability, and poor accountability than circle entries\"": \""A large subset of square items allege unresponsive administrators, nepotism/favoritism, recordkeeping errors, superintendent/board failures, punitive policies and high turnover—this governance/mismanagement theme is about leadership and accountability and is separate from safety incidents, facilities problems, program offerings, or classroom instruction.\"",\n    \""square entries report more concrete advanced academic and college‑prep programs and measurable postsecondary outcomes than circle entries\"": \""Square reviews repeatedly list named AP/IB/dual‑enrollment/CTE partnerships, scholarship/college‑matriculation metrics, and explicit college‑credit pathways—this is a programmatic/outcome cluster (what academic opportunities exist and measurable results) and is distinct from staff variability, safety, facilities, or administrative dysfunction.\"",\n    \""square entries show greater polarization and variability in teacher/staff quality, stability, and student‑support practices than circle entries\"": \""Many square reviews contain both praise for highly dedicated, accessible teachers/counselors and simultaneous reports of numerous unqualified, disengaged, or abusive staff and IEP/guidance failures—this internal instructional/support variability (including special‑education outcomes and counseling responsiveness) is a classroom/staffing phenomenon separate from governance, facility, safety, or program‑availability issues.\""\n}""]",,58.75830101966858,27406,3584,4069,,[],['resp_020cda0e6ee5f913006a74d6c86410819e9d1b7e7ba7763707'],True
vote|reduce1|9|4,"[""{\n    \""square entries report stronger, more explicit advanced academic programs and measurable college/career outcomes than circle entries\"": \""Covers the many square reviews that name AP/IB/dual‑enrollment, selective tracks, measurable outcomes (National Merit, Ivy admits, college graduations) — and is distinct from other buckets because it focuses only on formal academic pathways and outcome evidence, not on facility, safety, staff, or extracurricular issues.\"",\n    \""square entries report more administrative/policy dysfunction, authoritarian or inconsistently enforced discipline, favoritism, and public governance conflict than circle entries\"": \""Groups the numerous square claims about governance, nepotism, favoritism of athletes, punitive/arbitrary rules, board/superintendent conflict and policy manipulation — mutually exclusive because it addresses institutional leadership/discipline/governance practices rather than program breadth, facilities, or student safety incidents.\"",\n    \""square entries report more frequent and severe student safety and behavioral incidents (fights, assaults, gangs, drugs, bomb/gun threats, cyberbullying) than circle entries\"": \""Captures the wide set of square reports of bullying, assaults, gang/drug presence, weapon incidents, suicides/self‑harm and ineffective protection — kept separate from administrative dysfunction because it catalogs behavioral/safety events and their direct student‑harm consequences rather than governance explanations.\"",\n    \""Square entries report worse physical infrastructure, resourcing, and logistical safety problems (building disrepair, overcrowding, cafeteria/food/health hazards, transportation/traffic issues) than circle entries\"": \""Groups square complaints about overcrowded hallways, filthy/aging buildings, food/health hazards, broken HVAC/tech and transportation/logistics failures — distinct from programmatic or governance themes because it concerns tangible campus/facilities and day‑to‑day resource logistics.\"",\n    \""square entries describe broader, higher‑profile extracurricular, vocational programs and visible facility investments (competitive arts, many clubs, vocational centers, athletic facilities/attendance) than circle entries\"": \""Collects square evidence of extensive extracurricular ecosystems (award‑winning band, NJROTC, CTE shops, sports success, boosters/parent fundraising and visible capital projects) — explicitly separate from academic-program strength, safety, governance, or general facilities failures because it highlights program breadth, recognition, and parent/community program engagement.\"" \n}""]",,62.51050400733948,27122,2624,3107,,[],['resp_0b6b55cd174c0ae1006a74d6c88fb48191831e28674cff82c0'],True
vote|reduce1|11|1,"[""{\n    \""Square entries report more frequent, severe student-safety and hostile-climate incidents (violence, gangs, drugs, sexual assault, targeted hate and pervasive bullying) and also describe ineffective or inconsistent anti-bullying/discipline responses than Circle entries\"": \""Groups of raw terms repeatedly document violence, pervasive bullying, drug use, fights, threats and failed or inconsistent protective responses in the square reviews, a discrete safety/climate cluster that is distinct from administrative, facilities, academic, or staffing issues.\"",\n    \""Square entries report more concrete operational/facility and resource-allocation problems plus visible budget/prioritization choices (overcrowding, maintenance, pests, busing/traffic, parking, and athletics-first spending) than circle entries\"": \""Many raw items describe physical‑plant, overcrowding, sanitation, parking/transport, and contested capital or athletics spending in square reviews — a tangible facilities/resources category separate from safety, leadership, instructional quality, or program offerings.\"",\n    \""square entries document more entrenched administrative misconduct, favoritism, and governance/accountability failures than circle entries\"": \""A broad set of raw terms in the square group alleges nepotism, favoritism, grade/discipline manipulation, unresponsive or punitive complaint-handling and other governance mismanagement — an administrative/governance cluster that is about decision‑making and accountability rather than facilities, safety, instruction, or program breadth.\"",\n    \""square entries document stronger and more numerous formal academic programs, technical/vocational facilities, and college-preparation supports than circle entries\"": \""Numerous square items catalog concrete program offerings (AP/IB/dual‑enrollment, CTE/vo‑tech, aviation hangars, high-performing bands/teams) and measurable college outcomes, forming a distinct programmatic/college‑prep accomplishments bucket separate from teacher behavior, safety or facilities problems.\"",\n    \""square entries show greater extremes and internal variability in teacher/staff behavior, instructional quality, and special‑education supports (both high‑quality mentorship and allegations of unprofessional/abusive teachers) than circle entries\"": \""The square corpus repeatedly contains polarized evidence — from highly available, named, excellent teachers and strong special‑ed supports to unqualified, abusive, or negligent staff — a staff/instructional‑variability theme that is about personnel performance and student supports rather than governance, facilities, safety, or program offerings.\""\n}""]",,64.88177108764648,27216,3392,3925,,[],['resp_0d0ae8776f484a08006a74d6c87d5081a0be5938e3f08aff6e'],True
vote|reduce1|18|4,"[""{\n    \""square entries show greater variability in teacher/instructional quality and more individualized student supports (both strong one‑on‑one help and formal remediation) than circle entries\"": \""This bucket groups reviews describing polarized classroom practice (from excellent, available teachers and heavy homework/office hours to apathetic or unqualified instructors, uneven grading, and mixed special‑education supports), and is distinct from facility, governance, program‑offering, or scheduling failures because it focuses specifically on classroom instruction and direct student academic support.\"",\n    \""square entries report greater overcrowding, capacity/staffing shortages, aging or inadequate facilities, and funding/operational constraints (cafeteria overcrowding, HVAC failures, large enrollments, fee enforcement) than circle entries\"": \""This captures all concrete building/space/resource problems (overcrowded classes, pests, broken bathrooms, capital projects, cramped cafeterias, budget cuts/fee conflicts) and is mutually exclusive from instructional quality, administrative misconduct, program breadth, or counseling/scheduling breakdowns because it is about physical capacity and resourcing rather than people‑level practice or governance.\"",\n    \""square entries document more concrete administrative/counseling operational breakdowns and bureaucratic mismanagement than circle entries\"": \""This bucket groups scheduling errors, guidance/counseling failures, IEP/enrollment hurdles, lost records, transfer obstacles, medication/transportation mishandling and similar bureaucratic breakdowns, and is separate from the 'administrative dysfunction/favoritism' bucket because it flags operational incompetence and process failures rather than deliberate favoritism, cover‑ups, or personnel misconduct.\"",\n    \""square entries document more administrative dysfunction, favoritism, and personnel misconduct than circle entries\"": \""This groups explicit allegations of nepotism, athletic/wealth favoritism, retaliation, cover‑ups, intimidation, named misconduct (including sexual/unprofessional allegations) and leadership turnover; it is distinct from operational mismanagement because it centers on governance, intentional unfairness, and ethical/disciplinary failings rather than routine clerical or counseling errors.\"",\n    \""square entries document more concrete advanced academic pathways, AP/IB/dual‑credit offerings, and specialized magnet/academy programs than circle entries\"": \""This groups all specific programmatic offerings and measurable post‑secondary outcomes (AP/IB/dual enrollment, STEM/CTE tracks, partnership internships, scholarships, award‑winning teams and clubs) and is mutually exclusive from instructional quality or facility/resource buckets because it describes what formal academic and extracurricular pathways the school provides and their outcomes, not how staff behave or how buildings function.\""\n}""]",,65.47357630729675,27419,3072,3618,,[],['resp_074c8e7a41919b0e006a74d6c897f4819ea3ea0fac921245a7'],True
vote|reduce1|23|3,"[""{\n    \""Square entries provide more detailed accounts of facilities, capacity and operational logistics (overcrowding, scheduling constraints, maintenance, technology programs, and resource allocation/athletics prioritization) than Circle entries\"": \""This bucket groups all concrete, day‑to‑day site and resource facts (HVAC, overcrowding, pool/gyms, scheduling, renovations, tech rollouts, and where money is spent) that are about physical capacity and logistics — distinct from safety incidents, classroom instruction, governance behavior, or programmatic curricular breadth covered by the other buckets.\"",\n    \""square entries report more frequent and severe student-safety, bullying, drug, and violent-incident problems than circle entries\"": \""This bucket captures reports of on‑campus harm and supervision failures (bullying, fights, weapons, lockdowns, drug use, sexual assaults) focused on student behavior and immediate safety responses, which is a different empirical topic than facility conditions, curricular offerings, administrative governance, or everyday instructional quality.\"",\n    \""Square entries document broader and stronger advanced academic and career‑technical offerings and measurable college/career outcomes than circle entries\"": \""This bucket groups concrete programmatic strengths and measurable outcomes (AP/IB/dual‑enrollment, CTE/vocational tracks, award‑winning band, college matriculations, certifications) about what the school formally offers and produces — separate from how well teachers teach day‑to‑day, how the site is maintained, or whether the school is safe.\"",\n    \""Square entries report more administrative and governance failures: unresponsiveness, hostile or punitive leadership, nepotism/favoritism, inconsistent discipline, and parental shut‑out than Circle entries\"": \""This bucket collects district/school‑level governance and accountability problems (board disputes, favoritism/nepotism, recordkeeping and parental communication failures, punitive or retaliatory leadership) that concern policy, staffing and oversight rather than infrastructure, classroom instruction, student behavior, or curricular breadth.\"",\n    \""square entries report more teacher/instructional problems and inconsistent academic support (esp. math, grading, tutorial availability) than circle entries\"": \""This bucket groups classroom‑level instructional evidence and teacher conduct issues (passive instruction, absenteeism, grade manipulation, math department weakness, uneven remediation and special‑education delivery) that affect learning experiences directly and are conceptually distinct from governance, facility logistics, program availability, or campus safety incidents.\""\n}""]",,68.92352509498596,26948,3200,3709,,[],['resp_0766650666fa133f006a74d6c8ab18819d936f5d41fce0359c'],True
vote|reduce1|4|3,"[""{\n  \""square entries report more frequent and severe student safety, bullying, substance‑use, and mental‑health crises and failures to protect than circle entries\"": \""This cluster groups the many raw terms about fights, pervasive bullying, vaping/drugs, assaults, racist/sexual harassment, suicidality and administrators failing to remediate — a distinct safety/climate dimension that is separate from administrative governance, program offerings, counseling/special‑ed failures, or facility/logistics problems.\"",\n  \""Square entries report more failures and inconsistencies in student support services, guidance and special‑education accommodations (IEP/504 breakdowns, counseling access, uneven teacher assignment, parent communication problems) than circle entries\"": \""This bucket collects concrete reports about broken IEP processes, ineffective/overloaded counselors, denied health/mental‑health accommodations, and remediation/credit‑recovery gaps — a focused student‑support/services theme that is different from general safety incidents, administrative corruption, or academic/extracurricular program inventories.\"",\n  \""square entries document stronger, more numerous, and more measurable advanced academic programs and college‑preparation outcomes than circle entries\"": \""This groups the many specific mentions of AP/IB/dual‑enrollment/college credit, scholarship and elite‑college matriculation evidence and named academic partnerships — a concrete program‑strength/outcome axis distinct from teacher quality variability, facility constraints, or extracurricular prominence.\"",\n  \""square entries emphasize broader, higher‑profile extracurriculars, athletics, arts programs, and school spirit (named programs/coaches/traditions) more than circle entries\"": \""This bucket captures the repeated, concrete evidence of extensive clubs, marching band/choir/theatre, JROTC, high‑level athletics, boosters/state titles and visible facility/booster investment in programs — a program/involvement theme that is conceptually separate from academic-program strength, safety/climate, student‑support failures, and administrative governance.\"",\n  \""Square entries report more administrative dysfunction, turnover, unresponsiveness or punitive unilateral discipline, fiscal/levy controversies, and allegations of corruption or data manipulation than circle entries\"": \""This groups the raw terms alleging nepotism/favoritism, retaliatory firings, opaque leadership, politicized decisions, budgeting/levy disputes and cover‑ups — an organizational/governance theme that is distinct from on‑the‑ground student supports, facility/logistics problems, safety issues, or programmatic offerings.\""\n}""]",,74.80310297012329,26586,3392,3935,,[],['resp_0e4b1bf72d83a89c006a74d6c85fa881a0bcd15354ab94b703'],True
