Identifier,Response,Web Search Sources,Time Taken,Input Tokens,Reasoning Tokens,Output Tokens,Reasoning Effort,Error Log,Response IDs,Successful
vote|reduce2|8|1,"[""{\n    \""square entries report more frequent and severe student safety, bullying, substance‑use, physical‑violence, and sexual‑misconduct incidents and failures to address them than circle entries\"": \""Groups the many raw terms describing fights, daily bullying, drugs/vaping, sexual misconduct, bomb threats, gang activity and related victim trauma under one clear safety/peer‑climate cluster; this is distinct from facility/resource, administrative governance, academic-program, and special‑education buckets because it focuses on student behavior, victimization, and incident response rather than infrastructure, policy, program offerings, or individualized services.\"",\n    \""square entries document more administrative governance problems, recordkeeping errors, opaque/defensive leadership, favoritism or unethical conduct, and punitive/image‑first priorities than circle entries\"": \""Captures reviewers' reports of nontransparent leadership, favoritism/nepotism, punitive discipline, mishandled records/credits, and fiscal/priority choices as a single governance/administration theme; it is separate from safety (which centers on student incidents), facilities (physical/logistical issues), academic programs (course offerings and outcomes), and special‑education/counseling (IEP/504 and therapeutic supports).\"",\n    \""square entries report more facility, capacity, and operational resource problems (overcrowding, pests, food, Wi‑Fi, transportation, materials) than circle entries\"": \""Groups the concrete, physical‑plant and operational complaints—overcrowding, sanitation/pest issues, HVAC/cleanliness, parking/bus problems, cafeteria/food, and tech/Wi‑Fi shortages—into a single infrastructure/logistics bucket that is not about governance decisions, student behavior, curricular offerings, or individualized special‑education/counseling services.\"",\n    \""square entries document more organized advanced academic and vocational programs (AP/IB/CTE/academies) and measurable college/career outcomes than circle entries\"": \""Collects all mentions of formal advanced‑academics, selective STEM/magnet tracks, CTE/vocational pathways, AP/IB/dual‑enrollment breadth, and concrete college placements/credit outcomes into one program‑strength bucket; this is intentionally distinct from instructional/staff variability or governance problems because it describes explicit course/program offerings and measurable postsecondary results.\"",\n    \""square entries mention both concrete special‑education/therapeutic on‑campus services and documented IEP/504 noncompliance or mistreatment more than circle entries\"": \""Groups all evidence around special‑education and counseling—both positive, named supports and explicit failures/IEP/504 denials, overloaded counselors, and mental‑health gaps—into a focused student‑support services bucket that is separate from general administration/favoritism, physical facilities, student‑safety incidents, or advanced academic program descriptions.\""\n}""]",,25.327739000320435,22626,1408,2011,,[],['resp_00a3b439a73011dd006a74d714c19881929802ad7f8262326d'],True
vote|reduce2|19|0,"[""{\n    \""square entries report more frequent, severe, and documented student‑safety and behavioral problems and failures to address them (bullying, fights, drugs, racist incidents, sexual assault, suicides) than circle entries\"": \""This bucket groups all concrete reports of student-on-student harm, substance/weapon incidents, and harassment (and the school's failure to protect victims) — distinct from governance/funding or pedagogy because it captures on-campus safety events and victimization rather than program offerings, facilities, or instructional quality.\"",\n    \""square entries document a substantially broader, named portfolio of advanced academic programs and high‑level extracurricular/competitive success and elite college outcomes than circle entries\"": \""This bucket captures concrete programmatic breadth and measurable postsecondary outcomes (AP/IB/dual enrollment, magnet/CTE tracks, award‑winning arts/athletics and elite college placements) and is kept separate from 'instructional quality' or 'resources' because it describes which formal programs and outcomes exist rather than how well day‑to‑day instruction or operations function.\"",\n    \""square entries report more administrative and governance dysfunction, unresponsiveness, and budget/policy misprioritization than circle entries\"": \""This bucket groups complaints about leadership, board/district politics, favoritism/nepotism, misallocated budgets or priorities, and punitive/opaque policy decisions — distinct from facility/operational breakages or isolated safety incidents because it focuses on governance, decision‑making and responsiveness at the administrative level.\"",\n    \""square entries report more concrete facility, capacity, funding and operational-management problems (maintenance, overcrowding/trailers, scheduling/logistics, fragmented digital platforms, fees/budget pressure) than circle entries\"": \""This bucket groups physical plant, overcrowding, scheduling/transportation/tech and resourcing shortfalls and fee/fundraising pressures — separate from governance (decision‑making) and safety (behavioral incidents) because it captures tangible infrastructure/logistics constraints that impede daily functioning.\"",\n    \""square entries report more inconsistent or failing student support and instructional delivery (teacher variability, counselor/IEP failures, turnover, grading/organization problems, and mental‑health neglect) than circle entries\"": \""This bucket collects evidence about how instruction and student supports are delivered (wide swings in teacher quality, IEP/504 breakdowns, counselor access, grading inconsistency and tutoring failures) and is kept distinct from 'program availability' (what exists) and 'administration/facilities' (who runs things and where) because it centers on the quality, equity and reliability of classroom-level and support services.\""\n}""]",,26.162376880645752,27600,1344,1931,,[],['resp_0e7d5c5aa66aded3006a74d714f400819fae73bdf13f2bdc5e'],True
vote|reduce2|18|0,"[""{\n    \""square entries report more administrative mismanagement, turnover, unresponsiveness, and fiscal/governance complaints than circle entries\"": \""Groups many reviewer claims about leadership instability, budgeting/board distrust, record‑keeping errors, punitive/opaque policies, and unresponsive office/staff into a single governance bucket that is distinct from safety incidents, physical‑plant problems, program offerings, or instructional variability.\"",\n    \""square entries report more frequent and more severe student-safety and misconduct problems (bullying, drugs, assaults, weapons) and weaker interventions than circle entries\"": \""Captures the concrete, recurring accounts of fights, gangs, drug/sex incidents, severe bullying, and claims that victims are punished or left unprotected — a distinct phenomenon focused on on‑campus harm and disciplinary failure rather than governance, facilities, program breadth, or teacher variability.\"",\n    \""square entries report more chronic facility, overcrowding and material‑resource shortages than circle entries\"": \""Groups reports about overcrowded classrooms, portables, HVAC/temperature/pest issues, cafeteria/food/transportation logistics, and material underfunding into a physical‑infrastructure/resource bucket that is separate from governance decisions, safety events, curricular offerings, or inconsistent instruction/support.\"",\n    \""square entries report stronger advanced/specialized academic programs and better measurable college/career outcomes than circle entries\"": \""Collects the concrete programmatic evidence (AP/IB/dual‑credit/CTE/magnet offerings, named partnerships, AP scores, scholarships, elite admits) into a program‑strength/outcomes bucket that is about what the school offers and produces, not about how well individual teachers teach or how administration behaves.\"",\n    \""square entries show greater variability and polarization in academic rigor, workload, and student support (including special‑education outcomes, counseling, and uneven teacher quality) than circle entries\"": \""Captures the repeated pattern of wide swings — excellent caring teachers and remediation programs alongside apathetic teachers, IEP/504 failures, counseling cuts, and stratified honors-vs‑on‑level experiences — a consistency/quality-of‑support bucket that is conceptually separate from governance, safety, facilities, or program availability.\""\n}""]",,26.16253900527954,27730,1408,1904,,[],['resp_024b015835abd350006a74d714ecd0819e83fa1f09ce5f52ba'],True
vote|reduce2|24|1,"[""{\n    \""square entries report more administrative and governance failures, opaque or punitive policies, and mismanagement than circle entries\"": \""Groups the many raw terms about board/district blame, retaliation, nepotism/favoritism, politicized leadership, and punitive policy choices — a governance-level pattern distinct from day-to-day operational glitches, physical facility conditions, safety incidents, or academic-program strength.\"",\n    \""square entries report more administrative operational failures and poor responsiveness (scheduling/counselor mismanagement, enrollment/remote‑learning barriers, fees, recordkeeping and communication breakdowns) than circle entries\"": \""Captures concrete, operational breakdowns (counselor gatekeeping, scheduling/registration errors, missed tutoring, broken communication systems and fee/transcript problems) that are about execution and service delivery rather than high‑level governance, physical infrastructure, safety/climate, or curricular offerings.\"",\n    \""square entries report more frequent and severe student safety problems (bullying, fights, weapons, drugs) and weaker victim support than circle entries\"": \""Aggregates the extensive safety- and climate-related reports (daily fights, gang/drug activity, racist/homophobic harassment, suicidal harassment and ineffective victim response) that are about student conduct and protection rather than administrative policy, facility condition, operational logistics, or advanced-program availability.\"",\n    \""square entries describe stronger advanced-academic offerings and measurable college-preparation outcomes than circle entries\"": \""Collects the numerous concrete programmatic strengths and outcomes (AP/IB/dual-credit, college acceptances, measurable AP/dual enrollment growth, CTE/career pathways) into a single academic-program bucket that is clearly separate from governance, operations, safety, or facility concerns.\"",\n    \""square entries report worse physical capacity and maintenance problems (overcrowding, sanitation, aging infrastructure) than circle entries\"": \""Groups the many facility and capacity items (overcrowding, trailers, broken bathrooms, HVAC/asbestos/rusty water, cafeteria/transportation logistics) that concern built environment and resources, which are materially distinct from governance choices, administrative service failures, safety/climate incidents, or curricular/programmatic strength.\""\n}""]",,27.60968804359436,22994,1472,1964,,[],['resp_0749edc86d5e8839006a74d714ee00819da2eaaf31b4dbf986'],True
vote|reduce2|23|0,"[""{\n    \""square entries report worse physical plant, capacity, and logistics problems than circle entries\"": \""This bucket groups the many concrete facility and logistic issues (overcrowding, HVAC/AC failures, sanitation, trailers, bus/traffic shortages, scheduling logistics) that are about the school's physical infrastructure and day‑to‑day capacity — distinct from personnel conduct, pedagogy, or curricular offerings.\"",\n    \""square entries report more administrative mismanagement, inconsistent enforcement, favoritism, and recordkeeping or policy failures than circle entries\"": \""This bucket captures governance and operational breakdowns (unresponsive offices, favoritism/nepotism, enrollment/scheduling/records errors, punitive/arbitrary discipline policies and policy misprioritization) and is separate from physical infrastructure, classroom instruction, student safety incidents, or program availability.\"",\n    \""square entries document more concrete advanced academic programs, formal college-prep pathways, and measurable student outcomes (AP/IB/dual-credit, career-technical offerings, test scores, college placements) than circle entries\"": \""This bucket groups specific programmatic strengths and measurable academic pathways (AP/IB/dual enrollment, academies, STEM/CTE tracks, weighted GPA/college credits and college-placement evidence) and is intentionally about available offerings and outcomes rather than teacher quality, admin behavior, or campus safety.\"",\n    \""square entries report more frequent and severe student safety, bullying, substance‑use, physical‑violence, and sexual‑misconduct incidents and failures to address them than circle entries\"": \""This bucket gathers the concrete reports of peer misconduct and safety crises (bullying, fights, gang/drug activity, sexual harassment/assault, lockdowns) along with alleged administrative failure to protect victims — a distinct topic focused on student safety and incident response, not on physical plant, academic programs, or instruction.\"",\n    \""square entries show greater variability and polarization in academic rigor, workload, and student support (including special‑education outcomes, counseling, and uneven teacher quality) than circle entries\"": \""This bucket covers within‑school differences and inconsistent instructional/support practices (polarized AP vs. weak regular classes, heavy homework, spotty teacher competence, mixed IEP/504 and counseling performance) and is distinct from overall program availability, administrative governance, facility issues, or the frequency of safety incidents.\""\n}""]",,28.856302738189697,27648,1536,2016,,[],['resp_08ec3fe80483e7a4006a74d715739081a281c015ba66c328d1'],True
vote|reduce2|4|1,"[""{\n    \""square entries report more concrete advanced academic programs and measurable college-prep outcomes than circle entries\"": \""Many square reviews list named AP/IB/dual‑enrollment/magnet/CTE pathways, explicit college acceptances and scholarship outcomes — this bucket captures concrete program availability and measurable postsecondary results, which is distinct from operational, safety, staffing, or facility topics in the other buckets.\"",\n    \""square entries report more pervasive student-safety problems and ineffective/uneven anti-bullying responses than circle entries\"": \""A large cluster of square items describe fights, bullying, sexual assault, drugs, teen pregnancy and administrators failing victims or inconsistently enforcing discipline — this safety/incident-response theme is about student conduct and crisis response and is separate from governance/process, special‑education supports, facilities, or programmatic strengths.\"",\n    \""square entries report more administrative and staffing governance failures (turnover, unresponsiveness, grade manipulation, favoritism) than circle entries\"": \""Numerous square reviews allege nepotism, favoritism, grade/graduation manipulation, leadership turnover and politicized personnel behavior; this governance/favoritism cluster focuses on who runs the school and how decisions are made, distinct from scheduling/recordkeeping operational breakdowns or from failures of student support services.\"",\n    \""square entries report more concrete facilities, capacity, and resource-allocation problems (overcrowding, trailers, disrepair, environmental hazards) and contested capital priorities than circle entries\"": \""Many square items document overcrowding, modular classrooms, aging buildings, cleanliness/cafeteria/parking problems and contested spending choices (e.g., athletics vs academics) — this bucket groups physical capacity and resource allocation issues separately from administrative/process failures, program offerings, student safety, or student‑support services.\"",\n    \""square entries report failures (and sometimes targeted inequities) in student supports and accommodations—special education, counseling, mental‑health services, and equitable access—than circle entries\"": \""A distinct set of square reviews detail 504/IEP mishandling, inconsistent SPED/inclusion, poor counseling/advising, and denial of accommodations or discriminatory targeting; this student‑support/accommodations cluster is focused on services for vulnerable students and is not captured by the facility, governance, safety, or academic-program buckets.\""\n}""]",,29.056432008743286,23338,1856,2359,,[],['resp_02fdf8ab354c6fc9006a74d714af7881a283e6e3f7c9c392c5'],True
vote|reduce2|7|0,"[""{\n    \""square entries report more frequent and severe student-safety, bullying, drug, and violent-incident problems than circle entries\"": \""This bucket groups all concrete reports of on‑campus harm and misbehavior (fights, assaults, sexual harassment, overdoses, pervasive bullying, gang/drug presence) and is distinct from other buckets because it focuses on student conduct and incident frequency/severity rather than who runs the school, its programs, or building conditions.\"",\n    \""square entries report more operational and facility problems (overcrowding, severe maintenance and cleanliness failures, poor food/bus/parking logistics, missing materials) than circle entries\"": \""This bucket captures day‑to‑day physical and logistical failures (broken bathrooms, vermin, overcrowded lunches, bus/parking shortages, poor Wi‑Fi) and is mutually exclusive from the safety bucket (incident reports) and from programmatic/academic or governance faults because it is solely about infrastructure and operational logistics.\"",\n    \""square entries document stronger and more numerous formal advanced/college-prep programs and measurable postsecondary outcomes than circle entries\"": \""This bucket collects concrete programmatic offerings and outcomes (AP/IB/dual‑enrollment/CTE/academies, measurable college matriculation and credits) and is separate from instructional quality or staffing variability because it denotes available pathways, partnerships, and measured postsecondary results rather than how consistently classes are taught or how administrators behave.\"",\n    \""square entries show greater variability and polarization in academic rigor, workload, and student support (including special‑education outcomes, counseling, and uneven teacher quality) than circle entries\"": \""This bucket groups classroom‑level and student‑support patterns—wide swings from highly supportive one‑on‑one help and strong AP rigor to poor teaching, heavy/lenient grading, IEP/504 mishandling, and counseling failures—and is distinct from the advanced-program bucket because it concerns delivery, equity, and support consistency rather than the mere presence of programs.\"",\n    \""square entries report more administrative and governance dysfunction (coverups, nepotism/favoritism, politicized hiring/finance, leadership turnover or removal calls, and misaligned priorities) than circle entries\"": \""This bucket aggregates governance and personnel issues (favoritism toward athletes, board capture, secrecy, politicized staffing, misallocated funds and unresponsiveness) and is kept separate from safety, facilities, program availability, or classroom delivery because it targets decision‑making, accountability, and policy/recordkeeping failures at the administrative/district level.\""\n}""]",,29.557360887527466,27500,1856,2392,,[],['resp_0bf5f2662e2450e7006a74d714ea5c819dbc01f08d8dc5a2ff'],True
vote|reduce2|2|0,"[""{\n    \""square entries report more concrete facility, capacity, scheduling and operational conditions (overcrowding, building condition/renovation details, scheduling/timetabling and service logistics) than circle entries\"": \""Groups all raw items about physical plant, overcrowding, lunch/locker/scheduling logistics, renovation or HVAC/cleanliness details and registration/records breakdowns — a distinct operational/facilities cluster that does not overlap with program offerings, safety incidents, extracurricular breadth or governance/misconduct themes.\"",\n    \""Square entries report stronger advanced / college‑prep and specialized program offerings and measurable postsecondary outcomes than circle entries\"": \""Captures every concrete mention of AP/IB/dual‑enrollment, magnet/academy/CTE tracks, internships, elite college matriculation and measurable outcomes — a programmatic/academic‑pathways cluster that is separate from facilities, extracurricular achievements, safety/crisis reports, and administrative behavior.\"",\n    \""square entries report more administrative and staff unresponsiveness, arbitrariness, favoritism, and misconduct than circle entries\"": \""Groups complaints about bureaucratic/unresponsive offices, favoritism/nepotism, punitive or arbitrary discipline, mishandled hearings, and governance scandals — an admin/staff‑behavior and accountability theme distinct from facility problems, student safety incidents, curricular offerings, or extracurricular success.\"",\n    \""square entries report more frequent and severe student safety, bullying, substance‑use, and violent‑incident problems (and related victimization) than circle entries\"": \""Collects the many explicit reports of bullying, racialized harassment, fights/stabbings/shootings, drug availability and victim‑punishing disciplinary policies — a safety/peer‑climate cluster that is conceptually separate from administrative dysfunction, program inventories, facilities logistics, or extracurricular catalogs.\"",\n    \""square entries report broader, more numerous, and higher‑level extracurricular/arts/athletics programs and competitive achievements than circle entries\"": \""Groups detailed accounts of marching band, state championships, award‑winning arts, JROTC/JNROTC, booster/parent fundraising for programs and athletics prioritization — an extracurricular/competitive‑achievement cluster that is about program breadth and success rather than facilities, admin conduct, safety, or curricular pathways.\""\n}""]",,29.6335871219635,27660,1792,2260,,[],['resp_0eaffa2d1169502a006a74d714c19c819ea42b9c4454b557b5'],True
vote|reduce2|3|0,"[""{\n    \""square entries report more pervasive student-safety and discipline failures (violence, bullying, gangs, drugs, assaults) and inadequate protection/follow-up than circle entries\"": \""Captures the many reports of physical assaults, gang/drug activity, chronic bullying, and staff/administration failure to protect or follow up — distinct from administrative governance (which covers corruption/favoritism) and from facility/operational problems (which covers space, sanitation, and tech), because this bucket is about student conduct and safety outcomes rather than leadership, program, or infrastructure issues.\"",\n    \""square entries report more administrative and staff misconduct, biased enforcement, and communication/recordkeeping failures than circle entries\"": \""Groups allegations of favoritism/nepotism, punitive or inconsistent discipline, recordkeeping errors, cover‑ups, unethical funding or attendance guidance, and rude/unresponsive front‑office behavior — a governance/staff‑behavior cluster separate from safety incidents (student misbehavior) and separate from facilities or program breadth because it centers on how adults and systems act or fail to act.\"",\n    \""square entries report more facility, capacity, and operational problems (overcrowding, sanitation, maintenance, and outages) than circle entries\"": \""Covers overcrowded classrooms, broken/unsanitary bathrooms, pest/HVAC/tech failures, lunch/transport logistics and scheduling constraints — focused on physical plant and operational logistics distinct from student safety outcomes, administrative misconduct, or programmatic offerings.\"",\n    \""square entries document more concrete advanced academic and career pathways and measurable postsecondary outcomes (AP/IB/CTE/dual‑enrollment, college placement) than circle entries\"": \""Groups the many concrete claims about abundant AP/IB/dual‑credit/STEM/CTE offerings, vocational certifications, scholarship/elite‑college acceptances and measurable AP/test outcomes — a program/outcome‑level academic strength bucket that is conceptually different from extracurricular breadth (which is about clubs/arts/athletics) and from instructional/teacher quality or admin dysfunction.\"",\n    \""square entries report more abundant, well‑resourced, and varied extracurriculars, arts, athletics, and external partnerships than circle entries\"": \""Contains the repeated reports of extensive band/arts/drama programs, many clubs, strong boosters/parent fundraising, competitive athletics, and named program awards or community turnout — focused on breadth and visibility of out‑of‑class opportunities and community engagement, not on academic credentialing (the advanced‑programs bucket) nor on facility or governance failures.\""\n}""]",,30.575937032699585,27471,1792,2319,,[],['resp_0799839eb8c61064006a74d714b8b881a39638f416f7795ac6'],True
vote|reduce2|6|0,"[""{\n    \""square entries report stronger formal advanced-academic programs and measurable college-prep outcomes than circle entries\"": \""Groups many raw terms describing concrete program offerings (AP/IB/AVID/dual‑enrollment, academies, measurable scholarships/college placements) into a single programmatic/outcomes bucket; this is distinct from facility, safety, administrative, or classroom‑level themes because it captures formal curricular pathways and postsecondary results rather than logistics, behavior, or staff performance.\"",\n    \""square entries report more facility, capacity, transportation, and resource‑prioritization problems (overcrowding, poor layout, cafeteria/bathroom failures, and athletic funding skew) than circle entries\"": \""Clusters the concrete physical/infrastructure and resource‑allocation complaints (overcrowding, cafeterias/bathrooms, building condition, Wi‑Fi, transport, and contested athletic funding) into one operational‑infrastructure bucket that is separate from administrative/process failures, safety incidents, classroom instruction, or program availability.\"",\n    \""square entries report more bullying, on-campus violence, gang/drug presence, and ineffective safety responses than circle entries\"": \""Groups all reviewer evidence about student safety, bullying/harassment, fights, weapons/drug incidents and weak or absent protective/disciplinary follow‑through into a single safety/climate bucket, which is conceptually distinct from program strength, facilities/logistics, administrative responsiveness, or teacher instructional variability.\"",\n    \""square entries report more administrative operational failures and poor responsiveness (scheduling/counselor mismanagement, enrollment/remote‑learning barriers, fees, recordkeeping and communication breakdowns) than circle entries\"": \""Captures the recurring, concrete bureaucratic breakdowns—lost records, scheduling/credit errors, counselor refusals, poor parent communication, enrollment/remote‑learning impediments and fee/fundraising burdens—kept separate from physical facilities, student‑safety incidents, instructional quality, or academic program breadth.\"",\n    \""square entries show greater variability in teacher quality, classroom instruction, and in‑class management (from highly engaged teachers to uncaring or abusive ones) than circle entries\"": \""Aggregates evidence about classroom‑level experience (wide swings from exemplary mentorship to disengaged or punitive teachers, inconsistent grading/rigor, and management problems) into a teacher/instruction bucket that is distinct from administrative/process failures, facility/resource issues, safety/climate, or the presence of formal advanced programs.\""\n}""]",,30.92674207687378,27627,1664,2175,,[],['resp_0b95b8cad5dcf9da006a74d714ee448192a3f17d72e71d5b1b'],True
vote|reduce2|21|1,"[""{\n    \""square entries report more frequent and severe student safety, misconduct, substance, and facility‑health incidents than circle entries\"": \""Many raw terms describe fights, gang activity, drug use, sexual harassment, on‑campus injuries, mold/asbestos/pests and other health/safety incidents — a concrete safety/health cluster that is distinct from administrative, instructional, programmatic, or logistical complaints.\"",\n    \""square entries document more entrenched administrative misconduct, favoritism, and governance/accountability failures than circle entries\"": \""A large subset of raw terms name nepotism, board politics, cover‑ups, biased discipline, pay‑to‑play and leadership integrity failures — a governance/fairness theme that is about who runs and is accountable for the school (not about facilities, curricular offerings, or classroom instruction).\"",\n    \""square entries report more facility, capacity, transportation, and resource‑prioritization problems (overcrowding, poor layout, cafeteria/bathroom failures, and athletic funding skew) than circle entries\"": \""Numerous items describe overcrowded classes, broken HVAC, unsanitary bathrooms, pickup/traffic hazards, bus/dismissal logistics and explicit funding tradeoffs favoring athletics — an operational/infrastructure cluster separate from safety incidents, admin corruption, instructional quality, or program availability.\"",\n    \""square entries report stronger and more numerous formal academic programs and measurable college/career outcomes (IB/AP/AVID/dual‑credit/CTE, scholarships, high AP scores) than circle entries\"": \""Many raw terms enumerate concrete advanced and vocational pathways (IB/AP, magnet programs, CNA/EMT, dual‑credit, college placements and scholarships) — a program‑offerings and outcome cluster that is about what the school provides academically and in career prep, distinct from how well staff perform or how safe the campus is.\"",\n    \""square entries show greater variability and polarization in teacher/staff performance, morale, and student support — including both high‑contact committed teachers and widespread apathy, counselor failures, special‑education mismanagement, turnover, and low morale — compared with circle entries\"": \""A coherent set of entries documents wide swings (excellent dedicated teachers and successful counseling/support examples versus ignored IEPs, unhelpful counselors, grade errors, and high turnover), a staffing/support variability theme that is about instructional and support consistency rather than program availability, facilities, or governance.\""\n}""]",,31.31412672996521,22785,1856,2397,,[],['resp_0c512dc3e1a4d2e5006a74d714fc0c819f916d5d8ced4c2e7d'],True
vote|reduce2|17|0,"[""{\n    \""square entries report more administrative and governance failures (selective enforcement, favoritism, secrecy, misallocated funds, poor responsiveness and special‑education noncompliance) than circle entries\"": \""Groups reviews documenting district/principal/office-level problems (nepotism, budget misallocation, cover‑ups, rehiring controversies, secrecy, and refusals to honor IEP/record requests); this is distinct from safety incidents, classroom instruction, extracurricular offerings, or facility/resource complaints because it centers on governance, accountability, and policy-level malpractice rather than frontline programmatic or physical issues.\"",\n    \""square entries report more frequent serious student safety problems (bullying, fights, assaults, gang activity) and inconsistent or ineffective disciplinary responses than circle entries\"": \""Captures all reports of interpersonal and campus-safety harms (bullying, fights, suicides, weapons/gangs, substance use) and the school’s failure or unevenness in responding, which is a separate theme from administrative misgovernance (policy/fiscal) or from academic/program offerings.\"",\n    \""square entries report more formal advanced academic programs and measurable college‑preparatory outcomes (AP/IB/honors/dual‑enrollment, test scores, graduation rates, alumni placement) than circle entries\"": \""Groups reviews that enumerate concrete curricular pathways and measurable outcomes (AP/IB counts, dual-enrollment, high AP scores, alumni college placement), a factual program‑availability and outcome cluster that is analytically distinct from instructional delivery quality, extracurricular breadth, or facilities.\"",\n    \""square entries report broader, better‑funded extracurriculars, arts, and athletics (often with athletics prioritized or protected) more than circle entries\"": \""Collects items documenting extensive clubs, award‑winning band/arts, competitive athletics, booster funding and explicit prioritization of sports (sometimes at arts’ or academic expense); this is program/funding/priority evidence separate from classroom instruction, governance misconduct, or campus safety.\"",\n    \""square entries report more inconsistent or inadequate instructional delivery and student support services (teacher competence variability, counseling shortages, weak or uneven IEP/504/college advising) than circle entries\"": \""Encompasses teacher‑level variability, poor classroom management, inconsistent grading, tutoring/counselor shortages, and uneven special‑education/college‑advising practices — a front‑line instructional and support theme that is different from availability of advanced programs, extracurricular breadth, physical facilities, or district governance failures.\""\n}""]",,32.027392864227295,27784,1728,2285,,[],['resp_0ed37bb7e9330b99006a74d715d3f8819fa839cad09b5c84ee'],True
vote|reduce2|8|0,"[""{\n    \""square entries report more formal advanced academic programs and measurable college‑preparatory outcomes (AP/IB/honors/dual‑enrollment, test scores, graduation rates, alumni placement) than circle entries\"": \""This bucket groups the many raw terms documenting concrete programmatic offerings and measurable post‑secondary results (AP/IB/dual‑credit, scholarships, college credits, high test scores, magnet/STEM/CTE pathways) — it is distinct from instructional delivery, safety, facilities, or governance because it names the school’s formal curricular pathways and outcomes rather than how they are executed or resourced.\"",\n    \""square entries report more frequent and severe student‑safety and behavior problems and ineffective disciplinary response than circle entries\"": \""This bucket captures the cluster of raw reports about violence, frequent fights/lockdowns, weapons/bomb threats, pervasive bullying, sexual misconduct, suicides, on‑campus drug dealing/use and administrative failure to address incidents — it is separate from facility/resource complaints or administrative governance because it centers on student conduct and incident response.\"",\n    \""square entries report more administrative and staffing governance failures (turnover, unresponsiveness, grade manipulation, favoritism) than circle entries\"": \""This groups allegations about leadership dysfunction, nepotism/favoritism, retaliatory or punitive policies, poor parent communication, recordkeeping/scheduling failures, and staff turnover — distinct from program inventories, safety crises, facilities problems, or classroom‑level instruction because it concerns governance, policy and personnel management.\"",\n    \""square entries report more concrete facility, capacity, and operational resource problems and contested allocation decisions than circle entries\"": \""This bucket aggregates the many facility‑level and operational items (overcrowding/overenrollment, aging or renovated buildings, HVAC/pest/cleanliness, cafeteria/food issues, transportation/busing problems, scheduling/locker logistics, technology/equipment shortages, and contested spending/prioritization) and is intentionally separated from instructional quality, governance, extracurricular breadth, or safety incidents.\"",\n    \""square entries show greater variability and polarization in academic rigor, workload, and student support (including special‑education outcomes, counseling, and uneven teacher quality) than circle entries\"": \""This captures the repeated pattern of polarized classroom experiences — from rigorous AP/IB pockets to lax/absent instruction, uneven grading and teacher professionalism, mixed special‑education/504/IEP implementation, counseling capacity issues, and variable remediation/tutoring — and is kept distinct from formal program availability, governance, building/resources, and hard safety incidents because it describes how instruction and supports are delivered and distributed across students.\""\n}""]",,32.105318784713745,27323,1856,2430,,[],['resp_04c109f895394ffa006a74d714e43c81928893e758c9aa483f'],True
vote|reduce2|0|0,"[""{\n    \""square entries report worse physical capacity and maintenance problems (overcrowding, sanitation, aging infrastructure) than circle entries\"": \""This bucket groups the many concrete reports about building condition, overcrowded classes/lunchrooms, HVAC/temperature, pests, broken bathrooms, food quality and deferred maintenance — a distinct, physical-resources cluster that is different from administrative behavior, student-safety incidents, special‑education/counseling failures, or advanced-program offerings.\"",\n    \""square entries report more administrative and staff unresponsiveness, arbitrariness, favoritism, and misconduct than circle entries\"": \""This bucket captures persistent allegations about unresponsive front offices, favoritism/nepotism, punitive or arbitrary discipline, recordkeeping/credit errors, and personnel misconduct — a governance/staff‑behavior theme that is operationally and organizationally distinct from facility problems, safety/violence issues, special‑education/counseling implementation, or academic-program breadth.\"",\n    \""square entries report more frequent and severe student-safety, bullying, drug, and violent-incident problems than circle entries\"": \""This bucket groups the numerous reports of fights, assaults, pervasive bullying, drug use/dealing/vaping, threats/lockdowns and inadequate incident responses or victimization — a student-safety/behavior cluster that is conceptually separate from facility deficiencies, administrative favoritism, special‑education/counseling breakdowns, or advanced-program strength.\"",\n    \""Square entries document more concrete advanced academic, vocational and competitive program breadth and measurable college/elite outcomes than circle entries\"": \""This bucket covers the many concrete mentions of AP/IB/dual‑enrollment/CTE/magnet programs, named academies, measurable college matriculation and elite outcomes, and award‑winning extracurricular success — a programmatic/achievement theme that is distinct from safety, facilities, staff governance, or IEP/counseling implementation.\"",\n    \""square entries report more special‑education, 504/IEP, and counseling/transition failures (and transfer/credit harms) than circle entries\"": \""This bucket isolates repeated, specific accounts about IEP/504 mismanagement, counseling shortages or wrong advice, credit/placement errors, and unmet accommodations or transition harms — a targeted student‑support and legal‑accommodation theme that is different from broad administrative favoritism, physical plant issues, student-safety incidents, or advanced academic offerings.\""\n}""]",,33.55594873428345,27111,2304,2798,,[],['resp_085d90d94412a517006a74d7152cd881a19dd2ce854b82ba9c'],True
vote|reduce2|11|1,"[""{\n    \""square entries report more pervasive student-safety and discipline failures (violence, bullying, gangs, drugs, assaults) and inadequate protection/follow-up than circle entries\"": \""Captures all concrete reports of fights, assaults, bullying, substance use, hate symbols, SRO/staff misconduct and failures to remediate — a distinct safety/behavioral cluster separate from facility, academic-program, admin-governance, or special‑education topics.\"",\n    \""square entries report stronger and more numerous formal academic programs and measurable college/career outcomes (IB/AP/AVID/dual‑credit/CTE, scholarships, high AP scores) than circle entries\"": \""Groups the concrete programmatic evidence about advanced coursework, credentialing, AP/IB/dual‑credit and measurable college placements—an academic-program/outcomes cluster that is about curricular offerings and outcomes rather than safety, facilities, administration, or special‑education services.\"",\n    \""square entries report more administrative dysfunction, opaque/remote leadership, favoritism/nepotism, and poor operational responsiveness than circle entries\"": \""Encompasses governance, personnel misconduct, biased/enforcement issues, record‑keeping and communication failures — a management/governance cluster that is operationally distinct from physical facility problems, student safety incidents, programmatic academic strength, or special‑education/counseling cases.\"",\n    \""square entries report more concrete facility, capacity, scheduling and operational conditions (overcrowding, building condition/renovation details, scheduling/timetabling and service logistics) than circle entries\"": \""Captures all physical‑plant, crowding, scheduling, transportation, and day‑to‑day logistics complaints—material/space/resourcing problems that are tangible infrastructure and scheduling issues, not about pedagogy, governance, safety responses, or special‑education implementation.\"",\n    \""square entries mention both concrete special‑education/therapeutic on‑campus services and documented IEP/504 noncompliance or mistreatment more than circle entries\"": \""Groups the mixed, case‑level evidence about special‑education/IEP/504 practice, counseling and mental‑health supports (both positive tutors/therapies and documented denials/mistreatment), which is a distinct service‑delivery and legal/accommodation theme separate from general academics, facilities, safety, or governance.\"" \n}""]",,33.76891303062439,22788,2112,2606,,[],['resp_09d15b445bf9afed006a74d714e7bc81a0b2358e1738662305'],True
vote|reduce2|17|1,"[""{\n    \""square entries report more frequent and severe student-safety, bullying, substance-use, and physical-violence incidents and claims of ineffective follow-up than circle entries\"": \""This bucket groups the many raw terms about fights, assaults, vaping/drug epidemics, weapons, rape/sexual misconduct allegations, and reviewers’ reports that administration fails to remediate victims — it is focused on student safety and enforcement failures and is distinct from facility, programmatic, academic, extracurricular, or governance topics covered in the other buckets.\"",\n    \""Square entries provide far more concrete facility, capacity, and logistics detail—both positive (new/state‑of‑the‑art) and negative (overcrowding, broken bathrooms, food/transport issues)—than circle entries\"": \""This bucket captures all concrete operational descriptions about buildings, renovations, overcrowding/portables, pest/cleanliness, cafeteria/food, scheduling and transportation logistics, and capital investments; it is about physical plant and day‑to‑day logistics (not safety incidents, academic offerings, extracurricular breadth, or governance/favoritism issues).\"",\n    \""square entries report far more extensive, high‑profile extracurricular arts, music, and athletic programs and booster/parent engagement than circle entries\"": \""This bucket groups the many mentions of marching band, state championships, robust arts/music programs, boosters/PTA involvement, alumni pride, and parent fundraising/volunteerism — a program‑participation and community‑engagement dimension that is separate from facility condition, classroom instruction, safety incidents, advanced academics, or administrative governance.\"",\n    \""square entries document stronger advanced academic structures and measurable college‑preparation outcomes (AP/IB/dual‑enrollment, metrics, elite acceptances) than circle entries\"": \""This bucket captures concrete programmatic academic evidence (IB/AP/dual enrollment, magnet/STEM/CTE pathways, test scores, scholarship and college placement statistics) and is intentionally limited to curricular/program/outcome strengths rather than teacher behavior, counseling/IEP logistics, or governance problems.\"",\n    \""square entries report more administrative and staff governance failures, favoritism/nepotism, and unresponsiveness than circle entries\"": \""This bucket collects descriptions of biased discipline, favoritism (toward athletes/insiders), recordkeeping errors, fabricated profiles/monitoring, politicized hiring/board conflict, and general administrative unresponsiveness — governance and personnel/policy dysfunction distinct from student-safety incidents, facility logistics, academic offerings, or extracurricular strength.\""\n}""]",,33.770265102386475,22923,2240,2803,,[],['resp_06118ef12c3a30d8006a74d714e65c81a2bd464bba3ad968bb'],True
vote|reduce2|15|1,"[""{\n    \""square entries report stronger and broader programmatic resources and measurable academic outcomes than circle entries (AP/IB/honors, STEM/CTE, extensive extracurriculars, labs, and college‑prep services)\"": \""This bucket groups the many raw terms documenting concrete, formal program offerings and measurable academic outcomes (AP/IB/dual‑enrollment, CTE, magnet/academy programs, scholarships, alumni college placements), and is distinct from other buckets because it concerns what programs and credentialing the school provides or achieves rather than staffing behavior, safety incidents, governance, or building/facility problems.\"",\n    \""square entries report greater administrative instability, unresponsiveness, and governance problems than circle entries\"": \""This bucket captures reviewer claims about leadership churn, unresponsive or politicized governance, secrecy/cover‑ups, misallocated priorities, and district/board dysfunction—focused on who runs the school and how decisions are made—separate from operational facilities, classroom instruction, student safety, or availability of academic programs.\"",\n    \""square entries report far more pervasive safety, bullying, substance‑use, and violent‑incident problems (and administrative failure to address them) than circle entries\"": \""This bucket groups concrete safety and wellbeing incidents (fights, bullying, vaping/drugs, sexual assault allegations, life‑threatening threats, ineffective investigations) and the school's failure to protect victims—a distinct evidence cluster about student safety/discipline outcomes and incident response rather than governance process, facilities, instruction, or program offerings.\"",\n    \""square entries report more facility, capacity, and operational problems (overcrowding, sanitation, maintenance, and outages) than circle entries\"": \""This bucket collects concrete infrastructure and logistics issues (overcrowded classrooms/cafeterias, vermin, broken bathrooms, poor Wi‑Fi/filtering, bus/transportation, renovation activity) and is clearly about physical/operational conditions rather than administrative governance, instructional quality, safety incidents, or program breadth.\"",\n    \""square entries show greater variability and extremes in teacher/instructional quality and student support (from highly committed/inspirational teachers to abusive, neglectful, or discriminatory staff) than circle entries\"": \""This bucket groups reviewer evidence about classroom practice and staff behavior—wide swings from highly available, mentoring teachers and targeted one‑on‑one help to hostile, negligent, or discriminatory teachers and inconsistent special‑education/counseling—distinct from program availability, building conditions, governance failures, or campus safety incidents.\""\n}""]",,33.95853400230408,23229,2496,3057,,[],['resp_05d30900980fb1c5006a74d7151300819e933e954808153c13'],True
vote|reduce2|12|0,"[""{\n    \""Square entries report more pervasive student-safety, bullying, violence, substance- and weapon-related incidents and ineffective administrative responses than circle entries\"": \""This bucket groups the many raw terms describing fights, gang/drug activity, arson/assault incidents, sexualized/weaponized misconduct, and repeated reviewer claims that administrators ignored or inadequately remediated these threats — and is distinct from other buckets because it concerns student-on-student and immediate campus-safety harms rather than administrative policy, facilities, academic programming, or instructional variability.\"",\n    \""Square entries report more administrative governance, transparency, and fairness failures (secrecy, retaliation, favoritism/nepotism, fabricated monitoring, discriminatory or harassing leadership, and punitive policy changes) than circle entries\"": \""This bucket collects allegations about biased or dishonest leadership, cover‑ups, fabricated social‑media surveillance, athlete/insider protectionism, retaliatory discipline, and other governance/fairness breakdowns — distinct from safety incidents (which are about student harm) and from facility/resource problems (which are logistical), because it focuses on leadership behavior, accountability, and biased enforcement.\"",\n    \""square entries report more concrete operational, facility, scheduling, and resourcing constraints (overcrowding, limited course sections, staffing shortages, maintenance problems, security/emergency gaps, COVID remediation failures) than circle entries\"": \""This bucket captures the wide set of citations about building condition, overcrowding/portables, parking/traffic hazards, sanitation/food/cafeteria logistics, scheduling/ID/period length problems, broken systems and contested budget/tradeoffs — and is mutually exclusive because it describes physical/infrastructural and day‑to‑day operational failures rather than program offerings, safety incidents, or leader misconduct.\"",\n    \""square entries report stronger formal advanced-academic programs and measurable college-prep outcomes than circle entries\"": \""This bucket groups the many explicit mentions of abundant AP/IB/honors/dual‑enrollment/STEM/CTE pathways, named programs, college credits/scholarships and concrete alumni matriculation data — and is separate from instructional quality or support variability because it identifies the presence and measurable outcomes of formal advanced academic pathways, not how consistently they are taught or how students are supported.\"",\n    \""square entries show greater variability and dysfunction in classroom instruction and teacher behavior (wide swings from highly dedicated to unqualified/abusive, favoritism, poor subject knowledge) than circle entries\"": \""This bucket aggregates raw terms about inconsistent teacher quality, in‑class management failures, teacher unresponsiveness or abuse, IEP/counseling follow‑through variability, and polarized one‑on‑one support anecdotes — distinct from administrative governance (leadership actions) and from program availability (what exists), because it targets classroom‑level instructional practice and student‑support delivery variability.\""\n}""]",,34.62801170349121,27974,1856,2443,,[],['resp_0e93dedc7fde9817006a74d71508a081919c3e5f777fa40805'],True
vote|reduce2|13|1,"[""{\n    \""square entries report more frequent and severe student safety, bullying, substance‑use, physical‑violence, and sexual‑misconduct incidents and failures to address them than circle entries\"": \""This groups all concrete allegations of fights, assaults, drug use, weapons, sexual misconduct, suicidality and repeated bullying (and the school's failure to protect victims) — a distinct student‑safety/climate cluster that is about threats to student physical/psychological safety, not about program offerings, facilities, or governance problems covered by the other buckets.\"",\n    \""square entries report more and broader named advanced academic programs and measurable college/credit outcomes (AP/IB/JROTC/dual‑enrollment, internships, high ACT/college placements) than circle entries\"": \""This captures all reviews that list formal advanced/AP/IB/dual‑credit/academy/CTE pathways and explicit college/career outcomes — a program‑portfolio and measurable‑outcome cluster that is conceptually different from safety, governance, extracurricular emphasis, or day‑to‑day operational failures.\"",\n    \""square entries describe broader, better‑documented extracurricular/arts/athletics offerings and stronger community/parent fundraising — but also more athletics prioritization and athlete favoritism — than circle entries\"": \""This groups concrete claims about abundant/award‑winning music, band, theatre, competitive teams, booster fundraising and an athletics‑first culture (including athlete privilege), which is about resource/prioritization and community engagement in extracurriculars rather than academics, facilities logistics, or administrative misconduct.\"",\n    \""square entries report greater variability and concrete deficiencies in operational supports, facilities, and student services (special education failures, inconsistent counseling/tutoring, scheduling, maintenance, IDs/security, overcrowding) than circle entries\"": \""This bucket collects reviews that document broken or uneven operational systems — IEP/504 failures, scheduling/registration errors, overcrowding, sanitation, tech rollouts, and tutoring/counseling inconsistencies — a services/infrastructure cluster distinct from governance/favoritism, safety incidents, formal academic program breadth, or extracurricular strength.\"",\n    \""square entries report more administrative and staff governance problems (poor communication, punitive/inconsistent policies, favoritism, unethical district behavior, and higher teacher turnover) than circle entries\"": \""This groups complaints about leadership, counselor/front‑office unresponsiveness, politicized favoritism/nepotism, arbitrary/punitive discipline, cover‑ups, and high turnover — focusing on governance and accountability failures that are operationally and politically different from student‑safety incidents, facility/resource shortfalls, academic program listings, or extracurricular offerings.\""\n}""]",,34.83935594558716,22874,1664,2205,,[],['resp_0f36f989e823c325006a74d714f030819dba076b08481c1b2c'],True
vote|reduce2|10|1,"[""{\n    \""square entries report more administrative and staff misconduct, biased enforcement, and communication/recordkeeping failures than circle entries\"": \""Groups many raw items describing hostile or unprofessional adults, favoritism/nepotism, punitive or politicized discipline, withheld/erased records, poor parent communication and registrar/counseling failures — a personnel/governance cluster that is distinct from student-safety incidents, physical infrastructure, academic-program strength, or extracurricular breadth.\"",\n    \""square entries report more pervasive student-safety problems and ineffective/uneven anti-bullying responses than circle entries\"": \""This captures the numerous concrete reports of bullying, frequent fights, drugs/gangs, sexual/physical harm, suicide-linked crises and weak or punitive responses — a safety/climate cluster that is substantively different from administrative misconduct, facilities/logistics, curricular offerings, or extracurricular offerings.\"",\n    \""square entries report stronger advanced academic programs, AP/IB/dual‑enrollment, CTE and measurable post‑secondary outcomes than circle entries\"": \""Collects the many concrete mentions of formal college‑prep pathways, AP/IB/dual credit, CTE/academies and documented college/test outcomes — an academic-program/outcomes cluster that is about offered coursework and measurable student results, not about safety, facilities, staff conduct, or extracurriculars.\"",\n    \""Square entries report worse physical infrastructure, resourcing, and logistical safety problems (building disrepair, overcrowding, cafeteria/food/health hazards, transportation/traffic issues) than circle entries\"": \""Groups the specific facility, capacity, health and day‑to‑day logistical failures (overcrowding, filthy/broken bathrooms, food/infestation, portables, busing/parking problems) that are operational and environmental in nature and separate from governance, pedagogy, safety/climate, or program offerings.\"",\n    \""square entries describe richer extracurricular offerings and stronger, more visible community/parental influence—high-performing band/arts/athletics, heavy parent fundraising, multigenerational alumni, and clique/elitism dynamics—than circle entries\"": \""Aggregates the distinct pattern of wide/high‑profile extracurriculars (band, JROTC, state championships, travel trips), strong parent‑fundraising and alumni ties, and associated clique/elitism or athlete‑favoritism issues — a programming/community‑influence cluster separate from facilities, academics, safety, or staff governance.\""\n}""]",,34.88069200515747,22985,2176,2718,,[],['resp_0a88986425a223b9006a74d714ebb0819fa5e28191c88cc0e7'],True
vote|reduce2|1|0,"[""{\n    \""square entries report more frequent and severe student safety, misconduct, substance, and facility‑health incidents than circle entries\"": \""This bucket groups all concrete reports of fights, bullying, drug use, gang activity, suicides, police interventions, food/pest/unsanitary health problems, and other on‑campus safety/health crises described in square reviews — distinct from governance or resource problems because it captures incidents and victimization outcomes rather than administrative or logistical causes.\"",\n    \""square entries report more pervasive administrative and staff dysfunction (poor counselor help, inconsistent/unclear policies, favoritism/corruption, high turnover, and unresponsiveness) than circle entries\"": \""This bucket covers allegations about staff behavior, leadership malpractice, favoritism/nepotism, grade/record mishandling, hostile front‑office interactions and chronic unresponsiveness — a personnel/governance theme that is about who runs the school and how they act, not the physical capacity, program offerings, or direct safety incidents captured elsewhere.\"",\n    \""Square entries report more concrete operational/resource and contested policy issues (overcrowding, facilities, scheduling, transportation, program cuts, and remediation/online‑credit practices) than circle entries\"": \""This bucket captures tangible infrastructure and operational constraints and disputes — overcrowded classrooms/portables, closed bathrooms, scheduling/transportation barriers, tech rollout failures, budget‑driven program cuts, and credit/remote‑learning policy fights — and is separate from staff misconduct (who enforces policies) and from the content/quality of academic programs.\"",\n    \""square entries report stronger, more numerous advanced academic programs and measurable college outcomes than circle entries\"": \""This bucket groups concrete descriptions of AP/IB/honors/dual‑enrollment/CTE pathways, high AP/test scores, scholarship and elite college matriculation evidence and named program partnerships — it describes program breadth and measurable student outcomes, not operational capacity, safety incidents, or special‑education/counseling failures.\"",\n    \""square entries report more failures (and sometimes targeted inequities) in student supports and accommodations—special education, counseling, mental‑health services, and equitable access—than circle entries\"": \""This bucket aggregates IEP/504 denials, overloaded or ineffective counselors, mental‑health support gaps, discriminatory or uneven accommodation practices, and transfer/transition harms — a focused category on individualized student supports that is conceptually distinct from general administrative dysfunction, facility constraints, safety incidents, or advanced‑program availability.\""\n}""]",,35.173784255981445,27535,2112,2622,,[],['resp_033633be3c687bff006a74d714cbe881a29e3da8681fd845b8'],True
vote|reduce2|16|0,"[""{\n  \""square entries report more pervasive bullying, violent incidents, substance use, targeted harassment, and severe student mental‑health harms — often with ineffective, dishonest, or cover‑up responses from administration — than circle entries\"": \""This groups all safety/crisis evidence (bullying, fights, gangs, drugs, sexual incidents, suicidality, legal escalation) into a single school‑climate/safety bucket and is distinct from administrative, instructional, facilities or special‑education topics because it centers on student‑victimization and its (in)adequate remediation rather than governance or program offerings.\"",\n  \""square entries document more concrete advanced academic and career pathways and measurable postsecondary outcomes (AP/IB/CTE/dual-enrollment, college placement) than circle entries\"": \""This captures the many concrete, named academic programs, AP/IB/dual‑credit, vocational pathways and quantifiable college/career outcomes present in square reviews and is mutually exclusive from safety, admin, facilities or special‑education buckets because it is specifically about curriculum, credentials and measurable postsecondary results.\"",\n  \""square entries report more staff/administration problems — unresponsiveness, bullying or abusive staff behavior, punitive or inconsistent discipline, favoritism (often toward athletes), governance failures and record/credit mishandling — than circle entries\"": \""This groups governance and personnel misconduct (favoritism, punitive/arbitrary discipline, cover‑ups, recordkeeping and turnover) into an administrative‑accountability bucket that is about who runs the school and how, and is distinct from student‑safety incidents (outcomes) or program/facility descriptions.\"",\n  \""square entries report more operational and resource problems (overcrowding, portable classrooms, maintenance/cleanliness, transportation and scheduling failures, unreliable tech, food quality, and poor administrative communication) than circle entries\"": \""This operational bucket aggregates physical‑plant, logistics, scheduling and resourcing failures (including fees and meal/transport issues) and is separate from programmatic academic offerings, staff/governance misconduct, special‑education practice, or purely safety‑centered incidents.\"",\n  \""square entries mention both concrete special‑education/therapeutic on‑campus services and documented IEP/504 noncompliance or mistreatment more than circle entries\"": \""This groups all special‑education, 504/IEP, counseling and mental‑health support successes and documented failures into a dedicated student‑support bucket distinct from general instructional quality, facilities, admin misconduct, or broad academic‑program descriptions because it targets legally mandated accommodations and counseling practice.\""\n}""]",,36.26019358634949,28171,2176,2726,,[],['resp_0e7ee2e9c5c13f9c006a74d71545cc819c92c920b4dd4cdcac'],True
vote|reduce2|24|0,"[""{\n    \""square entries report more administrative/governance dysfunction, personnel instability, and poor accountability than circle entries\"": \""This bucket groups items about leadership, governance, recordkeeping, hiring/turnover, and accountability failures (e.g., grade‑tampering, nepotism, unresponsive front offices) and is distinct from facility, instructional, safety, extracurricular or program‑availability issues because it focuses specifically on governance/people/process breakdowns rather than physical resources or program content.\"",\n    \""square entries report more facility, capacity, and operational problems (overcrowding, sanitation, maintenance, and outages) than circle entries\"": \""This bucket captures concrete physical and logistical failures (broken HVAC, overcrowded halls/lunch lines, ID/entry chaos, transportation shortages, bathrooms/cleanliness) and is mutually exclusive from the governance bucket (which is about people and policy) and from safety, instruction, extracurricular or program‑offerings buckets (which address different substantive domains).\"",\n    \""Square entries report far more pervasive safety, bullying, substance‑use, and violent‑incident problems (and administrative failure to address them) than circle entries\"": \""This bucket collects all items about student safety and behavioral crises — fights, gangs, vaping/drug use, sexual/physical assaults, lockdowns and chronic bullying — plus the documented failure to remediate them, and is separate from facility/resource complaints, governance dysfunction, instructional quality, or program breadth which are different types of evidence.\"",\n    \""square entries document stronger and more numerous advanced academic programs and measurable college‑preparation outcomes than circle entries\"": \""This bucket groups concrete curricular offerings and outcomes (AP/IB/dual enrollment, measurable AP pass rates, college credits, admissions/scholarships, vocational/CTE pathways) and is intentionally distinct from teacher quality/support or extracurricular breadth because it focuses on formal academic program availability and documented postsecondary results.\"",\n    \""square entries report more extensive extracurricular breadth and a stronger athletics-centered culture — including budget/recognition favoritism toward sports — than circle entries\"": \""This bucket covers the wide array of clubs/arts/competitive teams, award‑winning band/theater, JROTC/CTE extracurriculars, and the recurrent theme that athletics are protected/prioritized (including booster activity and funding tradeoffs), kept separate from governance (who runs things), facilities (physical space problems), safety incidents, or core instructional/programmatic offerings.\""\n}""]",,36.657482862472534,27686,2176,2695,,[],['resp_0e7d401f884831b1006a74d714ef68819cbed48ab5fa1f2043'],True
vote|reduce2|2|1,"[""{\n    \""square entries report more bullying, on-campus violence, gang/drug presence, and ineffective safety responses than circle entries\"": \""This bucket groups all concrete reports of student-safety harms (fights, weapons, vaping/drugs, sexual harassment, threats/lockdowns) and descriptions of administration failing to address them; it is mutually exclusive from the other buckets because it focuses on safety incidents and disciplinary response rather than instructional design, program offerings, facilities logistics, or governance/corruption issues.\"",\n    \""square entries describe stronger, concrete advanced academic and career-technical offerings and measurable postsecondary outcomes than circle entries\"": \""This bucket captures specific programmatic strength claims (AP/IB/dual‑credit, CTE/automotive certifications, internships, AP/IB outcomes, college matriculation and credits) and measurable results, and is distinct from instructional or operational buckets because it addresses program availability and outcomes rather than how classes are taught, how the building functions, or how leadership behaves.\"",\n    \""square entries contain more concrete operational, facility and scheduling/resource claims (overcrowding or underpopulation, renovated vs dilapidated buildings, cafeteria/bathroom problems, block/modified schedules, parent portals, transportation cuts, distance-learning failures) than circle entries\"": \""This bucket groups logistics and material-resource evidence (building condition, overcrowding, lunch length, scheduling, tech rollouts, fees, transportation) and is kept separate from instructional quality, safety incidents, program offerings, and governance because it concerns physical/operational infrastructure and routine logistics rather than pedagogy, safety events, curricular breadth, or administrative politics.\"",\n    \""square entries report more administrative and governance dysfunction (coverups, nepotism/favoritism, politicized hiring/finance, leadership turnover or removal calls, and misaligned priorities) than circle entries\"": \""This bucket aggregates allegations of governance-level failures—board/district corruption, nepotistic hiring, misallocated funds, retaliatory discipline of parents, and opaque leadership decisions—and is mutually exclusive from the instructional, safety, programmatic, and facilities buckets because it targets system- and policy-level misconduct and accountability rather than classroom practice, student incidents, available programs, or facility logistics.\"",\n    \""square entries report more INSTRUCTIONAL QUALITY, GRADING/ASSESSMENT DESIGN, and TEACHER‑LEVEL PRACTICE PROBLEMS (and some strong teacher examples) than circle entries\"": \""This bucket covers classroom- and teacher-level evidence (uneven teacher competence, punitive/lenient grading, busywork, poor curriculum delivery, ignored IEPs/504, counseling failures and inconsistent one-on-one support), and is distinct from the governance/facilities/programs/safety buckets because it focuses on how instruction, assessment, and student-support services are delivered day-to-day rather than on programs offered, building operations, safety events, or district governance.\""\n}""]",,38.42640686035156,23412,2304,2947,,[],['resp_09cc3f8d1cd666e5006a74d714b8b481a3b22e6f666f37190e'],True
vote|reduce2|18|1,"[""{\n    \""square entries report more frequent and severe student safety, bullying, harassment, drug and violent‑incident problems and ineffective/incomplete disciplinary/Title IX responses than circle entries\"": \""This cluster groups all concrete reports of on‑campus harm (fights, drugs, sexual assault, suicides, gangs) and documented failures to investigate or discipline; it is distinct from governance (who runs the school), facilities (physical capacity/maintenance), academic programs (offerings/outcomes), and classroom‑level instruction/support (teacher quality, IEP handling) because it focuses specifically on student safety incidents and incident‑response failures.\"",\n    \""square entries report more administrative and staff governance problems (poor communication, punitive/inconsistent policies, favoritism, unethical district behavior, and higher teacher turnover) than circle entries\"": \""This bucket captures complaints about leadership, opaque decision‑making, favoritism/grade manipulation, retaliation, recordkeeping and high turnover—concrete governance failures that explain why problems persist and which are conceptually separate from raw safety incidents, physical resource shortfalls, curricular/program offerings, or classroom instructional variability.\"",\n    \""square entries report more facility, capacity, and resource problems (overcrowding, large classes, sanitation, equipment and maintenance issues) than circle entries\"": \""This groups concrete, operational resource issues—overcrowded enrollment, trailers, broken HVAC/bathrooms, pest/mold problems, food/transportation and technology shortages—that affect daily logistics and are materially different from leadership/governance failures, student safety crisis reports, the presence of advanced programs, or teacher‑level instructional variability.\"",\n    \""square entries describe stronger formal academic program offerings and measurable college/test outcomes than circle entries\"": \""This bucket aggregates explicit programmatic strengths and measurable outcomes (AP/IB/dual‑enrollment/CTE pathways, scholarships, high AP/IB scores, college matriculation) and is kept separate because it documents structured curriculum and credential pathways rather than classroom delivery, facility condition, safety incidents, or administrative governance.\"",\n    \""square entries show greater variability in classroom instruction, teacher availability, grading practices, and special‑education/counseling support (both strong supports and concrete failures) than circle entries\"": \""This captures the mixed, classroom‑and‑student‑support level evidence—examples of excellent one‑on‑one teachers, long substitute gaps, inconsistent grading/late‑work policies, effective IEP accommodations alongside counselor discouragement and mishandled IEPs—and is mutually exclusive from the other buckets because it focuses specifically on instructional delivery and student‑support staffing rather than programs, facilities, safety events, or governance/policy issues.\""\n}""]",,38.432461977005005,22533,2112,2650,,[],['resp_0e8036934ee698db006a74d7151cdc819db53fa14f0f238a04'],True
vote|reduce2|5|0,"[""{\n    \""square entries report more pervasive student-safety problems, bullying, substance use, fights and violent incidents with inadequate administrative response than circle entries\"": \""This groups the many concrete reports of bullying, fights, drugs, weapons, lockdowns, sexual harassment and related victimization (and claims that the school fails to protect victims) — a distinct safety/climate dimension that is about student harm and incident response and does not overlap with facility, curricular, governance or instructional‑quality buckets.\"",\n    \""square entries report more administrative and governance dysfunction, unresponsiveness, and budget/policy misprioritization than circle entries\"": \""This captures favoritism/nepotism, cover‑ups, politicized discipline, leadership turnover, refusal to release records, and contested spending priorities — issues about who runs the school and how decisions are made — which are organizational/governance problems that are conceptually separate from student safety, facilities, academics, or day‑to‑day instruction.\"",\n    \""square entries report more facility, capacity, transportation, and budget/resource problems (or concrete renovation activity) than circle entries\"": \""This groups overcrowding, broken/dirty facilities, HVAC/food/custodial problems, transportation/commute burdens, fee enforcement and concrete capital work — a logistics/infrastructure/resource cluster focused on physical capacity and operations that is distinct from governance choices, classroom practice, student‑safety incidents, or programmatic offerings.\"",\n    \""square entries report more concrete advanced academic offerings, AP/IB/dual‑enrollment pathways and measurable college outcomes than circle entries\"": \""This groups explicit programmatic evidence (numbered AP/IB/Honors, magnet/STEM/CTE pathways, dual‑enrollment, scholarship and college matriculation metrics) about curriculum breadth and postsecondary outcomes — a program‑level academic strength/offerings cluster separate from teacher variability, governance, facility, or safety complaints.\"",\n    \""square entries report inconsistent or inadequate instructional delivery and student support services (teacher competence variability, counseling shortages, weak or uneven IEP/504/college advising) than circle entries\"": \""This groups classroom‑level and student‑support practice: wide swings in teacher quality, grading/assessment problems, absenteeism/substitute issues, and both praised and failed special‑education/counseling/IEP practices — an instructional/support services theme focused on how teaching and student supports are delivered, distinct from physical resources, governance failures, safety incidents, or the mere presence of advanced programs.\""\n}""]",,39.1689989566803,27691,2432,2976,,[],['resp_049143898a7da096006a74d714fd1481a3a7fa05698178eeaa'],True
vote|reduce2|14|0,"[""{\n    \""square entries report more frequent and severe student safety, misconduct, substance, and facility‑health incidents than circle entries\"": \""This bucket groups the many reports of bullying, fights, assaults, gang/drug presence, suicides and acute health/hazard incidents (rats, mold, shootings/threats) that describe immediate student‑safety and misconduct crises — it is distinct from facility/capacity or administrative failures because it captures incidents and peer/behavioral harms themselves rather than structural or governance causes.\"",\n    \""square entries report more facility, capacity, and resource‑allocation problems — including overcrowding, deteriorated or insufficient facilities, budget cuts, and visible prioritization of athletics over academics — than circle entries\"": \""This bucket captures concrete space, staffing, sanitation, scheduling, transportation, and funding/priority trade‑off problems (overcrowded hallways and classrooms, broken bathrooms, pest and food complaints, transportation/busing, capital projects) and is mutually exclusive from safety incidents (peer violence) and from programmatic academic offerings or counseling compliance.\"",\n    \""square entries document more and clearer advanced academic, vocational, and measurable post‑secondary offerings/outcomes (AP/IB/dual‑credit, career tech, healthcare certifications, specialized magnets, measurable college placements) than circle entries\"": \""This groups the explicit, named programmatic strengths—AP/IB/honors, dual‑enrollment, CTE/magnet pathways, lab rigor and concrete college placements/scholarships—separating program availability/outcomes from classroom management, safety problems, or administrative/process dysfunction.\"",\n    \""square entries report more administrative and governance failures, inconsistent or punitive discipline, favoritism/protectionism, and discriminatory or cover‑up behavior than circle entries\"": \""This bucket collects the governance-level complaints (nepotism, grade/athlete favoritism, cover‑ups, opaque discipline, board/district scandals, recordkeeping errors and politicized priorities) and is kept separate from facility/resource issues and from failures of individualized student supports because it targets leadership, policy and decision‑making behavior.\"",\n    \""Square entries report more failures, inconsistencies, and variability in special‑education implementation, 504/IEP compliance, and counseling/guidance supports than circle entries\"": \""This bucket isolates evidence about individualized student supports (missing/denied IEP/504 accommodations, overloaded or unhelpful counselors, poor mental‑health/LGBTQ supports, and college‑counseling breakdowns), distinct from general administrative mismanagement or from broad academic program inventories because it focuses specifically on legally required and therapeutic/student‑support services.\""\n}""]",,40.196208000183105,27516,2304,2883,,[],['resp_0a6e747a4ae8deaa006a74d714e5dc81a29d79095f32a5d392'],True
vote|reduce2|9|0,"[""{\n    \""square entries report more frequent and severe student safety and misconduct incidents (bullying, fights, drugs, gangs, hate symbols, sexual harassment) than circle entries\"": \""This groups all reports about on-campus harm, substance use, gangs, targeted harassment, suicides, and weak/failed interventions — a distinct, incident-and-safety‑focused theme separate from leadership, academics, facilities, or program offerings.\"",\n    \""square entries report more administrative mismanagement, turnover, unresponsiveness, and fiscal/governance complaints than circle entries\"": \""This groups complaints about leadership, school-board/district governance, hiring/turnover, secretive or defensive administration, and poor parent communication — an organizational/governance cluster that is conceptually different from safety incidents, instructional variability, program offerings, or physical resource issues.\"",\n    \""square entries show greater variability and polarization in academic rigor, workload, and student support (including special‑education outcomes, counseling, and uneven teacher quality) than circle entries\"": \""This captures the mixed/uneven instructional and student‑support picture — swings from highly rigorous AP/IB tracks to neglected non‑honors students, plus IEP/504 and counseling failures — which is about classroom/program delivery and support, not about governance, safety incidents, facilities, or program breadth.\"",\n    \""square entries describe stronger, concrete advanced academic and career-technical offerings and measurable postsecondary outcomes than circle entries\"": \""This groups explicit evidence of AP/IB/dual‑credit/CTE pathways, named high‑quality departments, accelerated pacing, and documented college matriculation or scholarships — a program‑availability/outcome bucket distinct from instructional variability (how supports are delivered), admin dysfunction, safety, or facilities.\"",\n    \""square entries report more concrete facility, staffing, and resourcing shortfalls and contested resource allocation than circle entries\"": \""This groups physical‑plant, overcrowding, transportation, scheduling, food/bathroom/tech, budget cuts, and contested spending (e.g., athletics vs academics) — an operational/resource cluster that is about infrastructure and logistics rather than governance culture, safety incidents, academic program presence, or classroom‑level support.\""\n}""]",,40.409264087677,27236,3072,3514,,[],['resp_090333e03ffa21d1006a74d714b4d081a2a42798eb6a27a4b2'],True
vote|reduce2|16|1,"[""{\n    \""square entries describe stronger, concrete advanced academic and career-technical offerings and measurable postsecondary outcomes than circle entries\"": \""This groups all raw terms that name AP/IB/dual‑enrollment, CTE/vocational tracks, internships and concrete college/scholarship/credit outcomes — a program-and-outcome dimension distinct from (and not reducible to) safety incidents, building/operational faults, governance/favoritism, or special‑education/counseling compliance.\"",\n    \""square entries report more frequent and severe student safety, bullying, substance‑use, and physical‑violence incidents and claims of ineffective follow‑up than circle entries\"": \""This captures the cluster of reviews describing fights, threats, drugs, hate vandalism, sexual assault, pervasive bullying and administration failing to protect or follow up — a student‑safety/incident pattern that is substantively different from program offerings, facility logistics, governance problems, or IEP/counseling breakdowns.\"",\n    \""square entries report more administrative governance failures, favoritism/nepotism, and unresponsiveness than circle entries\"": \""This bucket collects items about board/superintendent/principal misconduct, favoritism/nepotism, cover‑ups, politicized hiring/discipline, and recordkeeping/communication failures — a governance/policy/accountability theme that is conceptually separate from safety incidents, physical infrastructure, curricular offerings, or special‑education service delivery.\"",\n    \""square entries report more facility, capacity, and operational problems (overcrowding, sanitation, maintenance, and outages) than circle entries\"": \""This groups concrete operational and physical‑plant complaints (overcrowding, HVAC/AC/water failures, food/cafeteria sanitation, bus/transport and tech/device rollout issues, scheduling logistics) which are infrastructural/logistical matters distinct from governance, safety incidents, curricular breadth, or IEP/counseling issues.\"",\n    \""Square entries report more failures, inconsistencies, and variability in special‑education implementation, 504/IEP compliance, and counseling/guidance supports than circle entries\"": \""This captures reviews documenting IEP/non‑compliance, broken accommodations, overloaded/unhelpful counselors, inconsistent special‑education placement and legal/eligibility barriers — a legally‑anchored student‑support/service cluster that is clearly different from governance problems, facility faults, safety incidents, or availability of advanced academic programs.\""\n}""]",,41.21816897392273,22904,2944,3501,,[],['resp_018c21433a56faeb006a74d714f0308192837a0860992779c5'],True
vote|reduce2|11|0,"[""{\n    \""square entries report more frequent and severe student-safety, bullying, drug, and violent-incident problems than circle entries\"": \""This cluster groups all concrete incident-level safety complaints (fights, weapons, drug sales/vaping, systemic bullying and harassment) that are about student behavior and immediate harm — distinct from governance or facility issues because it focuses on occurrences and peer conduct rather than how adults or buildings respond or are managed.\"",\n    \""square entries report more administrative and staff governance problems — unresponsiveness, bullying or abusive staff behavior, punitive or inconsistent discipline, favoritism (often toward athletes), governance failures and record/credit mishandling — than circle entries\"": \""This bucket captures complaints about adults and systems (board/district/administration behavior, nepotism, cover-ups, inconsistent/punitive policies, recordkeeping/credit errors) and is separate from student-safety incidents and facility problems because it centers on leadership, policy, and staff conduct rather than student misbehavior or physical infrastructure.\"",\n    \""square entries document more extensive advanced academic pathways and measurable college‑prep outcomes (AP/IB/dual‑enrollment, college credits, scholarships) than circle entries\"": \""This groups concrete program/offering evidence (AP/IB/dual enrollment, specialty academies, measurable outcomes and scholarships) about curricular opportunities and postsecondary results — distinct from teacher/instruction quality or extracurricular breadth because it is about formal academic pathways and measurable college-readiness.\"",\n    \""square entries report far more extensive, high‑profile extracurricular arts, music, and athletic programs and booster/parent engagement than circle entries\"": \""This bucket collects detailed claims about extracurricular breadth and prominence (award-winning band/choir, state championships, large marching bands, booster conflicts, heavy parental fundraising and legacy influence) and is kept separate from academics or facilities because it focuses on program offerings, community/booster engagement, and athletics/arts prioritization.\"",\n    \""square entries report more facility, capacity, sanitation, and resource/funding shortfalls and operational constraints (overcrowding, dilapidated buildings, unsanitary cafeterias/bathrooms, lack of books/computers, traffic/entry congestion) than circle entries\"": \""This captures concrete physical and operational problems (overcrowding, maintenance/cleanliness, scheduling/logistics, technology rollouts, parking/transportation) and is mutually exclusive from the other buckets because it addresses the built environment and logistical resource constraints rather than incidents, governance, academic programs, or extracurricular prominence.\""\n}""]",,41.24375081062317,27576,2752,3277,,[],['resp_0129ea42de76decb006a74d714f5fc81a2b97da58b6412ccc4'],True
vote|reduce2|10|0,"[""{\n  \""square entries report more frequent and severe student safety, bullying, substance‑use, physical‑violence, and sexual‑misconduct incidents and failures to address them than circle entries\"": \""Many square reviews name concrete safety crises (daily fights, gang/drug activity, weapon threats, sexualized pranks, on‑campus drug smells) and often allege inadequate or cover‑up responses; this is mutually exclusive from other buckets because it labels on‑the‑ground student conduct and incident response (not facility logistics, academics, teacher variability, or governance structure).\"",\n  \""square entries report more administrative governance failures, favoritism/nepotism, and unresponsiveness than circle entries\"": \""Square reviewers repeatedly allege biased discipline, favoritism/nepotism, school‑board/district unresponsiveness, cover‑ups, and opaque or punitive policy choices—a governance/leadership accountability pattern that is distinct from (and does not subsume) operational facility problems, classroom teacher variability, safety incident frequency, or the presence of advanced programs. \"",\n  \""square entries report stronger and broader advanced academic programs and measurable college outcomes than circle entries\"": \""Numerous square entries document concrete, high‑level academic offerings (AP/IB, dual‑enrollment, CTE/STEM pathways), measurable college placements and scholarships, and named programmatic pathways—this theme strictly captures program availability and postsecondary outcomes (separate from how well those courses are taught, which is handled by the teacher/staff variability bucket).\"",\n  \""square entries report more facility, capacity, sanitation, and resource/funding shortfalls and operational constraints (overcrowding, dilapidated buildings, unsanitary cafeterias/bathrooms, lack of books/computers, traffic/entry congestion) than circle entries\"": \""Square reviews contain many specific infrastructure and logistical complaints—overcrowded halls, long lunch lines, broken HVAC, pest problems, missing textbooks, transportationscheduling and cafeteria shortages—so this bucket isolates physical plant, material, and day‑to‑day operational constraints distinct from governance decisions, student safety incidents, academic program presence, or classroom‑level staff behavior. \"",\n  \""square entries show greater variability in teacher/paraprofessional performance and staffing patterns—both stronger individualized mentorship and more harmful/unstable staffing—than circle entries\"": \""Square entries frequently describe a polarized staffing picture (inspirational teachers, extensive unpaid tutoring and mentorship alongside apathetic, hostile, or unqualified staff, plus high turnover and coaching instability), a classroom‑and‑support‑staff centered pattern that is conceptually separate from school governance, facilities, safety incidents, or the mere existence of advanced academic programs.\""\n}""]",,41.63339877128601,27550,2496,3080,,[],['resp_07cc584a6d6efaf4006a74d714df188192a54433a08df29ec1'],True
vote|reduce2|1|1,"[""{\n    \""square entries document more extensive advanced academic pathways and measurable college‑prep outcomes (AP/IB/dual‑enrollment, college credits, scholarships) than circle entries\"": \""Groups all the concrete program- and outcome-focused evidence in the raw terms (AP/IB, dual enrollment, college credits, named college placements, scholarships) and is explicitly about provision of advanced academic pathways and measurable post‑secondary results — a distinct fact from safety, facilities, administration behavior, or athletics funding.\"",\n    \""square entries report more frequent and severe safety, violence, bullying, substance‑use, and unaddressed harassment incidents than circle entries\"": \""Collects the large cluster of reviewer claims about fights, lockdowns, assaults, daily racial slurs, vaping/drug/alcohol culture, teen pregnancy and failed safety responses — a student-safety/climate theme that is separate from program offerings, facilities constraints, administrative recordkeeping, or extracurricular emphasis.\"",\n    \""square entries report more administrative and staff misconduct, biased enforcement, and communication/recordkeeping failures than circle entries\"": \""Captures the recurring reports of unresponsive or hostile principals/counselors, favoritism/nepotism, transcript/records failures, punitive/arbitrary discipline, and other governance or staff-misconduct problems — focused on personnel and process failures and kept separate from physical facility problems, curricular offerings, teacher instructional variability, or athletics culture.\"",\n    \""square entries report more facility, capacity, sanitation, and resource/funding shortfalls and operational constraints (overcrowding, dilapidated buildings, unsanitary cafeterias/bathrooms, lack of books/computers, traffic/entry congestion) than circle entries\"": \""Encompasses the concrete, logistical evidence about overcrowding, broken bathrooms, pests, scheduling/phone/tech failures, food-service and transportation problems, and funding/space tradeoffs — a physical/infrastructure and operations bucket distinct from administrative misconduct, student-safety incidents, curricular offerings, or sports favoritism.\"",\n    \""square entries exhibit greater athletics dominance and athlete favoritism that crowds out academics more than circle entries\"": \""Groups reports specifically about sports-centered culture, large athletic facility investments, funding or ‘pay-to-play’ priorities, coach favoritism or hiring coaches as teachers, and athletics crowding out academics — focused on resource/prioritization and social favoritism in athletics, distinct from general extracurricular breadth, academic program presence, facilities failures, or administrative unresponsiveness.\""\n}""]",,42.33134984970093,23346,3072,3623,,[],['resp_07e94d31eaef325b006a74d714d4dc819185c2c6daceffc629'],True
vote|reduce2|20|1,"[""{\n    \""Square entries report far more pervasive safety, bullying, substance‑use, and violent‑incident problems (and administrative failure to address them) than circle entries\"": \""This bucket groups the many raw items that document concrete student‑safety harms (fights, weapons, sexual assault, gang/drug activity, suicides) and repeated staff/administrative non‑responses — it is focused on incidents and safety/climate outcomes and is therefore distinct from buckets about physical facilities, extracurricular/program breadth, academic offerings, or governance process failures.\"",\n    \""square entries report more administrative and staff governance failures, favoritism, misconduct, and unresponsiveness than circle entries\"": \""This bucket collects the concrete governance and personnel problems (nepotism, grade manipulation, coach/teacher misconduct, hostile/unresponsive administrators, punitive/arbitrary discipline) described across many raw items and is intentionally separate from safety incidents, facility/logistics problems, program availability, or curricular/academic‑outcome evidence.\"",\n    \""square entries report more operational and facility problems (overcrowding, severe maintenance and cleanliness failures, poor food/bus/parking logistics, missing materials) than circle entries\"": \""This bucket captures concrete physical‑plant and day‑to‑day operational failures (closed/dirty bathrooms, no A/C, trailers/overcrowding, cafeteria/transport issues, broken equipment) and is kept distinct from governance/favoritism, student‑safety incidents, extracurricular prominence, or academic program descriptions.\"",\n    \""square entries document broader, higher‑profile extracurricular, arts and athletic programs and traditions (sometimes coupled with athletics prioritization) more than circle entries\"": \""This bucket groups the many concrete descriptions of extensive extracurricular life (large marching bands, stadiums, award‑winning arts, large athletics programs and budgets, alumni fundraising/traditions) and is intentionally separate from academic program strength, facility/maintenance failures, safety/climate incidents, and administrative misconduct.\"",\n    \""square entries document more extensive advanced academic programs and measurable college‑prep outcomes than circle entries\"": \""This bucket covers the concrete academic‑program evidence (AP/IB/dual‑enrollment/STEM/vocational pathways and measurable postsecondary outcomes or exam/credit results) and is kept distinct from instructional or teacher‑practice critiques, extracurricular descriptions, safety incidents, and physical/administrative operational failures.\""\n}""]",,42.417020082473755,23059,2688,3225,,[],['resp_0a78af63b7a2d2f0006a74d714dfa881a29cbb58711857675d'],True
vote|reduce2|13|0,"[""{\n    \""square entries report more frequent and severe student-safety/discipline incidents and weaker or inconsistent institutional responses than circle entries\"": \""Captures all bullying, fights, weapon/drug/gang incidents, documented mental‑health harms and claims that administration fails to remediate — distinct from facility, academic, teacher‑quality or governance problems because it focuses specifically on student safety and incident response and not on resource, curricular, or personnel variability.\"",\n    \""square entries report more administrative mismanagement, favoritism/nepotism, and budget or policy misallocation than circle entries\"": \""Groups the recurring complaints about opaque leadership, favoritism, pay‑to‑play, misallocated funds, politicized hiring/board problems and fiscal priorities — distinct from safety (incidents), facilities (physical/resource constraints), special supports or instructional variability because it targets governance, budget and biased decision‑making.\"",\n    \""square entries report more concrete facility, capacity, and operational resource problems and contested allocation decisions than circle entries\"": \""Captures overcrowding, sanitation/maintenance, transportation/parking, scheduling/tech/food logistics and capital project details and disputes — distinct from governance (mismanagement) because it describes tangible plant/operational constraints and from safety or instructional program themes which concern people and pedagogy rather than physical capacity or logistics.\"",\n    \""square entries report stronger advanced academic and college‑preparatory programs and measurable postsecondary outcomes than circle entries\"": \""Groups all evidence of AP/IB/dual‑enrollment/CTE/magnet tracks, measurable college placements, certificates and formal pathways — distinct from teacher‑level variability or facilities because it describes concrete program offerings and outcomes rather than day‑to‑day instruction, governance, or safety.\"",\n    \""square entries show greater variability and extremes in teacher/instructional quality and student support (from highly committed/inspirational teachers to abusive, neglectful, or discriminatory staff) than circle entries\"": \""Aggregates the polarized reports about teacher effectiveness, grading/cheating variability, misassigned or underqualified teachers, and highly committed tutors/counselors — distinct from the governance, facility, safety, and formal program buckets because it focuses on classroom delivery and staff professional conduct/consistency.\""\n}""]",,42.91260004043579,27372,2560,3068,,[],['resp_0e804d41b7441cd2006a74d714fc948191a3fced5d679c8b7a'],True
vote|reduce2|19|1,"[""{\n    \""Square entries report more frequent and severe student-safety and behavioral incidents (bullying, fights, drugs, weapons, lockdowns) than circle entries\"": \""This bucket groups all raw terms about concrete student harm, violence, substance use, suicides and ineffective incident follow‑up — a distinct class of evidence about on‑campus safety and peer conduct that does not overlap with administrative governance, facilities, program offerings, or special‑education/counseling detail.\"",\n    \""square entries report more visible administrative and district‑level dysfunction, favoritism, secrecy, turnover, and poor communication than circle entries\"": \""This bucket captures governance and personnel failures (turnover, favoritism/nepotism, unresponsive leaders, board/district protectionism and poor parent communication) which are about institutional decision‑making and accountability and are conceptually separate from physical facilities, safety incidents, curricular/program strengths, or IEP/service specifics.\"",\n    \""square entries describe substantially stronger and more formally structured advanced academic and college‑preparatory offerings and measurable postsecondary outcomes than circle entries\"": \""This bucket groups all concrete claims about AP/IB/dual‑credit/CTE pathways, measurable test/college outcomes, and formal academic academies — an explicit programmatic/achievement dimension that is distinct from safety, facilities, administrative behavior, or individualized special‑education/counseling issues.\"",\n    \""square entries include more detailed facility and operational reporting—renovations, specialized labs, overcrowding, sanitation/pest problems, and complex cafeteria logistics—than circle entries\"": \""This bucket collects detailed, day‑to‑day physical and operational evidence (building condition, overcrowding, HVAC/water/food problems, buses/scheduling, capital projects, tech rollouts) which describes material capacity and logistics rather than governance choices, student misconduct, academic program content, or special‑education service delivery.\"",\n    \""square entries report more special‑education, IEP, learning‑disability, and counseling service detail (both failures and specific supports) than circle entries\"": \""This bucket groups all reviewer evidence specific to student‑support systems (IEP/504 compliance, dyslexia/remediation programs, counseling responsiveness, special‑needs placements and abuses), a narrowly targeted class of service‑level facts that is distinct from general administrative dysfunction, campus facilities, safety incidents, or broad academic program descriptions.\""\n}""]",,44.2672598361969,22677,2752,3236,,[],['resp_0aff808073c12748006a74d714ed688191b04d019167861b1d'],True
vote|reduce2|20|0,"[""{\n    \""Square entries report more frequent and severe student safety, bullying, substance‑abuse, gang and weapon incidents and/or inadequate remedial responses than circle entries\"": \""This groups all concrete reports of fights, gangs, drugs, sexual harassment, victim‑blaming, and failure-to-remediate safety incidents — a discrete school‑climate/safety domain distinct from facility, academic, governance or programmatic descriptions.\"",\n    \""square entries report more administrative governance problems, inconsistent or punitive discipline, favoritism/protectionism, and discriminatory or cover-up behavior than circle entries\"": \""This captures leadership, discipline policy, favoritism/nepotism, cover‑up and governance misconduct claims — focused on decision‑making and accountability rather than on classroom instruction, facilities, student supports, or extracurricular offerings.\"",\n    \""square entries report greater variability and concrete deficiencies in operational supports, facilities, and student services (special education failures, inconsistent counseling/tutoring, scheduling, maintenance, IDs/security, overcrowding) than circle entries\"": \""This groups concrete, observable operational/resource failures (overcrowded classrooms, sanitation, transportation, IEP/504/counseling breakdowns, scheduling/tech/meterials) and is separable from safety incidents, governance behavior, academic program quality, or extracurricular breadth.\"",\n    \""square entries document substantially stronger/ broader advanced academic and measurable college-preparatory offerings and outcomes than circle entries\"": \""This buckets explicit programmatic academic strength (AP/IB/dual‑enrollment, magnet/academies, college placements, measurable outcomes) as a distinct curricular/program indicator that is not the same as teacher quality, admin conduct, facilities, or extracurricular claims.\"",\n    \""square entries report broader and richer extracurricular, arts, technical, and athletic offerings — but also more explicit athletics prioritization and funding tradeoffs — than circle entries\"": \""This groups claims about the scope and success of clubs, band/arts, JROTC/ROTC, vocational electives and athletics (including booster funding and athletics‑first tradeoffs), a programmatic/extra‑curricular resource theme separate from academics, safety, operations, or governance.\""\n}""]",,44.43628692626953,27469,1728,2198,,[],['resp_0f7ef365175a4503006a74d715089081a29eb2d6658a07d721'],True
vote|reduce2|0|1,"[""{\n    \""square entries report more administrative governance failures, favoritism/nepotism, and unresponsiveness than circle entries\"": \""Many raw items allege broken promise-making, secrecy, nepotism, politicized boards and unresponsive leadership — a governance/fairness cluster that is organizational (who runs the school and how) and distinct from safety, facilities, academic programs, teacher practice or counseling issues.\"",\n    \""square entries document more frequent and severe student-safety and behavior incidents (fights, drugs, gangs, sexual coercion, weapons, bullying) than circle entries\"": \""A large set of reviews report concrete threats to student safety (daily fights, gang activity, drug problems, targeted bullying and riots) — this is a clearly separable cluster about on-campus risk and peer misconduct rather than administration, facilities, academics, or support services.\"",\n    \""square entries report more and broader named advanced academic programs and measurable college/credit outcomes (AP/IB/JROTC/dual‑enrollment, internships, high ACT/college placements) than circle entries\"": \""Numerous texts enumerate formal advanced-program offerings and measurable postsecondary outcomes (AP, IB, dual‑credit, JROTC, college matriculation), a programmatic/academic-offering cluster distinct from instructional delivery quality, student supports, facility problems, or governance.\"",\n    \""square entries report more operational and facility problems (overcrowding, severe maintenance and cleanliness failures, poor food/bus/parking logistics, missing materials) than circle entries\"": \""Many reviews give concrete logistics and infrastructure complaints (trailers/overcrowding, pest/health violations, HVAC/power failures, parking and scheduling failures) — an operational/facility category separate from safety incidents, governance, curricular offerings, or counseling/IEP practice.\"",\n    \""square entries include more specific accounts of student support services and special‑education/counseling practices (both praised and criticized) than circle entries\"": \""A coherent subset of items provides detailed case-level descriptions of IEP/504 handling, counselor responsiveness, special‑education outcomes and mental‑health interventions — these frontline support-service narratives are about individualized student accommodations distinct from overall teaching quality, facilities, safety, or district governance.\""\n}""]",,44.58084034919739,22799,1792,2269,,[],['resp_03035dcb5a8ed5dd006a74d714df4881a2b21f0e43e49f0895'],True
vote|reduce2|4|0,"[""{\n    \""square entries report more administrative unresponsiveness, procedural mishandling, and leadership/accountability failures than circle entries\"": \""Many raw terms document secretive boards, nepotistic hires, lost records, unresponsive counselors, mismanaged scheduling/credits and deliberate image‑over‑student priorities — a governance/administration cluster distinct from facility, safety, programmatic or classroom‑level problems and therefore kept separate from the other buckets.\"",\n    \""Square entries report more frequent and more severe student safety, bullying, and substance‑abuse incidents (and linked mental‑health harms) than circle entries\"": \""Numerous raw items describe gangs, daily fights, vaping/drug offers, filmed racial assaults, lockdowns and repeated unaddressed bullying — a coherent safety/peer‑conduct theme that is different from administrative mismanagement, instructional variability, facilities shortages, or academic program descriptions.\"",\n    \""square entries document stronger and more numerous advanced academic programs and measurable college‑preparation outcomes than circle entries\"": \""A large subset of raw terms uniquely catalogs AP/IB/magnet/dual‑enrollment/CTE offerings, test statistics, college placements and named academies — concrete programmatic and outcome evidence that should not be conflated with how teachers behave, how safe the campus is, or with facilities/resources.\"",\n    \""square entries report more facility, capacity, sanitation, and resource/funding shortfalls and operational constraints (overcrowding, dilapidated buildings, unsanitary cafeterias/bathrooms, lack of books/computers, traffic/entry congestion) than circle entries\"": \""Many entries provide granular, physical‑campus and logistic complaints (overcrowded classes, bad food, missing textbooks, remodeling vs materials tradeoffs, bus/zoning barriers) — an operational/infrastructure cluster that is substantively distinct from governance failures, student‑safety incidents, program breadth, or instructional quality.\"",\n    \""Square entries show greater polarization and variability in teacher quality and instructional delivery (from highly supportive, individualized help to disengaged, absent, or unprofessional teachers) than Circle entries\"": \""Raw terms repeatedly contrast exemplary, highly‑involved teachers and strong one‑to‑one supports with apathetic or incompetent instructors, grading inconsistency, and IEP/counseling breakdowns — a classroom‑level variability pattern separate from administration, facilities, safety, or the presence/absence of formal programs.\""\n}""]",,45.03542995452881,27571,2944,3454,,[],['resp_0ab038623d600ded006a74d714c2c4819196312891950be5e7'],True
vote|reduce2|12|1,"[""{\n  \""square entries report more tangible facility, resource, and operational shortfalls (maintenance, overcrowding, technology, budget-driven cuts) than circle entries\"": \""This groups all concrete, on-the-ground infrastructure and logistics complaints (broken bathrooms, trailers/overcrowding, food/cleanliness, parking, tech access, scheduling problems and budget-driven program cuts) and is distinct from safety, staff behavior, curricular/program strength, and governance issues because it focuses on physical resources and daily operations rather than incidents, personnel quality, or program offerings.\"",\n  \""square entries report more frequent and severe student safety, bullying, harassment, drug and violent‑incident problems and ineffective/incomplete disciplinary/Title IX responses than circle entries\"": \""This bucket captures fights, drugs, sexual assault, suicidality, pervasive bullying, police/lockdown episodes and claims that incidents are underreported or mishandled — a discrete set of threats to student safety and victim response that is conceptually separate from facility shortages, curricular richness, staff variability, or broad administrative politics.\"",\n  \""square entries report more administrative and governance dysfunction, unresponsiveness, and budget/policy misprioritization than circle entries\"": \""This groups allegations about leadership turnover, opaque or politicized district decisions, favoritism/nepotism, withholding records, poor communications from offices, and contested budgeting/policy priorities (e.g., athletics vs. academics) — issues about who runs and funds the school that are different from frontline safety incidents, physical resource failures, classroom instruction, or catalogue of programs.\"",\n  \""Square entries describe more concrete, named advanced-academic pathways and measurable postsecondary outcomes (AP/IB/honors/dual‑enrollment, high test-proficiency, college matriculation) than Circle entries\"": \""This bucket collects all specific programmatic evidence about formal advanced/honors/IB/AP/dual-credit/CTE pathways and measurable college/test outcomes and recognitions (scholarships, elite acceptances, exam statistics), keeping program availability/outcomes distinct from staffing quality, facility problems, discipline/safety, or governance critiques.\"",\n  \""square entries contain more concrete evidence about instructional quality, classroom management, student support services, and special-education practice (both positive and negative) than circle entries\"": \""This groups reviewer detail about how teaching is delivered and supported (teacher competence variability, tutoring/grade-recovery, counselor access, IEP/504 identification and accommodation success or failure, instructional rigor and stratification) and is intentionally separate from resource/infrastructure issues, student-safety incident counts, governance/politics, or the mere presence of advanced programs.\""\n}""]",,45.50603795051575,23156,2944,3489,,[],['resp_07481abb00ee6c93006a74d714e78081a1b0c22d436afbcd3d'],True
vote|reduce2|22|0,"[""{\n    \""square entries report more administrative and governance failures (selective enforcement, favoritism, secrecy, misallocated funds, poor responsiveness and special‑education noncompliance) than circle entries\"": \""Groups reviews that allege leadership and district‑level breakdowns (nepotism/favoritism, budget misprioritization, recordkeeping/transfer errors, politicized board choices, and IEP/IEP‑related coverups) — a governance/accountability cluster that is about who runs the school and how, and is therefore distinct from physical plant problems, student‑safety incidents, classroom instruction/teacher variability, or the presence of advanced programs.\"",\n    \""square entries report more facility, resource, and operational capacity problems (or large-scale space/technology differences) than circle entries\"": \""Captures concrete campus and logistics complaints (overcrowding, HVAC/pest/cleanliness failures, broken bathrooms, short passing times, parking/transport shortages, tech disparities, bond projects) — focused on infrastructure and scheduling/capacity constraints and thus mutually exclusive from governance choices, safety incidents, teacher quality/support, or academic‑program breadth.\"",\n    \""square entries report more frequent and severe student-safety incidents (bullying, fights, gangs, and substance abuse) than circle entries\"": \""Groups items that document on‑campus behavioral crises (physical fights, pervasive bullying and cyberbullying, drug/vaping use, gang activity, police/lockdowns) and failures to protect victims — a student‑safety/behavioral‑climate bucket clearly separate from facility condition, governance problems, teacher instructional variability, or descriptions of academic pathways.\"",\n    \""square entries describe stronger, more numerous advanced academic pathways and measurable college‑prep outcomes than circle entries\"": \""Collects reviews that enumerate AP/IB/dual‑enrollment/early‑college/CTE/academy offerings and cite measurable outcomes (high AP/ACT scores, scholarships, elite college admits) — a programmatic/academic‑pathway cluster about course availability and postsecondary results, not about administration, physical plant, safety, or everyday teacher behavior.\"",\n    \""square entries show greater variability and extremes in teacher/instructional quality and student support (from highly committed/inspirational teachers to abusive, neglectful, or discriminatory staff) than circle entries\"": \""Groups evidence of polarized classroom‑level experience (wide swings in teacher competence, unfair grading/placement, counseling and IEP successes or mishandling, favoritism by staff) — an instructional and student‑support theme that concerns how teaching and supports are delivered and is distinct from governance failures, facilities, safety incidents, or the mere presence of advanced programs.\""\n}""]",,45.97099280357361,27679,2944,3500,,[],['resp_01456df990603496006a74d7150ee4819186389e926c376350'],True
vote|reduce2|22|1,"[""{\n    \""square entries document more concrete advanced academic and career pathways and measurable postsecondary outcomes (AP/IB/CTE/dual-enrollment, college placement) than circle entries\"": \""Groups reviews that name specific programs, credentials, internships, dual‑credit/AP/IB/CTE offerings and measurable college/test outcomes — a concrete program/outcome dimension distinct from (a) how well classes are taught, (b) staff/board behavior, (c) safety incidents, or (d) facility/resource issues.\"",\n    \""square entries show greater variability and problems in teacher/instructional quality, professionalism, and measurable academic outcomes than circle entries\"": \""Captures reports about classroom-level instruction and teacher professionalism (wide swings from highly supportive to unqualified/abusive teachers, inconsistent grading, instructional delivery and related outcome variability) — an instruction‑centric theme that is separate from program availability, governance/favoritism, safety incidents, or physical/resource conditions.\"",\n    \""square entries report more administrative dysfunction, politicization, favoritism, turnover, and failure-to-act (board/district/leadership problems) than circle entries\"": \""Groups governance‑level complaints (board politics, nepotism, leadership turnover, protectionism, biased policy enforcement and failure to resolve complaints) which are organizational/leadership problems distinct from classroom instruction, program offerings, student safety incidents, or facility/resource shortfalls.\"",\n    \""square entries report more frequent and severe student-safety and behavior problems (bullying, fights, weapons, pervasive vaping/drug culture) that are often poorly remediated than circle entries\"": \""Collects safety/climate evidence about bullying, fights, weapon/drug incidents, sexual harassment and ineffective incident response — a student‑safety/climate axis that is conceptually separate from administrative governance, instructional quality, program breadth, or facilities/resources.\"",\n    \""square entries report more facility, capacity, sanitation, and resource/funding shortfalls and operational constraints (overcrowding, dilapidated buildings, unsanitary cafeterias/bathrooms, lack of books/computers, traffic/entry congestion) than circle entries\"": \""Groups concrete physical and operational resource realities (overcrowding, maintenance, technology, buses, food service, budget allocation tradeoffs) which are infrastructure/operational issues distinct from programmatic offerings, teacher performance, governance/politics, or student safety incidents.\""\n}""]",,46.19272708892822,22873,1856,2378,,[],['resp_031bba0b5955a747006a74d714f508819d9751f9b7edf8f07e'],True
vote|reduce2|21|0,"[""{\n    \""square entries report more administrative mismanagement, turnover, unresponsiveness, and fiscal/governance complaints than circle entries\"": \""This bucket groups governance-level complaints (board/superintendent/principal criticism, fiscal misprioritization, turnover, unreturned calls, recordkeeping/credit errors) distinct from facility, safety, instructional or programmatic claims — it focuses on district/leadership/governance failures not captured by the other four buckets.\"",\n    \""square entries report more frequent and severe student safety, bullying, substance‑use, and physical‑violence incidents and claims of ineffective follow‑up than circle entries\"": \""This bucket captures concrete reports of harms to students (bullying, fights, suicides/attempts, drug overdoses, sexualized incidents) and administrators’ failure to protect or remediate — a safety/incident cluster that is separate from administrative governance, facilities/resources, academic-program strength, or classroom‑level instructional variability.\"",\n    \""square entries report more tangible facility, resource, and operational shortfalls (maintenance, overcrowding, technology, budget-driven cuts) than circle entries\"": \""This bucket groups concrete physical and operational constraints (pests, bathrooms/food quality, overcrowding/portables, transportation/parking, scheduling, tech losses, fee/tuition pressures) that affect day‑to‑day school functioning and are distinct from leadership misconduct, safety incidents, academic-program availability, or teacher/instructional quality.\"",\n    \""square entries report stronger advanced academic programs (AP/IB/honors), selective honors concentration, and measurable college‑prep outcomes than circle entries\"": \""This bucket collects claims about programmatic academic strength and measurable outcomes (AP/IB/dual‑enrollment, STEM/CTE tracks, college acceptances, scholarships, selective‑program participation) and is intentionally about program availability and outcomes rather than classroom delivery, safety, facilities, or governance.\"",\n    \""square entries show wider variability in teacher instructional quality and student supports — from highly committed, tutoring/PhD faculty to unqualified, unresponsive, or abusive staff — than circle entries\"": \""This bucket captures classroom‑level heterogeneity and student‑support issues (inconsistent teaching, grading irregularities, substitute failures, IEP/504 counseling breakdowns, favoritism at classroom level) distinct from systemic governance problems, facility/resource deficits, safety incidents, or programmatic breadth/outcomes.\""\n}""]",,47.802746057510376,27680,1728,2255,,[],['resp_01b62be7351c38f7006a74d7153700819e8dba09af57928098'],True
vote|reduce2|15|0,"[""{\n    \""Square entries report more concrete facility, resourcing, and operational/logistical problems (or visible capital changes) than circle entries\"": \""Groups of raw terms cluster around physical plant, capacity, maintenance, sanitation, transportation, scheduling and visible capital projects — this bucket isolates concrete, on‑the‑ground facility and logistical/resource signals (e.g., overcrowding, pests, new pools/tracks, bus shortages) and is distinct from leadership/policy failures, student conduct, program offerings, or variability in instruction.\"",\n    \""square entries report more frequent and severe student‑safety, bullying, drug, and violent-incident problems than circle entries\"": \""Many raw items document direct student‑safety and climate harms (bullying, fights, assaults, drugs, sexual harassment, vaping, suicides) and failures to protect victims — this bucket captures prevalence/severity of peer misconduct and immediate safety failure, which is conceptually separate from facility problems, program breadth, administrative governance, or within‑school instructional variability.\"",\n    \""square entries report more administrative and staffing governance failures (turnover, unresponsiveness, grade manipulation, favoritism) than circle entries\"": \""A clear group of terms point to leadership/governance breakdowns — unresponsive principals, favoritism/nepotism, budgeting/policy missteps, recordkeeping and personnel churn — so this bucket groups governance/management/HR and budget accountability problems, which are about who runs the school and how (not the physical plant, not program offerings, and not individual teacher variability per se).\"",\n    \""square entries describe broader, formal academic and extracurricular program inventories (AP/honors, magnet/dual‑enrollment, vocational, arts, many clubs and sports) than circle entries\"": \""Numerous items enumerate concrete programmatic offerings (IB/AP/dual‑enrollment, CTE/aviation, academies, band/arts/competitive athletics and award recognition) and measurable college outcomes — this bucket groups substantive curricular and extracurricular breadth and credentialing distinct from safety, facilities, governance, or uneven teacher execution.\"",\n    \""square entries show greater internal inconsistency and polarized experiences (wide dispersion in teacher quality, student outcomes, improvement over time) than circle entries\"": \""Many raw terms describe stark within‑school contrasts — some teachers/programs are excellent while others are neglectful, honors students get resources while average/IEP students are ignored — this bucket captures variability/stratification and inconsistent student supports that are different from program availability, administrative dysfunction, facility flaws, or pure safety incident counts.\""\n}""]",,54.01015090942383,27179,3200,3777,,[],['resp_0c7d3c4a694d0f94006a74d7151794819fb5c74b9f65eb5c5e'],True
vote|reduce2|7|1,"[""{\n    \""square entries describe stronger, more numerous advanced academic and postsecondary pathways and measurable outcomes (AP/IB/dual enrollment, weighted GPA policy, college admissions and scholarships, high test scores) than circle entries\"": \""This groups all raw terms that document concrete course/program availability (AP, IB, dual‑enrollment, honors tracks), measurable outcomes (scholarships, college matriculation, district exam policies) — it is distinct from teacher quality, safety, administration, or facilities because it captures the formal curricular/pathway offerings and documented postsecondary results rather than how well they are delivered, financed, or policed.\"",\n    \""square entries show wider variability in teacher instructional quality and student supports — from highly committed, tutoring/PhD faculty to unqualified, unresponsive, or abusive staff — than circle entries\"": \""This groups raw terms about in-class teaching, differential assignment of strong vs weak teachers, tutoring/out‑of‑class instructional help, IEP/counseling responsiveness and abusive or neglectful classroom practice; it is mutually exclusive from the advanced‑program bucket (which lists programs) and from administration/facilities/safety buckets (which concern governance, physical infrastructure, or student conduct rather than classroom pedagogy and support variability).\"",\n    \""square entries report more administrative and staff governance problems (poor communication, punitive/inconsistent policies, favoritism, unethical district behavior, and higher teacher turnover) than circle entries\"": \""This collects reviews describing governance and managerial failures — recordkeeping errors, retaliation, nepotism, opaque policy choices, punitive discipline and district budgeting decisions — and is distinct from facility/resource problems (physical capacity, pest, HVAC) and from classroom/teacher variability (instructional quality), because it centers on leadership, policy and governance actions and choices.\"",\n    \""Square entries report worse physical infrastructure, resourcing, and logistical safety problems (building disrepair, overcrowding, cafeteria/food/health hazards, transportation/traffic issues) than circle entries\"": \""This bucket groups concrete, physical and operational resource constraints — overcrowded classes and trailers, pest/cleanliness issues, HVAC/food/transportation breakdowns, scheduling/logistics — and is kept separate from administrative governance (leadership choices) and from student‑behavior/safety incidents (bullying, drugs), because it addresses the built environment, capacity and logistical resources themselves.\"",\n    \""square entries report more bullying, fights, drug/intoxication incidents and inadequate student safety supervision than circle entries\"": \""This groups raw terms about on‑campus behavioral crises and adult failure to protect/respond — bullying, fights, drug use, gang presence, sexual misconduct and poor follow‑up — and is explicitly separate from the administrative governance bucket (which is about policy and recordkeeping) and from facility/logistics (which is about physical infrastructure), since it focuses on student conduct and safety outcomes and adults' protective responses rather than policy or buildings.\""\n}""]",,56.74869203567505,22974,4032,4656,,[],['resp_06dfbe4fa3f8ab11006a74d714cc50819cb55fb6890c851f07'],True
vote|reduce2|9|1,"[""{\n    \""square entries describe more administrative and governance failures (turnover, mismanagement, favoritism, policy experiments, scheduling/operational errors, unresponsiveness) than circle entries\"": \""This groups the many complaints about leadership, district- and school-level mismanagement, turnover, politicized hiring/selection, and recordkeeping/scheduling breakdowns — a governance/operations cluster that is distinct from classroom instruction, safety incidents, program offerings, or extracurricular descriptions.\"",\n    \""square entries report more frequent and severe student safety, bullying, substance‑use, and violent‑incident problems — and administrative neglect of those issues — than circle entries\"": \""This captures concrete accounts of fights, drugs/vaping, sexualized behavior, arson/vandalism, weapon/assault incidents, targeted harassment and failure (or cover‑up) of incident reporting — a safety/discipline cluster that is about student harm and incident response rather than curriculum, programs, or governance mechanics.\"",\n    \""square entries exhibit more polarized, uneven stakeholder experiences and variable teacher quality than circle entries\"": \""This groups repeated descriptions of wide teacher-quality spreads, punitive/blaming teachers, favoritism in classroom treatment, heavy reliance on student effort/remediation, and inconsistent instructional delivery — a classroom-level variability theme separate from system-level governance, safety crises, or the presence/absence of programs.\"",\n    \""square entries report stronger advanced academic programs and measurable postsecondary/career outcomes (AP/IB/STEAM, national scholarships, college matriculation, vocational credentials) than circle entries\"": \""This groups concrete evidence of formal honors/IB/AP/dual‑enrollment/CTE offerings and documented college placements/scholarships — a programmatic academic-strength theme distinct from extracurricular breadth, facility/operational problems, special‑education/counseling detail, or safety complaints.\"",\n    \""square entries report more abundant, well‑resourced, and varied extracurriculars, arts, athletics, and external partnerships than circle entries\"": \""This groups the many reports of broad, high‑profile clubs, band/theater success, competitive athletics, JROTC/vo‑tech/Career academies and booster/parent engagement — a offerings-and-resourcing cluster that is conceptually different from governance failures, safety incidents, classroom instruction variability, or advanced academic-program evidence.\""\n}""]",,60.66121697425842,22968,3776,4304,,[],['resp_0157a91eed8fa67e006a74d7151f78819db17e8df6fca19986'],True
vote|reduce2|6|1,"[""{\n  \""square entries describe more administrative and governance failures (turnover, mismanagement, favoritism, policy experiments, scheduling/operational errors, unresponsiveness) than circle entries\"": \""Groups the many concrete complaints about leadership, school‑committee/district misdecisioning, politicized hiring/favoritism, withholding information from parents, and frequent principal/counselor turnover — distinct from facility, safety, instructional, or programmatic topics so it does not overlap with the other selected buckets.\"",\n  \""square entries report more tangible facility, resource, and operational shortfalls (maintenance, overcrowding, technology, budget-driven cuts) than circle entries\"": \""Captures the concrete physical and logistical problems (mold, overcrowded classes, broken water/fountains, HVAC/maintenance, scheduling/parent‑portal/fractured digital systems and fee burden) and contested resource allocation, a materially‑focused cluster that is different from governance behavior, student safety, program offerings, or classroom quality.\"",\n  \""square entries report more frequent and severe safety, bullying, substance-use, and violent incidents (often with perceived administrative inaction) than circle entries\"": \""Groups all accounts of bullying, fights, weapons/lockdowns, drugs, sexual harassment/Title IX concerns, racist/homophobic incidents and claims of inadequate incident response — a student‑safety/climate cluster that is clearly separable from facilities, leadership/governance, curricular/program strength, or teacher instructional variability.\"",\n  \""square entries document more concrete advanced academic, vocational, and college‑preparation programs and measurable student outcomes than circle entries\"": \""Collects the many specific programmatic offerings and outcomes (AP/IB/dual‑credit/magnet/CTE/engineering/biomed, vocational certificates, scholarship and elite‑college placements) — a supply/outcome‑focused category that is about what the school offers and produces academically, not about safety, facilities, governance, or day‑to‑day teacher behavior.\"",\n  \""Square entries show greater polarization and variability in teacher quality and instructional delivery (from highly supportive, individualized help to disengaged, absent, or unprofessional teachers) than Circle entries\"": \""Groups reports of highly uneven classroom experience (excellent one‑on‑one tutoring and named standout teachers vs. unqualified, punitive, or absent instructors, grading inconsistency, and special‑education/counseling breakdowns) — an instruction/support cluster that is distinct from program availability, physical resources, governance, and campus safety.\""\n}""]",,60.99317669868469,23384,2688,3257,,[],['resp_06e1e87c716a42ea006a74d7177cf8819f925d06ddf5702c45'],True
vote|reduce2|5|1,"[""{\n    \""square entries report more administrative and policy dysfunction (poor communication, favoritism/nepotism, punitive/ad‑hoc policies, and cover-ups) than circle entries\"": \""This cluster captures the many reports in Square about opaque leadership, favoritism, punitive record‑keeping, and cover‑ups — a distinct governance/policy failure set separate from physical facilities, student safety, academic offerings, or special‑education practice.\"",\n    \""square entries report more facility, capacity, and resource‑allocation problems — including overcrowding, deteriorated or insufficient facilities, budget cuts, and visible prioritization of athletics over academics — than circle entries\"": \""This groups the concrete, operational complaints in Square about buildings, overcrowding, maintenance, space/sections, budgeting and funding priorities (e.g., athletics vs academics), which is materially different from governance, student safety incidents, curricular breadth, or special‑education implementation.\"",\n    \""square entries document more frequent and more severe student‑safety and misconduct incidents (bullying, fights, drugs, sexual misconduct) and at‑times inadequate incident response than circle entries\"": \""This bucket covers the explicit safety/crime/behavior reports in Square (drugs, fights, bullying, weapons, sexual harassment and weak follow‑up), which are operationally and experientially distinct from administrative mismanagement, facilities problems, curricular offerings, or accommodation failures.\"",\n    \""square entries describe substantially stronger and more formally structured advanced academic and college‑preparatory offerings and measurable postsecondary outcomes than circle entries\"": \""This captures Square's repeated, concrete evidence of AP/IB/dual‑enrollment/CTE pathways and named college matriculation outcomes — a programmatic/academic‑offerings theme that should be kept separate from staff/admin behavior, building conditions, safety incidents, or special‑education access.\"",\n    \""square entries report more frequent special-education and 504/IEP implementation problems and inconsistent accommodations for students with disabilities than circle entries\"": \""This groups Square's specific, recurring claims about IEP/504 failures, counseling shortages, and uneven accommodations — a focused student‑support/service category that is conceptually and evidentially distinct from governance, facilities, safety, or advanced academic program claims.\""\n}""]",,62.92283797264099,23164,2624,3103,,[],['resp_0a6c568c95b673c4006a74d714c3b881a19e215ebf0ff606a4'],True
vote|reduce2|14|1,"[""{\n    \""Square entries report more Special Education and counseling/mental‑health implementation failures and unmet legal accommodations than Circle entries\"": \""Many raw items document IEP/504 breakdowns, counselor shortages, inconsistent special‑education supports and unmet accommodation/legal obligations in square reviews — this cluster is specifically about student‑support systems (IEP/counseling/legal accommodations) and is distinct from facility, safety, extracurricular or academic‑program themes.\"",\n    \""square entries report more pervasive student-safety and misconduct incidents (and inadequate on-site responses) than circle entries\"": \""A large set of square reviews detail fights, bullying, drug use, sexual harassment and violent incidents plus poor incident response or policing; this bucket is squarely about on‑campus safety/discipline outcomes and response failures and is conceptually separate from facilities, programs, or staffing/administration topics.\"",\n    \""square entries document stronger and more extensively organized extracurriculars, performing‑arts and athletics (plus booster/fee structures) than circle entries\"": \""Many square entries enumerate broad arts, music, NJROTC, award‑winning teams, boosters and clear extracurricular breadth (and sometimes athletics‑first funding), so this theme captures program breadth and extracurricular investment distinct from academic rigor, safety, special‑ed, or building/resource problems.\"",\n    \""square entries report stronger advanced-academic programs and measurable postsecondary/career outcomes (AP/IB/STEAM, national scholarships, college matriculation, vocational credentials) than circle entries\"": \""Numerous square reviews cite concrete advanced offerings (AP/IB/dual enrollment/CTE), measurable test/college outcomes and selective matriculation, making this a focused academic‑program/college‑prep bucket that does not overlap with counseling/safety/facilities/extracurricular program descriptions.\"",\n    \""Square entries report worse physical facilities, operational constraints, and resource deficiencies (outdated technology, overcrowding, poor cafeteria/cleanliness, transportation shortages) than circle entries\"": \""Many square items describe building disrepair, overcrowded classes/trailers, broken cafeterias/bathrooms, transport/parent‑portal failures and material shortages — a facilities/operations/resource cluster that is distinct from safety incidents, curricular offerings, extracurricular breadth, or special‑education/counseling failures.\""\n}""]",,70.19166684150696,23050,4928,5418,,[],['resp_0a67902ace282fc2006a74d71515e881a28cc654ffeb78cb94'],True
vote|reduce2|3|1,"[""{\n    \""Square entries report more frequent, severe student-safety and hostile-climate incidents (violence, gangs, drugs, sexual assault, targeted hate and pervasive bullying) and also describe ineffective or inconsistent anti-bullying/discipline responses than Circle entries\"": \""Groups the many raw items describing fights, gangs, weapons, on-campus drug use, racist/sexist harassment, sexual misconduct and repeated failures or unevenness in school responses into a single safety/hostile-climate cluster; distinct from governance, facilities, academics or extracurricular topics which address different operational domains.\"",\n    \""square entries document more concrete advanced academic, vocational, and college‑preparation programs and measurable student outcomes than circle entries\"": \""Captures the repeated concrete evidence about AP/IB/dual‑enrollment, CTE/biomed pathways, college-credit agreements, scholarships and measurable college-placement/test outcomes reported in square reviews — a programmatic/outcome cluster separate from safety, facilities, admin governance, or extracurricular breadth.\"",\n    \""square entries describe more administrative and governance failures (turnover, mismanagement, favoritism, policy experiments, scheduling/operational errors, unresponsiveness) than circle entries\"": \""Groups items about leadership churn, favoritism/nepotism, policy missteps (retaining super‑seniors, odd schedule/registration experiments), recordkeeping and poor communication into an accountability/governance bucket that is conceptually distinct from safety incidents, physical resource shortfalls, curricular breadth, or extracurricular programming.\"",\n    \""Square entries report more physical‑plant, health/sanitation, overcrowding, and transportation/parking problems than circle entries\"": \""Aggregates the concrete facility and operational resource problems (unsanitary bathrooms, broken alarms, overcrowded lunches, parking/traffic, HVAC/space constraints, technology/maintenance shortfalls) into an infrastructure/logistics bucket separate from staff/program quality, governance or student-behavior/safety themes.\"",\n    \""square entries report more and broader extracurricular/arts/athletic offerings and simultaneously more athletic favoritism or athletics‑first prioritization than circle entries\"": \""Collects the many concrete claims that squares list extensive clubs/arts/competitive teams, high-achievement trips/awards and booster/facility investments while also documenting favoritism toward athletes and athletics-focused funding — an offerings/culture cluster that differs from academics, safety, facilities, and governance.\"" \n}""]",,70.20024394989014,23028,3008,3522,,[],['resp_0f521cc94be43e57006a74d714f62881a2b5072b2bbad5e141'],True
vote|reduce2|23|1,"[""{\n    \""square entries describe more administrative and governance failures (turnover, mismanagement, favoritism, policy experiments, scheduling/operational errors, unresponsiveness) than circle entries\"": \""Groups reviews that describe leadership and governance breakdowns (board/principal misconduct, nepotism, grade‑gaming, ignored complaints and personnel churn); this is distinct from facility/resource problems, classroom instruction, student safety incidents, or listing of academic programs because it targets governance, policy and accountability failures rather than operational, pedagogical, safety, or curricular features.\"",\n    \""Square entries report more frequent and severe student-safety and conduct incidents (drugs, fights, weapons, sexual assault, self-harm) and show weaker staff responses than circle entries\"": \""Clusters every report of acute safety harms, bullying, lockdowns, substance use, suicidality and the school's inadequate victim support or response; this is separate from governance/process complaints, facility conditions, teacher quality variability, or program breadth because it concerns incident frequency and harm‑response rather than leadership decisions, physical assets, pedagogy, or curricular offerings.\"",\n    \""square entries report more concrete advanced academic programs, formal honors/IB/AP/dual‑enrollment offerings, and measurable outcome data than circle entries\"": \""Covers reviews that enumerate formal high‑level offerings (AP/IB/dual credit, certificates), measurable college‑prep outcomes (scholarships, National Merit, matriculation), and structured pathways—distinct from instructional delivery quality, safety/climate, administrative conduct, or physical/logistical constraints because it documents program availability and outcomes rather than how they are staffed, policed, or housed.\"",\n    \""square entries report more pronounced facilities, capacity, technology and logistical resource problems — and also more large capital investments — than circle entries\"": \""Captures concrete facility/resource and logistics reporting (overcrowding, pests, HVAC/food/parking problems, device rollouts, transport/scheduling failures) alongside explicit notes of major capital projects or new labs; this bucket is about physical infrastructure and resourcing tradeoffs and is kept separate from governance/accountability, classroom instruction/support, safety incidents, or curricular/program content.\"",\n    \""square entries provide more specific evidence of instructional variability, staffing instability, and student‑support outcomes (teacher effectiveness, turnover, counseling, and special‑education practice) than circle entries\"": \""Groups classroom‑and‑support level evidence—wide swings in teacher quality, gradekeeping/grading policy issues, tutoring/after‑school help, counseling/IEP/504 compliance and case management failures—distinct from program inventories, safety incident reports, physical/logistical shortcomings, or top‑level governance scandals because it focuses on how instruction and student supports are delivered day‑to‑day.\""\n}""]",,88.12867712974548,23156,2240,2804,,[],['resp_06329ad30449a7b3006a74d714f4b0819ea1b92c7777d299db'],True
