topic_id,rank,similarity,universal-id,id,n_words,text
0,1,0.9362,1202381,1540028,18,This school is awesome. Its staff & teachers really care about our education and they are really nice.
0,2,0.9315,4202679,2647317,9,It's a great school with great teachers and students!
0,3,0.929,3601944,1542748,29,"This is one of the best schools I've ever been to.The teachers are great and the students here make great friends. Academically, this school is at a great level."
0,4,0.9209,3603003,5487449,12,"Amazing School. Teachers are very nice, helpful and care about the students."
0,5,0.9146,4702359,1548906,17,this school is amazing and I love it. everyone is so nice and the teachers are awesome.
0,6,0.9146,2602439,1351180,33,"This school is the best school I have been to. It is a nice, organized, and friendly school. The teachers are nice and help any individual student that needs help catching up. :)"
0,7,0.9127,600407,2557951,17,"I am going to this school and love it, it has the best Teachers and great pranciple"
0,8,0.9122,4900662,3539440,17,It is a great school with the majority of teachers being good and the students are amazing.
0,9,0.9117,2000949,4533067,10,It is a great school and the teachers are awesome!
0,10,0.9116,3602023,1194595,38,This School is a really great school. I enjoyed my time here and in fact i have grew to be a very responsible person because of this school pushing me in the right direction! The teachers were excellent!
1,1,0.9057,5101328,1421395,102,"This school is horrible. The teachers are bitter, play favorites, can't do their jobs properly, and do nothing about bullying. The students are mean and bully kids if the child isn't to their standards. The administrators don't care, I know from experience since I was supposed to talk to the principal about something going on involving me getting bullied but he was too ""busy"" to do it and had me to talk to someone else. Don't send your child here, it's awful and it will put your child through a nightmare. They will literally be terrified to come to school every day."
1,2,0.8986,3300369,1167693,39,this school is awful about protecting your child from bullying the administration is awful and needs to be replaced they are very unorganized and sneaky. they school is so overcrowded the kids are squished in the hall changing classes.
1,3,0.8979,4001380,2222848,38,I have two children who attend this school. I had to pull one of my students out because they were being bullied. I believe they have a big discipline problem and bullying problem that needs to be addressed.
1,4,0.8917,5500447,1485263,46,My school is horrendous. If you're thinking of putting your child in this district you better hope they have the right looks. So much bullying happens here that goes untouched. My family has contacted the principal and he did nothing which leaves the bulling to happen.
1,5,0.8899,400373,1465991,50,I have nothing good to say about this school... if you have an issue you have no way of knowing if it was handled. They care more about protecting their staff than caring for the students. Bullying is at an all new level when the school is whose doing it
1,6,0.889,900343,1472093,61,"Too many students in this school, many of whom do not respect their teachers. Bullying is out of control and the teachers and administration do nothing to stop it. The school is very good at sweeping student issues under the rug. Very disappointed and cannot wait to get my child out of the district at the end of this school year."
1,7,0.8887,1801014,1258638,31,This school has great teachers and some of the students there are great. But when I attended there was a lot of bullying going on and the principal would do nothing
1,8,0.8882,612189,1321741,63,"This school is administered very poorly, worst school ever. The sad thing is I have gone to the PRINCIPAL for assistance and this Principal who states that BULLYING is not tolerated did not take proper action. Instead it took someone else lower took an initiative to LISTEN and assist. I as well will NEVER put my next child in this poorly administered SCHOOL!"
1,9,0.8873,3901822,5270542,68,This school is a cesspit. I see kids get bullied all the time and teachers don't deal with the bullies effectively. At most they get a slap on the wrist! NEVER doing any proper justice to the kids who deal with the bullies. This school ENABLES terrible behavior. They only ever punish the kids who are only standing up for themselves cause this school does not help them.
1,10,0.887,5501205,1293917,139,"I was a student there from 6th to 10th grade and the school was not decent at all. The students didn't care about the learning or the teachers. They believed that they could do what ever they wanted and they did not act responsible or respectful to anyone. I was bullied there for years and the only way it stopped was when I swung back. The teachers are great and always want to teach and make the best of the year, but the students don't care and stop everything that they have planned. The other problem with the school is that the teachers have no bite. When bullying takes place, they are supposed to have a conference between the two students. You can bring the issue up to the teacher or the principle and no action would be done."
2,1,0.8683,4802217,1727884,29,The teachers and staff are great! They go out of there way to help the students and the families. To help make the students successful in all they do
2,2,0.8634,4201717,1088535,22,The teachers are great they care about their students. They go above and beyond what is needed when a student needs help.
2,3,0.8615,4810523,3219674,16,"Excellent, caring teachers and staff. The school’s goal is for each student to reach their potential."
2,4,0.859,1300993,3561397,14,Overall a great experience with teachers and staff who really care about the students.
2,5,0.8552,1701743,4292379,13,Great teachers and staff. You can definitely tell they care for the students
2,6,0.8512,2901635,2102990,16,Great teachers and staff. The teachers care about the student and go out of their way.
2,7,0.8497,4806386,5724009,24,The teachers are great. A lot of activities for the kids to be involved in. A lot of career prep opportunities for the students.
2,8,0.8477,3701488,4788001,16,The teachers at this school do a great job and are very dedicated to their students!
2,9,0.8454,101162,3320512,10,The teachers are great and the student leadership is awesome.
2,10,0.8453,603959,4966532,12,Very supportive and engaged teachers. Administration cares about the students. Friendly atmosphere.
3,1,0.8778,2901468,1311793,50,"If you care about academics, don't send your children to this school The school administrators are inept, the teachers uncaring, and the students small-minded. Really, they just want to move the students through, keep up their sports programs, and keep everyone close to home. Not a good school at all."
3,2,0.873,1800214,4426007,57,"This school definitely prepared my child for college but I saw way too many cases of non athletes. Being treated unfairly and treated as second class citizens.I have also seen children of coaches and teachers get away with anything at this school i.e. bullying, smoking jewels, blatant disrespect, etc... but nothing is done b/c daddybis a coach..."
3,3,0.8686,2601956,1096215,72,"I have mixed feelings about this school, the teachers do play favorites and if a student is not in sports, they are treated differently, and not for the better. Serious attention needs to be given to the attitudes of the teachers and staff. Just because a person is not in sports does not mean they will not be a good student. And if a student is struggling, they need help, not ridicule..."
3,4,0.8519,5103263,1255567,192,"I've had several children attend this school so far because of zoning, and every one of them has complained about the lack of attention that teachers, guidance, and administrators give. The sports program is an absolute joke. The coaches claim they have backgrounds in the sport, yet, when I attended reward ceremonies, some of the ""coaches"" admitted that they did not know a thing about the sport in which they were supposed to coach. The football and baseball coaches are obviously oblivious as to how to teach and train athletes. Unless you ve had some experience in football or baseball elsewhere, don t expect your child to learn anything from these guys. The academics is another fiasco. Students are pigeon-holed into programs and classes without any flexibility. It's virtually impossible to get any satisfaction during any parent-teacher conference because the teachers all come with an attitude that they know better than the parent how the child behaves. This is the worst public school in the area, and I would not be surprised if it was not the worst in the entire country. I will not send any more children to this school."
3,5,0.8511,5100506,5540868,198,"This school looks good from the outside and that's all there is. It's a travesty. Bullying goes on and on and on. Drugs, fights and nothing but talk from the administrators. Certain kids get away with anything but if one kid is a certain type, nothing will ever come their way. Not to speak of the corrupt sports teams where the same kind of kids make it. Rejection after rejection and again the administrators and so called coaches have excuses. You ask something, they are fake hurt and vehemently defend their nepotistic way. It's a chaotic school that screams Hawk pride while feeding on their young. Worst school by far. Blatant disregard of any kind of fairness while they claim to be so inclusive. An honor student goes to C- yet they advertise their academic programs that fail to address even the most basics in education. An outgoing kid is beaten into submission and anxiety with teachers standing by high fiving the perpetrators. An always athletic kid can't make any of the teams. The disconnect between their always empty words and slogans and propaganda and the reality of projecting fear, disregard, disrespect and exclusion is deafening and scary."
3,6,0.8473,3900575,1138002,136,"As the parent of a child who attended this school I am very disappointed in the in the overall educational and sports experience she had that this school. I don't feel they prepared her properly for college, they did not challenge her enough in the different subject matters. Their sports programs are among the worse in the city. They allow people with no coaching experience or no knowledge of the sport to be head coaches. They seem to have no idea how important sports can be in the educational process for a student. The current Principal has shown poor leadership and no direction for the school. There are some teachers at this school who do a very good job but there are not enough of them. I will not allow my son to attend this school."
3,7,0.844,2600500,4267197,48,"This school is more worried about sports than education. They don’t have a lot of classes to offer. This school is a hick town school, there’s barely any teachers because all they do is fire them for no reason. The students are rude! The teachers have their favorites."
3,8,0.8384,5501305,4944635,181,"I am sad to say that sports is the only exciting thing about this school. Academic learning by itself is challenging especially for those in Alternative Education, as the Administration of the school low balls students who ""don't fit in"". Many teachers are disrespectful towards students, which can often be a two way streak, but the amount of targeting and rude remarks done by the teachers is outrageous. In 8th grade, a teacher wrote.me up for being late to class when I was on crutches for a knee surgery. Freshman year I got jumped at school by a junior and was later threatened by the school police officer of fining me with disorder conduct for ""antagonizing"" the fight. The only thing the staff in this school district prioritize is their paycheck and a grade. I have been raised my whole life in these schools and would never even consider taking kid here when I'm an adult. This school doesn't prepare kids for their life, and if they do, all it shows is the negative things in this world they will encounter."
3,9,0.8369,2901571,1176939,65,"All this school does is play favorites, put our children at risk and discourage actual learning in any way, shape or form. My child is an A student, good in sports, & his coach treats him like he isn't even there. He hasn't been in trouble either! If I knew then what I knew now, we would have moved to Blue Springs, or Lee's Summit!"
3,10,0.8341,100127,2770161,72,"My children have excelled in this school and the class offerings are diverse and academically challenging. The electives and extracurricular activities provided are well balanced and lets students bring out their assets. Like most schools in AL, sports programs are treated with the utmost importance, especially football. Admin should try to recognize those that aren't academically inclined more. Luckily the teachers make a fuss when students try their best and do well."
4,1,0.8827,3501974,1806763,71,"This school offers a ton of AP courses and allows the students to be challenged. My daughter as a Senior chose to take 2 AP courses as electives and was challenged. She is now in college and thriving while others she knows who didn't challenge themselves find college extremely hard. The teachers are great, the coaches are great, the school spirit is wonderful and I have a sophomore there right now."
4,2,0.8755,2300016,4940961,23,This school thoroughly prepares your student for college with a wealth of AP and honors classes. Teachers are what make these classes great.
4,3,0.8746,802004,5365781,59,"This school far exceeds our expectations. The principal, teachers, and staff have all been quick with correspondence and pleasant. There are so many clubs available making it easy for kids to find their niche and their people. Lots of assistance for kids struggling and rigorous challenging AP classes for the excelling students. It's always clean and a welcoming place."
4,4,0.867,4810176,1511402,63,"I love this school. Its kind of huge, but the students mostly get along well. The principals try to know their students and the teacher keep getting better. The AP classes are excellent. Its still high school, so it can be a drag, but i wouldn't want to be anywhere else. At my last school, the teachers didn't even care if you failed."
4,5,0.8649,2900141,3621470,38,I am extremely impressed with this school. I was worried after sending my son to private school that he wouldn’t be as successful. He has actually been more challenged by the AP courses that are offered to him.
4,6,0.8637,401012,2084258,98,"I am a parent of 2 children who attended and graduated from Ridge. From the administration down to the teachers, everyone was professional and caring. The quality of the teaching staff, their dedication and willingness to spend outside time helping and tutoring students is amazing. The school has one of the top rated AP curriculum's in the state, incredible passing stats, a great honors program. One student of mine took majority honors and AP classes, my other student took Honors, Dual Enrollment and AP classes. They have prepared my kids for college and the challenges they will face."
4,7,0.8615,606545,812826,21,This school is so great . It offers many great AP classes and the teachers are so dedicated to their jobs.
4,8,0.8613,2601538,1088380,83,"A top notch school that has high test scores and sends nearly all students on to higher education. Academics are a top priority and several AP classes have been added in past years. They offer a wide variety of athletics and extra-curriculars where students also perform well. The school is not huge, your child will not get lost. Parents are actively involved and they expect top results. The staff is young, enthusiastic, and they make good use of new technology in the classroom."
4,9,0.8611,901764,4849901,241,"My son went there for grades 6-12. We could not have been more pleased. He had opportunities to meet people from different towns and has a strong sense of self. The teachers were great and deeply invested in his success. He had a chance to play varsity sports and lots of clubs and activities. The school deliberately does not offer AP classes, but instead offers classes at the honors level for everyone. This school is designed for great college acceptances, and the formula worked. His class had two kids go to Yale and one to Princeton. Most of his classmates found success in college and are now prepared for life after college. You don’t need to be miserable cramming for AP exams to be ready for college. Learn to Read, Write, Think, Problem Solve and Communicate. The liberal arts foundation combined with knowledge of the classics gives the students the chance to live up to the motto non scholae see vitae discimus rings true. While my son graduated in 2016, I hear the principal - a former Classical teacher is doing a great job to reinstill the Gladiator pride. His friends are great kids who are interesting and driven and they represent the diversity that makes our society stronger. If you want to pick a school based on AP scores, you will miss this gem of school, and miss the point of being at a magnet school in the first place."
4,10,0.8585,1704165,5440436,39,This school has given me many opportunities to take challenging courses both AP level and honors. I feel that the teachers have prepared me for college throughout all four years and each teacher wanted to see every student succeed.
5,1,0.8701,2600904,1263282,84,"I graduated from this school and I loved in. All the teachers and all the administration were amazing with me including going through my senior year while my father was ill and dying of lung cancer. They were all very understanding and helpful emotionally and with my academics. The students were also amazing, I had lots of friends, being far from 'Popular'. There was very little teasing or bullying at all which was a huge change from the other school I had been at."
5,2,0.8605,3601597,4735068,7,My experience at this school was wonderful
5,3,0.858,3608466,4961082,26,"I graduated here and enjoyed my experience as a student a lot. Teachers were always helpful, I felt I had a great education from this school."
5,4,0.8562,3602939,4286827,23,This school was amazing. They had great resources and teachers to help students like myself to be successful in both college and life.
5,5,0.8561,3401949,1198475,28,"As a former student, I can attest to the superb atmosphere, teachers, and staff at High School North. I loved the school and the opportunities it provided me."
5,6,0.8518,4801684,1468933,16,i liked attending this school very much the teachers were excellent and i loved the experience!
5,7,0.8499,901645,1086540,37,"I attended this school from 2008-2009 and graduated. I loved it! The teachers were fun, the students were sociable, and the variety of classes that are offered to you are more than sufficient when applying to colleges."
5,8,0.8485,1701421,3442606,7,My experience at this school was amazing.
5,9,0.8476,4202866,1038938,38,"I graduated 2 years ago, and I found the teachers and learning environment very inspiring. I loved the small community, extracurricular activities, and everything the school had to offer! It's quaint and comfy. The academics were good, too."
5,10,0.8469,4202309,4642429,7,My experience at this school was amazing!
6,1,0.8776,3402075,1203721,47,This is a great school for well-rounded students! Aside from having talented and supportive teachers and staff it offers way more curriculum variety and after school activities that aren't available at other schools.The Art and music departments have won many awards are the best in the area!
6,2,0.8759,5302140,1068182,57,"This is a great school with involved staff! It has a ver approachable atmosphere and lots of opportuninty for student growth, It's challenging for my kids, in a good way. IThey are getting a good education and I feel like the teachers really care.They have a great music department and take pride in their sports teams! A+"
6,3,0.8752,2100142,3683922,63,"This is a phenomenal school with fantastic teachers. It has great community involvement and much to offer students. Anyone saying they don't value arts, clearly hasn't been to a band competition, school play, or a recital. The arts are strong and continue to improve. The school is also strong with athletics and extra-curricular activities. A student can easily get involved in this school."
6,4,0.8725,3902315,3134464,12,Band/overall Arts Program are the only good things about this school. Seriously.
6,5,0.8686,1600144,1517053,61,"My children have done well at this school. We've NEVER had a problem with this school in any way. The teachers have been great. Their music program is superb, and we've really enjoyed it. The bands and choirs win competitions everywhere they go. I far prefer this school to the one my children had to go to in California. Thumbs up."
6,6,0.8686,3700483,1126863,57,"We have two students now going to this school and they love it. Has a great Marching Band and director, plus, can't say enough about our principal who has turned this school around in a short period of time and make us proud of it. Thanks to all their hard work. PS. Love the art programs there."
6,7,0.8662,606609,2166153,46,"This is a wonderful school as long as the students and parents put in their fair share, the teachers and staff are not there to do all of the work. The music program is wonderful and the music teachers go above and beyond for their students."
6,8,0.8627,4202863,1397351,178,"As a parent of current students, I find the school to be great! The teachers are engaged and dedicated to the education of the students. The current superintendent and board of directors are dedicated to constantly evaluating and working toward the improvement of the academic curriculum. Extracurricular activities are diverse and, because the school is of moderate size, the opportunities for a student to participate in these activities is outstanding. There are never 80 kids vying for 18 spots on the team! There is truly something for every student who wants to be involved. The music program starts in elementary school and engages and inspires students early. Several bands, orchestras and choral opportunities to choose from, an outstanding program! Multiple art classes offered. Recent improvements to the building including air conditioning, new science and music/arts wing. Updated, spacious facilities. Most importantly this is a great community where people know each other. Family involvement is welcomed in the school community. Parents can get to know their kids teachers, coaches and mentors and communication is encouraged. Many parents are alumni!"
6,9,0.8591,3600727,1217898,29,"This school is amazing, great programs and the teachers are excellent. The Chorus is an amazing class, the bond between the students there is unbelievable. Couldn't get any better!"
6,10,0.8578,2605129,1297534,50,I went on a tour of the school and I was very impressed on what they had to offer. I liked everything about the school. I think I will be sending my child there next year. If you like arts and music this is the school to go to :)
7,1,0.8521,615627,1443193,144,"My son was at top of the line public school but, he was highly ignored by the teachers and overly dependent on an aide. Many things were done wrong including placing him on a 1st grade classroom just because it was a full day program. I fought the school district and got him placed at Village Glen. He is now in the 3rd grade, has friends, the teachers and the principal are super nice and he is actually learning. They are receptive to my concerns and are able to accomodate even if it is not on the IEP. My daughter also attended one of their schools too with severe psychiatric problems and was able to finish HS and go to college. They do an excellent job with a very challenging population. All school districts should emulate their model of teaching students with special needs."
7,2,0.8397,3701538,1651736,139,"This school is amazing! My child has special needs (he has an IEP), so we have to request special help from his teachers on a daily basis. These teachers go above and beyond our expectations. They always keep you in the loop and most of them will send home several progress reports so that you can see how your child is doing before the official report card comes out. This helps you in making sure that your child is caught up and has turned in all assignments, etc. There was a new principal last school year who put a few new practices into place. Though I'm not pleased with them, we have adapted with no problems. There is one person in the office who can be less than pleasant, but that's really the only negative I can think of."
7,3,0.8363,607788,5658920,85,"Two years here and numerous incidents jeopardizing my child's health. If you have a child with special needs of any sort, this is not the school for your family. They are too busy, disorganized, and unprofessional to handle anything other than the ""typical"" student and there is a very apparent disconnect between administration and teachers, and then both display bare minimum communication with students and parents. Every area of this school needs proper training and some sort of team building so they actually work together."
7,4,0.833,602264,1369485,149,"I am not satisfy with this school. The Staff don't do their jobs correctly. Especially for kids with special needs, this is not the appropriate school. The teachers don't do their job right and are not even train for students with special needs. There is no good program for it. They can't even control the situation when a a student disability throws a tantrum. The staff train for it takes the student outside, which is more dangerous, in other to calm them down. They don't have the proper staff when it comes to IEP meeting. They don't even complete the goals. They let the student's with disability do what they want, they don't even notice if they're in class or not. Not even good for counseling the students with disabilities. This is not the proper school for Special Ed students. They don't have a program for them at all."
7,5,0.8329,5500627,5175437,32,My son with special needs was bullied at this school. The administration did not provide adequate support. I made many requests for help which were unanswered. I would not recommend this school.
7,6,0.8231,3703509,2453694,71,"I have a child with special needs, and the school's response has been fabulous. They go out of their way to follow her IEP, and ensure all of her teachers are aware and working with her the way they are supposed to. We are having a great experience halfway through her first year there. Our son graduated last year and did very well. Good preparation for college. It's a great school."
7,7,0.8221,401729,962215,104,"I have had four kids in this school, one with special needs. He has ADHD and Aspberger's Disorder. The special education department has not been helpful at all with regards to my child. Also, 2 of my children have been able to ditch and they have taken and bought marijuana at school. This is not a drug free zone nor an A+ school. This school does not do what our kids need, especially now that the economy is what it is. That is why they no longer have a resource officer to police our kids, so now they can get away with more stuff."
7,8,0.8215,3600661,1160021,22,"If your child needs special ed services, be ready to fight for them. For the average child, it's a great school system."
7,9,0.8189,2901111,1423919,146,"Terrible school if your child has special needs and requires a 504 plan or IEP. Overall the school either does not know how to help special needs kids or they just do not want to. There are some great individual teachers and then there are some terrible ones. And the administration seems like their mission in life is to make sure they help kids the minimum amount possible. I have been told many times that they are ""too busy"" to properly help my child, that they have too many students. Most seem to have learned their special needs knowledge from a text book and refuse to apply it individually to your childs needs. Or thyley blame my child and act like he/she is lazy since they are unable to successfully address my child's issues. I'm sure this school seems find if you only have typical kids."
7,10,0.8187,3300190,1500945,56,"As a parent I was not impressed with this school. Teacher quality is not very high, the current principle did not return any phone calls or emails concerning an important issue. The politics and desire to fill quotas for their ""Special Education"" is more of a priority to the school than delivering the extra help needed."
8,1,0.9086,1704447,2045858,64,"This is an academically challenging school that has so much spirit. The administration is committed to this school, its mission and each student. My daughter is a sophomore and loves her school. I have had other children attend other high schools and have not been nearly as impressed. The IB program is amazing. Teacher connect with students, something for every girl at this school."
8,2,0.8997,1202252,5352462,46,"This school and its ib program are great. My son has been going here for 2 years, and he's been doing amazing in each and every one of his classes. This school wouldn't be as great as it is without its ib program. Overall, great school!"
8,3,0.8969,401337,5153388,36,I have my son and my daughter in this school they are very happy they say that the school is much more better that they expected. academically they are doing very well in the IB program.
8,4,0.8953,4500162,1011799,67,"The school is great. It is well run, the students are in uniform and the halls are quiet and orderly. The IB program is wonderful. It is very vigorous and really prepares students for college. The teachers are top rate. There are also many AP courses available. Generally we have been very satisfied with the caliber of learning that is expected and the range of classes offered."
8,5,0.8933,5302044,1396217,46,This school has been great so far! The IB program my daughter is involved in is wonderful. The school is more intimate and has a family feel. There are still plenty of opportunities for variety but it does not seem to be overwhelming to my student.
8,6,0.8897,1701421,1258600,16,This is a fantastic well-rounded school with many academic options. The IB program is top notch.
8,7,0.883,4800190,1355855,92,"Honestly, I am an IB student and the school is amazing. It exceeds with offerings that even regular students can take advantage of there is an abundance of programs other than IB like dual credit, AP, pre-ap, pre-ib, and cte classes. The schools have some wonderful teachers and it's really the students that won't pay attention. The school offers many opportunities for students to look at colleges and receive information on a lot of colleges. If parents were more active in their child's education the school could get so much more done."
8,8,0.8748,2400854,2527265,40,"Small High School- great principal and the IB program is outstanding. Years ago it had a mixed reputation - but today it is considered fantastic. Don't believe what people ""used to say"" about the school... it's a whole story today!"
8,9,0.8744,2400734,1622310,18,The IB program is great and the school is surprisingly classy.......The teachers and administration team are absolutely amazing!
8,10,0.8724,1301037,4112403,46,Our son has had a good experience there. He has challenging classes and the school has excellent AP and honors level teachers for demanding subjects. We will have two children at the school next year and are looking at the IB program for our second one.
10,1,0.8829,5302120,2241459,32,This school has been a blessing for my daughter. The teachers and staff are wonderful and caring. She is college bound and I have experienced a special focus for the students succeed.
10,2,0.8819,2901497,5064272,37,"My children loved this school so much. They both graduated and are now going to good colleges. Teachers are good and effective, students are nice and welcoming. The school challenged their academic abilities and helped them greatly."
10,3,0.8758,605766,1507432,26,My child has had a great experience at this school. The teachers are committed and supportive. Students are encouraged to achieve in all areas of interest.
10,4,0.8688,3703262,1098991,47,"I have never seen my son so happy for succeding so great in this school. This school really has made a huge positive impact in his life. He is finishing his 1st year with the ""Highest Honor"" in the school. We are really happy for his success."
10,5,0.8681,1212885,2742093,71,"Very happy with my child's education at this school. The classes have been engaging and challenging, my child is learning real-world experiences as well as getting to try classes she is interested in as a career. The school is a tight-knit community, the kids are supportive of one another across all groups (no cliques), and they have great school spirit. I feel my daughter is having the ultimate high school experience."
10,6,0.8666,4807246,1549918,50,We have been very happy with this school. The classes have been challenging as our daughter was used to making As without much effort in public school. The teachers here are caring and our daughter has made good friends. The school offers lots of opportunities to be involved for everyone.
10,7,0.8626,1300297,4186776,28,"Our experience in this school has been beyond excellent. My son and daughter are successful adults, in no small part, because of the efforts of Central High School."
10,8,0.8624,4400353,3648821,35,This school has been very good for my son who is in his third year there. We are so impressed with the school that we now have enrolled our second son with them as well.
10,9,0.8617,608325,1550655,44,"My son was fully prepared for college and has graduated. My daughter is about to follow in his footsteps. The school is great, they educate and teach them about compassion and try to create non selfish children! I am very happy with this school!"
10,10,0.8595,3700401,4861407,19,My child received a fantastic education at this school. The teachers really care. The curriculum is dynamic and challenging.
9,1,0.8624,3703377,1291037,41,"This is the first year my daughter attended this school. They have a high turnover in teachers. However, they provide tutoring for students with school work. The school has no control over racism and would be very uncomfortable for any minority."
9,2,0.8558,1800489,1356648,45,"I graduated in 2013, This school is not a school to send your children. This school administrations shows racial favoritism. They have no control over the student body. The teachers allow bulling and verbal attacks from the student to both them and the other students."
9,3,0.8551,2603094,1044991,82,"This school is horrible, horrible, horrible. There is not very much diversity. A third of the school are caucasians, and the rest are african americans. The discipline from the teachers is herendous! The classrooms get out of control according to my daugher, and some of the teachers don't know how to handle the students! People get out their I-Pods, and cameras in class and do whatever they feel like. If I were you, I would not send your child to this school."
9,4,0.8546,4700392,5684017,52,"This school can be great at times; however, it is most certainly not a good place for minority students. The discrimination that happens at this school is astonishing. And nothing gets done about it. Only given students slaps on the wrist for blatantly threatening the safety of others and saying racial slurs."
9,5,0.8543,3400630,5557760,52,"The school is plagued with racism, lies and unjust treatment. The lack of diversity speaks for itself. The community is beautiful but our children have called racial terms on many occasions however that does not reference the majority of residents, we have have some great neighbors but some have spoiled the experience."
9,6,0.8521,1302513,1578832,65,Hidden and blatant racism is more than evident at this school. I was saddened when my daughter came home and said children choose to segregate themselves at lunch (and the principles not addressing this) and racist remarks as well as disparaging treatment from teachers often occur. The fact that this school is 15min from the heart of our diverse city of Atlanta is simply appalling.
9,7,0.8429,2200972,5450443,151,"EXTREMELY RACIST school and I am very unhappy to say that I graduated from here. There are several racist and sexist issues to date that have still not been handled and involves several alums dating back to as far as 2016. More specific reasons not to send your kid(s) to this school are the price (why are you willing to pay thousands of dollars for your kids to be discouraged and experience real world issues at the early age of 2), disrespectful faculty and admin (there are lots of bad apples in the bunch of Ursuline Academy staff), many of the incidents that are reports go unanswered are will most definitely be swept under the rug, and to top it off this school will not display equality, diversity, and inclusion, and will do the exact opposite to protect the people who built their system and the government system which are whites."
9,8,0.8402,2600355,5204676,163,"This school does not support children of color emotionally, socially, or academically. Children are faced with issues of racism, which is just being swept under the rug. The people put in place for student support is not as helpful when it comes to children of color. There is not enough diversity amongst teachers and other faculty. Black children and other children of color are bullied everyday and the school wants to vote on diversity during strategic planning instead of diversity support being an automatic process in place to support students that are attending the school. This is a very microaggressive environment. Teachers and students have been guilty of microaggression towards students of color. This accepted behavior is mentally, emotionally, and academically scarring for kids. It instills a lack of confidence and in some ways abusive to have to endure verbal abuse and microaggression just to be gaslighted and disregarded. This school needs diversity training, and a more diverse faculty to promote cultural sensitivity."
9,9,0.8395,606339,5139867,55,We are so happy to be at a school that is welcoming to children of color and differences. Our daughter is much happier than previous schools where she experienced racism and exclusion. This school makes a big effort to include all and to lift each child up to a place of confidence and individual capability.
9,10,0.8391,4701003,5026776,70,"Its not a really diverse school , if you're looking for a school with diversity this is not the school. The staff is okay but it could be better. A lot of the kids are racist and are not really held accountable for things that they do . Many kids do drugs or sell drugs here and get away with it and hide it really well from the teachers ."
11,1,0.8763,2200762,1513770,40,"Teachers are good, but the administration needs extreme improvement. Tries to pretend to be a private school. Has suspended a student over a Tweet and a student has been reprimanded for petitioning. Principal does not make herself available to students."
11,2,0.863,2201742,1280635,43,Great Kids and Teachers. Administration (basically the principal and one of the assistant principals) is ruining the school. Teacher are leaving in droves because of their treatment and the school board (even though addressed about it many times) fails to fix the situation.
11,3,0.8544,4000387,1059267,90,"There are a few GREAT leaders at this school, the guidance counselor and the elementary principal particularly. However, the school board and the superintendent are ignorant and hateful, unqualified for their jobs. I'm not sure anyone on the school board has even been to college. The superintendent is disconnected from the school and could care less about the students. Most of the teachers aren't qualified and have no business being in charge of children. The kids are great, but deserve much better from the teachers and administrators at this school."
11,4,0.8479,3401851,4370462,24,"The administration is worthless, mostly the principal. It is basically the boys club and their only purpose is to intimidate and bully the teachers."
11,5,0.8474,4204503,993326,17,Poor leadership. Not worth the money. Principal is useless. Found another school that better suited our needs.
11,6,0.8414,403397,1969025,23,This is a case of great school gone very bad. New principal is beyond awful. Does not know the 1st thing about leadership.
11,7,0.8406,3607743,2493946,49,"The administration cares more about appearances and paperwork than actually teaching the students. The administration does not honor the teacher contract and treats the staff like errant children. The student body is ok, but there are fights almost daily and constant issues with conflict. This is a terrible school."
11,8,0.8381,602812,3248210,30,The teachers at this school are horriable and to top it off they say one thing and do another. They have no integrity. The leadership is worse. It's very sad.
11,9,0.8361,1212872,4392297,38,"There are a lot of hard working compassionate teachers and staff at this school. Unfortunately the leadership is substandard and borderline incompetent. The principal is not respected by the staff, she is lazy and is perceived as bully."
11,10,0.8337,2701316,3919981,69,"The administration at this school are incompetent and even bullies. They drive away dedicated staff for reasons that amount to personal bias. Preference is shown to teachers who are friends of admin, leaving many staff members feeling like second-class citizens. The leadership at this school is not interested in advocating for the good of the majority of the staff and make teachers feel as though they are not valued."
12,1,0.8869,2001197,3801968,22,"The school is excellent and a lot of wonderful kids go here, however, there is a huge drug problem in the school."
12,2,0.8809,3601458,1434968,49,This school is in a blue collar neighborhood with a lot of drug activity. The teachers are not too concerned with kids academic advancement but more concerned with socializing and pretend to do their jobs. Drugs are all over the school. I would not want my kids going here
12,3,0.8799,2701660,1520231,136,"The school itself is fantastic. The reason I give this review only three stars is because nobody appreciates the work everyone does to give the best education possible. When you walk in, you're overcome with the scent of drugs. It's awful even the seventh graders do them. As someone who doesn't do these things, I don't always feel safe being in there. I've been asked to buy drugs more than once out of someone's locker. Other than that, the teachers are awesome, but nobody sees them as anything but an obstacle. They put their best into everything they do. In conclusion, if you take the drug addicts out of the picture, the school is a great place to be. To other schools, we are known as the PC Druggies. Keep that in mind. ~An angry freshman"
12,4,0.8728,5501844,1427202,91,"I agree with the previous posts. This school has a huge drug problem. Open campus during lunch isn't helping to control the issue. Also the disciplinary actions are to ""make examples"" of the troubled kids instead of offering help. Meanwhile the kids who have made it in with the popular crowd, doing the same bad behaviors, are able to slip threw the cracks. My child has been very depressed and it has been nothing but a struggle at this school due to the out of control drug influences and popularity contest."
12,5,0.8722,4205215,1349025,48,"This school is absolutely horrible. Most of the teachers here are as horrible as the students. This school has an unbelievable amount of bullying issues, ""gang"" problems, and is just a horrible school for your child to attend. Drugs are a huge problem with this school as well."
12,6,0.8715,613799,4196314,57,This school is uninviting and unacceptable. The majority of the teachers don’t actually teach the students correctly and some even reward disrespectful behavior towards their students. Drugs are used very often in campus and the security seldom cares about the hostile environment the students are in. This is the last school I would put my children in.
12,7,0.8703,1207644,3352384,30,Awful! This school was one of the top. Now with the new staff it seem like they are preferring drug activity rather that a safe school environment for our kids.
12,8,0.8657,4202597,1286813,49,"This is not the good school it once was. They used to be considered a great ""country"" school. They no longer are. Drugs are a real issue and so is bullying. They have no leadership and the principal and teachers take no responsiblity. Had to move our children elsewhere."
12,9,0.8612,3400334,1583278,68,"I would not recommend this school to oncoming students. Over the past 7 years the school has gotten worse and worse. The drug activity is unbelievable, the bullying is at its worse, and test scores are lower than ever. My oldest son graduated from this school and he doesn't want his little brother going because he's afraid. Incoming students be aware it's not what it was like anymore."
12,10,0.8561,4200570,1077219,131,"I think the main reason there are drugs in this school is because it is so close to Bullscreek, that is where most of the drugs come from. And most of the problems can't all be blamed on the kids, it all starts with what they learn & see at home. Parents need to teach their children respect & kindness, not show them that fighting, drinking, & drugs are a normal way of life. My son is in 9th grade & has never had a problem with drugs or respecting the teachers, the only problems he has had is with bullies, and most of the bullies he has had to deal wtih were from Bullscreek. But overall CKHS is a good school, and the teachers do care about the kids here!!"
13,1,0.8745,1300891,4532000,9,In my opinion I rate this school a 10
13,2,0.8732,4101113,3838214,10,I would rate my experience at this school a 9/10.
13,3,0.8681,4803449,3933428,10,I would rate my experience at this school a 7/10.
13,4,0.8677,900143,4355736,10,I would rate my experience at this school a 9/10
13,5,0.8662,2402375,4355800,7,I’d rate this school as a 10
13,6,0.8657,1301733,4651706,19,I'd rate this school a 10/10 because the staff is Awesome & ready to teach students every school year.
13,7,0.8627,602037,3411622,31,I would rate this school experience a 9/10 because most of the adults in this school are nice and respectful to students around and they're taking responsibility most of the time.
13,8,0.8551,1701204,4097740,9,id rate this school a 10/10 without a doubt!
13,9,0.8532,3903988,3724618,8,I would rate it a 10/10 great school
13,10,0.8528,601942,4048199,9,My experience at this school would be a 9/10
14,1,0.9158,5301201,5703038,21,"This is an amazing school the teachers and staff are amazing, and the sports programs are super well maintained and organized."
14,2,0.9065,612628,4560131,28,Great School with a lot of diverse. Students here are great. Lots of pride for the school. Sports are competitive and actually good because of the competition within.
14,3,0.9038,3000600,5652556,10,Great school. Fantastic opportunity for sports and extra curricular activities.
14,4,0.9024,2601339,1412961,15,Great school! My kids are very prepared for college and the sports programs are excellent.
14,5,0.9006,5300074,2206184,15,Fantastic programs and great teachers. The School has good sports fields and up to snuff
14,6,0.9004,4802159,1403782,16,This is a good school it has an amazing sports program and the teachers are great
14,7,0.9003,5100355,1485545,21,Love this school has great opportunities and great programs to offer your children with lots of sporting activities to choose from.
14,8,0.8969,4500057,1656410,30,Excellent school with smaller than average class sizes and higher than average test scores. Excellent sports teams as well. Tons of extracurricular activities for the kids… We love the school!
14,9,0.8967,3600625,4962038,13,This school is amazing. They really care about the kids. Sports is great
14,10,0.8952,2800564,5523386,9,It’s a great school for quality education and sports!!
15,1,0.8608,1203794,2731768,48,"This school is why people thing Christians are judgemental and terrible. If you are considering this school please, please reconsider after reading about my experience at the school. A lot of these reviews will be from parents who are unaware of what is actually happening in the school."
15,2,0.849,608571,3584830,202,"My daughter attendes Berean Christian High School. The school has been fantastic! The office staff is friendly and helpful, the teachers go above and beyond, the music and drama departments are out of this world, and the Christian atmosphere is great. Berean was the best choice we could have made for our daughter's high school years. So grateful for the wonderful principal, Dr. Noriega, who leads from a godly heart. Definitely a five-star school!Now, of course no school is perfect.Typically the people who say negative things about Berean are those with a problem with Christianity and its socially conservative values. If you can afford the tuition, sending your kids to Berean is a safe way to guide them in the Lord before they head off to college and are, for the first time in their lives, completely on their own ""in the world.""PS - Every year there is a fantastic all school retreat to kick off the new year. I went to the retreat as a Chaperone and saw first hand how wonderful the school is, very fun and an easy way to make new friends, and it shows the school's not just about academics but about building a relationship with God,"
15,3,0.8458,3903527,3205267,135,"Public Schools are a mess, I should know, I taught in them for 2 decades. This school is a FAR better experience in every way. This is CLEARLY a Christian school. Is every child, parent, teacher, etc perfect? No! Which is why they need to be in a Christian environment to work on being ""holy."" I have my kids at this school and am extremely pleased in what goes on here. The overall experience here is top of the line, period. Is there flaws, yes. If you think any experience you have had here that is negative is unique to this school you probably are not being realistic. Great leadership here, great kids, great men and women of God leading the school environment to be a very friendly and conducive to learning place to be."
15,4,0.8451,5502728,5362993,28,This is a really good school and I recommend sending your children there for a good Christian education. They would be surrounded by many Christian students and teachers.
15,5,0.8405,3200493,1409184,119,"I am a parent, my son went to this school for 4 years and did not like it at all. It has TONS to offer as the person below said, but it is not the Christian setting you think it should be. I am not happy with the principal or vice principal - they need to learn about working with children. I always on campus helping with this or that and saw the principal yelling at students. They should be treated with more respect even though they are kids. My son asked to be taken out for 2 years before and I didn't listen because this school should have been better. I am sorry we wasted 4 years here."
15,6,0.8392,1205479,1611820,63,I am continually impressed with how personable the teachers and administrators are. I was hesitant at first because our experience at another Christian school caused us to doubt whether Christian schools were truly Christian or not. All three of our children not only love this school and their teachers but they are more interested in church and the Bible now. It is amazing!
15,7,0.8373,1209770,2234553,95,This is a terrible school! Absolutely nothing Christian about it. There is no communication between the school and parents. Some of the teachers are the most rude and uncaring Christians I have ever met. My sons 2 years there was a waste of money. The only thing they seem to care about are sports. In fact they will close the school down for a football game but will not call you it tell you the cops are at the school searching students for drugs. Glad my kid is out of that school! Much safer now!
15,8,0.8371,4501197,1445546,66,"The school was an answer to prayer. They have successfully taught my 2 children how to be good stewards of Christ. They both attended the school for elementary, middle and high school and have stated that they enjoyed attending the school. They are both now in college and doing very well in both social and academic settings I can't say enough good things about the school."
15,9,0.8352,1203794,1119831,94,My daughter and son attended this school and the experience was not good. teachers and staffs were very rude and they constantly looking for faults to complain about. Suffer the little children to come unto me and forbid them not but they have no compassion and love. they are quick to judge and give judgement. What type of christian does that. They hardly accepted minority race to the school. I make sure I 've done my homework on that. I do not recommend that this school is in the best interest of your children
15,10,0.8345,4204703,1474077,83,"Cold hearted principal and school leaders, judgemental of all especially those not in the click and church (unlike the principles they say they preach to their students)....extremely weak academically. Their special educational program is a joke...more like a pay to pass program where students are housed and contained rather than educated unless you consider reviewing the same exact material year after year. There is nothing truly christian about this school so do yourself and family a favor and seek alternative Christian school placement."
16,1,0.8806,604373,1227311,220,"I am not very pleased with this school. My daughter went there for three years and my son for the 9th grade and he will not be returning. Teachers don't communicate with parents if kids are having problems or failing, not all the teachers keep the infinite campus tool up do date or even put grades in it at all. This is a great tool for parents if teachers would just use it properly. The classroom sizes are too large these days and students don't get the proper attention they need. If your child is not a genius and tracking with every assignment, they will be left behind or just passed with a ""D"" so they're not left behind. Why do schools put out dress codes if no one at the school enforces them? I did my part in making sure my daughter left the house in appropriate attire, but she was able to change at school into short shorts and never got sent home and I never got a call or email about it. This is probably just one of the schools that is conforming to this world and just accepting everything just so no one has to put their foot down and stand up for what is right for these kids whether the kids like it or not."
16,2,0.8738,4804826,1142400,59,i feel that this school is to petty on there dress codes and needs to focus more on academics..since they seem to want to be so strict on wat the kids r wearing y not go to school uniforms like most schools are doing..to much focus on wat the kids are wearing than wat and how they are learning!
16,3,0.8665,1202956,4386707,30,This school doesn’t care about the kids. They want to school to have a higher grade. The Staff is more focused on the dress code than our education and wellbeing.
16,4,0.8611,610896,1166055,75,"This school is way to strict with it's dress code. I get it's for the safety of the students but they push it to much. It sucks going to a school everyday thinking your going to get in trouble for your jeans having a tiny hole in them or your hair a centimeter below your eyebrows little stuff like that. Overall tho the school safety is good, and a few teachers care about the students."
16,5,0.8579,4809507,1261457,104,"RHS focuses too much on dress code! There is no need to be constantly hounding students on what their wearing. The focus should be on education! They are too consumed on rules and regulations instead of teaching us students. This school kills any form of self expression and creativity when it shouldn't even be a topic at hand. How do you pride yourself on being academically superior and providing a family environment but treat us like untouchables? Most of the teaches are RUDE! Most of them don't even care about the students. This school needs to step it up, WE'RE ALL READY TO LEAVE!"
16,6,0.8548,2202027,1324792,131,"[I hate this school.] The teachers only try to make you do your homework and make good test grades. That's it. They don't care if you actually learn the material, and if you're having trouble with learning it, they *punish* you instead of actually teaching it. Also, the school board says they have a good bullying policy. They don't. If you are visibly being picked on by a student, and all of your teachers obviously see it, they won't do anything. No one tries to fix it themselves because it would only get them in more trouble. Pros about this school though, are that the dress code is flexible, you can use cell phones (even if only for educational purposes,) and they don't try to cram everyone into one lunch shift."
16,7,0.8541,4800188,1454340,152,"The school needs to stop with the ridiculous collar shirt dress code; it's not a private school! It's a PUBLIC SCHOOL. The collar shirt dress code, does not put a stop to inappropriate attires of some girls. I see short dresses, crop tops, low cut tees on girls! WITHOUT COLLARS, but they still go a whole day without being put in ""SAC"". But honestly the whole dress code thing does not help improve grades, so why in force it to the school. Also, the staff who are ""in charge"" (I put quotation marks, because like I said I see many out of dress code students) need to be more focus on the outside of the school, during working school hours, because many students skip and go to LoneStar or outside in the forest; by the staff keeping the students in class instead of skipping to the outside, grades will most likeky improve."
16,8,0.8525,1300883,1513648,162,"There are a lot of reviews complaining about the dress code. They do enforce it strictly. This is to prevent distracting, immoral, or inappropriate attire out of the school. Furthermore, the dress code does not define the school. Every teacher I've had is supportive, knows their subject incredibly well and the frequently relate their subjects to real world topics and stories. The school's marching band program is at the very least in the top three for almost 100 miles. We have good sports teams. Our principal is very cooperative and is very helpful if problems arise. I have yet to see any evidence of favoritism that is out of the ordinary. I don't know how the school was in past years, but I've really enjoyed my time spent in this school. Some negative things are simply present in any high school and shouldn't be a reason to shoot down this particular school. This really is one of the better schools in Georgia."
16,9,0.8517,4701050,1275380,170,"I have mixed feelings about the school. There is great academic progress being made however a few priorities need to be put in check. Too much fuss about dress code violations. I understand if it's completely inappropriate but if it's a different color then that's just ridiculous. Many other bad things take place around the school yet there's always a big fuss about dress code.. Also, this past week, there have been FIVE food fights. How do you let a food fight happen everyday and not do much about it yet you seem to catch everyone out of dress code? Really? I don't mean to seem rude but come on now. This isn't a bad place at all. It's just the number of people that don't want to be here outweigh those that do. Most of the teachers I've encounterd are AMAZING people it just takes time to get to know them. They are definitely unappreciated and a little thank you here and there is always nice. Rant over :)"
16,10,0.8509,3603791,1075269,136,"It is a shame that this school has such promise academically but suffers from an overly competitive student body that is cliquey and mean. So many of the students come from privileged backgrounds, which in itself is not a problem, however the attitudes of many of the parents and students is snobby and superficial. There is no dress code and many girls wear next to nothing to school. The teachers are hit or miss, mostly miss. The best part of going here is the extensive course offerings and the after school activities. This school needs to stop pushing honors and AP classes on their students and spend more time creating a more congenial atmosphere where students are not bullied and mistreated by other students. If you have a nice, sweet child....do not move to this district!"
17,1,0.8703,2902452,1305097,79,This school is giving my two children a solid education with some great teachers. The only drawback as with most smaller catholic schools is the lack of financial backing for the arts. It's too bad many parents choose to send their kids to other catholic schools just because they are afraid of a little diversity. The school is safe and run pretty well and does not slack on discipline. My kids have benefited greatly from their experience at Trinity.
17,2,0.8695,616526,5658423,164,"This is one of those amazing Catholic schools that stands out far above the rest. The community is incredibly supportive, faith-filled, welcoming and comfortable for all. Catholic/Christian values are not compromised and are consistently weaved in among all that happens through out the day. The administration successfully handles all the challenges facing our teenagers today. The faculty is full of alumni, parents of alumni, and teachers who are vested in the success and happiness of their students. The academics are rigorous but there are a variety of paths to choose from. The sports programs are excellent but you don't have to play a sport here to feel a part of the enormous school spirit. Students and faculty are proud and thankful to be at Cathedral. This school is an uplifting place for your kids to be each day. My daughters are thriving here; socially and academically and athletically. We couldn't be happier about where they are spending the majority of their time each day."
17,3,0.8572,1203168,1495228,169,"As a former student (Class of 1979) and the parent of 2 students that graduated in 2000 and 2003 as well as a current junior, I can honestly say that I would recommend this school to ANY parent looking for a stimulating, challenging education guided by Catholic Values. The teachers and administration are committed to making sure that the Catholic Faith is an intricate part of the daily curriculum all while challenging the children academically and socially. Respect for family, church and authority are an underlying them throughout the year and making sure that your children graduate and go on to a college education is highly encouraged. This school promotes Christian values and my two graduate children have gone on to successful careers - one as an attorney and the other a graphic designer. The lifelong friends that I and my children have made there are just the icing on the cake!! I totally recommend this school to any parent or student looking for a wonderful high school experience."
17,4,0.8522,608057,1166681,71,Save yourself a lot of money. Avoid this school. There are many good Catholic schools but this is not one of them. The staff is indifferent and the teachers are arrogant and hostile to the students. Students having difficulty with a subject should expect no help. The school caters to the top 10%. We chose this school because of it's reputation. It may have been a good school at one time.
17,5,0.8494,2604024,2193326,78,"My son just graduated from Divine Child and all I can say is, ""it was an awesome experience."" Great teachers, great administration and a terrific place to establish a strong educational foundation for preparing for college. The school is just the right size with approximately 800+!student. The extra curricular activities are bountiful. As a catholic faith based institution, approximately 90% of the students are catholic.The students are certainly academically challenged!The school is worth the time, money and investment."
17,6,0.8469,1706651,4997989,44,My envolvement with this school is as a parent and volunteer. I've found their ciriculum to be challenging and engaging. The staff and teachers are dedicated to their students and an effort is made to adhere to the religious principals of the Catholic church.
17,7,0.8468,501423,1113178,212,"As a alumni of Catholic High, a son of an alumni, and having three other family members graduate from this school I know a lot about CHS. My entire life I grew up hearing all these amazing stories about Catholic. How great of a school it was, how fun it was, all the traditions, etc. I still wasn't prepared for the greatest institute for education I have ever attended (and that includes colleges.) Catholic will take in your young son as a boy, and send him off into the world as a well prepared man on graduation night. The school is full of tradition and life. It provides an almost perfect environment for any young boy to learn; beyond excellent teachers, no distraction or drama from girls, and resources to attend the best universities in the country. The best part about Catholic, isn't its academics. It's the teachers who provide it. As a student there, I suffered a tragedy and lost my father early. The staff, specifically the guidance counselor & principal, were amazing to me through my grieving process. They worked with me for my time missed and always provided an open ear to talk to.The faculty cares more deeply and more passionately than you will find in any other school."
17,8,0.8451,3702113,1453334,78,The school is very friendly and energetic. It is a normal high school. Popular kids and not so popular kids. There are mean kids and nice kids. There are great teacher and fair teachers. I think you are going to a Catholic education so they can work on service and have a class everyday where God is discussed. Parents should be the the main disciplinarians and people should not look to a school to straighten out their kids.
17,9,0.8432,4702551,5148618,87,Exceptional school ! Starting with challenging academics then a great sense of community this school offers so much for every student. We h ave 2 boys there and they could not be more opposite yet they both are on an incredible individual path. I think the teachers and the staff offer a huge safety net both academically and mentoring them spiritually. The growth of the student is very well rounded. We are a catholic family and are bless to have this amazing Catholic school in our community.
17,10,0.8417,101811,1410062,191,"I am a former student and I can honestly say that I could not be more thrilled with my education. I am very lucky to be able to receive the education that I have because I honestly feel that it paid off when I came to college. I am a sophomore in college and the expectation to get A's and B's is still there for me due to my prior education habits...studying, note taking, etc. And when I was in the old building, which yes, was rough around the edges the same education and religious foundations were built. The building was a building. The main goal was to make a Catholic high school for the area so that all of the students from the feeder schools could choose to continue their Catholic education. Like I said I am very grateful for my education and the religious foundations that were built. The teachers are AMAZING and are there for the students and the Principal is literally the nicest and best thing for the school. If you have to opportunity to send your child here I HIGHLY recommend it. You won't regret it."
18,1,0.8983,1200813,4299772,26,"This is the best high school I think in the area. It is diverse, rising in popularity, and has a great focus on academics and extracurriculars."
18,2,0.897,602440,3437329,29,"This is the best public high school in the area! Great teachers and staff, invested parents and thriving students. Our campus is beautiful and diverse in environment and people."
18,3,0.8931,3700739,1234074,30,Great high school with very caring teachers and administration. There are many challenging courses offered. It is a beautiful new building filled with teachers who want the students to succeed.
18,4,0.885,3902294,1496281,15,"This is an excellent High School. Great for academics, sports, music and many more activities."
18,5,0.8839,3401450,1083121,28,"This is a great high school. Both of my daughters wen there and received an outstanding education. Great teachers, lots of clubs and sports and a supportive community."
18,6,0.8825,4811964,1378750,20,The best high school by far! This school gets many new teachers every year but they are all great teachers.
18,7,0.8823,601552,2919593,27,"The school has a great range of activities, clubs, sports, excellent teachers, strong curriculum's and a great community that supports the students. Its a great high school."
18,8,0.8813,4805884,4821209,19,I am currently a freshman and this is so far the best high school with great staff and teachers!
18,9,0.8786,1203137,1189575,45,the best high school! whatever range of abilities and commitment the school provides splendid environment and habitats for the student to flourish and grow. i love this school and would recommend to everyone looking for a great high school for both academic and spiritual pursuits.
18,10,0.8781,3401938,2201155,22,Very good high school with very diverse courses available and lots of extracurricular activities. Teachers and staff want the students to succeed.
19,1,0.9025,1301635,5631560,11,it sucks. this school is the worst one ive been to.
19,2,0.9019,4701014,5353511,11,Literally the worst school ever. I dont recommend it at all.
19,3,0.8982,800724,2852753,11,This school is the worst school I have ever been to
19,4,0.8943,1702511,3834023,9,Absolutely horrible worst school to attend anywhere near here
19,5,0.8888,4807420,4164481,8,"worst school ever, absolutely terrible, would not recommend"
19,6,0.8881,4809507,4277378,11,The worst school ever. Trust me and don't go to it.
19,7,0.8855,2401076,1554192,17,In my personal opinion this school is by far one of the worst i have ever attended.
19,8,0.8844,601942,4963590,9,Worst schools ever I seen. Everything is bad here.
19,9,0.8843,1702724,1227188,39,Worst school ever! Terrible! Never sending any of my kids there again! Everything was just terrible from the teachers to the principal. My kid almost failed and no one bother to tell me! I am disgusted at this school!
19,10,0.8843,4500531,5267815,7,the worst school to ever go to
20,1,0.9088,3604125,1462825,62,"I am a currently a student at North and honestly, it's an outstanding school. Not only does North have high academic standards, it's sports, music, and arts programs are exceptional. The teachers are fantastic. They actually are interested in the students' overall well-being, not just their scores. The majority of the students that attend North are on track to succeed in life."
20,2,0.8761,800476,1431656,66,"North is a great place to send you children to high school! Dedicated teachers, multiple opportunities for athletics and other after school activities. AP and honors classes and support for struggling students. Staff is wonderful at addressing both academic and social needs of students and make it a priority to offer support and encouragement to students. North is a great school that offers something for everyone!"
20,3,0.8672,601281,1067734,78,"I have had three children attend North High School. North is not our home school but was chosen due to the academics, teachers and the ability to help children with learning disabilities. I would recommend this school to anyone that wants to receive a good education. It is there for the taking. Mind you, if you want to cause trouble not do your work this is not the right school for you. North is the best kept secret!"
20,4,0.8658,2402554,1185968,79,I am a parent and a teacher at North Point. I am new to the area but I am beyond impressed with North Point. I teach an STI program and my child is in the regular high school. I like the fact that there are many electives to choose from as well as a strong curriculum with high standards from the teachers and administration. To top it off the school has school spirit comparable to a college atmosphere. #NPNATION
20,5,0.8525,2000936,1221479,137,"Very few schools can say the same things that North can in terms of outstanding teachers, great community involvement and support, and a safe and comfortable feel within the hallways. I would like to say that North may have a reputation and does have quite a bit more diversity, but hey thats the real world for ya. Speaking from a students point of view i would like to tell future students and parents to get involved and join something like one of our extreamly great programs like sports med, which I am apart of and love it and all the teachers in the department, but also join other things like clubs or sports teams because North always has a place for each student, so go out and find where you could fit into a great learning institution."
20,6,0.847,1302841,3455368,70,Our overall experience with Northside High School was amazing. The leadership fosters an environment where every one belongs and feels like family. The teacher go the extra mile for their students. The athletic program is wonderful and the special ed department does a really good job with students with special needs. I wish I had sent my two older children to Northside instead of the other high schools they attended.
20,7,0.8461,4809513,1152560,46,North is an outstanding school with the best teachers! Smaller classes and caring teachers make it a great campus. Great opportunities for students despite the district not always providing equally due to its smaller size. Wouldn't want my kids at any other high school in McKinney!
20,8,0.8444,2402554,1503463,49,"North Point is a great modernized school. The teachers, staff and administration are very helpful and responds to your concerns. My daughter will now be a junior and and enjoys her classes, teachers, friends and STI program. This will be our third year and have no complaints. Go Eagles!"
20,9,0.8426,801980,908290,19,Northridge has been a great school for my son. He is in advanced classes and has had great teachers.
20,10,0.8411,2000936,1030759,114,"Olathe North is an excellent school for my son who is in the Distinquished Scholars program for math, an athlete, a straight A student, and an all around good person. He loves North and is very proud of his school. The teachers are excellent and go the extra mile to teach kids the curriculum and life values to prepare them for post-graduation. The parents are very energetic about supporting the school, and many attended North themselves as students. The administration is very visible to students and parents, and are building a relationship that allows you to feel a connection to them. We are happy with our choice to send our son to Olathe North."
21,1,0.862,2001167,1298215,70,"All 3 of my children attended West and while each had different interests, abilities and talents, all 3 received a solid education from excellent teachers and staff. Terrific variety of teams, groups, sports to participate in. The parent involvement and support is outstanding. One of the pluses with this school is the social and economic diversity. Kids are given lots of opportunity to develop leadership skills. West really is best!"
21,2,0.8572,1301591,1496709,36,"Both of my children attend Westside High School and we are very satisfied. The staff is caring and there s a family atmosphere, My children are taking advanced placement courses and are getting a great education."
21,3,0.8568,602988,4992116,33,"I sent my 4 kids to West high. Although I would not say this is the best school, it knows how to take care of students and very reasonable, friendly atmosphere. No complaints."
21,4,0.8532,5500588,1178632,153,"West HIgh is the BEST school in the city. It has the most balanced and diverse population, a little bit of every group here. The teachers really care about the students and continue to seek ways to reach out to them. We are big enough to offer a variety of activities for students to be involved with, yet small enough to not be lost in the crowd. Students helping others in many ways is the norm here. It feels like you're home when you see what is going on and interact with the people. They are REAL; you don't see so much of trying to put on a front of something they're not just to impress you. They don't need to. While every school has its personal strengths and weaknesses, West High majors on the strengths of the teacher/parent/student connection. You won't find it better amywhere else. Indeed it is true--WEST IS BEST!!"
21,5,0.8523,1900810,2586030,45,"Although I cannot speak to the way this school handles students with learning differences, West High helps it's students be prepared for college and beyond. Whatever their path holds, the teachers and staff at West High are supportive and willing to help however they can."
21,6,0.8519,800817,1067799,24,"I love going to school at west, the teachers are great and the principal made the school much better when he started working there."
21,7,0.8486,4400052,1313956,83,"Cranston West is just a FANTASTIC SCHOOL...plain and simple. My two sons have matriculated through so I have been involved with the school for 7 years running. The teachers are serious and involved. The new principal has brought new passion and energy to the school. The curriculum is large enough to interest any student and there is a wealth of extra curriculum activities...art, music, theater, sports and academic clubs. My children have thrived in this environment and thoroughly enjoyed their high school experience."
21,8,0.8418,5502021,1520488,49,"West Bend West is a great high school with numerous Honors and AP classes available. My daughters will be more than prepared for college. Communication between school and parents is excellent. My daughters are involved in band, athletics, debate, and other clubs not offered at some other area schools."
21,9,0.8412,1700530,1813740,127,"I had two daughters who attended West. Both were in Honors or AP classes and the teachers were interested in them and their successful education, they did what they could to help them.. They were also part of the Marching Band, which I am ever so grateful for! The band is amazing and is a big part of the school. They were also involved in some of the clubs ( there are MANY to choose from) and other sports. The school has a very diverse culture and my daughters counselor, Mr Gatbunton was awesome when it came to guiding my girls' to their next level of education. The down sides are the over crowded classes and hallways and the many fights that happen during the school day."
21,10,0.8405,602988,1588017,38,"West High is a wonderful and outstanding school. If you want a great education and are willing to work hard to get it, then West High will be a good fit for you West is truly the best!"
22,1,0.8434,1704701,1447350,129,"Everything about St. Francis HS makes me feel fortunate to have such a place to send my kids to high school. The atmosphere is warm and friendly with the highest level of achievement as the everyday goal. The administration and teachers alike are enthusiastic and caring and pay close attention to the progress of their students. There are many ways for students to be involved in the St. Francis community with a wide array of great programs including academic clubs, sports, theater, a variety of musical groups and more. I have two children at St. Francis...one about to graduate and the other with two years to go and I am very pleased with the quality of the education they are receiving and the atmosphere in which they are learning!"
22,2,0.8306,801705,1257656,76,I have 2 children there and we are extremely happy with the school. Our kids do numerous activities and are doing well in the rigorous classes. St. Mary's is an excellent college prep program with an emphasis on Catholic education to form the whole person. Great teachers and great kids. Best speech and debate program in southern Colorado as well. The small size really creates a family feel and helps the kids form long lasting friendships.
22,3,0.8257,607987,1266493,48,St. Anthony High School is a great high school! I had my second daughter just graduate from there. Both got a great education that prepared them for college! Staff and teachers are there for the students. They offer plenty of tutoring and counseling to help the kids succeed!
22,4,0.8247,3604871,1225105,77,"My son has completed his first year at St. Anthony's high school and we are thrilled. The academic program is challenging and top notch. The teachers and administrators are supportive, helpful and always willing to go the extra mile for their students. The character of the student is vital. Athletic program is one of the best in the state! I would highly recommend st. Anthony's to any parent who truly values a solid academic and spiritual education."
22,5,0.8209,608020,2192758,85,"My daughter just graduated in 2016 from Saint Joseph High School, and we feel that this was the best decision we could've made. She was able to reach her full potential thankfully to all the advanced classes that the this school offers. She also had the opportunity to enjoy different clubs and partake in many service opportunities provided through the school. I really recommend it for parents that are looking for a great school for their daughters, you are NOT going to regret it ever."
22,6,0.8209,3604871,1078201,74,"St. Anthony's is a wonderful school. Their academics and sports are great. The best part is the discipline. Although I felt it was too harsh as a student there, I know now it was the best for us. It kept us in line and concentrating on what was important. Only now I appreciate it even more being that I work in a public school in Brooklyn! The tuition is high but well worth it."
22,7,0.8185,1704701,3628521,70,"My daughter has thrived at St. Francis. The academics are challenging, and her teachers are accessible and encouraging if she has any questions or problems with a course. Her confidence has risen. There are numerous extra curricular activities for students to become involved with, and she is taking the opportunity to explore different clubs and interests. She is getting a good foundation academically and spiritually for life after high school."
22,8,0.817,2201343,1111359,95,"St. Michael has been an excellent choice for my daughter. The test scores are very good and the academic program is challenging. She has felt at home since her freshman year. I, as a parent, appreciate the strict discipline policies and requirements. I feel the students are taught respect for themselves and others. Parents are very involved and there is a great amount of school pride. The school hasn't been around as long as some of the other high schools in town, but with time I think it will prove to be just as good."
22,9,0.812,2401582,1271091,163,St. Mary's Reich in high school was an excellent education. It is college prep and compared to my friends in public school the workload was much larger. The discipline and writing abilities that I developed at Ryken's program helped me to excel in college and with getting my CPA and MBA. I have kept in touch with all of my classmates through Facebook over the years and nearly all of them have graduated from colleges all over the country some returning to the area and some not. The relationships formed with students and faculty in this small school are valuable and long-lasting friendships. I also believe that many of the teachers feel that they have a higher purpose in educating the students because of their Christian values and dedication to service which is why they go above and beyond helping their students anyway possible. I would highly recommend this high school and hope to be able to send my children there one day.
22,10,0.812,4101316,1560587,37,"This is a fantastic school, giving all the girls an equal chance to excel in all subjects. The teachers are phenomenal and St Mary's is a great school and one of the best experiences in my life."
23,1,0.868,800492,3366069,113,"South has been a great experience. It's smaller than other schools and the teachers and administrators know and care about the kids. Students also get great opportunities to participate in school life via sports and clubs. And our daughter has also gotten to know students from around the world, which has been an invaluable and unique experience. The academics have been challenging, and AP classes interesting, relevant and engaging. I strong recommend South to students and parents who are looking for a place where they're supported, engaged, and can have an interesting experience in a culturally diverse environment. Read the Newcomers by Helen Thorpe to get some of the flavor of the school"
23,2,0.8667,602982,1403973,48,South was pretty great for my son. The teachers were very caring and committed. The dean of students was amazing. The principal Scott McDowell was horrendous. He cares about the sports program and the honors program. He did not address parent concerns and was actually not even sympathetic.
23,3,0.8663,2701316,1265970,104,"I am a freshman at South and I absolutely adore it. The teachers are phenomenal, the student body is very diverse(something you won't find at many other high schools in the metro) and the community is very welcoming. I play sports, which I have found to be very helpful as a way of meeting other kids, particularly upperclassmen. I also play in band and I am sure that South has the best band program in the state. Our director is amazing, by far the best teacher I have ever had.The kids are talented, hardworking and just love music. I would highly recommend this school!"
23,4,0.8622,800492,1248195,154,"I am fully in support of my children attending our neighborhood school and not cherry picking the system. We are feel so fortunate that South is our neighborhood school. The diversity, and the lack of cliques at this school is rare indeed. The culture is one of encouragement and cooperation. And the rigor of the classes cannot be denied - South High grads will be well prepared to attend any college or pursue any other endeavor that they wish. As a parent I was a little stunned at the level of demand from the students academically - but am seeing the results and realizing just how much high school students are capable of achieving. I would give it all 5 stars but I see the school getting even better under Dr. Waters leadership.. so leaving room for that process! I highly recommend South as a parent.. (oh and my student loves it as well!)"
23,5,0.8548,3300346,1449607,34,South is a great school. the 4 years I went there were the best. All most all the teachers were nice. only 2 that i had problems with. The choir there was great too.
23,6,0.8519,1702213,3783050,19,"South is overall a good school, but some small tweaks to bring back, what I feel, made it great."
23,7,0.8436,100589,1807661,72,"We had four children go through the John Jones Elem., Southside Elem. and Southside HS schools and we couldn't be happier w/the results. All four have completed college (w/honors) and I give a very large amount of credit to the Southside areas schools. No school is perfect and there's always room for improvement in any school but, academics, sports and all extracurricular activities are as good at Southside as you'll find anywhere."
23,8,0.8397,1201593,1569338,111,"Although this school is much older compared to all the other schools in the district, South Lake High is an excellent school with great teachers and staff as well as spirit. For all four years of my high school career, I do not regret going to this school, it's like home and I'm so sad to be graduating soon. The school offers a variety of courses as well as extra curricular activities. The staff shows pride in their students and they always praise us. The teachers not only educate students on course material, they also expand the subject and they help inform students about how the course material affects our world."
23,9,0.8384,3402190,4138325,58,"I joined South at the start of my junior year. Everyone was so welcoming, especially the students. I was amazed at the top class quality of teaching. However, what stood out to me the most was the amount of extracurricular activities this school has to offer. You’ll find a club for ANY special interests at high school South."
23,10,0.8374,5300803,1340024,87,"The principal at this school is fantastic and very responsive. My daughter is enjoying her teachers and is in the honors program here as well as track. I have not regretted sending my daughter here at all! I think that Southridge is an all-around great school and they truly care about the kids. I do wish the drama and music programs were even better, and that the parents were more involved, but I believe that lack of parental involvement is becoming an epidemic all over the U.S."
24,1,0.8853,3903843,5077141,47,This school is full of teachers and staff who genuinely care about your kids. Alot of the bad issues other schools have are very low in number here or non existent. The school counselors are great with helping students decide on classes that mirror their future plans.
24,2,0.8834,200135,1155325,35,Although the counselors in this school seemed to try their best; the school is simply too large to be a great school. Kids are herded through classes with little to no individual help from teachers.
24,3,0.8559,800280,1258449,86,"My biggest problem is the school does not care about the kids. They have a teacher that gets multiple complaints but they do nothing and they have no option because she is the only one that teaches that class and it is a required class for all students to graduate. The principle and dean support her and not the students. Many of the teachers are great, but not all of them. I am very thankful for the understanding and support of the counselors. They are amazing."
24,4,0.8544,614929,2065720,69,"Unfortunately the quality of teachers for most subjects is very poor. The counselors are just not helpful and I see that public school counselors are doing much better handling many more kids. Though the school claims to prepare students for college, i do not see any indication so far! I'm very disappointed and strongly encourage parents to stay away from this school. It is a complete waste of money."
24,5,0.8509,604661,3505831,123,"Overall, its an esthetically pleasing atmosphere. The classrooms are clean, the grounds are very nice, and the number of students enrolled is nice. We like a small town feel. However, the Staff is extremely disengaged. They don't interact with parents unless the parents reach out to them. They also don't utilize their counselor. There are several kids I know of who clearly would benefit from counseling and as a Counselor, I personally would be on the lookout for red flags or warning signs. It seems that the counselors only job is on an ""As Needed"" basis. The principal is pleasant to deal with but she should also be working with the counselor for students struggling academically to ensure they get the best shot."
24,6,0.846,2600386,1218137,134,"While this school is great in some aspects, the teachers are either hit or miss. I have had some truly amazing teachers who really did their job well. On the other hand, there are some teachers that were clearly there to get their ten year and muddle through the next 30 years. Additionally, due to the amount of students, if you don't stand out in your counselor's mind they do basically nothing for you and make it very difficult to get any classes changed around without a parent present to pressure them into doing what they should be able to handle with the students. Great opportunities for those who want to take advanced classes, but depending on the teacher the student will need to be able to take control of teaching themselves a class."
24,7,0.8433,5101660,1350207,99,"The teachers and coaches at this school are good and work hard with their limited resources. The administration is the problem here. They are unresponsive and make a lot of bad assumptions. The counselors have not been helpful with providing information and support for my college bound students. This school could do a much better job of partnering with parents and being proactive. When I called to speak with the principle about a problem I saw, I was told I could come speak if I liked but he WOULD NOT change his position. Not very much of a partnership."
24,8,0.842,1200944,837602,60,"the teachers are great, my son loves the school. I wish the Guidance counselors would become more involved in the kids lives call them in talk about College, there plans in life, incourage them. when I was in high school our counselors called us in each 9 weeks to just talk, about the future, and if we were on track..."
24,9,0.8418,4200645,5288308,48,My experience at this school was very negative. Most of the teachers did not care about the experience that they were giving their students. Obviously there were the exceptions. The counselors are also very self centered. They don’t care about students wishes but rather the easy way out.
24,10,0.8372,400618,2335227,92,The school administration and counselors are horrible. They want what is best or convenient to them not the students. Many students get punished over stupid reasons or for stuff they don't do. I have only had 2 or 3 teachers who have actually cared about their students instead of teach for tests and looks. Many teachers don't care about their students. The sports team is a big joke. Jackupson worst coach ever. The only thing good about the school is the technology and the band. Other than that I recommend another school.
25,1,0.8455,4701552,1591261,174,"There are some fantastic teachers here that inspire students to learn and grow. Fortunately, we've experienced some of them. Unfortunately, they are the exception. This school is plagued with petty, power tripping tyrants that harass students over minor issues, give less than achieved grades when parents dare to question what or why they are teaching a certain way, fail to communicate with parents, and the politics and favoritism within the athletics department is awful, etc. Kids with amazing potential get lost in the maze, harassed by administration, and lose all confidence and momentum to succeed. My child is a Freshman at CHS, I can count more times she has come home crying than I can good days and no one at the school cares, and I am told more often than not that it is ""her fault"". I moved into the district so that she could go to this school based on the things I was told and am moving out of the district and to a different school based on the ACTUAL experience."
25,2,0.8451,3902636,1341575,212,"We moved here 5 years ago and I thought the schools were good at the time. I had one child in 6th grade and one child in 3rd grade at the time. However, the schools have really gone downhill over the last 2-3 years. My daughter transferred out to a charter school 2 years ago in the middle of the 9th grade because the high school was just not challenging enough for her. They do not have anything to offer advanced students and she was very bored academically. My son transferred to an online school last year due to slipping grades, bullying, and absolutely no help from the staff at the middle school. The online grade book is not updated regularly. My son once spent two days straight in lunch detention because a teacher put demerits under his name by mistake. When my son tried to ask why he was in there, he was told to sit down and be quiet. When I called the principal to complain, he acted as though it was just a mistake and no big deal. My son was also beaten up at the bus stop once and the school said they could do nothing about it because he was not on the bus or school grounds."
25,3,0.8426,605427,1295674,193,"The administration at this school is terrible. Completely irrational and unreasonable. When there are issues, they don't want to hear about it. They automatically blame students for issues without doing their due diligence and getting to the root cause of problems. More than once, issues came up that the teachers and administration assigned as issues with my child, only to later discover that the teachers were the problem, proved by data. Status on school work is a chronic problem - teachers not giving students credit for assignments, errors in grading, etc. Keep ALL of your student's work and be prepared to verify EVERYTHING related to grading. The communication is really bad -- don't expect answers to email or returned phone calls. They just don't want to hear from parents. They site a 48-response time to email and other inquiries in the student handbook, that they don't adhere to in the least. When you insist on speaking with them, you can muster up a meeting but, ultimately, they are just humoring you...It's 'their way or the highway'. I'm SO sorry that I placed my child in this school, and am looking into other options."
25,4,0.8426,604583,3544968,270,"This school is abysmal when it comes to communication. My child struggled immensely during his four years here and I found that his teachers didn’t return emails or phone calls when I reached out for help. When I turned to the principal for help, I was advised to just continue emailing and calling and if I did get a response, it was usually when grades were already submitted or it was too late to redeem his grade. Finally, during his senior year, I contacted my son's guidance counselor to arrange a meeting with his teachers and took time off from my new job, which I didn’t mind doing since I value my child’s education. I even confirmed a time that work best for the teachers, since I know they are not required to stay after 4pm. Unfortunately the teachers did not place the same value on my child’s education, and when I arrived, I was told that none of the teachers showed up. They all had a variety of excuses even though they had all confirmed they would attend, and the principal and superintendent were dismissive when I escalated my complaint (“I’m sorry that happened to you but things come up”). The only time I received any communication was when my son's substitute lost the remote control and decided to illegally search all of the students. My son questioned the teacher’s right to do this and the Vice Principal called me to say my son was ""mouthing off"". The remote was later found in the substitute’s possession. Trust me, send your child to another school if you value their education."
25,5,0.8422,3701005,2700314,285,"I am absolutely appalled at this school. My family and I moved here a year and a half ago from up north. My child had wonderful grades. It took over 4 weeks for the school to review her records and place her in appropriate classes. So, she gets her schedule and not one administrative person offers to show her where her classes are. Never mind the fact that most of the classes she had already taken previously. The teachers were rude and had no problems swearing and putting on movies instead of teaching. Now we are in her second year at this school. Teachers have blatantly refused to help her out with any of the work she doesn't understand. She has complained that many of them say to the students if you don't want to listen then I won't teach you. When she speaks up about this, she gets sent to the office! I have had many conversations with the ""drop out prevention specialist"" who has demeaned my child numerous times and threatened to have her sent to an alternative school. Then when I demanded a meeting with her and administration I was met with just on of her teachers instead. This school is an absolute joke. The are disorganized and refuse to make any changes with their staff. Oh, and forget parent teacher night. This is a joke as well. I have gone to every single one offered over the last year and a half. I have met only 3 of her teachers in two years. The others were not even there! I am now considering home schooling my daughter for her last year. These should be the best years of my daughters life!"
25,6,0.8398,402664,2481816,289,"This school is horrible and is ran by a man that has no tolerance for kids. He rather suspend kids and remove them from class than help them, counsel them, and teach them if they make a small mistake. Suspension is the ONLY form of dicipline. There are no warnings. My son has always been the quiet kid who never got in trouble until now. If you want your child to grow in their confidence and be all they can possibly be I would not send them to this school where they make up their own rules, consequences and do not follow any standards. Not to mention my kids have hardly had any homework and I have never seen so much teacher turnover in one year! My child's ""honor"" classes Have not been challenging and both of their study habits have declined due to lack of homework. They make the school look good with all the activities but there are silly rules with that as well. They had the Phoenix police that work for the principal search my daughters belongings with parental knowledge looking for someone else's Iphone, which they eventually found somewhere else.. no apology or comment to us as parents regarding the incident either. They also limit the activities and put restrictions on doing art and sports. You cannot do both st the same time. Where as most schools encourage as much student involvement and work together as coaches/teachers. Lastly, they do not encourage parental involvement within the school. The principal wants it all done his way there is no reasoning, or talking to him. Also he is Very insensitive and has terrible people skills. I would strongly advise anyone looking into this school to look elsewhere."
25,7,0.8386,3200021,1103910,169,"Chaparral High School is one of the worst schools my daughter has ever been to. Not only based on her experiences and opinions but mine as a parent as well. They literally kick the students off school grounds during split class when lunch time is not available, at the end of the school year they demand to have the students belongings and hold them for two full days before returning them. That doesn't even make sense! As a parent I don't understand many of there practices. The teachers are horrible at mediating conflicts, as if they don't care about there students. My daughter was bothered many times throughout the year by other male students within her class while the teachers said nothing ,even when she reported this to the teacher, I can go on but I am running out of word count. I am currently filing many complaints concerning there school system. Please do not enroll your kids in this school. You may regret it as I have. ("
25,8,0.8346,1205120,2578918,400,"I also have to agree with everything the previous poster said. It is very difficult to get ahold of anyone in the summer months, as the counselors work minimal hours. we just moved to the area from out of state. I have emailed at least 10 people in that school through the year with no response. The classes are overcrowded. one class my child is in has 38 kids. They are expecting over 400 new students for the 2017/2018 school year and they are already over crowded and has portables on order. Many of the teachers are terrible. They hold morning hours for the students that need help,(if they show up for them) but when my child went she was told, that she should know the material already and the teacher didn't help. then I tried to email other teachers in that department with no response. One day after school started my child was having problems and went to the office to talk to a counselor, she was told to fill out a slip and the counselor would call her in. Days later no call until I complained to someone in the office. Also if you come from a small town, do not expect this school to be like that, its huge, and unless your child is in the top 1% at a sport, they will not make the team, unless they have been there for years and already a favorite. if you do make the team, expect to shell out Thousands of dollars to play on them. oh and they want money for everything since most families in the school are very wealthy, they don't think of the hardships they put on the rest of the families. When we moved here I didn't have a way to check schools besides this website. I wish more would have spoke up so I could have known what its really like. PS if you are planning to move to the area, keep in mind that over 20000 more homes have been approved to be built. so more overcrowding, not just with the schools, but the roads too. They need traffic controllers at the entrance to the school because there is only one entrance to the school and it literally takes 15 minutes to just pull into the parking lot...St. Johns County needs to get this under control and build another High School."
25,9,0.8228,1200135,1349406,202,"Teachers are inconsistent with keeping posted grades up to date, are disorganized with and sometimes cryptic with posting assignments and instructions. Often they take awhile to respond to parents requests. Guidance at school is mediocre Mrs. Bobay, the school guidance Counselor and others do work hard to do what's best for students, but I've had trouble with getting the staff to see things through to improve my child's performance or see their plans through to completion. I constantly struggled with my child son who always complained about not liking the school. I ve applied for a n out of area transfer as advised by other parents in my neighborhood. CHS has the potential to be a great school being directly behind a college. Sr. Staff is quick to suspend students for relatively minor infractions, where detentions would have been warranted in any other school. Once a student is suspended (In School) they are supposed to be afforded the opportunity to complete all class work for that day in ISS, but teachers do not submit class work for student to work on, and often will count the student absent instead. Every class drops almost a full letter grade for this type of disconnect."
25,10,0.821,403455,1594636,155,"My child wanted to go into education field for a career. She now wants nothing to do with education. She sees great teachers abused and treated rudely by the principle. This is sad, because she really enjoys some of her classes. A new teacher/coach this year used their power over my my child to show whom is in charge, she dismisses & taunts my daughter numerous times, when I asked the VP/AD to check; he responded with, ""Everything looks fair to me."" I then questions, ""You know who my child is?"" He responded, ""No."" My child is on Honor Roll, a great kid. However this year she genuinely hasn't wanted to go to school and has become depressed. Beaware of the administration at this school, they treat the kids with intimidation and power. The PUSD response, ""They are new to their job."" Something needs to change. Kids only get once for their high school years."
26,1,0.8657,3200032,1352106,34,"I currently attend clark high school and i am glad to say that it is a very good school. This school is very pro student, its all about the students, they have great teachers."
26,2,0.8463,1700598,3160184,35,This school is awesome! My son had a great experience there. We were so happy we brought a house in Belleville East district. Especially after seeing the disturbing violence at Belleville West making national news.
26,3,0.838,4805165,2144716,18,The students and teachers are great! I wouldn't want to go to any other school. I love clark
26,4,0.831,4701003,1288070,42,"This is my daughters junior year at Clarksville High and it has been a good experience. There are lots of clubs, sports, band and choir to participate in and I love the way the school encourages school spirit. Overall a great school."
26,5,0.8246,4900491,1450111,78,"Springville High School has been an excellent experience for my kids. They have loved their teachers and the curriculum. Two daughters have enjoyed the quality band program and one son has played on the baseball and baskerball teams. They have all worked hard and excelled in their education. My youngest will graduate this spring with a 4.0 gpa and go on to college, as her siblings have done. We couldn't have asked for a better high school experience."
26,6,0.8222,2400949,1564570,130,"I find one of the best aspects of Rockville HS is its small size. The faculty know all the students and the students all know each other. Most of the teachers have been good or great and all of the faculty and staff are really interested in the kids. The whole school is a close knit community. There are a number of great academic programs including the IB program, engineering program, and journalism program along with a computer science curriculum. There are a lot of extracurricular activities so most students are involved in at least one activity and many are involved in multiple clubs or sports, which adds to the overall involved community feel. I am really glad for my children to be a part of such a great school."
26,7,0.8206,4800729,1194436,33,We have enjoyed the Beckville Jr. High School. The principal is really on top of things. The school has great technology and facilities. The classes are small and students are pretty well behaved.
26,8,0.8172,3603281,1772323,59,Pleasantville has an outstanding education program from kindergarten to grade 12. The students mostlly all go to college and are well prepared for life. I am also very impressed with the community and the wonderful parents that get involved. It is so nice that all three schools are in walking distance and that the library is accessible after school.
26,9,0.814,2400949,1197503,50,"My daughter came here after a below-par experience at a local private school. She has had an excellent 3 years here so far. Rockville High School has a special program to cater for gifted children, she has been achieving better grades and the teachers are for the most part fantastic."
26,10,0.8091,2800883,1695105,67,"Starkville High School has excellent academic, athletic and extracurricular programs. Both of my children graduated from there recently and were well prepared for college. Lots of university professors send their kids there. The academic offerings are better than any other options in the area. Many teachers there have won statewide awards. Starkville is a great place to raise a family. One reason is its strong public schools."
27,1,0.9143,2901402,3646923,16,I love this school district. Teachers & staff are great and my son loves it too
27,2,0.9009,4805583,4619212,34,"I loved this school district. I graduated from it, my kids also graduated from it and now my grandson is attending school here. This school district wants nothing but the best for their students."
27,3,0.9003,3101201,3268088,9,This school district has been great for my children.
27,4,0.8946,5501720,1121603,39,"I love this school district. A small home town family feel...great communication with the teachers. Each student is known for the person they are, instead of just being a number. Administration is very great at communicating with the parents"
27,5,0.8912,3904027,1535755,31,"Wonderful school district! Teachers truly care about the students individual needs, and are willing to go above and beyond for their students. Very proud to be a member of this community!"
27,6,0.8849,1702242,1514004,68,"I love this school district. They take time to help our kids, they care and they make sure they are always safe. The kids learn to respect each other mo matter what differences they may have from financial to special needs. They grow up ready to face the next chapter in their lives. Thanks to all the students teachers and administrators for making this a great educational experience."
27,7,0.8836,5501357,2269231,35,"This is a great school district! The staff are caring, compassionate and dedicated. Every student will leave this district with a quality education and the tools they need to become awesome citizens of our society."
27,8,0.8801,4200902,1995988,23,"Great district! There are a plethora of opportunities for the students, impressive school spirit, awesome high school guidance staff, and many resources available!"
27,9,0.8798,2900435,4234034,16,Awesome district. Really care about the kids and give great interventions for all types of learners!
27,10,0.879,5400568,5468818,13,Excellent school district.They care about everything and maintenance on the schools are good.
28,1,0.882,5300092,1854297,101,"BHS is a great school for middle of the road kids who fit inside a certain box. For everyone else - advanced kids, kids with any kind of learning disability, kids who are not totally into sports - I would not recommend this school at all. One of my kids ended up doing running start to get away, the other begged to go to a different school. Rampant drug and alcohol abuse, serious eating disorders in girls, slut shaming posing as ""health education"" (using the duct tape talk) all contribute to an atmosphere that is not a positive place for learning."
28,2,0.8813,200395,1748015,56,"I really enjoyed going attending BHS, and learned many valuable skills that I still use to this day. It is a relatively small school so there is plenty of one of one teacher/student time available if wanted. The school does a great job of making higher level classes available for those that are eager to learn."
28,3,0.8785,2500172,1016109,41,BHS is great! I graduated from the Belchertown Junior Senior High School and I am proud to say that my son will be graduating from BHS next year. He is learning and enjoying himself by participating in a variety of activities.
28,4,0.8737,2603515,1631289,86,"My oldest son just graduated from BHS. We have had a wonderful experience at this school. He graduated with honors and has had some truly exceptional teachers in his four years there. There are so many extra curricular activities at this school, that every student should be able to find something that interests them, and the teachers and staff devote a lot of their time before and after school to make sure that these programs continue to grow every year. Thank you teachers, staff, and administration!!!"
28,5,0.869,4700623,1241297,94,BHS is the a nationally ranked High School and is amazing. I love going to school there everyday. They have so many clubs and organizations that everyone has a chance to be involved. The Principal really cares about the students and has taken time out to talk to me about where I want to go to college and offering me feedback. He loves the students and their opinions. There are tons of amazing teachers and a lot of unique classes are offered. The only complaint I have is the pot holes around the school.
28,6,0.8644,605045,1256104,94,"I am a proud Graduate of this school. I graduated in 2007 and BHS was a pretty good school then. I have not kept up with the school since I moved to another state but when I was attending I had great support from all my teachers. The teacher that impacted me the most was Mr. McAdams, he gave great advice and made learning fun. I really hope the current students are not taking BHS for granted because it truly is a good school if you take advantage of all it has to offer."
28,7,0.8639,1703989,3945865,38,BHS is a great school in a great neighborhood. Everyone at BHS has one goal which is to help their students perform their best and become a better and knowledgeable individual that can help themselves and the community.
28,8,0.863,5300213,1552184,80,"BHS is a hidden gem! I have had nothing but a positive experience at BHS. My child is thriving here both academically and socially, The teachers are caring, and the principle is great, and the staff is wonderful. The communication between school and home is terrific and I appreciate knowing what is going on, ""The Daily Bulletin"" email is so great!! There are also wonderful opportunities to join clubs and sports. It's a beautiful school and I highly recommend BHS."
28,9,0.8591,5302967,1286186,46,We love BHS! This school has TONS of school spirit. The teachers and staff are simply fantastic. The use of technology is terrific. Our teachers care so much and do all they can for the students. I can't think of a better high school than this!
28,10,0.8549,4000105,1092013,46,I went to BHS for my junior and senior year and loved it. The school had enough room for all the students. The princeple and teachers were great. I loved BHS and was very ready to attend an in state college where i did very well.
29,1,0.9059,4803078,1198007,72,GHS is an excellent school to have your children. I have had one graduate from GHS and two others currently there. Their quality of education has been superior. My oldest has had a smooth transition to college much in part to the rigor that was in her coursework at GHS. It prepared her well! GHS has a rich heritage and I am excited to see how the new principal builds upon this.
29,2,0.8937,400727,1277733,77,"GHS is a great school period. Even though I was there for only two years this school made into a better student and person. Their Performing Arts program is amazing! The students are well behaved and care about their education. Then there is the teachers, they were amazing, all of them were extremely skilled in the job and had a deep passion to teach students, not just in education, but in teaching them to be great people."
29,3,0.8914,2800297,1308519,20,GHS is a great school! My three children graduated from there and they were well-prepared for the rigor of college.
29,4,0.8875,900329,1219659,122,"I graduated from GHS in 2008 after transferring from a nearby district. By far, GHS is the best high school in the area. The teachers and administrators are excellent and truly want every student to succeed. There are tons of challenging and interesting courses, AP and otherwise. There are too many clubs and sports to count, so there is always a great way for students to be involved. No other school prepares students for the real world as well as GHS does. My friends who went to other high schools were simply lost compared to myself and friends at GHS. Anyone who has negative feelings about GHS simply failed to realize and take advantage of the wonderful opportunity that they were given."
29,5,0.8805,400727,1263113,61,"GHS is an excellent school in many ways. They have high academic expectations, but are willing to help students meet them. Special education teachers and counselors are caring and dedicated. There are programs to prevent exclusion and bullying. The theater program and drama club are excellent. The honors and AP classes are world-class. I can't say enough good thing about GHS!"
29,6,0.8799,2400898,3634174,62,"My family has had a great experience at GHS. My son was admitted to numerous top notch colleges, my daughters are thriving, and we love the community. GHS has an unfair bad rep - it's a beautifully diverse school in a gorgeous facility. The many satisfied families who are part of the GHS community can attest, it's a special place to be."
29,7,0.8614,4803078,414953,36,I have FOUR children who graduated from GHS and all of them are doing extremely well. This is a terrific HS in every way and prepares students for the challanges they will face in the future.
29,8,0.8578,2800297,1307552,20,"GHS is a wonderful school that has devoted, professional teachers that encourage each student to perform to their greatest ability."
29,9,0.8569,1800688,1569903,69,"GCHS is a terrific school! I put three kids through there and nothing but positive experiences. I have watched my peers struggle with the private school decision for high school, especially with their kids coming out of private elementary schools, but we had no such concern with GCHS. First class teachers, great administration that is smart and caring, and an excellent education. Small town values with big city resources!"
29,10,0.8537,3901830,1437117,28,"GHS was great for academics, arts, music and sport teams. All of our children recently completed university with an excellent start in their careers and their own families."
30,1,0.8579,3604585,1529493,33,This is my daughter's second year in Prep. It is an amazing school. They offer the children so much and the academics are great. They have a great support system for all children.
30,2,0.8388,4809545,1418893,51,This school is an amazing school with lots of teacher and parent over achievers support. They excel at EVERYTHING they attempt and don't settle for anything less. It's more of a college prep school. The whole community raises these kids and many of the teachers are also parents of the students.
30,3,0.8271,3902742,1499767,15,Great school for college prep. Wide range of academic options. Award winning extra curricular activities.
30,4,0.8266,4203645,1082088,53,"Great college prep school. I have been impressed by the caring faculty and well-balanced students - encorporating religion, education, sports, and community service into the curriculum. The facility is in need of updating, but the school still graduates top-notch students. Smaller size is a plus - compared to the huge public schools nearby."
30,5,0.8251,2601073,1042429,29,This is the best schools i have ever gone to. I was prepared for college and i also took college class during high school with their College Prep Program
30,6,0.814,3702748,1281423,65,"This is an excellent college-prep school for academically driven students. Both my children are thriving there. The teachers, administrators and staff are overall very engaging and supportive not just in the classrooms but in all aspects of extra-curriculum activities. I wish the achievements and awards won by the students and school are publicized so that the public would know what a great school this is."
30,7,0.7988,4801164,3547279,15,This is an excellent college prep school in a tight community with high academic standards.
30,8,0.7987,5101666,1041057,38,"I believe this high school has great preporatory classes. I felt prepared when I went to college after taking College Prep classes at BPHS. The teachers are knowledgeable, the staff is friendly, and the extracurricular activites are fantastic."
30,9,0.7983,3402482,1275828,78,"My son graduated last year from the Prep and it truely was the best money we ever spent! Wonderful school, great parents and kids!!! He has made the best friends any parent could ever ask for. He was totally prepared for college and is also playing baseball in college as well. He truely enjoyed his high school experience. I would highly recommend this school to everyone who is looking for their sons to have a great HS experience."
30,10,0.7897,625331,1310283,18,"Excellent facilities,Ag/Science,Sports/ Beautiful campus, Principal is a Leader, Teachers care, School spirit is high. Great College Prep program"
31,1,0.8685,600935,896262,20,I rate the school with 4 stars. The teachers really care and work very hard to help each student succeed.
31,2,0.8634,4101103,4038443,11,one star - I would not recommend this school to anyone.
31,3,0.8548,606061,3957392,68,I would rate this school 0 stars if possible. They are very understaffed and most classes have 40+ students in them. This is very dangerous as the teacher cannot keep up with the students. They also have no regard for students in need of help academically and personally. My nephew got kicked out of school just 2 months before graduation and they gave us no options otherwise. Unbelievable
31,4,0.8522,5101191,4639517,7,I would rate this school five stars.
31,5,0.8518,4810152,1038956,33,This School deserves 5 stars because the first year that I'm here it has gone great and all the teachers are dedicated to their work thats why this school deserves an Excellent Rating
31,6,0.8505,3707833,1326424,17,I rate this school 10 stars in all areas. The teachers are willing to assist every child.
31,7,0.8493,4202449,4072291,11,Wish I could rate the school 0 out of 5 stars
31,8,0.8491,100833,1575906,15,My daughter and I believe this school should be rated as a five star school.
31,9,0.8433,3606367,616938,41,I know that this school is exceptional and my son loves the school and everything it offers. I am truly delighted with all staff and teacher s proactive attitude for learning I think it should be graded a five star school.
31,10,0.8415,2902308,1505216,36,"I give it four stars because of the environment. Its a nice healthy place to put your child. Although, education needs to be worked on just a tad. Other then that it is a great school"
32,1,0.8559,4812082,1363646,36,My daughter attends here and LOVE IT! I only had one issue with the Spanish teacher and it got resolved REAL quick. The administrative office was on top of it. This school is wonderful. No complaints!!
32,2,0.8509,625008,1514531,87,"My daughter attended this school for less than a semester. She got along well with the other students; however, there were abundant problems with teachers and administration. Administrators will not return phone calls or emails on a timely basis. Punishments are harsh and students and parents are not listened to (even at the district level). The Spanish department is the worst. Put your child in French! These teachers do not have the students' best interests in mind. It's a repressive environment in which students have difficulty learning."
32,3,0.849,603175,1322858,117,"This school is not all that great. My 2 children absolutely hate this school and town and I can't wait to get them into something they will enjoy. They have lived locally most their lives and still have to deal with bullying"" friends"". The Jr high doesn't monitor anything the kids are doing. I know of high school students getting caught with pot and getting slapped on the wrists. My youngest has come home several times crying from how these other kids are treating him and he thinks it's because he is not Hispanic that they are picking on him. Its good school to teach the Spanish speakers English, but not a wise choice for English kids."
32,4,0.8447,2200419,1381403,73,"This school is horrible. The children lack discipline from all angles. Teachers curse and are disrespectful. No Spanish teacher, yet Spanish is required to graduate. 17 fights in one day, cell phones out all day in class, and there is no respect all around. This place needs an overhaul! As far as the others making comments as to how great it was, your bad grammar and misspellings show how bad the education is."
32,5,0.8426,3901703,872196,128,"This school is a joke. The teachers don't bother trying to teach the students. All they care about are test scores and popularity. They also tell the students that they should accept more responsibility while in reality they don't let the students have a decent say in how the school is run. The Spanish department is the worst feature of this school. They force the students to meet with them outside of school in order to receive credit. This is especially frustrating to the students who participate in extracurricular events because they don't have time to meet with them outside of class and the teachers can't speak the language with a decent accent. In short, the school is filled with hypocritical teachers who don't care about the students."
32,6,0.8399,4806696,1492283,72,This is not a school you want your kids going to. The spanish teacher can not speak English well enough to teach class. They can not keep an athlectic director over two years. If you have a problem the Supt and principle will not adress problem. Not to mention the clics and Drama from student body that is promoted by Teachers I was so glad I got my kid out of there.
32,7,0.8367,1205295,2346152,48,"terrible. most of the students are spanic, not descriminating or anything, but that school basically speaks spanish. i'm from Brazil and doing exchange in this school, and honestly, I've learned more spanish. These kids are as well disrespectful and fights almost everyday. Did not have a good experience."
32,8,0.8362,2702066,991951,151,"Like many very large high schools, this is a good place to send a good student. My daughter was by nature a very intelligent, hardworking, eager student and she had a great experience at this school. She enjoyed the challenge of both Spanish immersion (for students already fluent in Spanish) and IB (and it's plethora of tests, papers and homework). The school was both safe and culturally diverse. As a large public school they provide good facilities for science, sports and the higher cost disciplines. Having said all that, we chose not to send our son there. As a non-traditional student we were concerned he would have been lost. As you read in other reviews that are more negative, these large ""cost effective"" schools can be swamps for students who need attention and support. A society that believes they should be able to cheaply educate children get what they pay for."
32,9,0.831,5300681,5549298,97,"This school is horrid. Little-to-no supplies or funding, staff leaves yearly, dangerous, and has sub-par education. Every child here deserves better. The staff does nothing to help, and the rules they have are absurd (though they are regularly disregarded by many students; and I wouldn't blame them). Anyone in their right mind wouldn't dare to call LR a good school. The children hate it, the staff hate it, and while it does teach Salish and provide education for Native American culture (two very redeeming qualities), everything else is done poorly. One other world language and that's Spanish."
32,10,0.8299,604478,3869585,127,"This is a terrible high school. The atmosphere is very unwelcoming. Many staff members here are extremely rude and strict. Some teachers give you overwhelming amounts of homework and only one day to do it even though they sometimes don't upgrade the grade book on time when report cards are about to get sent out. I had a Spanish teacher for level 2 Spanish that spoke Spanish 75% of the time in class even though some of us did not understand a lick of it, and we had no daily routine whatsoever. Not to mention there is no shade during lunch, so when it gets really sunny or rains hard there is no where comfortable to sit. I have absolutely nothing good to say about this school."
33,1,0.8867,5301729,1316299,27,Every good review for this school is from a parent in denial or a staff member. This school does not deserve the good reviews it is getting.
33,2,0.876,1205277,5059246,32,This school has gotten much better than some of these disgruntled students/parents giving bad reviews. If your student is motivated and the parents are motivated then this school will be just fine.
33,3,0.8663,2600038,1871366,32,"My review is simply this. This school is a godsend, and the people from the students to the teachers are absolutely wonderful. My daughter, as well as the household, couldn't be happier."
33,4,0.8649,3702820,1196566,52,"Just checking out school reviews. I see this schools reviews are ok not the best. I see a lot of complaints concerning the administration which is really NOT a good thing.I do not have children attend this school , I am merely just checking out the reviews and seeing what needs improvement!"
33,5,0.8505,900334,1565496,32,"This school is a terrible school. Most of the reviews that you see here are written by a teacher, that is why they have for some odd reason the best word choice."
33,6,0.8445,607990,1512816,100,"I don't really know about these negative reviews. This is an excellent school. The principal, teachers, admission director, etc. are great people. My daughter graduated here and got accepted to one of the prestigious University in California. Remember that in order for kids to do great in school that parents should also be involved in educating their kids. In addition, the students that gave poor scores must be doing badly in school, because they are not studying. Parents should take accountability instead of blaming the school. My daughter love this school. I am very satisfied with the quality of education."
33,7,0.8419,802428,2209074,74,I don't know why the bad reviews. The school is on top of bulling and suicide prevention. My children enjoyed going to school and did very well. If you have a child that needs Special Ed they are great they listen and help a lot. My oldest graduated from DCC and they prepared him for college and my two younger kids did very well and will miss DCC for we moved out of state.
33,8,0.8415,1707428,4850103,17,"Great school, great learning environment with excellent teachers. I really dont understand the negative reviews on here."
33,9,0.8414,2500912,1316989,29,"It's funny that most of the negative reviews are also ungrammatical. This suggests, unsurprisingly, that the parents' education level will have some bearing on their perception of this school."
33,10,0.8412,607637,4418578,44,"Do not even consider this school. Read all the negative reviews. They are true! Any positive reviews are made up stories, fake and very generic. These are only made to keep the ratings go up. Very stressful and horrible place with lots of drama."
34,1,0.858,1302422,1301342,142,"My son is a 10th grader at Chapel Hill. He transferred in from another high school. He has taken honors courses, etc and has found the rigor to be appropriate. He's now been recommended for AP courses next year. He got involved in FBLA, NJROTC and the golf team. I'm part of the parent support groups for two of these activities. I believe that is part of his success--parental involvement. I've come to know the teachers and principal and even the Sherriffs to be friendly, concerned and very engaged. We've traveled around the world in the military and can say CHHS is a great school. He's been to private schools too. Only one teacher I've dealt with has seemed indifferent. Over time she even came around. Overall- I think we've made a good choice in sending him to CHHS versus private school."
34,2,0.8467,900897,2059715,235,"I would like to point out that the positive reviews are outdated. I would agree, nine years ago when we settled here with a third grader, we were excited about our child's educational future in this district. As leadership has changed, the budget slashed and many other shortcomings, we have found that SHS caters to the AP shining stars. If your child is an average student or below, you are pegged, the guidance department will not go out of their way to help, guide or encourage them. Phone calls are rarely returned. Our child's guidance counselor actually laughed at him when he told her his post-high school plans. He is now convinced he shouldn't bother applying for scholarships or any ""dream schools."" Our second child opted for one of the many magnet programs in this area and we have been amazed at the other school's environment. All students are valued, if your child even starts to show signs of slipping, there's an email, a phone call, reaching out. Guidance counselors are extremely involved in each child's success - even if they are not college bound. The principal of this other school is their biggest cheerleader. She is at every event (sporting, chorus, drama, etc). The students are thriving. SHS lacks the leadership and quality environment to move forward. Changes need to be made. Our third child will not be attending SHS unless major changes occur."
34,3,0.8328,607115,1112572,177,"I am a parent of a recent graduate who is a good student but struggled at the school. This school is very ""in the box"" if you have a student who doesn't fit the ""I am very disciplined and work very hard mode"" then this is probably not the school for your child. There is not a lot of support or understanding for students that don't fit their mold. Some of the academic classes are taught at AP class level and some classes are taught at college level. This may be a good thing for the upper 5-10% of students but not for the remaining. Previous responses were correct the survey classes are for the behavioral kids. Very disappointed, my youngest will not be attending high school here. The only thing that saved my student was the advocacy teacher-most of the other teachers could have cared less. Forget about the counselors-they are too overworked and not very helpful. This is public school and unless we vote for more taxes to help it will only get worse. :("
34,4,0.8309,3703331,1554749,218,"I have had 3 students at SLHS since 2009. In those 5 years, SLHS has gone through 3 or 4 principals. The last principal was horrible & the current principal is useless. They focus on ridiculous rules (""since fights happen at the end of lunch, we will shave 5 minutes off of everyone's lunch so they won't have time to fight"" - like I said, ridiculous), and football. My 3rd senior has been in gifted classes, and signed up for 4 AP classes for his last year - he only got ONE of them. AP classes and advancement in academics is not promoted. They simply want to push the students through like sheep. My son skipped 2 grades, and only lacked 2 credits for graduation this year. Instead of rewarding such academic achievement, he's in mindless electives instead. The only good thing at this school is the JROTC program. I went to 9 schools growing up - private and public. As a military family, my children (5 of my 7 kids) have gone to a total of 17 schools, and Southern Lee High School is hands down the WORST of the WORST. It's hard for me to even fathom how terrible this school is, and I've had kids there for 5 long years. Something needs to be done!!!"
34,5,0.829,2401426,3229900,171,"Our son was a 2015 graduate. This school prepared him for top notch college acceptances and it's academics can't be beat. Of course, at any school, there are great teachers and not so great teachers. But for the most part his teachers were engaging, caring and provided him with a challenging education. He is a Mechanical Engineering major and had a serious leg up in those classes because of everything he learned in the Pathways to Engineering program. His English classes were good enough to help him max that portion of the SAT and AP tests and allow him to exempt the freshman level English classes at his college. It is a private school, so with it comes the problems of students who feel privileged, and other things that come from kids with money, such as a few drug problems. Our son found a great group of friends who did not get involved with any of that and he had a wonderful four years. Academically I would recommend Spalding to anyone!"
34,6,0.8289,4100117,1165593,169,"Sent four kids to this school. Wish that I had an affordable alternative. Not one came out able to put together a coherent paragraph. Two of them blossomed in college, third may be so lost that he can't be redeemed, and 4th still wasting her time at the high school. All three who are out feel cheated by the experience in light of college experience. Lots of busy work, teaching from texts. Paucity of analytical thinking. Science classes without meaningful labs. Too many teachers with short timers syndrome. Feel sorry for the few teachers trying to make something happen with all the dead wood. Athletics are a disaster, essentially child care with participation awards. Parental involvement is bait and switch. . . appears extensive but mostly platitudes. Town demographics (well educated and affluent) mask student learning deficiencies. Students learn at home how to talk like the man on the 6 o'clock news. But ultimately until they leave for college they don't realize how banal their high school experience was."
34,7,0.8271,1701260,1272177,222,"I certainly hope the new building changes things. While going through the CPS process of getting into one of the top high schools during 8th grade, the whole family picked Jones as their first choice. However, I am a disappointed parent. Whether it is the lack of clubs and sports teams, or the urban setting, Jones is missing is the rah-rah attitude for the school. kids don't hang out. They go to class and leave. My son is a sophmore and there has been minimal ""College Days"", so I am not seeing my son getting prepared for college. The homework load seems to be very light. He has always been an honor roll student throughout grammar school but is getting B's, C's and now D's, and it is not due to the material being too difficult. It is lack of interest and no action by the school. I have engaged the counseling department at Jones but no plan has been put in place to help my son. He has a twin brother who attends a different college prep, who has school loyalty and many, many friends. The number of friends does not determine the quality of the school, but he seems to be having a normal high school experience compared to his brother at Jones. I am disappointed, to say the least."
34,8,0.8256,605465,1232553,203,"I just registered my son as a freshman, and I couldn't be more excited. My daughter graduated in June '12 after 4 years there, and had her pick of several universities, including almost every UC, University of Colorado at Boulder, U of Oregon, U of the Pacific, SFU, and NYU; nearly everywhere she applied. (This after admitting that she 'dogged' sophomore year.) This school helped her get a well-rounded education in a safe environment. Did she love every teacher? No, but show me a high school for which that's not the case, public or private. She never had any problem getting into AP classes (as opposed to EV), and did very well on the AP exams. She took 7 classes for which she received college credit. Today, at registration, I ran into teachers who remembered my daughter and asked about her. I was greeted cheerfully by administration and staff. Students were volunteering, and were poised and helpful. When I had to make a schedule change, it was handled cheerfully and professionally. Even better, lately the parent community has been more involved, and as a result the whole campus seems even more welcoming. Save your money for college tuition. This is a great school."
34,9,0.8182,3600187,1566513,215,"We moved into this district, and after 1 1/2 yrs I m so happy for my children! Everyone is accepting and friendly. Nice small community with spirited involvement in music, sports and clubs. 75 is the passing grade, which sounded intimidating - I was a little worried, but my sons have thrived! Smaller class sizes than we were used to gave them more attention and helped them do much better. My sons are fairly conscientious, independent workers - they stay out of trouble and want to do well, so to be in this positive learning environment (with less clowning/bullying distraction than their old school) is wonderful for them. We have had little problem with fitting in, teasing or anything. B-G has teamed up with a local college & my older son has been taking online college classes during study-hall periods to get early college credit FOR FREE!! B-G also offers some college credit classes taught in school. My son was an average student - now he has blossomed! He's gained such confidence from doing well, so when he does have a bad grade, it doesn't deter him and the extra help offered is great too. I am so proud to be a B-G parent - the extra care and good teaching here is clearly evident!"
34,10,0.8141,1702400,3936038,175,"My two kids recently graduated from HF. Both were accepted to all colleges that they applied to and received financial support from the college of their choice. The school offers strong academics (IB, AP, Project Lead the Way) and recently launched a Fine Arts Academy. They have a newly renovated fieldhouse to support their sports teams and clubs. There are lots of clubs and extracurriculars, making it easy for all students to find their tribe. Teachers and staff are great overall and many live within the community. Also parental support is strong. The high school coordinates their curriculum with the feeder districts and gives students opportunities to earn high school credit in middle school. We are a Caucasian family but it was important for us to live in a diverse neighborhood with a high school that is committed to seeing all of its students succeed. I think my kids are better equipped to compete anywhere in the world because they have flourished in a high school environment where not everyone looked and thought the same."
35,1,0.8759,3900200,5304463,29,This is more than what I see in rating. This is an outstanding school with its fantastic teachers and staff. My kids are enrolled here since three years now.
35,2,0.8551,4802952,1450706,67,This school is currently rated 7 out of 10. Don't we all want the very best for our kiddo's??? FYI 7 out of 10 is NOT the best!!! We moved to a district with a 10 out of 10 rating. Im amazed at the difference!!! My children are thriving now in every way. Not to mention they were beginning to feel like the minoriety in Glen Rose.
35,3,0.854,3300277,4446514,17,My daughter and I loved this school. The rating doesn't do it justice. The teachers are exceptional!
35,4,0.8526,605013,4369322,16,I would give this school an extremely high rating. It’s been amazing for our two kids.
35,5,0.8474,601774,3388838,65,I'm shocked this school has a 10 rating!! I had a horrible experience with one of the English teachers after my son was dumped on with a group project that half the group refused to participate in. and one bullying experience that my son didn't want to go back to school over. The assistant principal didnt even adknowledge it. Not a great school at all!
35,6,0.8471,1300998,1481290,42,"We purchased our home specifically for this school and could not be more disappointed. Much apathy from teachers and administration. My child was much more challenged in her former high school...especially in English. I'm really shocked this school has a ""9"" rating."
35,7,0.846,2102141,2861895,33,"HIgh rating, my children are doing great at this school, one daughter graduated , 2 more to go. Once reason we moved here was the school system. It is not letting us down."
35,8,0.8453,2400411,3387203,15,"This school is a great school, good teachers and student body. This rating is inaccurate"
35,9,0.8443,3701813,1412630,19,"This is a fantastic school. The overall rating does not reflect the actual school, teachers, students and their camaraderie."
35,10,0.8436,1700713,2410732,55,This school has improved so much since I have graduated from here. I'm not sure why they have a rating of 2 but it should be changed to a 4. My daughter goes here now and has had no issues and her grades are great compared to the elementary schools that the kids come from.
36,1,0.853,4700561,5123109,36,"The school is just horrible. It’s the worst school I have ever been to. The school bathrooms are very disgusting, the lunches aren’t even meals, and in 4th lunch, they just get leftovers, not real meals."
36,2,0.8464,3608822,1590854,17,The school is dirty. Bathrooms are gross. Clean it. My daughter complains every day. Everything Is filthy.
36,3,0.8423,4203636,1642072,43,"This school sucks , the punishments are so stupid its ridiculous , some teachers are nice but others are just rude and disrespectful, we can't even use the bathrooms. What if its a emergency? the food is so nasty..just overall this school sucks."
36,4,0.8376,601626,5039746,27,"this school sucks. kids in the bathroom doing drugs, teachers on drugs, the school is dirty and teachers are so unprofessional. such a toxic and negative school"
36,5,0.8372,2400654,1343224,49,"This school sucks , there punishments are so stupid its ridiculous , some teachers are nice but others are just rude and disrespectful, we can't even use the bathrooms in connect , what if its a emergency , the food is so nasty , just overall this school sucks"
36,6,0.8321,1203040,3311258,8,bathrooms are terrible would not use this school
36,7,0.832,2501391,1294362,51,The teachers in the school are friendly and cares about the students. Great sense of security in the school. Classes move at a pace that is right for the level of the class. Only problem is the school bathrooms are usually unclean and a lot of times contain no paper towels.
36,8,0.8277,3600191,3436464,90,"The school is filthy with roaches. theyre dirt poor and make many budget cuts along with fights all the time, and the fights are like a tv show for the security guards because they dont do anything. food is gross and bathrooms are probably only cleaned once a month or something because the garbage overflows in the garbage can. some teachers really care about the school and the students, but others dont care at all. if youre a student who wants a good teacher, all you can do is hope."
36,9,0.8258,4801095,4987322,23,terrible food service. dirty bathrooms. the students are so mean and are super racist but the school has not done anything about it.
36,10,0.818,2100098,2076168,25,"This school is disgusting, the teachers are almost all terrible, the lunch food is horrid, and this is the filthiest institution I've ever been in."
37,1,0.8587,4801334,3244850,73,"I have had two daughters graduate from Creek, and my son currently attends. Creek has a great culture and the teachers are very willing to help students who show they want to try. I think the administration is fair and kind. I know my daughters were well prepared for college and are very successful adults. I credit the Creek family with a great deal of their success. ""Once a Wildcat, Always a Wildcat""!"
37,2,0.8562,3403441,3902717,146,"I'm a graduate of Timber Creek and have 2 younger siblings currently enrolled at the school, both who are in AP classes. My family has had nothing but positive experiences with this school district and is part of the reason why I opted to come back to the area and purchase my first home... Knowing full well the misrepresented public opinion of this high school it is also imperative to take into account the role family and community also play in education, as Timber Creeks falls right in line with sports,academics and technology when compared to many of the other schools within the county..... The student body is diverse and gives a true representation of what America truly looks like. As a parent, I would encourage you to look past some of the reviews and check out TC for yourself, it just may surprise you !"
37,3,0.8469,3702977,1413697,180,"MIDDLE, CREEK is amazing! I have 2 students who really enjoy going to school, both for the academic as well as the extra curricular activities. In addition to the school being a STEM school they also have 2 academy programs, digital media and sustainable energy. They have engaged and dedicated teachers who are very supportive. They have a wide variety of extracurricular and sports activities including but not limited to: Student Government,Theater, Future Service Members of America, Sports Block, video gaming, and the creek crazies! Mr Martin has been principal for a little over a year and although some people have spoken about Mr Martin being different than the past principal we have found him to be nothing but very dedicated to the students as well and does an excellent job. We highly recommend Middle Creek High School and feel it to be truly a blessing to our students! they are creating great lifetime memories on a daily basis! Check out our website or come by during one of our events or shows to see our Mustang pride in action!"
37,4,0.8444,4501688,5142067,30,I am a current sophomore in Fox Creek. This is by far the best school I have ever been to. All of the teachers are excellent at what they do.
37,5,0.8414,1303676,1313530,56,"Mill Creek is a great school academically. However, it suffers greatly within diversity. I also feel like the school only caters to one style of teaching and students that are struggling are falling through the cracks. I hope the following school year will be better. There is way too many students attending Mill Creek High School!"
37,6,0.8378,2600677,1751739,111,The community of bullock creek is outstanding but as far as the school goes it's nothing special. The teachers are more cliquey then the students and believe that they are top notch. The technology in the school is seriously lacking and they do not challenge the students in any way whatsoever. No advanced courses does not allow those students to challenge themselves. Everything is spoon fed to these students and its I wonder many of them struggle outside of high school. These teachers should be preparing these kids for the real world not handing them the information and doing it for them. I would never send my children to this district.
37,7,0.8297,800656,1487804,68,"I've been at Sand Creek for several years now. Although a few of the teachers are amazing, there are a lot of drawbacks to this school. The level at which students are asked to perform is lower than at most schools - the academics need work. Students are not engaged. The administration seems disorganized, detached, and can be rude at times. I would not send my kid here."
37,8,0.8296,1303676,5675963,59,"My son has really thrived at Mill Creek. He has made friends, gotten involved in clubs and sports, and come out of his shell. The teachers he has had are very supportive and approachable. Mill Creek has really prepared him for college and challenged him scholastically. Lots of AP classes to choose from. Very happy with the whole experience."
37,9,0.8246,3403441,1358800,60,"We have had two children graduate from Timber Creek. The school is excellent!!! It's up to the student to take advantage of the opportunity. We raise money for the football team and praise the wonderful teachers!!! Although our children have graduated, we are still involved with the school and teachers. TC is one of the best schools in the area."
37,10,0.8203,800237,2760141,40,"I feel very lucky to have my daughters at this school, they are getting a great education, I think Creek can easily compete with the private schools in the area not only in sports but academically and come on top!"
38,1,0.9247,1205227,1413776,36,The magnet program at this school is top notch. We are very happy that our son is attending this school. The faculty and staff do a great job. The principal is very committed to student success.
38,2,0.9049,1301514,3454299,21,My daughter has been attending this school for 2 years now and we love it. They have a fantastic magnet program.
38,3,0.8815,1301002,2129635,73,I have a rising Junior at North Springs high school. We transferred from a private school that my son attended through eight grade. Our experience with North Springs has been positive. I am most impressed with the amazing relationships between this diverse group. This is such an important life lesson for our children. The magnet programs are outstanding and offer so many options for your student to build on their strengths and interests.
38,4,0.88,1302485,2997887,52,"While the magnet program has been very challenging, my son has still had a great overall high school experience. He has been part of service projects, academic clubs, fine arts, and sports. As a senior, I feel like this school helped him be well-rounded and prepared for the next phase in life."
38,5,0.8716,1301002,2269458,95,"My daughter graduated in 2016. She was in a highly rated private school and switched because she wanted ""bigger"" and said the classes were harder at North Springs. They have so many more AP classes than most schools and several levels of a diploma for the magnet program that every child can be as challenged as their gifts allow. She played on multiple teams and got to know the administration and coaches and was very grateful for her experience. She's now in college on a scholarship and felt very prepared. This magnet school is underappreciated!"
38,6,0.8632,1300498,1578917,66,I am glad that my son is doing and enjoying his Freshman year at NCHS in the magnet program. The course is rigorous and the teacher care about their students. He has adapted very well by joining clubs and taking pride in his school. North Cobb is an excellent school with responsible teachers and good leadership under Dr. Page. I would definitely recommend this Magnet program.
38,7,0.8578,602148,986676,105,"I do not like this school. I am in the Magnet program and my parents and I are VERY unimpressed by it. the magnet program had good teachers however. As far as the overall school, I don't think it's that great. The school is dirty. There are a lot of teachers that have issues with respecting the students. The Performing Arts Magnet program was actually in danger of being taken away due to low test scores. The school would really be nothing without the magnet. This was my first year attending this school, and I will not be going there next year as a senior."
38,8,0.8471,101096,1174099,96,"My daughter enrolled in BTW after having spent her years from K4-8th grades at St. James, a private school in Montgomery. Enrolling her in BTW was one of the best decisions that we ever made! Because BTW has numerous ""magnets"" every student has a specialty. Every student is feels special. My daughter was in the creative writing magnet and Foster Dickson, the teacher of this magnet is one of the best teachers there. Please know that just because BTW is an ""arts"" magnet, students with a ""performance"" talent can still find a home and thrive there."
38,9,0.847,602001,1534033,47,"The magnet program is academically strong and the teachers in the program are very good. The school administration, however, is extremely unresponsive. If and when you can get through to someone, they will be rude and dishonest. Don't believe anything they tell you about non-magnet class availability."
38,10,0.8411,4701044,1168456,100,"My daughter is a 7th grader at East, this is her first year here. We were so excited for her to get the opportunity to attend a magnet school. Unfortunately this school has been a disappointment. Academically she is doing the same type of work as all the other public schools, she is very bored. The school has very little parent involvement and the teachers dont seem to be to concerned with what the children are doing or learning. The school is very ghetto, by far more than the school she is zoned for. This will our last year here."
39,1,0.8774,3702873,1517939,73,"WHS is a fantastic school. I find staff and students top flight. I have had one child go through WHS and is now in college( made Deans list first year) I have another child that is rising Sr and my third child is rising Soph. This school is very committed to developing children in all areas. If you are unhappy with this school, you should remember you get as good as you give!"
39,2,0.8665,3400460,1509990,54,I have one daughter who just graduated from HHS and one that is going to be a sophomore. This is a great school where all staff care a lot about the students. I am a very educated person who cares about getting a good education for my kids and HHS is a excellent school
39,3,0.8636,1207692,1538653,53,"I have already graduated one student from HHS, just started my second daughter's freshman year, and my son will start right behind her. Hagerty is an excellent school. Teachers and students are held to a high standard, and the academic challenges are endless. I am thrilled my children are able to attend HHS."
39,4,0.8573,3901065,4566081,13,I have had 2 children graduate from HHS. It is a good school.
39,5,0.8557,4806928,2840451,38,My son is very happy at WHS and enjoys school every day. He finds his courses challenging and that his lessons are engaging. I appreciate all that WHS does to make this campus a great place for students!
39,6,0.8535,3400460,1422411,84,"I have been a student at HHS for the last 3 years and have loved it. The key to the school is to get involved and put effort into your work. The course selection is excellent and teachers really care about their students. HHS is a very unique place full of diversity and opportunity. Having taken all honors classes, I truly feel ready to apply to college and feel confident in my studies. I feel lucky to go to HHS and so should others"
39,7,0.8463,603840,4675195,57,I have 3 kids currently attending WHS and their experience have been very positive. They are involved in sports and various school activities which makes their experience a positive one. They are also taking AP and Honor courses. The school admin and teachers are very supportive. I see the school to be balanced with academics and sports/arts.
39,8,0.8417,4803326,992827,42,"I am a recent graduate from HHS. In my opinion, it was an excellent school to graduate from. The staff was genuinely interested in the success of students and helping students achieve their college dreams. I really enjoyed being a student there."
39,9,0.8409,601458,1296816,83,"HHS is a very good school, My three dauthers went to Highland High My oldest dauther gratuated in 2004 she has a BA in English Lit. and she is a Safety Reporter, my second dauther gratuated on 2008 and is currently in the University for Computer Ingeniere and my last one will graduate 2013 as a valetdectorian with 4.0. It all depends on the student effort and dedication I think the school is very diverse and little bully. Teachers are amazing and strict."
39,10,0.8364,5102675,2274032,22,"I love everything about HHS! It's a great school, great kids and great faculty. And it's only going to continue getting better!"
