Parent_ID,Parent_Name,Topics,Child_Left_ID,Child_Left_Name,Child_Right_ID,Child_Right_Name,Distance
1902,children_school_great_love_students,"[0, 1, 2, 3, 4, 5, 6, 7, 8, 9, 10, 11, 12, 13, 14, 15, 16, 17, 18, 19, 20, 21, 22, 23, 24, 25, 26, 27, 28, 29, 30, 31, 32, 33, 34, 35, 36, 37, 38, 39, 40, 41, 42, 43, 44, 45, 46, 47, 48, 49, 50, 51, 52, 53, 54, 55, 56, 57, 58, 59, 60, 61, 62, 63, 64, 65, 66, 67, 68, 69, 70, 71, 72, 73, 74, 75, 76, 77, 78, 79, 80, 81, 82, 83, 84, 85, 86, 87, 88, 89, 90, 91, 92, 93, 94, 95, 96, 97, 98, 99, 100, 101, 102, 103, 104, 105, 106, 107, 108, 109, 110, 111, 112, 113, 114, 115, 116, 117, 118, 119, 120, 121, 122, 123, 124, 125, 126, 127, 128, 129, 130, 131, 132, 133, 134, 135, 136, 137, 138, 139, 140, 141, 142, 143, 144, 145, 146, 147, 148, 149, 150, 151, 152, 153, 154, 155, 156, 157, 158, 159, 160, 161, 162, 163, 164, 165, 166, 167, 168, 169, 170, 171, 172, 173, 174, 175, 176, 177, 178, 179, 180, 181, 182, 183, 184, 185, 186, 187, 188, 189, 190, 191, 192, 193, 194, 195, 196, 197, 198, 199, 200, 201, 202, 203, 204, 205, 206, 207, 208, 209, 210, 211, 212, 213, 214, 215, 216, 217, 218, 219, 220, 221, 222, 223, 224, 225, 226, 227, 228, 229, 230, 231, 232, 233, 234, 235, 236, 237, 238, 239, 240, 241, 242, 243, 244, 245, 246, 247, 248, 249, 250, 251, 252, 253, 254, 255, 256, 257, 258, 259, 260, 261, 262, 263, 264, 265, 266, 267, 268, 269, 270, 271, 272, 273, 274, 275, 276, 277, 278, 279, 280, 281, 282, 283, 284, 285, 286, 287, 288, 289, 290, 291, 292, 293, 294, 295, 296, 297, 298, 299, 300, 301, 302, 303, 304, 305, 306, 307, 308, 309, 310, 311, 312, 313, 314, 315, 316, 317, 318, 319, 320, 321, 322, 323, 324, 325, 326, 327, 328, 329, 330, 331, 332, 333, 334, 335, 336, 337, 338, 339, 340, 341, 342, 343, 344, 345, 346, 347, 348, 349, 350, 351, 352, 353, 354, 355, 356, 357, 358, 359, 360, 361, 362, 363, 364, 365, 366, 367, 368, 369, 370, 371, 372, 373, 374, 375, 376, 377, 378, 379, 380, 381, 382, 383, 384, 385, 386, 387, 388, 389, 390, 391, 392, 393, 394, 395, 396, 397, 398, 399, 400, 401, 402, 403, 404, 405, 406, 407, 408, 409, 410, 411, 412, 413, 414, 415, 416, 417, 418, 419, 420, 421, 422, 423, 424, 425, 426, 427, 428, 429, 430, 431, 432, 433, 434, 435, 436, 437, 438, 439, 440, 441, 442, 443, 444, 445, 446, 447, 448, 449, 450, 451, 452, 453, 454, 455, 456, 457, 458, 459, 460, 461, 462, 463, 464, 465, 466, 467, 468, 469, 470, 471, 472, 473, 474, 475, 476, 477, 478, 479, 480, 481, 482, 483, 484, 485, 486, 487, 488, 489, 490, 491, 492, 493, 494, 495, 496, 497, 498, 499, 500, 501, 502, 503, 504, 505, 506, 507, 508, 509, 510, 511, 512, 513, 514, 515, 516, 517, 518, 519, 520, 521, 522, 523, 524, 525, 526, 527, 528, 529, 530, 531, 532, 533, 534, 535, 536, 537, 538, 539, 540, 541, 542, 543, 544, 545, 546, 547, 548, 549, 550, 551, 552, 553, 554, 555, 556, 557, 558, 559, 560, 561, 562, 563, 564, 565, 566, 567, 568, 569, 570, 571, 572, 573, 574, 575, 576, 577, 578, 579, 580, 581, 582, 583, 584, 585, 586, 587, 588, 589, 590, 591, 592, 593, 594, 595, 596, 597, 598, 599, 600, 601, 602, 603, 604, 605, 606, 607, 608, 609, 610, 611, 612, 613, 614, 615, 616, 617, 618, 619, 620, 621, 622, 623, 624, 625, 626, 627, 628, 629, 630, 631, 632, 633, 634, 635, 636, 637, 638, 639, 640, 641, 642, 643, 644, 645, 646, 647, 648, 649, 650, 651, 652, 653, 654, 655, 656, 657, 658, 659, 660, 661, 662, 663, 664, 665, 666, 667, 668, 669, 670, 671, 672, 673, 674, 675, 676, 677, 678, 679, 680, 681, 682, 683, 684, 685, 686, 687, 688, 689, 690, 691, 692, 693, 694, 695, 696, 697, 698, 699, 700, 701, 702, 703, 704, 705, 706, 707, 708, 709, 710, 711, 712, 713, 714, 715, 716, 717, 718, 719, 720, 721, 722, 723, 724, 725, 726, 727, 728, 729, 730, 731, 732, 733, 734, 735, 736, 737, 738, 739, 740, 741, 742, 743, 744, 745, 746, 747, 748, 749, 750, 751, 752, 753, 754, 755, 756, 757, 758, 759, 760, 761, 762, 763, 764, 765, 766, 767, 768, 769, 770, 771, 772, 773, 774, 775, 776, 777, 778, 779, 780, 781, 782, 783, 784, 785, 786, 787, 788, 789, 790, 791, 792, 793, 794, 795, 796, 797, 798, 799, 800, 801, 802, 803, 804, 805, 806, 807, 808, 809, 810, 811, 812, 813, 814, 815, 816, 817, 818, 819, 820, 821, 822, 823, 824, 825, 826, 827, 828, 829, 830, 831, 832, 833, 834, 835, 836, 837, 838, 839, 840, 841, 842, 843, 844, 845, 846, 847, 848, 849, 850, 851, 852, 853, 854, 855, 856, 857, 858, 859, 860, 861, 862, 863, 864, 865, 866, 867, 868, 869, 870, 871, 872, 873, 874, 875, 876, 877, 878, 879, 880, 881, 882, 883, 884, 885, 886, 887, 888, 889, 890, 891, 892, 893, 894, 895, 896, 897, 898, 899, 900, 901, 902, 903, 904, 905, 906, 907, 908, 909, 910, 911, 912, 913, 914, 915, 916, 917, 918, 919, 920, 921, 922, 923, 924, 925, 926, 927, 928, 929, 930, 931, 932, 933, 934, 935, 936, 937, 938, 939, 940, 941, 942, 943, 944, 945, 946, 947, 948, 949, 950, 951]",1900,la_que_escuela_en_los,1901,children_school_great_love_students,0.9999120520216215
1901,children_school_great_love_students,"[0, 1, 2, 3, 4, 5, 6, 7, 8, 9, 10, 11, 12, 13, 14, 15, 16, 17, 18, 19, 20, 21, 22, 23, 24, 25, 26, 27, 28, 29, 30, 31, 32, 34, 35, 36, 37, 38, 39, 40, 41, 42, 43, 44, 45, 46, 47, 48, 49, 50, 51, 52, 53, 54, 55, 56, 57, 58, 59, 60, 61, 62, 63, 64, 65, 66, 67, 68, 69, 70, 71, 72, 73, 74, 75, 76, 77, 78, 79, 80, 81, 82, 83, 84, 85, 86, 87, 88, 89, 90, 91, 92, 93, 94, 95, 96, 97, 98, 99, 100, 101, 102, 103, 104, 105, 106, 107, 108, 109, 110, 111, 112, 113, 114, 115, 116, 117, 118, 119, 120, 121, 122, 123, 124, 125, 126, 127, 128, 129, 130, 131, 132, 133, 134, 136, 137, 138, 139, 140, 141, 142, 143, 144, 145, 146, 147, 148, 149, 150, 151, 152, 153, 154, 155, 156, 157, 158, 159, 160, 161, 162, 163, 164, 165, 166, 167, 168, 169, 170, 171, 172, 173, 174, 175, 176, 177, 178, 179, 180, 181, 182, 183, 184, 185, 186, 187, 188, 189, 190, 191, 192, 193, 194, 195, 196, 197, 198, 199, 200, 201, 202, 203, 204, 205, 206, 207, 208, 209, 210, 211, 212, 213, 214, 216, 217, 218, 219, 220, 221, 222, 223, 224, 225, 226, 227, 228, 229, 230, 231, 232, 233, 234, 235, 236, 237, 238, 239, 240, 241, 242, 243, 244, 245, 246, 247, 248, 249, 250, 251, 252, 253, 254, 255, 256, 257, 258, 259, 260, 261, 262, 263, 264, 265, 266, 267, 268, 269, 270, 271, 272, 273, 274, 275, 276, 277, 278, 279, 280, 281, 282, 283, 284, 285, 286, 287, 288, 289, 290, 291, 292, 293, 294, 295, 296, 297, 298, 299, 300, 301, 302, 303, 304, 305, 306, 307, 308, 309, 310, 311, 312, 313, 314, 315, 316, 317, 318, 319, 320, 321, 322, 323, 324, 325, 326, 327, 328, 329, 330, 331, 332, 333, 334, 335, 336, 337, 338, 339, 340, 341, 342, 343, 344, 345, 346, 347, 348, 349, 350, 351, 352, 353, 354, 355, 356, 357, 358, 359, 360, 361, 362, 363, 364, 365, 366, 367, 368, 369, 370, 371, 372, 373, 374, 375, 376, 377, 378, 379, 380, 381, 382, 383, 384, 385, 386, 387, 388, 389, 390, 391, 392, 393, 394, 395, 396, 397, 398, 399, 400, 401, 402, 403, 404, 405, 406, 407, 408, 409, 410, 411, 412, 413, 414, 415, 416, 417, 418, 419, 420, 421, 422, 423, 424, 425, 426, 427, 428, 429, 430, 431, 432, 433, 434, 435, 436, 437, 438, 439, 440, 441, 442, 443, 444, 445, 446, 447, 448, 449, 450, 451, 452, 453, 454, 455, 456, 457, 458, 459, 460, 461, 462, 463, 464, 465, 466, 467, 468, 469, 470, 471, 472, 473, 474, 475, 476, 477, 478, 479, 480, 481, 482, 483, 484, 485, 486, 487, 488, 489, 490, 491, 492, 493, 494, 495, 496, 497, 498, 499, 500, 501, 502, 503, 504, 505, 506, 507, 508, 509, 510, 511, 512, 513, 514, 515, 516, 517, 518, 519, 520, 521, 522, 523, 524, 525, 526, 527, 528, 529, 530, 531, 532, 533, 534, 535, 536, 537, 538, 539, 540, 541, 542, 543, 544, 546, 547, 548, 549, 550, 551, 552, 553, 554, 555, 556, 557, 558, 559, 560, 561, 562, 563, 564, 565, 566, 567, 568, 569, 570, 571, 572, 573, 574, 575, 576, 577, 578, 579, 580, 581, 582, 583, 584, 585, 586, 587, 588, 589, 590, 591, 592, 593, 594, 595, 596, 597, 598, 599, 600, 601, 602, 603, 604, 605, 606, 607, 608, 609, 610, 611, 612, 613, 614, 615, 616, 617, 618, 619, 620, 621, 622, 623, 624, 625, 626, 627, 628, 629, 630, 631, 632, 633, 634, 635, 636, 637, 638, 639, 640, 641, 642, 643, 644, 645, 646, 647, 648, 649, 650, 651, 652, 653, 654, 655, 656, 657, 658, 659, 660, 661, 662, 663, 664, 665, 666, 667, 668, 669, 670, 671, 672, 673, 674, 675, 676, 677, 678, 679, 680, 681, 682, 683, 684, 685, 686, 687, 688, 689, 690, 691, 692, 693, 694, 695, 696, 697, 698, 699, 700, 701, 702, 703, 704, 705, 706, 707, 708, 709, 710, 711, 712, 713, 714, 715, 716, 717, 718, 719, 720, 721, 722, 723, 724, 725, 726, 727, 728, 730, 731, 732, 733, 734, 735, 736, 737, 738, 739, 740, 741, 742, 743, 744, 745, 746, 747, 748, 749, 750, 751, 752, 753, 754, 755, 756, 757, 758, 759, 760, 761, 762, 763, 764, 765, 766, 767, 768, 769, 770, 771, 772, 773, 774, 775, 776, 777, 778, 779, 780, 781, 782, 783, 784, 785, 786, 787, 788, 789, 790, 791, 792, 793, 794, 795, 796, 797, 798, 799, 800, 801, 802, 803, 804, 805, 806, 807, 808, 809, 810, 811, 812, 813, 814, 815, 816, 817, 818, 819, 820, 821, 822, 823, 824, 825, 826, 827, 828, 829, 830, 831, 832, 833, 834, 835, 836, 837, 838, 839, 840, 841, 842, 843, 844, 845, 846, 847, 848, 849, 850, 851, 852, 853, 854, 855, 856, 857, 858, 859, 860, 861, 862, 863, 864, 865, 866, 867, 868, 869, 870, 871, 872, 873, 874, 875, 876, 877, 878, 879, 880, 881, 882, 883, 884, 885, 886, 887, 888, 889, 890, 891, 892, 893, 894, 895, 896, 897, 898, 899, 900, 901, 902, 903, 904, 905, 906, 907, 908, 909, 910, 911, 912, 913, 914, 915, 916, 917, 918, 919, 920, 921, 922, 923, 924, 925, 926, 927, 928, 929, 930, 931, 932, 933, 934, 935, 936, 937, 938, 939, 940, 941, 942, 943, 944, 945, 946, 947, 948, 949, 950, 951]",1898,st_trinity_mary_st mary_holy,1899,school_great_montessori_children_teachers,0.999163281749441
1900,la_que_escuela_en_los,"[33, 135, 215, 545, 729]",215,yes yes_ok ok_quandale dingle_quandale_dingle quandale,1225,la_que_escuela_en_los,0.9991050511513618
1899,school_great_montessori_children_teachers,"[0, 1, 2, 3, 4, 5, 6, 7, 8, 9, 10, 11, 12, 13, 14, 15, 16, 17, 18, 19, 20, 21, 22, 23, 24, 25, 26, 27, 28, 29, 30, 31, 32, 34, 35, 36, 37, 38, 39, 40, 42, 43, 44, 46, 47, 48, 49, 50, 51, 52, 53, 55, 56, 57, 58, 59, 60, 61, 62, 63, 65, 66, 67, 69, 70, 71, 72, 73, 74, 75, 76, 78, 79, 80, 81, 83, 84, 85, 86, 87, 88, 89, 91, 92, 93, 94, 95, 96, 97, 98, 99, 100, 101, 102, 103, 104, 105, 106, 107, 108, 110, 111, 112, 113, 114, 115, 116, 117, 118, 119, 120, 121, 122, 123, 124, 126, 127, 128, 129, 130, 131, 132, 133, 134, 136, 138, 139, 140, 141, 142, 143, 145, 146, 147, 148, 149, 150, 151, 153, 155, 157, 158, 159, 160, 161, 162, 163, 164, 165, 166, 167, 168, 169, 170, 171, 172, 173, 174, 175, 176, 177, 178, 179, 180, 181, 182, 183, 184, 185, 186, 187, 188, 189, 190, 192, 193, 194, 195, 196, 197, 198, 199, 200, 202, 205, 206, 207, 208, 209, 210, 211, 212, 213, 216, 217, 218, 219, 220, 221, 222, 223, 224, 226, 227, 228, 229, 230, 231, 232, 234, 235, 236, 237, 238, 239, 240, 241, 242, 243, 244, 245, 246, 247, 248, 249, 250, 251, 252, 253, 254, 255, 256, 257, 258, 259, 260, 261, 262, 263, 264, 265, 266, 269, 270, 273, 274, 275, 277, 278, 279, 280, 281, 282, 284, 285, 287, 289, 290, 292, 293, 294, 295, 296, 300, 301, 302, 303, 304, 305, 306, 307, 308, 310, 311, 312, 313, 314, 315, 317, 319, 320, 321, 323, 324, 325, 326, 327, 329, 331, 332, 333, 334, 335, 337, 338, 339, 340, 341, 342, 343, 344, 345, 346, 348, 349, 350, 351, 352, 353, 354, 355, 356, 357, 358, 359, 362, 363, 365, 366, 367, 368, 370, 371, 372, 373, 374, 375, 376, 377, 378, 379, 380, 381, 382, 383, 384, 385, 386, 387, 388, 390, 391, 392, 393, 394, 395, 397, 398, 399, 400, 401, 402, 403, 404, 405, 406, 407, 408, 409, 410, 411, 412, 414, 415, 417, 418, 419, 421, 422, 423, 424, 427, 428, 429, 430, 432, 433, 434, 435, 436, 437, 438, 439, 440, 442, 443, 445, 446, 448, 449, 450, 451, 452, 454, 455, 456, 458, 459, 461, 462, 463, 466, 467, 468, 469, 470, 471, 473, 474, 475, 476, 477, 479, 480, 481, 482, 483, 485, 487, 488, 489, 490, 491, 492, 493, 494, 495, 496, 497, 499, 500, 501, 502, 503, 504, 505, 508, 509, 510, 511, 512, 513, 514, 515, 516, 517, 518, 519, 521, 523, 524, 525, 526, 527, 528, 529, 531, 532, 534, 535, 536, 537, 538, 539, 540, 541, 542, 543, 546, 547, 548, 549, 550, 551, 552, 553, 554, 555, 556, 557, 558, 559, 560, 561, 562, 564, 565, 566, 569, 570, 571, 572, 573, 574, 575, 576, 580, 581, 582, 583, 586, 587, 588, 589, 590, 592, 593, 594, 595, 596, 597, 598, 599, 600, 601, 602, 603, 604, 606, 607, 608, 612, 614, 615, 616, 617, 618, 620, 621, 623, 624, 625, 626, 627, 629, 630, 631, 632, 634, 635, 636, 637, 639, 640, 641, 642, 643, 644, 645, 647, 648, 649, 650, 651, 652, 653, 654, 656, 658, 659, 660, 661, 662, 663, 665, 666, 667, 668, 669, 670, 672, 673, 674, 676, 677, 678, 680, 681, 682, 683, 684, 685, 686, 687, 688, 689, 690, 693, 694, 695, 696, 697, 698, 700, 701, 702, 704, 706, 707, 708, 710, 711, 712, 713, 714, 716, 717, 719, 720, 721, 722, 724, 725, 726, 728, 730, 731, 732, 733, 734, 735, 736, 737, 739, 740, 741, 742, 743, 744, 745, 747, 748, 749, 751, 752, 753, 754, 755, 756, 757, 758, 759, 760, 762, 763, 764, 765, 766, 767, 768, 769, 770, 771, 772, 773, 774, 775, 776, 777, 778, 779, 780, 782, 783, 784, 785, 788, 789, 790, 791, 792, 793, 794, 795, 796, 797, 798, 799, 800, 801, 802, 803, 804, 805, 808, 809, 810, 811, 812, 813, 815, 816, 817, 818, 819, 820, 822, 823, 824, 825, 826, 827, 828, 829, 830, 831, 832, 833, 834, 835, 836, 838, 839, 840, 841, 842, 843, 846, 847, 848, 850, 851, 852, 853, 854, 855, 856, 857, 858, 859, 860, 861, 862, 863, 864, 865, 866, 867, 868, 869, 870, 871, 872, 873, 874, 876, 877, 878, 880, 881, 882, 884, 885, 886, 887, 888, 890, 891, 892, 893, 894, 895, 896, 897, 898, 899, 900, 901, 902, 903, 904, 905, 906, 907, 908, 909, 910, 912, 913, 915, 916, 917, 918, 920, 921, 922, 924, 925, 926, 927, 928, 929, 930, 931, 933, 934, 935, 936, 937, 938, 940, 941, 942, 943, 944, 945, 947, 948, 949, 950, 951]",1897,school_great_montessori_children_teachers,1864,powell_maclay_drew freeman_freeman_drew,0.9986789892214364
1898,st_trinity_mary_st mary_holy,"[41, 45, 54, 64, 68, 77, 82, 90, 109, 125, 137, 144, 152, 154, 156, 191, 201, 203, 204, 214, 225, 233, 267, 268, 271, 272, 276, 283, 286, 288, 291, 297, 298, 299, 309, 316, 318, 322, 328, 330, 336, 347, 360, 361, 364, 369, 389, 396, 413, 416, 420, 425, 426, 431, 441, 444, 447, 453, 457, 460, 464, 465, 472, 478, 484, 486, 498, 506, 507, 520, 522, 530, 533, 544, 563, 567, 568, 577, 578, 579, 584, 585, 591, 605, 609, 610, 611, 613, 619, 622, 628, 633, 638, 646, 655, 657, 664, 671, 675, 679, 691, 692, 699, 703, 705, 709, 715, 718, 723, 727, 738, 746, 750, 761, 781, 786, 787, 806, 807, 814, 821, 837, 844, 845, 849, 875, 879, 883, 889, 911, 914, 919, 923, 932, 939, 946]",974,gates_ob_ob gates_gates great_love gates,1896,st_trinity_mary_st mary_holy,0.9981704093520067
1897,school_great_montessori_children_teachers,"[0, 1, 2, 3, 4, 5, 6, 7, 8, 9, 10, 11, 12, 13, 14, 15, 16, 17, 18, 19, 20, 21, 22, 23, 24, 25, 26, 27, 28, 29, 30, 31, 32, 34, 35, 36, 37, 38, 39, 40, 42, 43, 44, 46, 47, 48, 49, 50, 51, 52, 53, 55, 56, 57, 58, 59, 60, 61, 62, 63, 65, 66, 67, 69, 70, 71, 72, 73, 74, 75, 76, 78, 79, 80, 81, 83, 84, 85, 86, 87, 88, 89, 91, 92, 93, 94, 95, 96, 97, 98, 99, 100, 101, 102, 103, 104, 105, 106, 107, 108, 110, 111, 112, 113, 114, 115, 116, 117, 118, 119, 120, 121, 122, 123, 124, 126, 127, 128, 129, 130, 131, 132, 133, 134, 136, 138, 139, 140, 141, 142, 143, 145, 146, 147, 148, 149, 150, 151, 153, 155, 157, 158, 159, 160, 161, 162, 163, 164, 165, 166, 167, 168, 169, 170, 171, 172, 173, 174, 175, 176, 177, 178, 179, 180, 181, 182, 183, 184, 185, 186, 187, 188, 189, 190, 192, 193, 194, 195, 196, 197, 198, 199, 200, 202, 205, 206, 207, 208, 209, 210, 211, 212, 213, 216, 217, 218, 219, 220, 221, 222, 223, 224, 226, 227, 228, 229, 230, 231, 232, 234, 235, 236, 237, 238, 239, 240, 241, 242, 243, 244, 245, 246, 247, 248, 249, 250, 251, 252, 253, 254, 255, 256, 257, 258, 259, 260, 261, 262, 263, 264, 265, 266, 269, 270, 273, 274, 275, 277, 278, 279, 280, 281, 282, 284, 285, 287, 289, 290, 292, 293, 294, 295, 296, 300, 301, 302, 303, 304, 305, 306, 307, 308, 310, 311, 312, 313, 314, 315, 317, 319, 320, 321, 323, 324, 325, 326, 327, 329, 331, 332, 333, 334, 335, 337, 338, 339, 340, 341, 342, 343, 344, 345, 346, 348, 349, 350, 351, 352, 353, 354, 355, 356, 357, 358, 359, 362, 363, 365, 366, 367, 368, 370, 371, 372, 373, 374, 375, 376, 377, 378, 379, 380, 381, 382, 383, 384, 385, 386, 387, 388, 390, 391, 392, 393, 394, 395, 397, 398, 399, 400, 401, 402, 403, 404, 405, 406, 407, 408, 409, 410, 411, 412, 414, 415, 417, 418, 419, 421, 422, 423, 424, 427, 428, 429, 430, 432, 433, 434, 435, 436, 437, 438, 439, 440, 442, 443, 445, 446, 448, 449, 450, 451, 452, 454, 455, 456, 458, 459, 461, 462, 463, 466, 467, 468, 469, 470, 471, 473, 474, 475, 476, 477, 479, 480, 481, 482, 483, 485, 487, 488, 489, 490, 491, 492, 493, 494, 495, 496, 497, 499, 500, 501, 502, 503, 504, 505, 508, 509, 510, 511, 512, 513, 514, 515, 516, 517, 518, 519, 521, 523, 524, 525, 526, 527, 528, 529, 531, 532, 534, 535, 536, 537, 538, 539, 540, 541, 542, 543, 546, 547, 548, 549, 550, 551, 552, 553, 554, 555, 556, 557, 558, 559, 560, 561, 562, 564, 565, 566, 569, 570, 571, 572, 573, 574, 575, 576, 580, 581, 582, 583, 586, 587, 588, 589, 590, 592, 593, 594, 595, 596, 597, 598, 599, 600, 601, 602, 603, 604, 606, 607, 608, 612, 614, 615, 616, 617, 618, 620, 621, 623, 624, 625, 626, 627, 629, 630, 631, 632, 634, 635, 636, 637, 639, 640, 641, 642, 643, 644, 645, 647, 648, 649, 650, 651, 652, 653, 654, 656, 658, 659, 660, 661, 662, 663, 665, 666, 667, 668, 669, 670, 672, 673, 674, 676, 677, 678, 680, 681, 682, 683, 684, 685, 686, 687, 688, 689, 690, 693, 694, 695, 696, 697, 698, 700, 701, 702, 704, 706, 707, 708, 710, 711, 712, 713, 714, 716, 717, 719, 720, 721, 722, 724, 725, 726, 728, 730, 731, 732, 733, 734, 735, 736, 737, 739, 740, 741, 742, 743, 744, 745, 747, 748, 749, 751, 752, 753, 754, 755, 756, 757, 758, 759, 760, 762, 763, 765, 766, 767, 768, 769, 770, 771, 772, 773, 774, 775, 776, 777, 778, 779, 780, 782, 783, 784, 785, 788, 789, 790, 791, 792, 793, 794, 795, 796, 797, 798, 799, 800, 801, 802, 803, 804, 805, 808, 809, 810, 811, 812, 813, 815, 816, 817, 818, 819, 820, 822, 823, 824, 825, 827, 828, 829, 830, 831, 832, 833, 834, 835, 836, 838, 839, 840, 841, 842, 843, 846, 847, 848, 850, 851, 852, 853, 854, 855, 856, 857, 858, 859, 860, 861, 862, 863, 864, 865, 866, 867, 868, 869, 870, 871, 872, 873, 874, 876, 877, 878, 880, 881, 882, 884, 885, 886, 887, 888, 890, 891, 892, 893, 894, 895, 896, 897, 898, 899, 900, 901, 902, 903, 904, 905, 906, 907, 908, 909, 910, 912, 913, 915, 916, 917, 918, 920, 921, 922, 924, 925, 926, 927, 928, 929, 930, 931, 933, 934, 935, 936, 937, 938, 940, 941, 942, 944, 945, 947, 948, 949, 950, 951]",1893,worst_worst school_horrible_stars_terrible,1895,great_school_montessori_children_program,0.9977887060818048
1896,st_trinity_mary_st mary_holy,"[41, 45, 54, 64, 68, 77, 82, 90, 109, 125, 137, 144, 152, 154, 156, 191, 201, 203, 204, 214, 225, 233, 267, 268, 271, 272, 276, 283, 286, 288, 291, 297, 298, 299, 309, 316, 318, 322, 328, 330, 336, 347, 360, 361, 364, 369, 389, 413, 416, 420, 425, 426, 431, 441, 444, 447, 453, 457, 460, 464, 465, 472, 478, 484, 486, 498, 506, 507, 520, 522, 530, 533, 544, 563, 567, 568, 577, 578, 579, 584, 585, 591, 605, 609, 610, 611, 613, 619, 622, 628, 633, 638, 646, 655, 657, 664, 671, 675, 679, 691, 692, 699, 703, 705, 709, 715, 718, 723, 727, 738, 746, 750, 761, 781, 786, 787, 806, 807, 814, 821, 837, 844, 849, 875, 879, 883, 889, 911, 914, 919, 923, 932, 939, 946]",1894,st_trinity_mary_st mary_holy,1775,einstein_albert_st albert_albert great_einstein academy,0.9968100524786841
1895,great_school_montessori_children_program,"[0, 1, 2, 3, 4, 5, 6, 7, 9, 10, 11, 12, 13, 14, 15, 16, 17, 18, 19, 20, 21, 22, 23, 24, 25, 26, 27, 28, 29, 30, 31, 32, 34, 35, 36, 37, 39, 40, 42, 43, 44, 46, 47, 48, 49, 50, 53, 57, 58, 59, 60, 61, 62, 63, 65, 66, 67, 69, 70, 71, 72, 73, 74, 75, 76, 78, 79, 80, 81, 83, 84, 85, 86, 87, 88, 89, 91, 92, 93, 94, 95, 96, 97, 99, 100, 101, 102, 103, 104, 105, 106, 107, 108, 110, 111, 112, 113, 114, 115, 116, 117, 119, 120, 121, 122, 123, 124, 126, 127, 128, 129, 130, 131, 132, 133, 134, 136, 138, 139, 140, 141, 142, 143, 145, 146, 147, 148, 149, 150, 151, 153, 155, 157, 158, 159, 160, 161, 162, 163, 164, 165, 168, 170, 171, 172, 173, 174, 175, 176, 177, 178, 179, 180, 181, 182, 183, 184, 186, 187, 188, 189, 190, 192, 193, 194, 195, 196, 197, 198, 199, 200, 202, 205, 206, 207, 208, 209, 210, 211, 212, 213, 216, 217, 218, 219, 220, 221, 222, 223, 224, 226, 227, 228, 229, 230, 231, 232, 234, 235, 236, 237, 238, 239, 240, 243, 244, 245, 246, 247, 248, 249, 250, 251, 252, 253, 254, 255, 256, 257, 258, 259, 260, 261, 262, 263, 264, 265, 266, 269, 270, 273, 274, 275, 277, 278, 279, 280, 281, 282, 284, 285, 289, 290, 292, 293, 294, 295, 296, 300, 301, 302, 303, 304, 305, 306, 307, 308, 310, 311, 312, 313, 314, 315, 317, 319, 320, 321, 323, 324, 325, 326, 327, 329, 331, 332, 333, 334, 337, 338, 339, 340, 342, 344, 345, 346, 348, 349, 350, 351, 352, 353, 354, 355, 356, 357, 358, 359, 362, 363, 365, 366, 367, 368, 370, 371, 372, 373, 374, 375, 377, 378, 379, 380, 381, 382, 383, 384, 385, 386, 387, 390, 391, 392, 393, 394, 395, 397, 398, 399, 400, 401, 402, 403, 404, 405, 406, 407, 408, 409, 410, 411, 412, 414, 415, 417, 418, 419, 421, 422, 423, 424, 427, 428, 429, 430, 432, 433, 434, 435, 436, 437, 438, 439, 440, 442, 443, 445, 446, 448, 449, 450, 451, 452, 455, 456, 458, 459, 461, 462, 463, 467, 468, 469, 470, 471, 474, 475, 476, 477, 479, 480, 481, 482, 483, 485, 487, 488, 489, 490, 491, 492, 493, 494, 495, 496, 497, 499, 500, 501, 502, 503, 504, 505, 508, 509, 510, 511, 512, 513, 514, 515, 516, 517, 518, 519, 521, 523, 524, 525, 526, 527, 528, 529, 531, 532, 534, 535, 536, 537, 538, 539, 540, 541, 542, 543, 546, 547, 548, 549, 550, 551, 552, 554, 555, 556, 557, 558, 559, 560, 561, 562, 564, 565, 566, 569, 570, 571, 572, 573, 574, 575, 576, 580, 581, 582, 583, 586, 587, 589, 590, 592, 593, 595, 596, 597, 598, 599, 600, 602, 603, 604, 606, 607, 608, 612, 614, 615, 616, 617, 618, 620, 621, 623, 624, 625, 626, 627, 629, 630, 631, 632, 634, 635, 636, 637, 639, 640, 641, 642, 643, 644, 645, 647, 648, 649, 650, 651, 652, 653, 654, 656, 659, 660, 661, 662, 663, 665, 666, 667, 668, 669, 670, 672, 673, 674, 676, 677, 678, 680, 681, 682, 683, 684, 685, 686, 687, 688, 689, 690, 695, 696, 697, 698, 700, 701, 702, 704, 706, 707, 708, 710, 711, 712, 713, 714, 717, 719, 720, 721, 722, 724, 725, 726, 728, 730, 731, 732, 733, 734, 736, 739, 740, 741, 742, 743, 744, 745, 747, 749, 751, 752, 753, 754, 755, 756, 757, 758, 759, 760, 762, 763, 765, 766, 767, 769, 770, 771, 772, 773, 774, 775, 776, 777, 778, 779, 780, 782, 783, 784, 785, 788, 789, 790, 791, 792, 793, 794, 795, 796, 797, 798, 799, 800, 801, 802, 803, 804, 805, 808, 810, 811, 812, 813, 815, 816, 817, 818, 819, 820, 822, 823, 824, 825, 827, 828, 829, 830, 831, 832, 833, 834, 835, 836, 838, 839, 840, 841, 842, 843, 846, 847, 848, 850, 851, 852, 853, 854, 855, 856, 857, 858, 859, 860, 861, 862, 863, 864, 865, 866, 867, 868, 869, 870, 871, 873, 874, 876, 877, 878, 880, 881, 882, 884, 885, 886, 887, 888, 890, 891, 892, 893, 894, 895, 896, 897, 898, 899, 900, 901, 902, 903, 904, 905, 906, 907, 908, 909, 910, 912, 913, 915, 916, 917, 918, 920, 921, 922, 924, 925, 926, 927, 928, 929, 930, 931, 933, 934, 935, 936, 937, 938, 940, 941, 942, 944, 945, 947, 948, 949, 950]",1878,claremont_cowan_waller_improvement_positive,1892,great_montessori_school_children_program,0.9967130068892726
1894,st_trinity_mary_st mary_holy,"[41, 45, 54, 64, 68, 77, 82, 90, 109, 125, 137, 144, 152, 154, 156, 191, 201, 203, 204, 214, 225, 233, 267, 268, 271, 272, 276, 283, 286, 288, 291, 297, 298, 299, 309, 316, 318, 322, 328, 330, 336, 347, 360, 361, 364, 369, 389, 413, 416, 420, 425, 426, 431, 441, 444, 447, 453, 457, 460, 464, 465, 472, 478, 484, 486, 498, 506, 507, 520, 522, 530, 533, 544, 563, 567, 568, 577, 578, 579, 584, 585, 591, 605, 609, 610, 611, 613, 619, 622, 628, 633, 638, 646, 655, 657, 664, 671, 675, 679, 691, 692, 699, 703, 705, 709, 715, 718, 723, 727, 738, 746, 761, 781, 786, 787, 806, 807, 814, 821, 837, 844, 849, 879, 883, 889, 911, 914, 919, 923, 939, 946]",1891,west_westside_daycare_winthrop_potter,1873,st_trinity_mary_st mary_holy,0.996399914754546
1893,worst_worst school_horrible_stars_terrible,"[8, 38, 51, 52, 55, 56, 98, 118, 166, 167, 169, 185, 241, 242, 287, 335, 341, 343, 376, 388, 454, 466, 473, 553, 588, 594, 601, 658, 693, 694, 716, 735, 737, 748, 768, 809, 872, 951]",1890,worst_worst school_horrible_stars_terrible,1885,helena_disappointed_disappointed school_closed_school closed,0.9957713083248684
1892,great_montessori_school_children_program,"[0, 1, 2, 3, 4, 5, 6, 7, 9, 10, 11, 12, 13, 14, 15, 16, 17, 18, 19, 20, 21, 22, 23, 24, 25, 26, 27, 28, 29, 30, 31, 32, 34, 35, 36, 37, 39, 40, 42, 43, 44, 46, 47, 48, 49, 50, 53, 57, 58, 59, 60, 61, 62, 63, 65, 66, 67, 69, 70, 71, 72, 73, 74, 75, 76, 78, 79, 80, 81, 83, 84, 85, 86, 87, 88, 89, 91, 92, 93, 94, 95, 96, 97, 99, 100, 101, 102, 103, 104, 105, 106, 107, 108, 110, 111, 112, 113, 114, 115, 116, 117, 119, 120, 121, 122, 123, 124, 126, 127, 128, 129, 130, 131, 132, 133, 134, 136, 138, 139, 140, 141, 142, 143, 145, 146, 147, 148, 149, 150, 151, 153, 155, 157, 158, 159, 160, 161, 162, 163, 164, 165, 168, 170, 171, 172, 173, 174, 175, 176, 177, 178, 179, 180, 181, 182, 183, 184, 186, 187, 188, 189, 190, 192, 193, 194, 196, 197, 198, 199, 200, 202, 205, 206, 207, 208, 209, 210, 211, 212, 213, 216, 217, 218, 219, 220, 221, 222, 223, 224, 226, 227, 228, 229, 230, 231, 232, 234, 235, 236, 237, 238, 239, 240, 243, 244, 245, 246, 247, 248, 249, 250, 251, 252, 253, 254, 255, 256, 257, 258, 259, 260, 261, 262, 263, 264, 265, 266, 269, 270, 273, 274, 275, 277, 278, 279, 280, 281, 282, 284, 285, 289, 290, 292, 293, 294, 295, 296, 300, 301, 302, 303, 304, 305, 306, 307, 308, 310, 311, 312, 313, 314, 315, 317, 319, 320, 321, 323, 324, 325, 326, 327, 329, 331, 332, 333, 334, 337, 338, 339, 340, 342, 344, 345, 346, 348, 349, 350, 351, 352, 353, 354, 355, 356, 357, 358, 359, 362, 363, 365, 366, 367, 368, 370, 371, 372, 373, 374, 375, 377, 378, 379, 380, 381, 382, 383, 384, 385, 386, 387, 390, 391, 392, 393, 394, 395, 397, 398, 399, 400, 401, 402, 403, 404, 405, 406, 407, 408, 409, 410, 411, 412, 414, 415, 417, 418, 419, 421, 422, 423, 424, 427, 428, 429, 430, 432, 433, 434, 435, 436, 437, 438, 439, 440, 442, 443, 445, 446, 448, 449, 450, 451, 452, 455, 456, 458, 459, 461, 462, 463, 467, 468, 469, 470, 471, 474, 475, 476, 477, 479, 480, 481, 482, 483, 485, 487, 488, 489, 490, 491, 492, 493, 494, 495, 496, 497, 499, 500, 501, 502, 503, 504, 505, 508, 509, 510, 511, 512, 513, 514, 515, 516, 517, 518, 519, 521, 523, 524, 525, 526, 527, 528, 529, 531, 532, 534, 535, 536, 537, 538, 539, 540, 541, 542, 543, 546, 547, 548, 549, 550, 551, 552, 554, 555, 556, 557, 558, 559, 560, 561, 562, 564, 565, 566, 569, 570, 571, 572, 573, 574, 575, 576, 580, 581, 582, 583, 586, 587, 589, 590, 592, 593, 595, 596, 597, 598, 599, 600, 602, 603, 604, 606, 607, 608, 612, 614, 615, 616, 617, 618, 620, 621, 623, 624, 625, 626, 627, 629, 630, 631, 632, 634, 635, 636, 637, 639, 640, 641, 642, 643, 644, 645, 647, 648, 649, 650, 651, 652, 653, 654, 656, 659, 660, 661, 662, 663, 665, 666, 667, 668, 669, 670, 672, 673, 674, 676, 677, 678, 680, 681, 682, 683, 684, 685, 686, 688, 689, 690, 695, 696, 697, 698, 700, 701, 702, 704, 706, 707, 708, 710, 711, 713, 714, 717, 719, 720, 721, 722, 724, 725, 726, 728, 730, 731, 732, 733, 734, 736, 739, 740, 741, 742, 743, 744, 745, 747, 749, 751, 752, 753, 754, 755, 756, 757, 758, 759, 760, 762, 763, 765, 766, 767, 769, 770, 771, 772, 773, 774, 775, 776, 777, 778, 779, 780, 782, 783, 784, 785, 788, 789, 790, 791, 792, 793, 794, 795, 796, 797, 798, 799, 800, 801, 802, 803, 804, 805, 808, 810, 811, 812, 815, 816, 818, 820, 822, 823, 824, 825, 827, 828, 829, 830, 831, 832, 833, 834, 835, 836, 838, 839, 840, 841, 842, 843, 846, 847, 848, 850, 851, 852, 853, 854, 855, 856, 857, 858, 859, 860, 861, 862, 863, 864, 865, 866, 867, 868, 869, 871, 873, 874, 876, 877, 878, 880, 881, 882, 884, 885, 886, 887, 888, 890, 891, 892, 893, 894, 895, 896, 897, 899, 900, 901, 902, 903, 904, 905, 906, 907, 908, 909, 910, 912, 913, 915, 916, 917, 918, 920, 921, 922, 924, 925, 926, 927, 928, 929, 930, 931, 933, 934, 936, 937, 938, 940, 941, 942, 944, 945, 947, 948, 949, 950]",1889,great_montessori_school_children_program,1882,desert_best school_dva_amber_harlem,0.9953438414905317
1891,west_westside_daycare_winthrop_potter,"[45, 109, 144, 204, 214, 330, 347, 369, 413, 444, 486, 498, 577, 578, 622, 699, 705, 723, 821, 914, 946]",1888,potter_oakdale_carder_armstrong_potter school,1875,west_westside_daycare_winthrop_imagine,0.9950603376961565
1890,worst_worst school_horrible_stars_terrible,"[8, 38, 51, 52, 55, 56, 98, 118, 166, 169, 185, 241, 242, 287, 335, 341, 343, 376, 388, 454, 473, 553, 588, 594, 658, 693, 694, 716, 735, 737, 748, 809, 872, 951]",1046,stars_star_school stars_star school_rate,1877,worst_worst school_horrible_terrible_rude,0.9949057795867566
1889,great_montessori_school_children_program,"[0, 1, 2, 3, 4, 5, 6, 7, 9, 10, 11, 12, 13, 14, 15, 16, 17, 18, 19, 20, 21, 22, 23, 24, 25, 26, 27, 28, 29, 30, 31, 32, 34, 35, 36, 37, 39, 40, 42, 43, 44, 46, 47, 48, 49, 50, 53, 57, 58, 59, 60, 61, 62, 63, 65, 66, 67, 69, 70, 71, 72, 73, 74, 75, 76, 78, 79, 80, 81, 83, 84, 85, 86, 87, 88, 89, 91, 92, 93, 94, 95, 96, 97, 99, 100, 101, 102, 103, 104, 105, 106, 107, 108, 110, 111, 112, 113, 114, 115, 116, 119, 120, 121, 122, 123, 124, 126, 128, 129, 130, 131, 132, 133, 134, 136, 138, 139, 140, 141, 142, 143, 145, 146, 147, 148, 149, 150, 151, 153, 155, 157, 158, 159, 160, 161, 162, 163, 164, 165, 168, 170, 171, 172, 173, 174, 175, 176, 177, 178, 179, 180, 181, 182, 183, 184, 186, 187, 188, 189, 192, 193, 194, 196, 197, 198, 199, 200, 202, 205, 206, 207, 208, 209, 210, 211, 212, 213, 216, 217, 218, 219, 220, 221, 222, 223, 224, 226, 227, 228, 229, 230, 231, 232, 234, 235, 236, 238, 239, 240, 243, 244, 245, 246, 247, 248, 249, 250, 251, 252, 253, 254, 255, 256, 257, 258, 259, 260, 261, 262, 263, 264, 265, 266, 269, 270, 273, 274, 275, 277, 278, 279, 280, 281, 282, 284, 285, 289, 290, 292, 293, 294, 295, 296, 300, 301, 302, 303, 304, 305, 306, 307, 308, 310, 311, 312, 313, 314, 315, 317, 319, 320, 321, 323, 324, 325, 326, 327, 329, 331, 332, 333, 334, 337, 338, 339, 340, 342, 344, 345, 346, 348, 349, 350, 351, 352, 353, 354, 355, 356, 357, 358, 359, 362, 363, 365, 366, 367, 368, 370, 371, 372, 374, 375, 377, 378, 379, 380, 381, 382, 383, 384, 385, 386, 387, 390, 391, 392, 393, 394, 395, 397, 398, 399, 400, 401, 402, 403, 404, 405, 406, 407, 408, 409, 410, 411, 412, 414, 415, 417, 418, 419, 421, 422, 423, 424, 427, 428, 429, 430, 432, 433, 434, 435, 436, 437, 438, 439, 440, 442, 443, 445, 446, 448, 449, 450, 451, 452, 455, 456, 458, 459, 461, 462, 463, 467, 468, 469, 470, 471, 474, 475, 476, 477, 479, 480, 481, 482, 483, 485, 487, 488, 489, 490, 491, 492, 493, 494, 495, 496, 497, 499, 500, 501, 502, 503, 504, 505, 508, 509, 510, 511, 512, 513, 514, 515, 516, 517, 518, 519, 521, 523, 524, 525, 526, 527, 528, 529, 531, 532, 534, 535, 536, 537, 538, 539, 540, 541, 542, 543, 546, 547, 548, 549, 550, 551, 552, 554, 555, 556, 557, 558, 559, 560, 561, 562, 564, 565, 566, 569, 570, 571, 572, 573, 574, 575, 576, 580, 581, 582, 583, 586, 587, 589, 590, 592, 593, 595, 596, 597, 598, 599, 600, 602, 603, 604, 606, 607, 608, 612, 614, 615, 616, 617, 618, 620, 621, 623, 624, 625, 626, 627, 629, 630, 631, 632, 634, 635, 636, 637, 639, 640, 641, 642, 643, 644, 645, 647, 648, 649, 650, 651, 652, 653, 654, 656, 659, 661, 662, 663, 665, 666, 667, 668, 669, 670, 672, 673, 674, 676, 677, 678, 680, 681, 682, 683, 684, 685, 686, 688, 689, 690, 695, 696, 697, 698, 700, 701, 702, 704, 706, 707, 708, 710, 711, 713, 714, 717, 719, 720, 721, 722, 724, 725, 726, 728, 730, 731, 732, 733, 734, 736, 739, 740, 741, 742, 743, 744, 745, 747, 749, 751, 752, 753, 754, 755, 756, 758, 759, 760, 762, 763, 765, 766, 767, 769, 770, 771, 772, 773, 774, 775, 776, 777, 778, 779, 780, 782, 783, 784, 785, 788, 789, 790, 791, 792, 793, 794, 795, 796, 797, 798, 799, 800, 801, 802, 803, 804, 805, 808, 810, 811, 812, 815, 816, 818, 820, 822, 823, 824, 825, 827, 828, 829, 830, 831, 832, 833, 834, 835, 836, 838, 839, 840, 841, 842, 843, 846, 847, 848, 850, 851, 852, 853, 854, 855, 856, 857, 858, 860, 861, 862, 863, 864, 865, 866, 867, 868, 869, 871, 873, 874, 876, 877, 878, 881, 882, 884, 885, 887, 888, 890, 891, 892, 893, 894, 895, 896, 897, 899, 900, 901, 902, 903, 904, 905, 906, 907, 908, 909, 910, 912, 913, 915, 916, 917, 918, 920, 921, 922, 924, 925, 926, 927, 928, 929, 930, 931, 933, 934, 936, 937, 938, 940, 941, 942, 944, 945, 947, 948, 949, 950]",1887,montessori_school_great_program_children,1886,summit_sacred_sacred heart_south_heart,0.9945863188060028
1888,potter_oakdale_carder_armstrong_potter school,"[369, 705, 723, 821]",723,carder_carder school_frederick carder_carder elementary_love carder,1883,potter_oakdale_armstrong_potter school_oakdale school,0.9940106857438321
1887,montessori_school_great_program_children,"[0, 1, 2, 3, 4, 5, 6, 7, 9, 10, 11, 12, 13, 14, 15, 16, 17, 18, 19, 20, 21, 22, 23, 24, 25, 26, 27, 28, 29, 30, 31, 32, 34, 35, 36, 37, 39, 40, 42, 43, 44, 46, 47, 48, 49, 50, 53, 57, 58, 59, 60, 61, 62, 63, 65, 66, 67, 69, 70, 71, 72, 73, 74, 75, 76, 78, 79, 80, 81, 83, 84, 85, 86, 87, 88, 89, 91, 92, 93, 94, 95, 96, 100, 101, 102, 103, 104, 105, 106, 107, 108, 110, 111, 112, 113, 114, 115, 116, 119, 120, 122, 123, 124, 126, 128, 129, 130, 131, 132, 133, 134, 136, 138, 139, 140, 141, 142, 143, 145, 146, 147, 148, 149, 150, 151, 153, 155, 157, 159, 160, 161, 162, 163, 164, 165, 168, 170, 171, 172, 173, 174, 175, 176, 177, 178, 179, 180, 181, 182, 183, 184, 186, 187, 189, 192, 193, 194, 196, 197, 198, 200, 202, 205, 206, 207, 208, 209, 210, 211, 213, 216, 217, 218, 219, 220, 221, 222, 223, 224, 226, 227, 228, 229, 230, 231, 232, 235, 236, 238, 239, 240, 243, 244, 245, 246, 247, 248, 249, 250, 251, 252, 253, 254, 255, 257, 258, 260, 261, 262, 263, 264, 265, 266, 269, 270, 273, 274, 277, 278, 279, 280, 281, 282, 284, 285, 289, 290, 292, 293, 294, 295, 296, 300, 301, 302, 303, 304, 305, 306, 307, 308, 310, 311, 312, 313, 314, 315, 317, 319, 320, 321, 323, 324, 325, 326, 327, 329, 331, 334, 337, 338, 339, 340, 342, 345, 346, 349, 350, 351, 352, 353, 355, 356, 358, 359, 363, 365, 366, 367, 368, 370, 372, 374, 375, 377, 378, 379, 381, 382, 383, 384, 385, 386, 387, 390, 391, 392, 393, 394, 395, 397, 398, 399, 400, 402, 403, 404, 405, 406, 407, 408, 409, 410, 412, 414, 415, 417, 418, 419, 421, 423, 424, 427, 428, 429, 430, 432, 433, 434, 436, 437, 439, 440, 442, 443, 445, 446, 450, 451, 452, 455, 456, 458, 459, 461, 462, 463, 467, 468, 469, 470, 471, 474, 475, 477, 479, 480, 481, 482, 483, 487, 488, 489, 490, 492, 493, 494, 497, 499, 500, 501, 503, 504, 505, 508, 509, 510, 511, 514, 515, 516, 517, 518, 519, 521, 523, 524, 525, 526, 527, 528, 531, 532, 534, 535, 536, 537, 538, 540, 541, 542, 543, 546, 547, 548, 549, 550, 551, 552, 554, 555, 556, 557, 558, 559, 560, 561, 562, 564, 565, 566, 570, 573, 574, 575, 576, 580, 581, 582, 583, 586, 587, 589, 590, 592, 593, 596, 597, 599, 602, 603, 604, 608, 616, 617, 618, 620, 623, 624, 625, 626, 629, 630, 631, 632, 634, 635, 636, 637, 639, 640, 641, 642, 643, 644, 645, 647, 648, 650, 652, 653, 654, 656, 659, 661, 662, 663, 665, 666, 667, 668, 669, 670, 672, 673, 674, 676, 677, 678, 680, 681, 684, 685, 686, 689, 690, 695, 696, 698, 701, 702, 704, 706, 707, 708, 710, 711, 713, 714, 717, 719, 720, 721, 722, 724, 725, 728, 730, 731, 732, 733, 734, 739, 741, 742, 743, 744, 745, 747, 749, 751, 753, 754, 755, 756, 758, 759, 760, 763, 765, 766, 767, 769, 770, 771, 772, 773, 774, 775, 776, 777, 778, 779, 780, 783, 784, 785, 789, 790, 791, 792, 793, 794, 795, 796, 798, 799, 800, 801, 802, 803, 804, 808, 810, 812, 815, 816, 820, 822, 823, 824, 825, 827, 828, 830, 831, 833, 834, 835, 839, 842, 843, 846, 847, 852, 853, 854, 855, 857, 861, 862, 863, 866, 868, 871, 873, 874, 876, 877, 878, 881, 882, 884, 885, 887, 888, 890, 891, 892, 893, 896, 897, 899, 901, 902, 903, 904, 906, 907, 908, 909, 910, 913, 915, 916, 917, 918, 920, 921, 922, 924, 925, 927, 928, 930, 931, 933, 934, 936, 937, 940, 941, 944, 947, 948, 949]",1874,christian_christian school_cca_christ_ccs,1884,montessori_great_program_school_teachers,0.9933430373487591
1886,summit_sacred_sacred heart_south_heart,"[97, 99, 121, 158, 188, 199, 212, 234, 256, 259, 275, 332, 333, 344, 348, 354, 357, 362, 371, 380, 401, 411, 422, 435, 438, 448, 449, 476, 485, 491, 495, 496, 502, 512, 513, 529, 539, 569, 571, 572, 595, 598, 600, 606, 607, 612, 614, 615, 621, 627, 649, 651, 682, 683, 688, 697, 700, 726, 736, 740, 752, 762, 782, 788, 797, 805, 811, 818, 829, 832, 836, 838, 840, 841, 848, 850, 851, 856, 858, 860, 864, 865, 867, 869, 894, 895, 900, 905, 912, 926, 929, 938, 942, 945, 950]",1876,summit_sacred_sacred heart_south_heart,1605,glendale_horace_horace mann_mann_school glendale,0.9932395546949943
1885,helena_disappointed_disappointed school_closed_school closed,"[167, 466, 601, 768]",1607,helena_disappointed_disappointed school_st helena_disappointing,466,closed_school closed_closed school_closed years_closing,0.9929003417862606
1884,montessori_great_program_school_teachers,"[0, 1, 3, 4, 5, 6, 7, 9, 10, 11, 12, 13, 14, 15, 16, 17, 18, 19, 20, 21, 23, 24, 25, 26, 27, 28, 29, 30, 31, 32, 34, 35, 36, 37, 39, 40, 42, 43, 44, 46, 47, 48, 49, 50, 53, 58, 59, 60, 61, 62, 63, 65, 66, 67, 69, 70, 72, 73, 74, 75, 76, 78, 79, 80, 81, 83, 84, 85, 86, 87, 88, 89, 91, 92, 93, 94, 95, 96, 100, 101, 102, 103, 104, 105, 106, 107, 108, 110, 111, 112, 114, 115, 116, 119, 120, 122, 123, 124, 126, 129, 130, 132, 133, 134, 136, 138, 139, 140, 141, 142, 143, 145, 146, 147, 148, 149, 150, 153, 157, 159, 160, 161, 162, 163, 164, 165, 168, 170, 171, 172, 173, 174, 175, 176, 177, 178, 179, 180, 181, 182, 183, 184, 186, 187, 189, 192, 193, 194, 196, 197, 198, 200, 202, 205, 207, 208, 210, 211, 213, 216, 217, 218, 220, 221, 222, 223, 224, 226, 227, 228, 229, 230, 231, 232, 236, 238, 239, 240, 243, 244, 245, 246, 247, 248, 249, 250, 251, 252, 253, 254, 255, 257, 258, 260, 261, 262, 263, 264, 265, 266, 269, 270, 273, 274, 278, 279, 280, 281, 282, 284, 285, 289, 290, 292, 293, 294, 295, 296, 301, 302, 303, 304, 305, 306, 307, 308, 310, 311, 312, 313, 314, 315, 317, 319, 320, 321, 323, 324, 326, 327, 329, 331, 334, 337, 338, 339, 340, 342, 345, 346, 349, 350, 351, 352, 353, 355, 356, 358, 359, 363, 365, 366, 367, 368, 370, 372, 374, 375, 377, 378, 379, 381, 382, 383, 385, 386, 387, 390, 391, 392, 393, 394, 395, 397, 398, 399, 400, 402, 403, 404, 405, 406, 407, 408, 409, 410, 412, 414, 415, 417, 418, 421, 423, 424, 427, 428, 429, 430, 432, 433, 434, 436, 437, 439, 440, 442, 443, 445, 446, 450, 451, 452, 455, 456, 459, 461, 462, 463, 467, 468, 469, 470, 471, 474, 475, 477, 479, 480, 481, 482, 483, 487, 488, 489, 490, 492, 493, 494, 497, 500, 501, 503, 504, 505, 508, 509, 510, 511, 514, 515, 517, 518, 519, 521, 523, 524, 525, 526, 527, 528, 531, 532, 534, 535, 536, 537, 538, 540, 542, 543, 546, 547, 548, 549, 550, 551, 552, 554, 555, 556, 557, 558, 559, 560, 561, 562, 564, 565, 566, 570, 573, 574, 575, 576, 580, 581, 582, 586, 587, 589, 590, 592, 593, 596, 597, 602, 603, 604, 608, 616, 617, 620, 623, 625, 626, 629, 630, 631, 632, 635, 636, 637, 639, 640, 642, 643, 644, 645, 647, 648, 650, 652, 653, 654, 656, 662, 663, 667, 668, 670, 672, 673, 674, 676, 677, 678, 680, 681, 684, 685, 686, 689, 690, 696, 701, 702, 704, 706, 707, 708, 710, 711, 713, 714, 717, 719, 720, 721, 722, 724, 725, 728, 730, 731, 732, 733, 734, 739, 741, 742, 743, 744, 745, 747, 749, 751, 753, 754, 755, 756, 758, 759, 760, 765, 766, 767, 769, 770, 771, 772, 773, 774, 775, 776, 777, 778, 779, 780, 783, 784, 785, 789, 790, 791, 792, 793, 794, 795, 796, 798, 799, 800, 801, 803, 804, 808, 810, 812, 815, 816, 820, 822, 823, 824, 825, 827, 828, 833, 834, 835, 839, 842, 843, 846, 847, 852, 853, 854, 855, 857, 862, 863, 868, 871, 874, 876, 877, 878, 881, 882, 884, 885, 887, 890, 891, 893, 896, 897, 899, 901, 902, 903, 906, 907, 909, 910, 913, 915, 917, 918, 920, 921, 922, 924, 925, 928, 930, 931, 933, 934, 936, 937, 940, 941, 948, 949]",1881,montessori_program_great_school_teachers,1879,columbia_fra_galloway_tma_wesley,0.9928995282778321
1883,potter_oakdale_armstrong_potter school_oakdale school,"[369, 705, 821]",369,potter_potter school_zito_mr zito_love potter,1584,oakdale_armstrong_oakdale school_love oakdale_neil armstrong,0.9928799239377495
1882,desert_best school_dva_amber_harlem,"[117, 127, 190, 237, 373, 660, 757, 859, 880, 886]",1828,desert_best school_dva_county_best,1419,amber_harlem_amber charter_harlem academy_harlem link,0.992850010424776
1881,montessori_program_great_school_teachers,"[0, 1, 3, 4, 5, 6, 7, 9, 10, 11, 12, 13, 14, 15, 16, 17, 18, 19, 20, 21, 23, 24, 25, 26, 27, 28, 29, 30, 31, 32, 34, 35, 36, 37, 39, 40, 42, 43, 44, 46, 47, 48, 49, 50, 53, 58, 59, 60, 61, 62, 63, 65, 66, 67, 69, 70, 72, 73, 74, 75, 76, 78, 79, 80, 81, 83, 84, 85, 86, 87, 88, 89, 91, 92, 93, 94, 95, 96, 100, 101, 102, 103, 104, 105, 106, 107, 108, 110, 111, 112, 114, 115, 116, 119, 120, 122, 123, 124, 126, 129, 130, 132, 133, 134, 136, 138, 139, 140, 141, 142, 143, 145, 146, 147, 148, 149, 150, 153, 157, 159, 160, 161, 162, 163, 164, 165, 168, 170, 171, 172, 173, 174, 175, 176, 177, 178, 179, 180, 181, 182, 183, 184, 186, 187, 189, 192, 193, 194, 196, 197, 198, 200, 202, 205, 207, 208, 210, 211, 213, 216, 217, 218, 220, 221, 222, 223, 224, 226, 227, 228, 229, 230, 231, 232, 236, 238, 239, 240, 243, 244, 245, 246, 247, 248, 249, 250, 251, 252, 253, 254, 255, 257, 258, 260, 261, 262, 263, 264, 265, 266, 269, 270, 273, 274, 278, 279, 280, 281, 282, 284, 285, 289, 290, 292, 293, 294, 295, 296, 301, 302, 303, 304, 305, 306, 307, 308, 310, 311, 312, 313, 314, 315, 317, 319, 320, 321, 323, 324, 326, 327, 329, 331, 334, 337, 338, 339, 340, 342, 345, 346, 349, 350, 351, 352, 353, 355, 356, 358, 359, 363, 365, 366, 367, 368, 370, 372, 374, 377, 378, 379, 381, 382, 383, 385, 386, 387, 390, 391, 392, 393, 394, 395, 397, 398, 399, 400, 402, 403, 404, 405, 406, 407, 408, 409, 410, 412, 414, 415, 417, 418, 421, 423, 424, 427, 428, 429, 430, 432, 433, 434, 436, 437, 439, 440, 442, 443, 445, 446, 451, 452, 455, 456, 459, 461, 462, 463, 467, 468, 469, 470, 471, 474, 475, 477, 479, 480, 481, 482, 483, 487, 488, 489, 490, 492, 493, 494, 497, 500, 501, 503, 504, 505, 508, 509, 510, 511, 514, 515, 517, 518, 519, 521, 523, 524, 525, 526, 527, 528, 531, 532, 534, 535, 536, 537, 538, 540, 542, 543, 546, 547, 548, 549, 550, 551, 552, 554, 555, 556, 558, 559, 560, 561, 562, 564, 565, 566, 570, 573, 574, 575, 576, 580, 581, 582, 586, 587, 589, 590, 592, 593, 596, 597, 602, 603, 604, 608, 616, 617, 620, 623, 625, 626, 629, 630, 631, 632, 635, 637, 639, 640, 642, 643, 644, 645, 647, 648, 650, 652, 653, 654, 656, 662, 663, 667, 668, 670, 672, 673, 674, 676, 677, 678, 680, 681, 684, 686, 689, 690, 696, 701, 702, 704, 706, 707, 708, 710, 711, 713, 714, 717, 719, 720, 721, 722, 724, 725, 728, 730, 731, 732, 733, 734, 739, 741, 742, 743, 744, 747, 749, 751, 753, 754, 755, 756, 758, 759, 760, 765, 766, 767, 769, 770, 771, 772, 773, 774, 775, 776, 777, 778, 779, 780, 783, 784, 785, 789, 790, 792, 793, 794, 795, 796, 798, 799, 800, 801, 803, 804, 808, 812, 820, 822, 823, 824, 825, 827, 828, 833, 834, 835, 839, 842, 843, 846, 847, 852, 853, 855, 857, 862, 863, 868, 871, 874, 876, 877, 878, 881, 882, 884, 885, 890, 891, 893, 896, 897, 899, 901, 902, 903, 906, 907, 909, 910, 913, 915, 917, 918, 920, 922, 925, 928, 930, 931, 934, 936, 937, 940, 941]",1869,st john_john_davis_muir_st,1880,montessori_program_great_school_teachers,0.9926297923430311
1880,montessori_program_great_school_teachers,"[0, 1, 3, 4, 5, 6, 7, 9, 10, 11, 12, 13, 14, 15, 16, 17, 18, 19, 20, 21, 23, 24, 25, 26, 27, 28, 29, 30, 31, 32, 34, 35, 36, 37, 39, 40, 42, 43, 44, 46, 47, 48, 49, 50, 53, 58, 59, 60, 61, 62, 63, 65, 66, 67, 69, 70, 72, 73, 74, 75, 76, 78, 79, 80, 81, 83, 84, 85, 86, 87, 88, 89, 91, 92, 93, 94, 95, 96, 100, 101, 102, 103, 104, 105, 106, 107, 108, 110, 112, 114, 115, 116, 119, 120, 122, 123, 124, 126, 129, 130, 132, 133, 134, 136, 138, 139, 140, 141, 142, 143, 145, 146, 147, 148, 149, 150, 153, 157, 159, 160, 161, 162, 163, 164, 165, 168, 170, 171, 172, 173, 174, 175, 176, 177, 178, 179, 180, 181, 182, 183, 184, 186, 187, 189, 192, 193, 194, 196, 197, 198, 200, 202, 205, 207, 208, 210, 211, 213, 216, 217, 218, 220, 221, 222, 223, 224, 226, 227, 228, 229, 230, 231, 232, 236, 238, 239, 240, 243, 244, 245, 246, 247, 248, 249, 250, 251, 253, 254, 255, 257, 258, 260, 261, 262, 263, 264, 265, 266, 269, 270, 273, 274, 278, 279, 280, 281, 282, 284, 285, 289, 290, 292, 293, 294, 295, 296, 301, 302, 303, 304, 305, 306, 307, 308, 310, 311, 312, 313, 314, 315, 317, 319, 320, 321, 323, 324, 326, 327, 329, 331, 334, 337, 338, 339, 340, 342, 345, 346, 349, 350, 351, 352, 353, 355, 356, 358, 359, 363, 365, 366, 367, 368, 370, 372, 374, 377, 378, 379, 381, 382, 383, 385, 386, 387, 390, 391, 392, 393, 394, 395, 397, 398, 399, 400, 402, 403, 404, 405, 406, 407, 408, 409, 410, 412, 414, 415, 417, 418, 421, 423, 424, 427, 428, 429, 430, 432, 433, 434, 436, 437, 439, 440, 442, 443, 445, 446, 451, 452, 455, 456, 459, 461, 462, 463, 467, 468, 469, 470, 471, 474, 475, 477, 479, 480, 481, 482, 483, 487, 488, 489, 490, 492, 493, 494, 497, 500, 501, 503, 504, 505, 508, 509, 510, 511, 514, 515, 517, 518, 519, 521, 523, 524, 525, 526, 527, 528, 531, 532, 534, 535, 536, 537, 538, 540, 542, 546, 547, 548, 549, 550, 551, 552, 554, 555, 556, 558, 559, 560, 561, 562, 564, 565, 566, 570, 573, 574, 575, 576, 580, 581, 582, 586, 587, 589, 590, 592, 593, 596, 602, 603, 604, 608, 616, 617, 620, 623, 625, 626, 629, 630, 631, 635, 637, 639, 640, 642, 643, 644, 645, 647, 648, 650, 653, 654, 656, 662, 667, 668, 670, 672, 673, 674, 676, 677, 678, 680, 681, 684, 686, 689, 690, 696, 701, 702, 704, 706, 707, 708, 710, 711, 713, 714, 717, 719, 720, 721, 722, 724, 725, 728, 730, 731, 732, 733, 734, 739, 741, 742, 743, 744, 747, 749, 751, 753, 754, 755, 756, 758, 759, 760, 765, 766, 767, 769, 770, 771, 772, 773, 774, 775, 776, 777, 778, 779, 780, 783, 784, 785, 789, 792, 793, 794, 795, 796, 798, 799, 800, 801, 803, 804, 812, 820, 822, 823, 824, 825, 827, 828, 833, 834, 835, 839, 842, 846, 847, 852, 853, 855, 857, 862, 863, 868, 874, 876, 877, 878, 881, 882, 884, 890, 891, 893, 896, 897, 901, 902, 903, 906, 907, 909, 910, 915, 917, 918, 920, 922, 925, 928, 930, 931, 934, 936, 937, 940, 941]",1872,vista_lake_parking_mark_st mark,1871,montessori_program_great_school_teachers,0.9918237025823288
1879,columbia_fra_galloway_tma_wesley,"[375, 450, 557, 636, 685, 745, 791, 810, 815, 816, 854, 887, 921, 924, 933, 948, 949]",1870,genesis_homestead_conserve_conserve school_woodstock,1860,columbia_fra_galloway_tma_wesley,0.9917466883990459
1878,claremont_cowan_waller_improvement_positive,"[195, 687, 712, 813, 817, 819, 870, 898, 935]",1791,claremont_cowan_waller_positive_school positive,1845,improvement_improvements_room improvement_changes_school improved,0.9916937378940639
1877,worst_worst school_horrible_terrible_rude,"[8, 51, 52, 55, 56, 98, 118, 166, 169, 185, 242, 287, 341, 343, 376, 388, 454, 473, 553, 588, 594, 693, 694, 716, 735, 737, 748, 809, 872, 951]",1856,worst_worst school_horrible_terrible_send,1814,lice_rude_office_food_office staff,0.9916239229733991
1876,summit_sacred_sacred heart_south_heart,"[97, 99, 121, 158, 188, 199, 212, 234, 256, 259, 275, 332, 333, 344, 348, 354, 357, 362, 371, 380, 401, 411, 422, 435, 438, 448, 449, 476, 485, 491, 495, 496, 502, 512, 513, 529, 539, 569, 571, 572, 595, 598, 600, 606, 607, 612, 614, 615, 621, 627, 649, 651, 682, 683, 688, 697, 700, 726, 736, 740, 752, 762, 788, 797, 805, 811, 818, 829, 832, 836, 838, 840, 841, 848, 850, 851, 856, 858, 860, 864, 865, 869, 894, 895, 900, 905, 912, 926, 929, 938, 942, 945, 950]",1861,summit_sacred_sacred heart_south_heart,1868,miami_coral_reagan_hampton_dade,0.9915559045236353
1875,west_westside_daycare_winthrop_imagine,"[45, 109, 144, 204, 214, 330, 347, 413, 444, 486, 498, 577, 578, 622, 699, 914, 946]",1838,west_westside_daycare_winthrop_imagine,1268,going school_loves_love going_loves going_son loves,0.99151157251192
1874,christian_christian school_cca_christ_ccs,"[2, 22, 57, 71, 113, 128, 131, 151, 155, 206, 209, 219, 235, 277, 300, 325, 384, 419, 458, 499, 516, 541, 583, 599, 618, 624, 634, 641, 659, 661, 665, 666, 669, 695, 698, 763, 802, 830, 831, 861, 866, 873, 888, 892, 904, 908, 916, 927, 944, 947]",1867,clinton_bates_truman_clinton school_political,1866,christian_christian school_cca_christ_ccs,0.991497717227702
1873,st_trinity_mary_st mary_holy,"[41, 54, 64, 68, 77, 82, 90, 125, 137, 152, 154, 156, 191, 201, 203, 225, 233, 267, 268, 271, 272, 276, 283, 286, 288, 291, 297, 298, 299, 309, 316, 318, 322, 328, 336, 360, 361, 364, 389, 416, 420, 425, 426, 431, 441, 447, 453, 457, 460, 464, 465, 472, 478, 484, 506, 507, 520, 522, 530, 533, 544, 563, 567, 568, 579, 584, 585, 591, 605, 609, 610, 611, 613, 619, 628, 633, 638, 646, 655, 657, 664, 671, 675, 679, 691, 692, 703, 709, 715, 718, 727, 738, 746, 761, 781, 786, 787, 806, 807, 814, 837, 844, 849, 879, 883, 889, 911, 919, 923, 939]",1850,trinity_mary_st mary_holy_lutheran,1715,st_paul_st paul_joseph_st joseph,0.9913095745798062
1872,vista_lake_parking_mark_st mark,"[42, 48, 129, 198, 346, 350, 351, 481, 509, 526, 535, 623, 673, 701, 702, 713, 717, 744, 755, 758, 775, 783, 798, 799, 801, 812, 820, 839, 852, 884, 891, 896, 903, 940]",1859,lake_parking_lakeview_bus_traffic,1865,vista_st mark_mark_rio_sheridan,0.9911400663507877
1871,montessori_program_great_school_teachers,"[0, 1, 3, 4, 5, 6, 7, 9, 10, 11, 12, 13, 14, 15, 16, 17, 18, 19, 20, 21, 23, 24, 25, 26, 27, 28, 29, 30, 31, 32, 34, 35, 36, 37, 39, 40, 43, 44, 46, 47, 49, 50, 53, 58, 59, 60, 61, 62, 63, 65, 66, 67, 69, 70, 72, 73, 74, 75, 76, 78, 79, 80, 81, 83, 84, 85, 86, 87, 88, 89, 91, 92, 93, 94, 95, 96, 100, 101, 102, 103, 104, 105, 106, 107, 108, 110, 112, 114, 115, 116, 119, 120, 122, 123, 124, 126, 130, 132, 133, 134, 136, 138, 139, 140, 141, 142, 143, 145, 146, 147, 148, 149, 150, 153, 157, 159, 160, 161, 162, 163, 164, 165, 168, 170, 171, 172, 173, 174, 175, 176, 177, 178, 179, 180, 181, 182, 183, 184, 186, 187, 189, 192, 193, 194, 196, 197, 200, 202, 205, 207, 208, 210, 211, 213, 216, 217, 218, 220, 221, 222, 223, 224, 226, 227, 228, 229, 230, 231, 232, 236, 238, 239, 240, 243, 244, 245, 246, 247, 248, 249, 250, 251, 253, 254, 255, 257, 258, 260, 261, 262, 263, 264, 265, 266, 269, 270, 273, 274, 278, 279, 280, 281, 282, 284, 285, 289, 290, 292, 293, 294, 295, 296, 301, 302, 303, 304, 305, 306, 307, 308, 310, 311, 312, 313, 314, 315, 317, 319, 320, 321, 323, 324, 326, 327, 329, 331, 334, 337, 338, 339, 340, 342, 345, 349, 352, 353, 355, 356, 358, 359, 363, 365, 366, 367, 368, 370, 372, 374, 377, 378, 379, 381, 382, 383, 385, 386, 387, 390, 391, 392, 393, 394, 395, 397, 398, 399, 400, 402, 403, 404, 405, 406, 407, 408, 409, 410, 412, 414, 415, 417, 418, 421, 423, 424, 427, 428, 429, 430, 432, 433, 434, 436, 437, 439, 440, 442, 443, 445, 446, 451, 452, 455, 456, 459, 461, 462, 463, 467, 468, 469, 470, 471, 474, 475, 477, 479, 480, 482, 483, 487, 488, 489, 490, 492, 493, 494, 497, 500, 501, 503, 504, 505, 508, 510, 511, 514, 515, 517, 518, 519, 521, 523, 524, 525, 527, 528, 531, 532, 534, 536, 537, 538, 540, 542, 546, 547, 548, 549, 550, 551, 552, 554, 555, 556, 558, 559, 560, 561, 562, 564, 565, 566, 570, 573, 574, 575, 576, 580, 581, 582, 586, 587, 589, 590, 592, 593, 596, 602, 603, 604, 608, 616, 617, 620, 625, 626, 629, 630, 631, 635, 637, 639, 640, 642, 643, 644, 645, 647, 648, 650, 653, 654, 656, 662, 667, 668, 670, 672, 674, 676, 677, 678, 680, 681, 684, 686, 689, 690, 696, 704, 706, 707, 708, 710, 711, 714, 719, 720, 721, 722, 724, 725, 728, 730, 731, 732, 733, 734, 739, 741, 742, 743, 747, 749, 751, 753, 754, 756, 759, 760, 765, 766, 767, 769, 770, 771, 772, 773, 774, 776, 777, 778, 779, 780, 784, 785, 789, 792, 793, 794, 795, 796, 800, 803, 804, 822, 823, 824, 825, 827, 828, 833, 834, 835, 842, 846, 847, 853, 855, 857, 862, 863, 868, 874, 876, 877, 878, 881, 882, 890, 893, 897, 901, 902, 906, 907, 909, 910, 915, 917, 918, 920, 922, 925, 928, 930, 931, 934, 936, 937, 941]",1862,carden_walden_wilson_gateway_woodland,1863,montessori_program_great_school_teachers,0.9911196003922881
1870,genesis_homestead_conserve_conserve school_woodstock,"[810, 933, 948]",1852,homestead_conserve_conserve school_woodstock_woodstock elementary,933,genesis_genesis high_thank genesis_genesis school_genesis prep,0.9910449208532056
1869,st john_john_davis_muir_st,"[111, 252, 543, 597, 632, 652, 663, 790, 808, 843, 871, 885, 899, 913]",1858,st john_john_davis_muir_st,1851,winston_shelton_doral_da vinci_vinci,0.9909216455160841
1868,miami_coral_reagan_hampton_dade,"[188, 411, 612, 865, 869, 926, 942]",1840,miami_coral_hampton_dade_greenville,1693,reagan_mcnair_ronald_ronald reagan_ronald mcnair,0.9906946119761676
1867,clinton_bates_truman_clinton school_political,"[325, 599, 661, 944]",1690,bates_truman_bates elementary_bates academy_year bates,1560,clinton_clinton school_political_clinton high_clinton elementary,0.9906537487028776
1866,christian_christian school_cca_christ_ccs,"[2, 22, 57, 71, 113, 128, 131, 151, 155, 206, 209, 219, 235, 277, 300, 384, 419, 458, 499, 516, 541, 583, 618, 624, 634, 641, 659, 665, 666, 669, 695, 698, 763, 802, 830, 831, 861, 866, 873, 888, 892, 904, 908, 916, 927, 947]",1839,taft_milford_deaf_hearing_deaf hard,1853,christian_christian school_cca_christ_ccs,0.9906232511084524
1865,vista_st mark_mark_rio_sheridan,"[129, 198, 481, 535, 623, 673, 717, 744, 755, 775, 783, 799, 801, 820, 891]",1532,vista_rio_alta_alta vista_terra,1847,st mark_mark_sheridan_westgate_twain,0.9904990648423578
1864,powell_maclay_drew freeman_freeman_drew,"[764, 826, 943]",1726,powell_maclay_macfarland_maclay middle_powell high,826,drew freeman_freeman_drew_mod_freeman middle,0.9904979131693668
1863,montessori_program_great_school_teachers,"[0, 1, 3, 4, 5, 6, 7, 9, 10, 11, 12, 13, 14, 15, 16, 17, 18, 19, 20, 21, 23, 24, 25, 26, 27, 28, 29, 30, 31, 32, 34, 35, 36, 37, 39, 40, 43, 44, 46, 47, 49, 50, 53, 58, 59, 60, 61, 62, 63, 65, 66, 67, 69, 70, 72, 73, 74, 75, 76, 78, 79, 80, 81, 83, 84, 85, 86, 87, 88, 89, 91, 92, 93, 94, 95, 96, 100, 101, 102, 103, 104, 105, 106, 107, 108, 110, 112, 114, 115, 116, 119, 120, 122, 123, 124, 126, 130, 132, 133, 134, 136, 138, 139, 140, 142, 143, 145, 146, 147, 148, 149, 150, 153, 157, 159, 160, 161, 162, 163, 164, 165, 168, 170, 171, 172, 173, 174, 175, 176, 177, 178, 179, 180, 181, 182, 183, 184, 186, 187, 189, 192, 193, 194, 196, 197, 200, 202, 205, 208, 210, 211, 213, 216, 217, 218, 220, 221, 222, 223, 224, 227, 228, 229, 230, 231, 232, 236, 238, 239, 240, 243, 246, 247, 248, 249, 250, 251, 253, 254, 255, 257, 258, 260, 261, 262, 263, 265, 266, 269, 270, 273, 274, 278, 279, 280, 281, 282, 284, 285, 289, 290, 292, 293, 295, 296, 301, 302, 303, 304, 306, 307, 308, 310, 311, 312, 313, 314, 315, 317, 319, 320, 321, 323, 324, 326, 327, 329, 331, 334, 337, 338, 339, 340, 342, 345, 349, 352, 353, 356, 359, 363, 365, 366, 367, 368, 370, 372, 374, 377, 378, 379, 381, 382, 383, 386, 390, 391, 392, 393, 394, 395, 397, 398, 399, 400, 402, 403, 404, 405, 406, 407, 409, 410, 412, 414, 415, 417, 418, 421, 423, 427, 428, 430, 432, 433, 434, 436, 437, 439, 440, 442, 443, 445, 446, 451, 452, 455, 456, 459, 462, 463, 467, 468, 469, 470, 474, 475, 477, 479, 480, 482, 483, 487, 488, 489, 490, 492, 494, 497, 500, 501, 503, 504, 505, 510, 511, 514, 515, 517, 518, 519, 521, 523, 524, 525, 527, 528, 531, 532, 536, 538, 540, 542, 546, 550, 551, 552, 554, 555, 556, 558, 559, 560, 561, 562, 564, 565, 566, 570, 576, 580, 581, 582, 587, 589, 590, 592, 593, 596, 603, 608, 616, 617, 620, 625, 626, 629, 631, 635, 637, 639, 640, 642, 643, 644, 645, 647, 648, 650, 653, 656, 667, 668, 672, 674, 684, 686, 690, 696, 704, 707, 710, 714, 721, 722, 724, 728, 730, 732, 739, 742, 743, 747, 749, 754, 756, 759, 760, 766, 767, 769, 770, 771, 774, 776, 777, 779, 784, 785, 789, 793, 794, 795, 796, 800, 822, 824, 825, 827, 828, 833, 835, 842, 846, 847, 853, 855, 862, 863, 868, 874, 876, 877, 878, 881, 882, 893, 906, 907, 909, 915, 917, 922, 925, 930, 934, 937]",1855,montessori_program_great_school_teachers,1353,webb_boarding_boarding school_webb school_boarding student,0.990469465829485
1862,carden_walden_wilson_gateway_woodland,"[141, 207, 226, 244, 245, 264, 294, 305, 355, 358, 385, 387, 408, 424, 429, 461, 471, 493, 508, 534, 537, 547, 548, 549, 573, 574, 575, 586, 602, 604, 630, 654, 662, 670, 676, 677, 678, 680, 681, 689, 706, 708, 711, 719, 720, 725, 731, 733, 734, 741, 751, 753, 765, 772, 773, 778, 780, 792, 803, 804, 823, 834, 857, 890, 897, 901, 902, 910, 918, 920, 928, 931, 936, 941]",1832,carden_walden_wilson_gateway_woodland,1857,wildwood_laguna_rogers_williams_southwest,0.990261914724851
1861,summit_sacred_sacred heart_south_heart,"[97, 99, 121, 158, 199, 212, 234, 256, 259, 275, 332, 333, 344, 348, 354, 357, 362, 371, 380, 401, 422, 435, 438, 448, 449, 476, 485, 491, 495, 496, 502, 512, 513, 529, 539, 569, 571, 572, 595, 598, 600, 606, 607, 614, 615, 621, 627, 649, 651, 682, 683, 688, 697, 700, 726, 736, 740, 752, 762, 788, 797, 805, 811, 818, 829, 832, 836, 838, 840, 841, 848, 850, 851, 856, 858, 860, 864, 894, 895, 900, 905, 912, 929, 938, 945, 950]",1854,summit_sacred_sacred heart_heart_shepherd,1844,south_louis_st louis_garfield_santa,0.9900360104272826
1860,columbia_fra_galloway_tma_wesley,"[375, 450, 557, 636, 685, 745, 791, 815, 816, 854, 887, 921, 924, 949]",1843,columbia_shiloh_landmark_harding_ems,1849,fra_galloway_tma_wesley_valor,0.9900174058107938
1859,lake_parking_lakeview_bus_traffic,"[42, 48, 346, 350, 351, 509, 526, 701, 702, 713, 758, 798, 812, 839, 852, 884, 896, 903, 940]",903,lasalle_lasalle ii_ii_love lasalle_school lasalle,1842,lake_parking_lakeview_bus_traffic,0.9899536679501714
1858,st john_john_davis_muir_st,"[111, 252, 543, 597, 652, 790, 843]",790,harelson_harelson harelson_heinemann_harelson teachers_harelson school,1765,st john_john_davis_muir_st,0.9899508936272938
1857,wildwood_laguna_rogers_williams_southwest,"[573, 662, 689, 711, 772, 804, 857, 890, 897, 901, 918]",1834,wildwood_laguna_rogers_williams_southwest,918,meridian_meridian elementary_love meridian_meridian district_education meridian,0.9899405591705004
1856,worst_worst school_horrible_terrible_send,"[8, 51, 52, 55, 118, 166, 185, 341, 376, 388, 473, 588, 594, 693, 735, 748]",1682,worst school_worst_horrible_terrible_horrible school,1667,send_send child_homeschool_homeschooling_dog,0.9896815851524846
1855,montessori_program_great_school_teachers,"[0, 1, 3, 4, 5, 6, 7, 9, 10, 11, 12, 13, 14, 15, 16, 17, 18, 19, 20, 21, 23, 24, 25, 26, 27, 28, 29, 30, 31, 32, 34, 35, 36, 37, 39, 40, 43, 44, 46, 47, 49, 50, 53, 58, 59, 60, 61, 62, 63, 65, 66, 67, 69, 70, 72, 73, 74, 75, 76, 78, 79, 80, 81, 83, 84, 85, 86, 87, 88, 89, 91, 92, 93, 94, 95, 96, 100, 101, 102, 103, 104, 105, 106, 107, 108, 110, 112, 114, 115, 116, 119, 120, 122, 123, 124, 126, 130, 132, 133, 134, 136, 138, 139, 140, 142, 143, 145, 146, 147, 148, 149, 150, 153, 157, 159, 160, 161, 162, 163, 164, 165, 168, 170, 171, 172, 173, 174, 175, 176, 177, 178, 179, 180, 181, 182, 183, 184, 186, 187, 189, 192, 193, 194, 196, 197, 200, 202, 205, 208, 210, 211, 213, 216, 217, 218, 220, 221, 222, 223, 224, 227, 228, 229, 230, 231, 232, 236, 238, 239, 240, 243, 246, 247, 248, 249, 250, 251, 253, 254, 255, 257, 258, 260, 261, 262, 263, 265, 266, 269, 270, 273, 274, 278, 279, 280, 281, 282, 284, 285, 289, 290, 292, 293, 295, 296, 301, 302, 303, 304, 306, 307, 308, 310, 311, 312, 313, 314, 315, 317, 319, 320, 321, 323, 324, 326, 327, 329, 331, 334, 337, 338, 339, 340, 342, 345, 349, 352, 353, 356, 359, 363, 365, 366, 367, 368, 370, 372, 374, 377, 378, 379, 381, 382, 383, 386, 390, 391, 392, 393, 394, 395, 397, 398, 399, 400, 402, 403, 404, 405, 406, 407, 409, 410, 412, 414, 415, 417, 418, 421, 423, 427, 428, 430, 432, 433, 434, 436, 437, 439, 440, 442, 443, 445, 446, 451, 452, 455, 456, 459, 462, 463, 467, 468, 469, 470, 474, 475, 477, 479, 480, 482, 483, 487, 488, 489, 490, 492, 494, 497, 500, 501, 503, 504, 505, 510, 511, 514, 515, 517, 518, 519, 521, 523, 524, 525, 527, 528, 531, 532, 536, 538, 540, 542, 546, 550, 551, 552, 554, 555, 556, 558, 559, 560, 561, 562, 564, 565, 566, 570, 576, 580, 581, 582, 587, 589, 590, 592, 593, 596, 603, 608, 616, 617, 620, 625, 626, 629, 631, 635, 637, 639, 640, 642, 643, 644, 645, 647, 648, 650, 653, 656, 667, 668, 672, 674, 684, 686, 690, 696, 704, 707, 710, 714, 721, 722, 724, 728, 730, 739, 742, 743, 747, 749, 754, 756, 759, 766, 767, 769, 770, 771, 774, 776, 777, 779, 784, 785, 789, 793, 794, 795, 796, 800, 822, 824, 825, 827, 828, 833, 835, 842, 846, 847, 853, 855, 862, 863, 868, 874, 876, 877, 878, 881, 882, 893, 906, 907, 909, 915, 917, 922, 925, 930, 934, 937]",1549,barnabas_st barnabas_kincaid_calabash_calabasas,1848,montessori_program_great_school_teachers,0.9895468088110446
1854,summit_sacred_sacred heart_heart_shepherd,"[97, 121, 199, 212, 234, 256, 259, 333, 344, 348, 354, 362, 371, 401, 422, 438, 448, 476, 495, 496, 502, 512, 513, 529, 569, 571, 572, 595, 598, 600, 606, 614, 615, 621, 627, 649, 651, 688, 736, 740, 762, 788, 797, 805, 818, 832, 838, 840, 841, 848, 850, 851, 856, 858, 860, 864, 894, 900, 905, 912, 929, 945, 950]",1821,ahs_sherwood_belmont_oxbow_ashland,1837,summit_sacred_sacred heart_heart_shepherd,0.9894825710709589
1853,christian_christian school_cca_christ_ccs,"[2, 22, 57, 71, 113, 128, 131, 151, 155, 206, 209, 219, 235, 277, 300, 384, 419, 458, 499, 516, 541, 583, 618, 624, 634, 641, 659, 666, 669, 695, 763, 802, 830, 831, 861, 866, 873, 888, 892, 904, 908, 916, 927]",1835,christian_christian school_cca_christ_ccs,916,troy_troy center_troy high_school troy_troy elementary,0.9893828777066181
1852,homestead_conserve_conserve school_woodstock_woodstock elementary,"[810, 948]",948,homestead_homestead school_love homestead_homestead elementary_staff homestead,810,conserve_conserve school_woodstock_woodstock elementary_semester,0.9893736788795574
1851,winston_shelton_doral_da vinci_vinci,"[632, 663, 808, 871, 885, 899, 913]",1807,shelton_doral_da vinci_vinci_da,1694,winston_churchill_soar_winston school_sota,0.9893358459260386
1850,trinity_mary_st mary_holy_lutheran,"[41, 68, 77, 82, 90, 154, 191, 203, 233, 268, 271, 276, 286, 291, 297, 298, 309, 316, 318, 336, 361, 364, 389, 420, 425, 431, 441, 447, 457, 464, 465, 478, 484, 507, 520, 522, 530, 544, 568, 579, 584, 585, 605, 609, 610, 613, 619, 628, 633, 638, 646, 655, 657, 671, 675, 679, 709, 761, 781, 786, 787, 806, 807, 814, 844, 849, 879, 911, 923, 939]",1095,ann_st ann_arbor_ann school_arborland,1831,trinity_mary_st mary_holy_lutheran,0.989327245201872
1849,fra_galloway_tma_wesley_valor,"[557, 636, 745, 816, 921, 924, 949]",1438,fra_panthers_panther_panther run_started fra,1829,galloway_tma_wesley_valor_browne,0.9890710156994517
1848,montessori_program_great_school_teachers,"[0, 1, 3, 4, 5, 6, 7, 9, 10, 11, 12, 13, 14, 15, 16, 17, 18, 19, 20, 21, 23, 24, 25, 26, 27, 28, 29, 30, 31, 32, 34, 35, 36, 37, 39, 40, 43, 44, 46, 47, 49, 50, 53, 58, 59, 60, 61, 62, 63, 65, 66, 67, 69, 70, 72, 73, 74, 75, 76, 78, 79, 80, 81, 83, 84, 85, 86, 87, 88, 89, 91, 92, 93, 94, 95, 96, 100, 101, 102, 103, 104, 105, 106, 107, 108, 110, 112, 114, 115, 116, 119, 120, 122, 123, 124, 126, 130, 132, 133, 134, 136, 138, 139, 140, 142, 143, 145, 146, 147, 148, 149, 150, 153, 157, 159, 160, 161, 162, 163, 164, 165, 168, 170, 171, 172, 173, 174, 175, 176, 177, 178, 179, 180, 181, 182, 183, 184, 186, 187, 189, 192, 193, 194, 196, 197, 200, 202, 205, 208, 210, 211, 213, 216, 217, 218, 220, 221, 222, 223, 224, 227, 228, 229, 230, 231, 232, 236, 238, 239, 240, 243, 246, 247, 248, 249, 250, 251, 253, 254, 255, 257, 258, 260, 261, 262, 263, 265, 266, 269, 270, 273, 274, 278, 279, 280, 281, 282, 284, 285, 289, 290, 292, 293, 295, 296, 301, 302, 303, 304, 306, 307, 308, 310, 311, 312, 313, 314, 315, 317, 319, 320, 321, 323, 324, 326, 327, 329, 331, 334, 337, 338, 339, 340, 342, 345, 349, 352, 353, 356, 359, 363, 365, 366, 367, 368, 370, 372, 374, 377, 378, 379, 381, 382, 383, 386, 390, 391, 392, 393, 394, 395, 397, 398, 399, 400, 402, 403, 404, 405, 406, 407, 409, 410, 412, 414, 415, 417, 418, 421, 423, 427, 428, 430, 432, 433, 434, 436, 437, 439, 440, 442, 443, 445, 446, 451, 452, 455, 456, 459, 462, 463, 467, 468, 469, 470, 474, 475, 477, 479, 480, 482, 483, 487, 488, 489, 490, 492, 494, 497, 500, 501, 503, 504, 505, 510, 511, 514, 515, 517, 518, 519, 521, 523, 524, 525, 527, 528, 531, 532, 536, 538, 540, 542, 546, 550, 551, 552, 554, 555, 556, 558, 559, 560, 561, 562, 564, 565, 566, 570, 576, 580, 581, 582, 587, 589, 590, 592, 593, 596, 603, 608, 616, 617, 620, 625, 626, 629, 631, 635, 637, 639, 640, 642, 643, 644, 645, 647, 648, 650, 653, 656, 667, 668, 672, 674, 684, 686, 690, 696, 704, 707, 710, 714, 721, 722, 724, 728, 730, 739, 742, 743, 747, 749, 754, 756, 759, 766, 767, 769, 770, 771, 774, 776, 777, 779, 784, 785, 789, 794, 795, 796, 800, 822, 824, 825, 827, 828, 833, 835, 842, 846, 847, 853, 855, 862, 863, 868, 874, 876, 877, 878, 881, 882, 893, 906, 907, 909, 915, 922, 925, 930, 934, 937]",1836,rose_st rose_corpus_windsor_corpus christi,1846,montessori_program_great_school_teachers,0.9890315366133712
1847,st mark_mark_sheridan_westgate_twain,"[198, 535, 623, 744, 775, 783, 801]",1823,westgate_skyline_walton_504_504 plan,1499,st mark_mark_sheridan_twain_st marks,0.9890231246878263
1846,montessori_program_great_school_teachers,"[0, 1, 3, 4, 5, 6, 7, 9, 10, 11, 12, 13, 14, 15, 16, 17, 18, 19, 20, 21, 23, 24, 25, 26, 27, 28, 29, 30, 31, 32, 34, 35, 36, 37, 39, 40, 43, 44, 46, 47, 49, 50, 53, 58, 59, 60, 61, 62, 63, 65, 66, 67, 69, 70, 72, 73, 74, 75, 76, 78, 79, 80, 81, 83, 84, 85, 86, 87, 88, 89, 91, 92, 93, 94, 95, 96, 100, 101, 102, 103, 104, 105, 106, 107, 108, 110, 112, 114, 115, 116, 119, 120, 122, 123, 124, 126, 130, 132, 133, 134, 136, 138, 139, 140, 142, 143, 145, 146, 147, 148, 149, 150, 153, 157, 159, 160, 161, 162, 163, 164, 165, 168, 170, 171, 172, 173, 174, 175, 176, 177, 178, 179, 180, 181, 182, 183, 184, 186, 187, 189, 192, 193, 194, 196, 197, 200, 202, 205, 208, 210, 211, 213, 216, 217, 218, 220, 221, 222, 223, 224, 227, 228, 229, 230, 231, 232, 236, 238, 239, 240, 243, 246, 247, 248, 249, 250, 251, 253, 254, 255, 257, 258, 260, 261, 262, 263, 265, 266, 269, 270, 273, 274, 278, 279, 280, 281, 282, 284, 285, 289, 290, 292, 293, 295, 296, 301, 302, 303, 304, 306, 307, 308, 310, 311, 312, 313, 314, 315, 317, 319, 320, 321, 323, 324, 326, 327, 329, 331, 334, 337, 338, 339, 340, 342, 345, 349, 352, 353, 356, 359, 363, 365, 366, 367, 368, 370, 372, 374, 377, 378, 379, 381, 382, 383, 386, 390, 391, 392, 393, 394, 395, 397, 398, 399, 400, 402, 403, 404, 405, 406, 407, 409, 410, 412, 414, 417, 418, 421, 423, 427, 428, 430, 432, 433, 434, 436, 437, 439, 440, 442, 443, 445, 446, 451, 452, 455, 456, 459, 462, 463, 467, 468, 469, 470, 474, 475, 477, 479, 480, 482, 483, 487, 488, 489, 490, 492, 494, 497, 500, 501, 503, 504, 505, 510, 511, 514, 515, 517, 518, 519, 521, 523, 524, 525, 527, 528, 531, 532, 536, 538, 540, 542, 546, 550, 551, 552, 554, 555, 556, 558, 559, 560, 561, 562, 564, 565, 566, 570, 576, 580, 581, 582, 587, 589, 590, 592, 593, 596, 603, 608, 616, 617, 620, 625, 626, 629, 631, 635, 637, 639, 640, 642, 643, 644, 645, 647, 648, 650, 653, 656, 667, 668, 672, 674, 684, 686, 690, 696, 704, 707, 710, 714, 721, 722, 724, 728, 730, 739, 742, 747, 749, 754, 756, 759, 766, 767, 769, 770, 774, 776, 777, 779, 784, 785, 789, 794, 796, 800, 822, 824, 825, 827, 828, 833, 835, 842, 846, 847, 853, 855, 862, 863, 868, 874, 876, 877, 878, 881, 882, 906, 907, 909, 915, 922, 925, 930, 934, 937]",1833,creek_veritas_emerson_hill_lowell,1824,montessori_program_great_school_teachers,0.9888962125736579
1845,improvement_improvements_room improvement_changes_school improved,"[195, 687, 712, 817, 870]",1551,improvement_room improvement_improvements_changes_school improved,1075,happy school_happy_school happy_extremely happy_happy education,0.988847185485008
1844,south_louis_st louis_garfield_santa,"[99, 158, 275, 332, 357, 380, 435, 449, 485, 491, 539, 607, 682, 683, 697, 700, 726, 752, 811, 829, 836, 895, 938]",1830,louis_st louis_garfield_santa_stevenson,1841,south_anza_fulton_shore_pointe,0.988791799781528
1843,columbia_shiloh_landmark_harding_ems,"[375, 450, 685, 791, 815, 854, 887]",1519,shiloh_diploma_accredited_ged_shiloh hills,1825,columbia_landmark_harding_ems_memphis,0.9886504122925611
1842,lake_parking_lakeview_bus_traffic,"[42, 48, 346, 350, 351, 509, 526, 701, 702, 713, 758, 798, 812, 839, 852, 884, 896, 940]",1813,lake_parking_lakeview_bus_traffic,1802,caldwell_cox_morris_caldwell academy_morristown,0.9886336441991759
1841,south_anza_fulton_shore_pointe,"[99, 539, 682, 683, 697, 700, 829, 938]",1704,south_fulton_shore_pointe_south pointe,539,anza_juan anza_juan_anza great_anza elementary,0.9885973762223379
1840,miami_coral_hampton_dade_greenville,"[188, 411, 612, 926, 942]",1467,hampton_greenville_greenville middle_new hampton_middle academy,1513,miami_coral_dade_palmetto_school miami,0.9885396485493246
1839,taft_milford_deaf_hearing_deaf hard,"[665, 698, 947]",947,milford_milford elementary_milford academy_attending milford_children milford,1374,taft_deaf_hearing_deaf hard_hard hearing,0.9885124727420213
1838,west_westside_daycare_winthrop_imagine,"[45, 109, 144, 214, 347, 413, 444, 486, 498, 577, 578, 699, 946]",1808,west_westside_daycare_imagine_goddard,1755,winthrop_experience_great experience_experience school_winthrop charter,0.9884131114025104
1837,summit_sacred_sacred heart_heart_shepherd,"[97, 121, 199, 212, 234, 256, 259, 333, 344, 348, 354, 362, 401, 422, 438, 448, 476, 495, 496, 502, 512, 513, 529, 569, 571, 572, 595, 598, 600, 606, 614, 615, 621, 627, 649, 651, 688, 736, 740, 762, 788, 797, 818, 832, 838, 840, 848, 850, 851, 856, 858, 860, 864, 894, 905, 912, 929, 945, 950]",1827,rancho_sunset_aspen_grandview_sierra,1819,summit_sacred_sacred heart_shepherd_heart,0.988410279239412
1836,rose_st rose_corpus_windsor_corpus christi,"[415, 743, 771, 795, 893]",1756,rose_st rose_norwood_rosemont_rose school,1751,corpus_windsor_corpus christi_christi_windsor village,0.9883842053381534
1835,christian_christian school_cca_christ_ccs,"[2, 22, 57, 71, 113, 128, 131, 151, 155, 206, 209, 219, 235, 277, 300, 384, 419, 458, 499, 516, 541, 583, 618, 624, 634, 641, 659, 666, 669, 695, 763, 802, 830, 831, 861, 866, 873, 888, 892, 904, 908, 927]",1817,christian_christian school_cca_christ_ccs,1803,cms_central_camden_cypress_brown,0.9882912466147884
1834,wildwood_laguna_rogers_williams_southwest,"[573, 662, 689, 711, 772, 804, 857, 890, 897, 901]",1776,southwest_patterson_mlk_southwestern_patterson elementary,1794,wildwood_laguna_rogers_williams_maury,0.9882477870237407
1833,creek_veritas_emerson_hill_lowell,"[36, 149, 180, 217, 243, 248, 254, 255, 260, 285, 289, 293, 342, 370, 395, 399, 405, 407, 430, 437, 459, 477, 482, 483, 492, 503, 519, 525, 532, 538, 561, 565, 570, 580, 582, 587, 590, 593, 596, 603, 608, 617, 629, 635, 648, 704, 721, 722, 724, 728, 767, 769, 770, 776, 777, 784, 785, 822, 835, 842, 847, 862, 909, 922, 930]",1818,veritas_emerson_lowell_laurel_challenger,1811,creek_brookfield_willow_hill_walnut,0.9882265932135978
1832,carden_walden_wilson_gateway_woodland,"[141, 207, 226, 244, 245, 264, 294, 305, 355, 358, 385, 387, 408, 424, 429, 461, 471, 493, 508, 534, 537, 547, 548, 549, 574, 575, 586, 602, 604, 630, 654, 670, 676, 677, 678, 680, 681, 706, 708, 719, 720, 725, 731, 733, 734, 741, 751, 753, 765, 773, 778, 780, 792, 803, 823, 834, 902, 910, 920, 928, 931, 936, 941]",1820,woodland_avalon_nova_virtual_eisenhower,1793,carden_walden_wilson_gateway_carver,0.988194991527539
1831,trinity_mary_st mary_holy_lutheran,"[41, 68, 77, 82, 90, 154, 191, 203, 233, 268, 271, 276, 286, 291, 297, 298, 309, 316, 318, 336, 361, 364, 389, 420, 431, 441, 447, 457, 464, 465, 478, 484, 507, 520, 522, 530, 568, 579, 584, 585, 605, 609, 610, 613, 619, 628, 633, 638, 646, 655, 657, 671, 675, 679, 709, 761, 781, 786, 787, 806, 807, 814, 844, 849, 879, 911, 923, 939]",1822,trinity_holy_lutheran_grace_lutheran school,1812,mary_st mary_st_mary school_blessed sacrament,0.9881511644143189
1830,louis_st louis_garfield_santa_stevenson,"[158, 275, 332, 357, 380, 435, 449, 485, 491, 607, 726, 752, 811, 836, 895]",811,russell_russellville_russell elementary_russellville high_russellville middle,1826,louis_st louis_garfield_santa_stevenson,0.9881312638357609
1829,galloway_tma_wesley_valor_browne,"[636, 745, 816, 924, 949]",1815,galloway_tma_wesley_browne_wesley academy,949,valor_valor hall_valor academy_valor christian_experience valor,0.9880202093462075
1828,desert_best school_dva_county_best,"[117, 127, 190, 237, 373, 757, 859, 886]",1088,desert_dva_desert view_desert heights_yuma,1681,best school_county_best_school best_philadelphia,0.9879584534849731
1827,rancho_sunset_aspen_grandview_sierra,"[199, 333, 354, 362, 401, 422, 438, 448, 476, 496, 512, 529, 569, 571, 595, 598, 600, 606, 621, 627, 649, 688, 736, 788, 797, 818, 832, 838, 848, 850, 856, 860, 864, 912, 945, 950]",1816,rancho_grandview_sierra_verde_el,1809,sunset_aspen_howard_henry_brookside,0.9879563496817216
1826,louis_st louis_garfield_santa_stevenson,"[158, 275, 332, 357, 380, 435, 449, 485, 491, 607, 726, 752, 836, 895]",1761,skyview_coronado_fremont_becker_falcon,1806,louis_st louis_garfield_santa_stevenson,0.9878408046940075
1825,columbia_landmark_harding_ems_memphis,"[450, 685, 815, 854, 887]",1739,columbia_landmark_ems_columbia academy_landmark academy,1482,harding_memphis_ezell_ezell harding_harding academy,0.9877249600819237
1824,montessori_program_great_school_teachers,"[0, 1, 3, 4, 5, 6, 7, 9, 10, 11, 12, 13, 14, 15, 16, 17, 18, 19, 20, 21, 23, 24, 25, 26, 27, 28, 29, 30, 31, 32, 34, 35, 37, 39, 40, 43, 44, 46, 47, 49, 50, 53, 58, 59, 60, 61, 62, 63, 65, 66, 67, 69, 70, 72, 73, 74, 75, 76, 78, 79, 80, 81, 83, 84, 85, 86, 87, 88, 89, 91, 92, 93, 94, 95, 96, 100, 101, 102, 103, 104, 105, 106, 107, 108, 110, 112, 114, 115, 116, 119, 120, 122, 123, 124, 126, 130, 132, 133, 134, 136, 138, 139, 140, 142, 143, 145, 146, 147, 148, 150, 153, 157, 159, 160, 161, 162, 163, 164, 165, 168, 170, 171, 172, 173, 174, 175, 176, 177, 178, 179, 181, 182, 183, 184, 186, 187, 189, 192, 193, 194, 196, 197, 200, 202, 205, 208, 210, 211, 213, 216, 218, 220, 221, 222, 223, 224, 227, 228, 229, 230, 231, 232, 236, 238, 239, 240, 246, 247, 249, 250, 251, 253, 257, 258, 261, 262, 263, 265, 266, 269, 270, 273, 274, 278, 279, 280, 281, 282, 284, 290, 292, 295, 296, 301, 302, 303, 304, 306, 307, 308, 310, 311, 312, 313, 314, 315, 317, 319, 320, 321, 323, 324, 326, 327, 329, 331, 334, 337, 338, 339, 340, 345, 349, 352, 353, 356, 359, 363, 365, 366, 367, 368, 372, 374, 377, 378, 379, 381, 382, 383, 386, 390, 391, 392, 393, 394, 397, 398, 400, 402, 403, 404, 406, 409, 410, 412, 414, 417, 418, 421, 423, 427, 428, 432, 433, 434, 436, 439, 440, 442, 443, 445, 446, 451, 452, 455, 456, 462, 463, 467, 468, 469, 470, 474, 475, 479, 480, 487, 488, 489, 490, 494, 497, 500, 501, 504, 505, 510, 511, 514, 515, 517, 518, 521, 523, 524, 527, 528, 531, 536, 540, 542, 546, 550, 551, 552, 554, 555, 556, 558, 559, 560, 562, 564, 566, 576, 581, 589, 592, 616, 620, 625, 626, 631, 637, 639, 640, 642, 643, 644, 645, 647, 650, 653, 656, 667, 668, 672, 674, 684, 686, 690, 696, 707, 710, 714, 730, 739, 742, 747, 749, 754, 756, 759, 766, 774, 779, 789, 794, 796, 800, 824, 825, 827, 828, 833, 846, 853, 855, 863, 868, 874, 876, 877, 878, 881, 882, 906, 907, 915, 925, 934, 937]",1810,montessori_program_great_school_teachers,1781,cottonwood_rural_utah_elkhorn_rural school,0.9876399062628987
1823,westgate_skyline_walton_504_504 plan,"[623, 775, 783, 801]",783,skyline_school skyline_skyline high_skyline ranch_skyline great,1805,westgate_walton_504_504 plan_plan,0.9874939507476477
1822,trinity_holy_lutheran_grace_lutheran school,"[68, 77, 82, 90, 154, 191, 203, 233, 268, 271, 276, 286, 291, 297, 298, 309, 316, 318, 336, 361, 364, 389, 420, 431, 457, 464, 465, 478, 484, 507, 530, 568, 579, 584, 585, 609, 610, 613, 619, 638, 646, 655, 671, 675, 679, 709, 786, 787, 807, 814, 844, 849, 879, 911, 923, 939]",1749,grace_lutheran_lutheran school_salem_zion,1798,trinity_holy_pius_villa_holy family,0.9874595193111936
1821,ahs_sherwood_belmont_oxbow_ashland,"[371, 805, 841, 900]",805,sherwood_love sherwood_sherwood elementary_sherwood great_sherwood teachers,1730,ahs_belmont_oxbow_ashland_ahcs,0.9874066084478289
1820,woodland_avalon_nova_virtual_eisenhower,"[207, 294, 355, 387, 429, 471, 493, 508, 534, 547, 548, 575, 602, 604, 630, 680, 681, 706, 719, 720, 725, 731, 751, 792, 936, 941]",548,avalon_avalon school_school avalon_project_avalon elementary,1795,woodland_nova_virtual_eisenhower_orchard,0.9873686483569811
1819,summit_sacred_sacred heart_shepherd_heart,"[97, 121, 212, 234, 256, 259, 344, 348, 495, 502, 513, 572, 614, 615, 651, 740, 762, 840, 851, 858, 894, 905, 929]",1800,summit_sacred_sacred heart_shepherd_heart,1789,marshall_ranch_san_tag_cleveland,0.9873466346448632
1818,veritas_emerson_lowell_laurel_challenger,"[180, 217, 248, 254, 260, 285, 289, 293, 342, 370, 399, 407, 437, 459, 477, 482, 483, 503, 519, 525, 532, 538, 561, 565, 570, 580, 587, 590, 593, 596, 603, 617, 629, 635, 648, 704, 721, 722, 724, 728, 769, 776, 777, 784, 785, 822, 842, 847, 862, 909, 922, 930]",1760,webster_hudson_dekalb_fernbank_dekalb county,1801,veritas_emerson_lowell_laurel_challenger,0.9872639857593546
1817,christian_christian school_cca_christ_ccs,"[2, 22, 57, 71, 128, 131, 151, 155, 219, 235, 277, 300, 419, 541, 659, 666, 669, 695, 763, 802, 861, 888, 892, 904, 908]",904,westfield_westfield friends_westfield school_recommend westfield_children westfield,1799,christian_christian school_cca_christ_ccs,0.9872586942066911
1816,rancho_grandview_sierra_verde_el,"[354, 401, 529, 595, 598, 649, 688, 788, 838, 945, 950]",1785,grandview_robinson_topeka_bellevue_hamlin,1628,rancho_sierra_verde_el_paso,0.9871737321311804
1815,galloway_tma_wesley_browne_wesley academy,"[636, 745, 816, 924]",1804,galloway_tma_galloway school_love tma_experience tma,1783,wesley_browne_wesley academy_browne academy_brownell,0.9871483422972167
1814,lice_rude_office_food_office staff,"[56, 98, 169, 242, 287, 343, 454, 553, 694, 716, 737, 809, 872, 951]",1673,rude_office_office staff_poor_desk,1614,lice_food_lunch_eat_head lice,0.987138113891108
1813,lake_parking_lakeview_bus_traffic,"[42, 48, 346, 350, 351, 509, 526, 701, 713, 758, 798, 812, 839, 884, 940]",1797,lake_parking_lakeview_bus_traffic,1695,seminole_fletcher_fcat_kemp_fcat scores,0.9870926075421728
1812,mary_st mary_st_mary school_blessed sacrament,"[41, 441, 447, 520, 522, 605, 628, 633, 657, 761, 781, 806]",1768,canterbury_mason_george_st george_ascension,1786,mary_st mary_st_mary school_blessed sacrament,0.9869894210871137
1811,creek_brookfield_willow_hill_walnut,"[36, 149, 243, 255, 395, 405, 430, 492, 582, 608, 767, 770, 835]",1782,hyde_sunrise_bronx_hyde park_addison,1764,creek_brookfield_willow_walnut_hill,0.9869702352277827
1810,montessori_program_great_school_teachers,"[0, 1, 3, 4, 5, 6, 7, 9, 10, 11, 12, 13, 14, 15, 16, 17, 18, 19, 20, 21, 23, 24, 25, 26, 27, 28, 29, 30, 31, 32, 34, 35, 37, 39, 40, 43, 44, 46, 47, 49, 50, 53, 58, 59, 60, 61, 62, 63, 65, 66, 67, 69, 70, 72, 73, 74, 75, 76, 78, 79, 80, 81, 83, 84, 85, 86, 87, 88, 89, 91, 92, 93, 94, 95, 96, 100, 101, 102, 103, 104, 105, 106, 107, 108, 110, 112, 114, 115, 116, 119, 120, 122, 123, 124, 126, 130, 132, 133, 134, 136, 138, 139, 140, 142, 143, 145, 146, 147, 148, 150, 153, 157, 159, 160, 161, 162, 163, 164, 165, 168, 170, 171, 172, 173, 174, 175, 176, 177, 178, 179, 181, 182, 183, 184, 186, 187, 189, 192, 193, 194, 196, 197, 200, 202, 205, 208, 210, 211, 213, 216, 218, 220, 221, 222, 223, 224, 227, 228, 229, 230, 231, 232, 236, 238, 239, 240, 246, 247, 249, 250, 251, 253, 257, 258, 261, 262, 263, 265, 266, 269, 270, 273, 274, 278, 279, 280, 281, 282, 284, 290, 292, 295, 296, 301, 302, 303, 304, 306, 307, 308, 310, 311, 312, 313, 314, 315, 317, 319, 320, 321, 323, 324, 326, 327, 329, 331, 334, 337, 338, 339, 340, 345, 349, 352, 353, 356, 359, 363, 365, 366, 367, 368, 372, 374, 377, 378, 379, 381, 382, 383, 386, 390, 391, 392, 393, 394, 397, 398, 400, 402, 403, 404, 406, 409, 410, 412, 414, 417, 418, 421, 423, 427, 428, 432, 433, 434, 436, 439, 440, 442, 443, 445, 446, 451, 452, 455, 456, 462, 463, 467, 468, 469, 470, 474, 475, 479, 480, 487, 488, 489, 490, 494, 497, 500, 501, 504, 505, 510, 511, 514, 515, 517, 518, 521, 523, 524, 527, 528, 531, 536, 540, 542, 546, 550, 551, 552, 554, 555, 556, 558, 559, 560, 562, 564, 566, 576, 581, 589, 592, 616, 620, 625, 626, 631, 637, 639, 640, 642, 643, 644, 645, 647, 650, 653, 656, 668, 672, 674, 684, 686, 690, 696, 707, 710, 714, 730, 739, 742, 747, 749, 754, 756, 759, 774, 779, 789, 794, 796, 800, 824, 825, 827, 828, 833, 846, 855, 863, 868, 874, 876, 877, 878, 881, 882, 906, 907, 915, 925, 934]",1796,highland_cambridge_small_sizes_king,1788,montessori_program_great_school_teachers,0.9869352371615269
1809,sunset_aspen_howard_henry_brookside,"[199, 333, 362, 422, 438, 448, 476, 496, 512, 569, 571, 600, 606, 621, 627, 736, 797, 818, 832, 848, 850, 856, 860, 864, 912]",1779,sunset_aspen_henry_brookside_longfellow,1784,howard_cumberland_seneca_andrews_fayetteville,0.9869171104379335
1808,west_westside_daycare_imagine_goddard,"[45, 214, 444, 498, 577, 578, 699]",1394,daycare_goddard_goddard school_day care_infant,1431,west_westside_imagine_westview_gilbert,0.9868225822944934
1807,shelton_doral_da vinci_vinci_da,"[663, 808, 871, 885, 913]",1507,shelton_gt_gt program_shelton academy_gta,1716,doral_da vinci_vinci_da_dallas,0.9867344451408413
1806,louis_st louis_garfield_santa_stevenson,"[158, 275, 332, 357, 435, 449, 491, 607, 895]",1733,garfield_santa_rosa_santa fe_fe,1387,louis_st louis_stevenson_st_louis school,0.9866125366719806
1805,westgate_walton_504_504 plan_plan,"[623, 775, 801]",801,walton_experience walton_walton high_school walton_cobb,1593,westgate_504_504 plan_plan_year westgate,0.986590982173143
1804,galloway_tma_galloway school_love tma_experience tma,"[636, 816]",636,tma_love tma_experience tma_tma truly_master academy,816,galloway_galloway school_year galloway_galloway teachers_like galloway,0.986579087348789
1803,cms_central_camden_cypress_brown,"[113, 206, 209, 384, 458, 499, 516, 583, 618, 624, 634, 641, 830, 831, 866, 873, 927]",1790,cms_central_camden_cypress_brown,1723,northwood_bethesda_nhs_whitman_zeta,0.9865746224299372
1802,caldwell_cox_morris_caldwell academy_morristown,"[702, 852, 896]",1622,caldwell_morris_caldwell academy_morristown_dp morris,852,cox_cox elementary_leona cox_leona_love cox,0.9865431308351975
1801,veritas_emerson_lowell_laurel_challenger,"[180, 217, 248, 254, 260, 285, 289, 293, 342, 370, 399, 407, 437, 459, 477, 482, 483, 503, 519, 525, 532, 538, 561, 565, 570, 580, 587, 593, 596, 603, 617, 629, 635, 648, 704, 721, 722, 724, 728, 769, 776, 777, 784, 822, 847, 862, 922, 930]",1787,veritas_emerson_lowell_laurel_challenger,1792,mount_vernon_calvert_forest_sequoia,0.9865258245279092
1800,summit_sacred_sacred heart_shepherd_heart,"[97, 121, 212, 259, 344, 495, 513, 651, 740, 762, 858, 894, 929]",1712,baldwin_dublin_jones_baldwin prep_experience baldwin,1742,summit_sacred_sacred heart_shepherd_heart,0.9865141167686399
1799,christian_christian school_cca_christ_ccs,"[2, 22, 57, 71, 128, 131, 151, 155, 219, 235, 277, 300, 419, 541, 659, 666, 669, 695, 763, 802, 861, 888, 892, 908]",1724,christian_christian school_cca_christ_ccs,1609,parkway_memorial_omaha_memorial middle_parkway school,0.986375210807322
1798,trinity_holy_pius_villa_holy family,"[68, 90, 154, 191, 203, 268, 276, 286, 291, 297, 298, 309, 316, 318, 364, 389, 420, 431, 457, 464, 465, 484, 530, 579, 584, 585, 610, 613, 619, 638, 646, 655, 671, 679, 786, 787, 807, 814, 849, 911, 923, 939]",1767,trinity_holy_villa_holy family_dame,1777,pius_ics_st pius_nativity_seton,0.9863517280517224
1797,lake_parking_lakeview_bus_traffic,"[42, 48, 346, 350, 351, 509, 526, 701, 713, 812, 839, 884]",884,bowman_apollo_bowman great_bowman middle_school bowman,1732,lake_parking_lakeview_bus_traffic,0.9862493488766092
1796,highland_cambridge_small_sizes_king,"[37, 100, 150, 187, 202, 239, 270, 311, 331, 340, 365, 366, 386, 392, 393, 402, 404, 442, 443, 463, 469, 488, 497, 501, 518, 528, 531, 551, 554, 581, 620, 631, 642, 644, 645, 650, 690, 707, 730, 789, 794, 824, 846, 855, 874, 878, 906, 915, 925, 934]",1740,king_ross_christ king_hunter_reed,1780,highland_cambridge_small_sizes_lakeside,0.986178010220128
1795,woodland_nova_virtual_eisenhower_orchard,"[207, 294, 355, 387, 429, 471, 493, 508, 534, 547, 575, 602, 604, 630, 680, 681, 706, 719, 720, 725, 731, 751, 792, 936, 941]",1626,virtual_pa_basis_cyber_peoria,1753,woodland_nova_eisenhower_orchard_parker,0.9861232500012842
1794,wildwood_laguna_rogers_williams_maury,"[573, 662, 689, 772, 804, 890, 901]",1771,wildwood_laguna_rogers_harvard_laguna blanca,1583,williams_maury_marlborough_alexandria_tc,0.9860712437048824
1793,carden_walden_wilson_gateway_carver,"[141, 226, 244, 245, 264, 305, 358, 385, 408, 424, 461, 537, 549, 574, 586, 654, 670, 676, 677, 678, 708, 733, 734, 741, 753, 765, 773, 778, 780, 803, 823, 834, 902, 910, 920, 928, 931]",1778,carden_walden_wilson_gateway_carver,1624,chandler_knox_kg_chandler academy_kga,0.9860219063126097
1792,mount_vernon_calvert_forest_sequoia,"[217, 285, 459, 565, 587, 617, 722, 769, 776, 862, 922, 930]",1773,calvert_forest_redwood_forest hills_cardinal,1757,mount_vernon_sequoia_rocky_butler,0.9859933716532095
1791,claremont_cowan_waller_positive_school positive,"[813, 819, 898, 935]",935,cowan_waller_attended cowan_cowan elementary_cowan children,1734,claremont_positive_school positive_claremont elementary_extremely positive,0.9859311077834201
1790,cms_central_camden_cypress_brown,"[113, 206, 209, 384, 458, 499, 583, 618, 624, 634, 830, 831, 873]",1219,central_gulfport_central elementary_gulf_gulfport high,1758,cms_camden_cypress_brown_cma,0.9858741539784791
1789,marshall_ranch_san_tag_cleveland,"[234, 256, 348, 502, 572, 614, 615, 840, 851, 905]",1702,san_diego_san diego_alamo_miller,1684,marshall_ranch_tag_cleveland_travis,0.9857994375367622
1788,montessori_program_great_school_teachers,"[0, 1, 3, 4, 5, 6, 7, 9, 10, 11, 12, 13, 14, 15, 16, 17, 18, 19, 20, 21, 23, 24, 25, 26, 27, 28, 29, 30, 31, 32, 34, 35, 39, 40, 43, 44, 46, 47, 49, 50, 53, 58, 59, 60, 61, 62, 63, 65, 66, 67, 69, 70, 72, 73, 74, 75, 76, 78, 79, 80, 81, 83, 84, 85, 86, 87, 88, 89, 91, 92, 93, 94, 95, 96, 101, 102, 103, 104, 105, 106, 107, 108, 110, 112, 114, 115, 116, 119, 120, 122, 123, 124, 126, 130, 132, 133, 134, 136, 138, 139, 140, 142, 143, 145, 146, 147, 148, 153, 157, 159, 160, 161, 162, 163, 164, 165, 168, 170, 171, 172, 173, 174, 175, 176, 177, 178, 179, 181, 182, 183, 184, 186, 189, 192, 193, 194, 196, 197, 200, 205, 208, 210, 211, 213, 216, 218, 220, 221, 222, 223, 224, 227, 228, 229, 230, 231, 232, 236, 238, 240, 246, 247, 249, 250, 251, 253, 257, 258, 261, 262, 263, 265, 266, 269, 273, 274, 278, 279, 280, 281, 282, 284, 290, 292, 295, 296, 301, 302, 303, 304, 306, 307, 308, 310, 312, 313, 314, 315, 317, 319, 320, 321, 323, 324, 326, 327, 329, 334, 337, 338, 339, 345, 349, 352, 353, 356, 359, 363, 367, 368, 372, 374, 377, 378, 379, 381, 382, 383, 390, 391, 394, 397, 398, 400, 403, 406, 409, 410, 412, 414, 417, 418, 421, 423, 427, 428, 432, 433, 434, 436, 439, 440, 445, 446, 451, 452, 455, 456, 462, 467, 468, 470, 474, 475, 479, 480, 487, 489, 490, 494, 500, 504, 505, 510, 511, 514, 515, 517, 521, 523, 524, 527, 536, 540, 542, 546, 550, 552, 555, 556, 558, 559, 560, 562, 564, 566, 576, 589, 592, 616, 625, 626, 637, 639, 640, 643, 647, 653, 656, 668, 672, 674, 684, 686, 696, 710, 714, 739, 742, 747, 749, 754, 756, 759, 774, 779, 796, 800, 825, 827, 828, 833, 863, 868, 876, 877, 881, 882, 907]",1774,montessori_program_great_school_teachers,1769,anderson_arlington_midland_bailey_anderson school,0.9857793292020823
1787,veritas_emerson_lowell_laurel_challenger,"[180, 248, 254, 260, 289, 293, 342, 370, 399, 407, 437, 477, 482, 483, 503, 519, 525, 532, 538, 561, 570, 580, 593, 596, 603, 629, 635, 648, 704, 721, 724, 728, 777, 784, 822, 847]",1770,veritas_emerson_lowell_laurel_stratford,1750,challenger_quest_asa_fairmont_montgomery,0.9857695412732136
1786,mary_st mary_st_mary school_blessed sacrament,"[41, 447, 520, 522, 633, 761, 806]",1643,mary_st mary_st_mary school_blessed sacrament,1709,xavier_ignatius_jesuit_st ignatius_loyola,0.9856616886972691
1785,grandview_robinson_topeka_bellevue_hamlin,"[529, 649, 688, 945, 950]",1663,robinson_topeka_hamlin_topeka collegiate_collegiate,1654,grandview_bellevue_grand_bellevue school_grand heights,0.9856006694586448
1784,howard_cumberland_seneca_andrews_fayetteville,"[476, 496, 600, 850, 856, 860, 912]",1698,howard_cumberland_seneca_fayetteville_sanford,1668,andrews_evans_ta_evansville_evans elementary,0.985573428072215
1783,wesley_browne_wesley academy_browne academy_brownell,"[745, 924]",924,browne_browne academy_brownell_tom browne_tom,745,wesley_wesley academy_wesley school_wesley chapel_wesley years,0.9855693482228136
1782,hyde_sunrise_bronx_hyde park_addison,"[492, 582, 608]",608,sunrise_sunrise elementary_sunrise park_love sunrise_happy sunrise,1342,hyde_bronx_hyde park_addison_bronx science,0.9855438061204018
1781,cottonwood_rural_utah_elkhorn_rural school,"[667, 766, 853, 937]",1517,rural_elkhorn_rural school_elkins_elk,1182,cottonwood_utah_sonoma_school utah_schools utah,0.9854478350911373
1780,highland_cambridge_small_sizes_lakeside,"[37, 100, 187, 202, 239, 270, 311, 331, 340, 365, 366, 386, 402, 404, 442, 443, 463, 469, 488, 497, 501, 518, 528, 531, 551, 554, 581, 620, 631, 642, 644, 645, 650, 690, 707, 730, 794, 846, 855, 874, 878, 906, 915, 925, 934]",1766,lakeside_greenwood_fms_prescott_westlake,1754,highland_cambridge_sizes_small_class sizes,0.9854427940462237
1779,sunset_aspen_henry_brookside_longfellow,"[199, 333, 362, 422, 438, 448, 512, 569, 571, 606, 621, 627, 736, 797, 818, 832, 848, 864]",1743,aspen_hickory_apple_tree_treetops,1744,sunset_henry_brookside_longfellow_mesa,0.9853749881990781
1778,carden_walden_wilson_gateway_carver,"[141, 226, 244, 245, 264, 305, 358, 385, 408, 424, 461, 537, 549, 586, 654, 670, 676, 677, 678, 708, 733, 741, 753, 765, 773, 778, 780, 803, 823, 834, 902, 920, 928, 931]",1759,carden_walden_wilson_gateway_carver,1772,peabody_bixby_aurora_mirman_iowa,0.9852576070072293
1777,pius_ics_st pius_nativity_seton,"[154, 191, 268, 286, 298, 309, 364, 420, 457, 579, 584, 610, 613, 619, 638, 671, 679, 807, 814, 939]",1745,ics_nativity_seton_cathedral_immaculate,1634,pius_st pius_st rita_rita_st,0.9852146290105903
1776,southwest_patterson_mlk_southwestern_patterson elementary,"[711, 857, 897]",857,patterson_patterson elementary_archer_attend patterson_patterson great,1606,southwest_mlk_southwestern_southwest great_mle,0.9852084257077245
1775,einstein_albert_st albert_albert great_einstein academy,"[750, 875, 932]",1187,einstein_albert_st albert_albert great_einstein academy,932,best decision_decision_mop_decision children_decision kids,0.985191227238074
1774,montessori_program_great_school_teachers,"[0, 1, 3, 4, 5, 6, 7, 9, 10, 11, 12, 13, 14, 15, 16, 17, 18, 19, 20, 21, 23, 24, 25, 26, 27, 28, 29, 30, 31, 32, 34, 35, 39, 40, 43, 44, 46, 47, 49, 50, 53, 58, 59, 60, 61, 62, 63, 65, 66, 67, 69, 70, 72, 73, 74, 75, 76, 78, 79, 80, 81, 83, 84, 85, 86, 87, 88, 89, 91, 92, 93, 94, 95, 96, 101, 102, 103, 104, 105, 106, 107, 108, 110, 112, 114, 115, 116, 119, 120, 122, 123, 124, 126, 130, 132, 133, 134, 136, 138, 139, 140, 142, 143, 145, 146, 147, 148, 153, 157, 159, 160, 161, 162, 163, 164, 165, 168, 170, 171, 172, 173, 174, 175, 176, 177, 178, 179, 181, 182, 183, 184, 186, 189, 192, 193, 194, 196, 197, 200, 205, 208, 210, 211, 213, 216, 218, 220, 221, 222, 223, 224, 227, 228, 229, 230, 231, 232, 236, 238, 240, 246, 247, 249, 250, 251, 253, 257, 258, 261, 262, 263, 265, 266, 269, 273, 274, 278, 279, 280, 281, 282, 284, 290, 292, 296, 301, 302, 303, 304, 306, 307, 308, 310, 312, 313, 314, 315, 317, 319, 320, 321, 323, 324, 326, 327, 329, 334, 337, 338, 339, 345, 349, 352, 353, 356, 359, 363, 367, 368, 372, 374, 377, 378, 379, 381, 382, 383, 390, 391, 394, 397, 398, 400, 403, 406, 409, 410, 412, 414, 417, 418, 421, 423, 427, 428, 432, 433, 434, 436, 439, 440, 445, 446, 451, 452, 455, 456, 462, 467, 468, 470, 474, 475, 479, 480, 487, 489, 490, 494, 500, 504, 505, 510, 514, 515, 517, 521, 523, 524, 527, 536, 540, 542, 546, 550, 552, 555, 556, 558, 559, 560, 562, 564, 566, 576, 589, 592, 616, 625, 626, 637, 639, 640, 643, 647, 653, 656, 668, 672, 674, 684, 686, 696, 710, 714, 739, 742, 747, 749, 754, 756, 759, 774, 779, 796, 800, 825, 827, 833, 863, 868, 876, 881, 882, 907]",1762,montessori_program_great_school_teachers,1696,pioneer_perkins_roberts_concord_bolton,0.9851893761550288
1773,calvert_forest_redwood_forest hills_cardinal,"[217, 587, 769, 922, 930]",587,calvert_calverton_calvert school_calverton school_calvert elementary,1671,forest_redwood_forest hills_cardinal_woods,0.9850593143742293
1772,peabody_bixby_aurora_mirman_iowa,"[670, 780, 834, 920, 931]",1721,bixby_mirman_mirus_bixby school_mireles,1699,peabody_aurora_iowa_moines_des moines,0.9849969506929313
1771,wildwood_laguna_rogers_harvard_laguna blanca,"[573, 662, 689, 890]",1763,wildwood_rogers_harvard_attended wildwood_children wildwood,689,laguna_laguna blanca_blanca_love laguna_laguna niguel,0.9849773542827281
1770,veritas_emerson_lowell_laurel_stratford,"[180, 248, 254, 260, 289, 293, 370, 399, 437, 482, 503, 519, 532, 538, 570, 580, 596, 629, 635, 721, 724, 777]",1729,emerson_lowell_laurel_stratford_lafayette,1735,veritas_vanguard_geneva_classical_latin,0.9849154031250636
1769,anderson_arlington_midland_bailey_anderson school,"[295, 511, 828, 877]",1565,arlington_bailey_arlington high_baileywick_school arlington,1332,anderson_midland_anderson school_andersen_jae,0.9848594610427766
1768,canterbury_mason_george_st george_ascension,"[441, 605, 628, 657, 781]",1707,canterbury_ascension_baton_baton rouge_rouge,1253,mason_george_st george_mason prep_parsons,0.9848226215964361
1767,trinity_holy_villa_holy family_dame,"[68, 90, 203, 276, 291, 297, 316, 318, 389, 431, 464, 465, 484, 530, 585, 646, 655, 786, 787, 849, 911, 923]",1731,villa_notre dame_notre_dame_sms,1706,trinity_holy_holy family_holy cross_holy trinity,0.9848107505886575
1766,lakeside_greenwood_fms_prescott_westlake,"[311, 365, 402, 404, 442, 488, 551, 620, 631, 644, 645, 690, 730, 794, 846, 878, 925]",1748,lakeside_greenwood_westlake_springfield_hopkins,1720,fms_prescott_harrison_ursuline_florence,0.9847932747467052
1765,st john_john_davis_muir_st,"[111, 252, 543, 597, 652, 843]",1277,davis_holmes_davis elementary_davis great_zelia stephens,1651,st john_john_muir_st_skinner,0.9847270952063971
1764,creek_brookfield_willow_walnut_hill,"[36, 149, 243, 255, 395, 405, 430, 767, 770, 835]",1714,creek_brookfield_willow_walnut_hill,767,graham_graham school_graham middle_love graham_graham hill,0.9846531923293094
1763,wildwood_rogers_harvard_attended wildwood_children wildwood,"[573, 662, 890]",662,wildwood_attended wildwood_children wildwood_ww_wildwood school,1445,rogers_harvard_rogers high_lil harvard_attend rogers,0.984625338249343
1762,montessori_program_great_school_teachers,"[0, 1, 3, 4, 5, 6, 7, 9, 10, 11, 12, 13, 14, 15, 16, 17, 18, 19, 20, 21, 23, 24, 25, 26, 27, 28, 29, 30, 31, 32, 34, 35, 39, 40, 43, 44, 46, 47, 49, 50, 53, 58, 59, 60, 61, 62, 63, 65, 66, 67, 69, 70, 72, 73, 74, 75, 76, 78, 79, 80, 81, 83, 84, 85, 86, 87, 88, 89, 91, 92, 93, 94, 95, 96, 101, 102, 103, 104, 105, 106, 107, 108, 110, 112, 114, 115, 116, 119, 120, 122, 123, 124, 126, 130, 132, 133, 134, 136, 138, 139, 140, 142, 143, 145, 146, 147, 148, 153, 157, 159, 160, 161, 162, 163, 164, 165, 168, 170, 171, 172, 173, 174, 175, 176, 177, 178, 179, 181, 182, 183, 184, 186, 189, 192, 193, 194, 196, 197, 200, 205, 208, 210, 211, 213, 216, 218, 220, 221, 222, 223, 224, 227, 228, 229, 230, 231, 232, 236, 238, 240, 246, 247, 249, 250, 251, 253, 257, 258, 261, 262, 263, 265, 266, 269, 273, 274, 278, 279, 280, 281, 282, 284, 290, 292, 296, 301, 302, 303, 304, 306, 307, 308, 310, 312, 313, 314, 315, 317, 319, 320, 321, 323, 324, 326, 329, 334, 337, 338, 339, 345, 349, 352, 353, 356, 359, 363, 367, 368, 372, 374, 377, 378, 379, 381, 382, 383, 390, 391, 394, 397, 398, 400, 403, 406, 409, 410, 412, 414, 417, 418, 421, 423, 427, 428, 432, 433, 434, 436, 439, 440, 445, 446, 451, 452, 455, 456, 462, 467, 468, 470, 474, 475, 479, 480, 487, 489, 490, 494, 500, 504, 505, 510, 514, 515, 517, 521, 523, 524, 527, 536, 540, 542, 546, 550, 552, 555, 556, 558, 559, 560, 562, 564, 566, 576, 589, 592, 616, 625, 626, 637, 640, 643, 647, 653, 656, 668, 672, 674, 684, 686, 696, 710, 714, 739, 742, 747, 749, 754, 756, 774, 779, 796, 800, 825, 827, 833, 863, 868, 876, 881, 907]",1746,center academy_centennial_cooper_magnolia_center,1747,montessori_program_great_school_teachers,0.9845966464371904
1761,skyview_coronado_fremont_becker_falcon,"[380, 485, 726, 752, 836]",1300,skyview_falcon_sky_falcons_sky view,1656,coronado_fremont_becker_corona_ramona,0.984594735577447
1760,webster_hudson_dekalb_fernbank_dekalb county,"[590, 785, 842, 909]",1216,dekalb_fernbank_dekalb county_fern_school dekalb,1463,webster_hudson_daniel webster_hudson school_daniel,0.9845860601268569
1759,carden_walden_wilson_gateway_carver,"[141, 226, 244, 245, 264, 305, 358, 385, 408, 424, 461, 537, 549, 586, 654, 676, 677, 678, 708, 733, 741, 753, 765, 773, 778, 803, 823, 902, 928]",1752,walden_wilson_gateway_carver_baker,1701,carden_muse_leport_japanese_omni,0.9845355238042884
1758,cms_camden_cypress_brown_cma,"[113, 206, 384, 458, 499, 583, 618, 624, 634, 831, 873]",1717,cypress_brown_princeton_brown school_sparta,1728,cms_camden_cma_allen_honor roll,0.9844617693716989
1757,mount_vernon_sequoia_rocky_butler,"[285, 459, 565, 617, 722, 776, 862]",1738,mount_vernon_sequoia_rocky_sequoyah,1545,butler_hammond_kerr_astor_butler school,0.984325295475627
1756,rose_st rose_norwood_rosemont_rose school,"[415, 771, 893]",893,norwood_norwood park_norwood elementary_norwood school_love norwood,1055,rose_st rose_rosemont_rose school_st,0.9843073763818272
1755,winthrop_experience_great experience_experience school_winthrop charter,"[109, 144, 347, 413, 486, 946]",1306,experience_great experience_experience school_good experience_excellent experience,413,winthrop_winthrop charter_experience winthrop_winthrop great_charter,0.9843005168704884
1754,highland_cambridge_sizes_small_class sizes,"[37, 100, 187, 202, 239, 270, 331, 340, 366, 386, 443, 463, 469, 497, 501, 518, 528, 531, 554, 581, 642, 650, 707, 855, 874, 906, 915, 934]",1737,cambridge_woodward_bennett_cherokee_monticello,1741,highland_sizes_small_hoover_class sizes,0.9842869931339345
1753,woodland_nova_eisenhower_orchard_parker,"[207, 294, 355, 508, 534, 547, 575, 602, 604, 630, 680, 719, 751, 792, 941]",1725,woodland_nova_eisenhower_adams_scholars,1687,orchard_parker_palm_palms_harbor,0.9842682281339082
1752,walden_wilson_gateway_carver_baker,"[141, 226, 244, 245, 305, 358, 385, 408, 424, 461, 537, 549, 654, 676, 677, 678, 733, 741, 753, 765, 773, 803, 823, 902]",677,dawson_school dawson_alexander dawson_dawson school_dawson elementary,1713,walden_wilson_gateway_carver_baker,0.9842007077000088
1751,corpus_windsor_corpus christi_christi_windsor village,"[743, 795]",743,corpus_corpus christi_christi_christi school_recommend corpus,795,windsor_windsor village_school windsor_windsor high_windsor great,0.9840380512091402
1750,challenger_quest_asa_fairmont_montgomery,"[342, 407, 477, 483, 525, 561, 593, 603, 648, 704, 728, 784, 822, 847]",1727,asa_fairmont_montgomery_charlotte_pennfield,1371,challenger_quest_quest academy_challenger school_quest program,0.9839909849077397
1749,grace_lutheran_lutheran school_salem_zion,"[77, 82, 233, 271, 336, 361, 478, 507, 568, 609, 675, 709, 844, 879]",1718,crossroads_redeemer_adventist_adventist school_adventist academy,1631,grace_lutheran_lutheran school_salem_zion,0.9839268635883552
1748,lakeside_greenwood_westlake_springfield_hopkins,"[311, 404, 551, 631, 644, 730, 794, 878]",1648,lakeside_westlake_lakeside academy_lakeside christian_school lakeside,1722,greenwood_springfield_hopkins_belleview_ma,0.9838987312770487
1747,montessori_program_great_school_teachers,"[0, 1, 3, 4, 5, 6, 7, 9, 10, 11, 12, 13, 14, 15, 16, 17, 18, 19, 20, 21, 23, 24, 25, 26, 27, 28, 29, 30, 31, 32, 34, 35, 39, 40, 43, 44, 46, 47, 49, 50, 53, 58, 59, 60, 61, 62, 63, 65, 66, 67, 69, 70, 72, 73, 74, 75, 76, 78, 79, 80, 81, 83, 84, 85, 86, 87, 88, 89, 91, 92, 93, 94, 95, 96, 101, 102, 103, 104, 105, 106, 107, 108, 110, 112, 114, 115, 116, 119, 120, 122, 123, 124, 126, 130, 132, 133, 134, 136, 138, 139, 140, 142, 143, 145, 146, 147, 148, 153, 157, 159, 160, 161, 162, 163, 164, 165, 168, 170, 171, 172, 173, 174, 175, 176, 177, 178, 179, 181, 182, 183, 184, 186, 189, 192, 193, 194, 196, 197, 200, 205, 208, 210, 211, 213, 216, 218, 220, 221, 222, 223, 224, 227, 228, 229, 230, 231, 232, 236, 238, 240, 246, 247, 249, 250, 251, 253, 257, 258, 261, 262, 263, 265, 266, 269, 273, 274, 278, 279, 280, 281, 282, 284, 290, 292, 296, 301, 302, 303, 304, 306, 307, 308, 310, 312, 313, 314, 315, 317, 319, 320, 321, 323, 324, 326, 329, 334, 338, 339, 345, 349, 352, 353, 356, 359, 363, 367, 368, 372, 374, 377, 378, 379, 381, 382, 383, 390, 391, 394, 397, 398, 400, 403, 406, 409, 410, 412, 414, 417, 418, 421, 423, 427, 428, 432, 434, 436, 439, 440, 445, 446, 451, 452, 455, 456, 462, 467, 468, 470, 474, 475, 479, 480, 487, 489, 490, 494, 500, 504, 505, 510, 514, 515, 517, 521, 523, 524, 527, 536, 540, 546, 550, 552, 555, 556, 558, 560, 562, 564, 566, 576, 589, 592, 616, 625, 626, 637, 640, 643, 647, 653, 656, 668, 672, 674, 684, 696, 710, 714, 739, 742, 747, 749, 754, 756, 774, 779, 796, 800, 825, 827, 833, 863, 868, 876, 881, 907]",1705,ace_monroe_blair_langley_walgrove,1736,montessori_program_great_school_teachers,0.9837263905660673
1746,center academy_centennial_cooper_magnolia_center,"[337, 433, 542, 559, 686]",1604,centennial_henderson_centennial high_centennial elementary_love centennial,1670,center academy_cooper_magnolia_center_academy,0.98368452994773
1745,ics_nativity_seton_cathedral_immaculate,"[154, 286, 309, 364, 420, 457, 579, 584, 610, 613, 671, 679, 939]",1352,cathedral_augustine_st augustine_cathedral school_augustine school,1653,ics_nativity_seton_immaculate_annunciation,0.9836606076765533
1744,sunset_henry_brookside_longfellow_mesa,"[199, 333, 362, 438, 448, 512, 569, 571, 606, 627, 736, 797, 818, 832]",1685,henry_brookside_longfellow_cape_brooks,1215,sunset_mesa_sunset view_sunset park_view,0.9836323821016842
1743,aspen_hickory_apple_tree_treetops,"[422, 621, 848, 864]",621,aspen_aspen academy_aspen ridge_aspen creek_school aspen,1582,hickory_apple_tree_treetops_applewild,0.9836117842629513
1742,summit_sacred_sacred heart_shepherd_heart,"[97, 121, 212, 259, 344, 513, 651, 740, 858, 929]",1573,riverside_les_riverside elementary_school riverside_riverside school,1708,summit_sacred_sacred heart_shepherd_heart,0.9835514491834401
1741,highland_sizes_small_hoover_class sizes,"[37, 100, 187, 239, 331, 340, 386, 443, 463, 469, 501, 518, 528, 531, 554, 707, 874, 915]",1711,highland_sizes_hoover_meadows_small,1540,brighton_beaver_brighton hall_brighton high_brighton school,0.9835152093421152
1740,king_ross_christ king_hunter_reed,"[150, 392, 393, 789, 824]",1294,hunter_reed_hunt_william reed_walter reed,1558,king_ross_christ king_kings_murphy,0.9835102414708009
1739,columbia_landmark_ems_columbia academy_landmark academy,"[450, 854, 887]",887,landmark_landmark academy_landmark great_school landmark_landmark preschool,1429,columbia_ems_columbia academy_school columbia_love columbia,0.9834834936720939
1738,mount_vernon_sequoia_rocky_sequoyah,"[285, 459, 565, 617, 862]",1345,sequoia_sequoyah_sequoya_sequoyah school_sequoya elementary,1529,mount_vernon_rocky_mount vernon_mt,0.9834788553565136
1737,cambridge_woodward_bennett_cherokee_monticello,"[202, 270, 366, 497, 581, 642, 650, 855, 906, 934]",1697,woodward_bennett_turner_newman_woodward academy,1679,cambridge_cherokee_monticello_waterford_montclair,0.9834452232716636
1736,montessori_program_great_school_teachers,"[0, 1, 3, 4, 5, 6, 7, 9, 10, 11, 12, 13, 14, 15, 16, 17, 18, 19, 20, 21, 23, 24, 25, 26, 27, 28, 29, 30, 31, 32, 34, 35, 39, 40, 43, 44, 46, 47, 49, 50, 53, 58, 59, 60, 61, 62, 63, 65, 66, 67, 69, 70, 72, 73, 74, 75, 76, 78, 79, 80, 81, 83, 84, 85, 86, 87, 88, 89, 91, 92, 93, 94, 95, 96, 101, 102, 103, 104, 105, 106, 107, 108, 110, 112, 114, 115, 116, 119, 120, 122, 123, 124, 126, 130, 132, 133, 134, 136, 138, 139, 140, 142, 143, 145, 146, 147, 148, 153, 157, 159, 160, 161, 162, 163, 164, 165, 168, 170, 171, 172, 173, 174, 175, 176, 177, 178, 179, 181, 182, 183, 184, 186, 189, 192, 193, 194, 196, 197, 200, 205, 208, 210, 211, 213, 216, 218, 220, 221, 222, 223, 224, 227, 228, 229, 230, 231, 232, 236, 238, 240, 246, 247, 249, 250, 251, 253, 257, 258, 262, 263, 265, 266, 269, 273, 274, 278, 279, 280, 281, 282, 284, 290, 292, 296, 301, 302, 303, 304, 306, 307, 308, 310, 312, 313, 314, 315, 317, 319, 321, 323, 324, 326, 329, 334, 338, 339, 345, 349, 352, 353, 356, 359, 363, 367, 368, 372, 374, 377, 378, 379, 381, 382, 383, 390, 391, 394, 397, 398, 400, 406, 409, 410, 412, 414, 417, 418, 421, 427, 428, 432, 434, 436, 439, 440, 445, 446, 451, 452, 455, 456, 462, 467, 468, 470, 475, 479, 480, 487, 489, 490, 494, 500, 504, 505, 510, 514, 515, 517, 521, 523, 524, 527, 536, 540, 546, 550, 552, 555, 556, 558, 560, 564, 566, 576, 589, 592, 625, 626, 640, 643, 647, 653, 656, 668, 672, 674, 684, 696, 710, 714, 739, 742, 747, 754, 756, 774, 800, 825, 827, 833, 863, 868, 876, 907]",1617,bethel_irving_irvington_bethel school_bethel christian,1719,montessori_program_great_school_teachers,0.9834365832445379
1735,veritas_vanguard_geneva_classical_latin,"[180, 248, 260, 289, 482, 519, 580, 635, 721, 724, 777]",1598,veritas_geneva_classical_latin_greek,1612,vanguard_kent_denver_kentwood_colorado,0.9833776599549344
1734,claremont_positive_school positive_claremont elementary_extremely positive,"[813, 819, 898]",1014,positive_school positive_extremely positive_positive experience_experience school,898,claremont_claremont elementary_chabot_grader claremont_claremont great,0.9833764382908591
1733,garfield_santa_rosa_santa fe_fe,"[158, 275, 332, 435, 449, 491, 895]",1365,school awesome_love school_awesome_cool_school great,1472,garfield_santa_rosa_santa fe_fe,0.9833296188416046
1732,lake_parking_lakeview_bus_traffic,"[42, 48, 346, 350, 351, 509, 526, 701, 713, 812, 839]",1389,mac_macarthur_macs_macademy_macduffie,1689,lake_parking_lakeview_bus_traffic,0.9832818173050875
1731,villa_notre dame_notre_dame_sms,"[203, 276, 291, 297, 389, 464, 465, 484, 530, 585, 646, 655, 787, 849, 911]",1700,villa_notre dame_notre_dame_sms,1504,lourdes_mercy_lady lourdes_lady_fatima,0.983245011870031
1730,ahs_belmont_oxbow_ashland_ahcs,"[371, 841, 900]",1327,ahs_oxbow_ashland_ahcs_aha,841,belmont_belmont station_belmont academy_belmont day_waverly belmont,0.9831510316332078
1729,emerson_lowell_laurel_stratford_lafayette,"[254, 293, 370, 399, 437, 503, 532, 538, 570, 596, 629]",1601,lowell_lafayette_lowell school_experience lowell_school lafayette,1686,emerson_laurel_stratford_sas_delphi,0.9831169400579699
1728,cms_camden_cma_allen_honor roll,"[113, 206, 499, 583, 618, 624]",1650,cms_camden_cma_honor roll_roll,1589,allen_northwest_allen school_allen elementary_allen academy,0.9829413533487257
1727,asa_fairmont_montgomery_charlotte_pennfield,"[342, 477, 525, 561, 593, 603, 648, 704, 728, 784, 822, 847]",1167,asa_armenian_turkish_pilibos_armenian sisters,1680,fairmont_montgomery_charlotte_pennfield_davidson,0.9828912017587135
1726,powell_maclay_macfarland_maclay middle_powell high,"[764, 943]",943,maclay_macfarland_maclay middle_macfarland middle_think maclay,764,powell_powell high_powell elementary_year powell_colin powell,0.9828209607242412
1725,woodland_nova_eisenhower_adams_scholars,"[207, 355, 602, 604, 630, 680, 719, 792, 941]",1113,nova_eisenhower_nova eisenhower_ike_dwight,1649,woodland_adams_scholars_unity_milwaukee,0.982801467289454
1724,christian_christian school_cca_christ_ccs,"[2, 22, 57, 71, 128, 131, 151, 155, 219, 235, 277, 300, 419, 541, 659, 669, 695, 763, 861, 888, 892, 908]",1299,lds_ward_mormon_mormons_ward school,1674,christian_christian school_cca_christ_ccs,0.9827978025555756
1723,northwood_bethesda_nhs_whitman_zeta,"[516, 641, 866, 927]",1356,northwood_nhs_northwoods_school northwood_northwood elementary,1341,bethesda_whitman_zeta_bethune_bethesda christian,0.9827498212479737
1722,greenwood_springfield_hopkins_belleview_ma,"[404, 551, 631, 644, 794, 878]",1657,greenwood_springfield_belleview_ma_belle,1595,hopkins_ohs_oha_hopkinson_ohe,0.9827383703022502
1721,bixby_mirman_mirus_bixby school_mireles,"[834, 931]",834,bixby_bixby school_school bixby_bixby preschool_attended bixby,931,mirman_mirus_mireles_mirman school_mire,0.9827313173680283
1720,fms_prescott_harrison_ursuline_florence,"[365, 402, 442, 488, 620, 645, 690, 846, 925]",1678,fms_prescott_ursuline_florence_island,1564,harrison_klein_stanton_klein oak_landon,0.9827243172603598
1719,montessori_program_great_school_teachers,"[0, 1, 3, 4, 5, 6, 7, 9, 10, 11, 12, 13, 14, 15, 16, 17, 18, 19, 20, 21, 23, 24, 25, 26, 27, 28, 29, 30, 31, 32, 34, 35, 39, 40, 43, 44, 46, 47, 49, 50, 53, 58, 59, 60, 61, 62, 63, 65, 66, 67, 69, 70, 72, 73, 74, 75, 76, 78, 79, 80, 81, 83, 84, 85, 86, 87, 88, 89, 91, 92, 93, 94, 95, 96, 101, 102, 103, 104, 105, 106, 107, 108, 110, 112, 114, 115, 116, 119, 120, 122, 123, 124, 126, 130, 132, 133, 134, 136, 138, 139, 140, 142, 143, 145, 146, 147, 148, 153, 157, 159, 160, 161, 162, 163, 164, 165, 168, 170, 171, 172, 173, 174, 175, 176, 177, 178, 179, 181, 182, 183, 184, 186, 189, 192, 193, 194, 196, 197, 200, 205, 208, 210, 211, 213, 216, 218, 220, 221, 222, 223, 224, 227, 228, 229, 230, 231, 232, 236, 238, 240, 246, 247, 249, 250, 251, 253, 257, 258, 262, 263, 265, 266, 269, 273, 274, 278, 279, 280, 281, 282, 284, 290, 292, 296, 301, 302, 303, 304, 306, 307, 308, 310, 312, 313, 314, 315, 317, 319, 321, 323, 324, 326, 329, 334, 338, 339, 345, 349, 352, 353, 356, 359, 363, 367, 368, 372, 374, 377, 378, 379, 381, 382, 383, 390, 391, 394, 397, 398, 400, 406, 409, 410, 412, 414, 417, 418, 421, 427, 428, 432, 434, 436, 439, 440, 445, 446, 451, 452, 455, 456, 462, 467, 468, 475, 479, 480, 487, 489, 490, 494, 500, 504, 505, 510, 514, 515, 517, 521, 523, 524, 527, 536, 540, 546, 550, 552, 555, 556, 558, 560, 564, 566, 576, 589, 592, 625, 626, 640, 643, 647, 653, 656, 668, 672, 674, 696, 710, 714, 739, 742, 747, 754, 756, 774, 800, 825, 827, 833, 863, 868, 876, 907]",1710,montessori_program_great_school_teachers,1659,chs_taylor_columbus_tms_tmsa,0.9825727562687987
1718,crossroads_redeemer_adventist_adventist school_adventist academy,"[609, 675, 879]",879,redeemer_attended redeemer_love redeemer_redeemer family_redeemer school,1600,crossroads_adventist_adventist school_adventist academy_crossroads christian,0.9825603310014502
1717,cypress_brown_princeton_brown school_sparta,"[384, 458, 634, 831, 873]",1638,cypress_princeton_princeton academy_school cypress_cypress christian,1505,brown_brown school_sparta_rbs_spartans,0.9825354955915777
1716,doral_da vinci_vinci_da_dallas,"[808, 885, 913]",1271,da vinci_vinci_da_dallas_dallas academy,808,doral_doral academy_cactus_attend doral_saddle,0.9822700218094713
1715,st_paul_st paul_joseph_st joseph,"[54, 64, 125, 137, 152, 156, 201, 225, 267, 272, 283, 288, 299, 322, 328, 360, 416, 426, 453, 460, 472, 506, 533, 563, 567, 591, 611, 664, 691, 692, 703, 715, 718, 727, 738, 746, 837, 883, 889, 919]",1645,st_paul_st paul_joseph_st joseph,1652,joan_st joan_st mel_mel_parish,0.9822556962049246
1714,creek_brookfield_willow_walnut_hill,"[36, 149, 243, 255, 395, 405, 430, 770, 835]",1603,creek_brookfield_willow_walnut_brook,1535,chavez_murray_kingsley_cesar chavez_cesar,0.9822351918352874
1713,walden_wilson_gateway_carver_baker,"[141, 226, 244, 245, 305, 358, 385, 408, 424, 461, 537, 549, 654, 676, 678, 733, 741, 753, 765, 773, 803, 823, 902]",1688,walden_wilson_gateway_carver_baker,1691,casa_keystone_csa_casas_keystone montessori,0.9822159120020119
1712,baldwin_dublin_jones_baldwin prep_experience baldwin,"[495, 762, 894]",495,baldwin_baldwin prep_experience baldwin_baldwin elementary_baldwin heights,1396,dublin_jones_dublin high_galway_john jones,0.9822111709034945
1711,highland_sizes_hoover_meadows_small,"[37, 100, 187, 239, 331, 340, 386, 443, 469, 501, 518, 528, 531, 554, 707, 874]",1162,hoover_palo_palo alto_alto_paloma,1676,highland_sizes_meadows_class sizes_small,0.9821528603101453
1710,montessori_program_great_school_teachers,"[0, 1, 3, 4, 5, 6, 7, 9, 10, 11, 12, 13, 14, 15, 16, 17, 18, 19, 20, 21, 23, 24, 25, 26, 27, 28, 29, 30, 31, 32, 34, 35, 39, 40, 43, 44, 46, 47, 49, 50, 53, 58, 59, 60, 61, 62, 63, 65, 66, 67, 69, 70, 72, 73, 74, 75, 76, 78, 79, 80, 81, 83, 84, 85, 86, 87, 88, 89, 91, 92, 93, 94, 95, 96, 101, 102, 103, 104, 105, 106, 107, 108, 110, 112, 114, 115, 116, 119, 120, 122, 123, 124, 126, 130, 132, 133, 134, 136, 138, 139, 140, 142, 143, 145, 146, 147, 148, 153, 157, 159, 160, 161, 162, 163, 164, 165, 168, 170, 171, 172, 173, 174, 175, 176, 177, 178, 179, 181, 182, 183, 184, 186, 189, 192, 193, 194, 196, 197, 200, 205, 208, 210, 211, 213, 216, 218, 220, 221, 222, 223, 224, 227, 228, 229, 230, 231, 232, 236, 238, 240, 246, 247, 249, 250, 251, 253, 257, 258, 262, 263, 265, 266, 269, 273, 274, 278, 279, 280, 281, 282, 284, 290, 292, 296, 301, 302, 303, 304, 306, 307, 308, 310, 312, 313, 314, 315, 317, 319, 321, 323, 324, 326, 329, 334, 338, 339, 349, 352, 353, 356, 359, 363, 367, 368, 372, 374, 377, 378, 379, 381, 382, 383, 390, 391, 394, 397, 398, 400, 406, 409, 410, 412, 414, 417, 418, 421, 427, 428, 434, 436, 439, 440, 445, 446, 451, 452, 455, 456, 462, 467, 475, 479, 480, 487, 489, 490, 494, 500, 504, 505, 510, 514, 515, 517, 521, 523, 524, 527, 536, 540, 546, 550, 552, 555, 556, 558, 560, 564, 566, 576, 589, 592, 625, 626, 640, 643, 647, 653, 656, 668, 672, 696, 710, 714, 739, 742, 747, 754, 756, 774, 800, 825, 827, 833, 863, 868, 876, 907]",1627,kennedy_mitchell_jfk_chiles_santiago,1683,montessori_program_great_school_teachers,0.9820336013730377
1709,xavier_ignatius_jesuit_st ignatius_loyola,"[520, 633, 761]",1323,ignatius_jesuit_st ignatius_loyola_jesuit high,633,xavier_xavier high_xavier students_say xavier_sons xavier,0.9820246142748296
1708,summit_sacred_sacred heart_shepherd_heart,"[97, 121, 212, 344, 513, 740, 858, 929]",1310,lebanon_lhs_new lebanon_lebanon high_mt lebanon,1610,summit_sacred_sacred heart_shepherd_heart,0.9820159273262405
1707,canterbury_ascension_baton_baton rouge_rouge,"[605, 628, 781]",628,canterbury_canterbury school_canterbury episcopal_school canterbury_love canterbury,1351,ascension_baton_baton rouge_rouge_louisiana,0.9819944631021942
1706,trinity_holy_holy family_holy cross_holy trinity,"[68, 90, 316, 318, 431, 786, 923]",1647,trinity_holy_holy family_holy cross_holy trinity,923,resurrection_resurrection school_resurrection catholic_recommend resurrection_catholic,0.9819162189583795
1705,ace_monroe_blair_langley_walgrove,"[261, 320, 403, 423, 474, 562, 616, 637, 749, 779, 796, 881]",1677,ace_monroe_blair_langley_fairfax,1703,walgrove_serra_api_neighborhood school_neighborhood,0.9818934638249064
1704,south_fulton_shore_pointe_south pointe,"[99, 682, 683, 697, 700, 829, 938]",1264,south_pointe_south pointe_southside_south lake,1660,fulton_shore_rne_roswell_north shore,0.9818325507795462
1703,walgrove_serra_api_neighborhood school_neighborhood,"[320, 474, 562, 779, 796, 881]",1586,walgrove_serra_api_neighborhood school_neighborhood,881,hutchison_hutchinson_hutch_huth_hutchings,0.9818211949598835
1702,san_diego_san diego_alamo_miller,"[234, 614, 615, 851, 905]",1469,miller_fox_fox run_fox hill_phillips,1451,san_diego_san diego_alamo_san antonio,0.9818104048890463
1701,carden_muse_leport_japanese_omni,"[264, 586, 708, 778, 928]",1639,carden_leport_japanese_omni_carden school,778,muse_muse school_passion based_passion_year muse,0.9817973616130707
1700,villa_notre dame_notre_dame_sms,"[203, 276, 297, 389, 464, 484, 530, 585, 646, 655, 787, 849]",1662,sms_assumption_monica_st monica_asb,1692,villa_notre dame_notre_dame_carmel,0.9817324393418461
1699,peabody_aurora_iowa_moines_des moines,"[670, 780, 920]",1474,aurora_iowa_moines_des moines_axl,780,peabody_peabody great_school peabody_peabody school_children peabody,0.981694756160095
1698,howard_cumberland_seneca_fayetteville_sanford,"[476, 496, 600, 856]",496,howard_howard school_howard county_howard middle_norman howard,1512,cumberland_seneca_fayetteville_sanford_fayette,0.9816699045082008
1697,woodward_bennett_turner_newman_woodward academy,"[366, 497, 855, 906]",1574,bennett_dixon_acworth_viking_vikings,1508,woodward_turner_newman_woodward academy_atherton,0.9815682637337395
1696,pioneer_perkins_roberts_concord_bolton,"[327, 639, 759, 882]",759,roberts_roberts elementary_love roberts_roberts roberts_bryantville,1620,pioneer_perkins_concord_bolton_gordon,0.9815090086137819
1695,seminole_fletcher_fcat_kemp_fcat scores,"[758, 798, 940]",798,fletcher_kemp_kemp primary_hall fletcher_fletcher elementary,1369,seminole_fcat_fcat scores_seminole county_seminole high,0.9814997958812317
1694,winston_churchill_soar_winston school_sota,"[632, 899]",632,winston_churchill_winston school_attended winston_winston years,899,soar_sota_love soar_attends soar_education soar,0.9814531325490226
1693,reagan_mcnair_ronald_ronald reagan_ronald mcnair,"[865, 869]",865,reagan_ronald reagan_ronald_reagan great_reagan early,869,mcnair_ronald mcnair_ronald_mcnair elementary_mcnair school,0.9814421222456043
1692,villa_notre dame_notre_dame_carmel,"[203, 297, 389, 484, 585, 646, 655, 787]",1646,villa_notre dame_notre_dame_nda,1402,carmel_olmc_carmel mountain_mount carmel_mountain preschool,0.9812774207017215
1691,casa_keystone_csa_casas_keystone montessori,"[461, 765, 803]",1510,casa_keystone_casas_keystone montessori_montessori,765,csa_csas_cspa_csa cspa_csat,0.9812488834573745
1690,bates_truman_bates elementary_bates academy_year bates,"[599, 944]",944,truman_truman school_trumansburg_truman high_truman does,599,bates_bates elementary_bates academy_year bates_love bates,0.981183577264118
1689,lake_parking_lakeview_bus_traffic,"[42, 48, 346, 351, 509, 526, 701, 713, 812]",1544,parking_bus_traffic_gate_parking lot,1581,lake_lakeview_lakewood_lakes_lakeshore,0.9811139263851866
1688,walden_wilson_gateway_carver_baker,"[141, 226, 244, 245, 305, 358, 385, 408, 424, 537, 549, 654, 676, 678, 733, 741, 753, 773, 823, 902]",753,ashbrook_preston_prestonwood_ashbrook independent_recommend ashbrook,1666,walden_wilson_gateway_carver_baker,0.9811046701967777
1687,orchard_parker_palm_palms_harbor,"[294, 508, 534, 547, 575, 751]",1642,orchard_palm_palms_harbor_common core,1522,parker_primrose_pritzker_parker school_principia,0.9810674799468567
1686,emerson_laurel_stratford_sas_delphi,"[254, 293, 437, 503, 532, 538, 570, 596, 629]",1476,lottery_russian_yeshiva_moscow_russian immersion,1655,emerson_laurel_stratford_sas_delphi,0.9810587311790914
1685,henry_brookside_longfellow_cape_brooks,"[199, 333, 438, 448, 512, 569, 571, 606, 736, 797, 818, 832]",1664,henry_longfellow_cape_colfax_cfa,1669,brookside_brooks_ams_doane_bes,0.9810404794753199
1684,marshall_ranch_tag_cleveland_travis,"[256, 348, 502, 572, 840]",1312,tag_travis_tag program_spence_school tag,1615,marshall_ranch_cleveland_augusta_ranch elementary,0.9810208484316696
1683,montessori_program_great_school_teachers,"[0, 1, 3, 4, 5, 6, 7, 9, 10, 11, 12, 13, 14, 15, 16, 17, 18, 19, 20, 21, 23, 24, 25, 26, 27, 28, 29, 30, 31, 32, 34, 35, 39, 40, 43, 44, 46, 47, 49, 50, 53, 58, 59, 60, 61, 62, 63, 65, 66, 67, 69, 70, 72, 73, 74, 75, 76, 78, 79, 80, 81, 83, 84, 85, 86, 87, 88, 89, 91, 92, 93, 94, 95, 96, 101, 102, 103, 104, 105, 106, 107, 108, 110, 112, 114, 115, 116, 119, 120, 122, 123, 124, 126, 130, 132, 133, 134, 136, 138, 139, 140, 142, 143, 145, 146, 147, 148, 153, 157, 159, 160, 161, 162, 163, 164, 165, 168, 170, 171, 172, 173, 174, 175, 176, 177, 178, 179, 181, 182, 183, 184, 186, 189, 192, 193, 194, 196, 197, 200, 205, 208, 210, 211, 213, 216, 218, 220, 221, 222, 223, 224, 227, 228, 229, 230, 231, 232, 236, 238, 240, 246, 247, 249, 250, 253, 257, 258, 262, 263, 265, 266, 269, 273, 274, 278, 279, 280, 281, 282, 284, 290, 292, 296, 301, 302, 303, 304, 306, 307, 308, 310, 312, 313, 314, 315, 317, 319, 321, 323, 324, 326, 329, 334, 338, 339, 349, 352, 353, 356, 359, 363, 367, 368, 372, 374, 377, 378, 379, 381, 382, 383, 390, 391, 394, 397, 398, 400, 406, 409, 410, 412, 414, 417, 418, 421, 427, 428, 434, 436, 439, 440, 445, 446, 451, 452, 455, 456, 462, 467, 475, 479, 480, 487, 489, 490, 494, 500, 504, 505, 510, 514, 515, 517, 521, 523, 524, 527, 536, 540, 546, 550, 552, 555, 556, 558, 560, 564, 566, 576, 589, 625, 626, 640, 643, 647, 653, 656, 668, 672, 696, 710, 714, 739, 742, 747, 754, 756, 774, 800, 825, 827, 833, 863, 868, 907]",1675,montessori_program_great_school_teachers,1665,dress_dress code_code_white_black,0.9808670247908405
1682,worst school_worst_horrible_terrible_horrible school,"[8, 52, 118, 166, 341, 388, 588, 594, 693, 735]",1452,air conditioning_conditioning_air_lockers_heat,1511,worst school_worst_horrible_terrible_horrible school,0.9806997024227181
1681,best school_county_best_school best_philadelphia,"[117, 127, 190, 373, 859, 886]",1293,best school_county_best_school best_philadelphia,988,recommend school_school recommend_recommend_good school_school good,0.9806529876642806
1680,fairmont_montgomery_charlotte_pennfield_davidson,"[342, 477, 525, 593, 603, 648, 728, 784, 822, 847]",1632,charlotte_pennfield_davidson_country day_fort,1630,fairmont_montgomery_baltimore_maryland_barnesville,0.9804897507923463
1679,cambridge_cherokee_monticello_waterford_montclair,"[202, 270, 581, 642, 650, 934]",1619,cambridge_monticello_waterford_montclair_loma,650,cherokee_cherokee high_cherokee county_cherokee trail_school cherokee,0.9804851668934046
1678,fms_prescott_ursuline_florence_island,"[365, 402, 442, 488, 690, 846, 925]",1134,fms_florence_florence middle_fma_fmma,1672,prescott_ursuline_island_warren_walker,0.9804788693648238
1677,ace_monroe_blair_langley_fairfax,"[261, 403, 423, 616, 637, 749]",1503,monroe_blair_british_monroe elementary_monroe school,1568,ace_langley_fairfax_virginia_poe,0.9804074416389235
1676,highland_sizes_meadows_class sizes_small,"[37, 100, 187, 239, 331, 340, 443, 501, 518, 528, 531, 554, 707, 874]",1636,highland_sizes_class sizes_small_small class,1420,meadows_perry_high meadows_meadows school_mission meadows,0.9804008826966749
1675,montessori_program_great_school_teachers,"[0, 1, 3, 4, 5, 6, 7, 9, 10, 11, 12, 13, 14, 15, 17, 18, 19, 20, 21, 24, 25, 26, 27, 28, 29, 30, 31, 32, 34, 35, 39, 40, 43, 44, 46, 47, 49, 50, 53, 58, 59, 60, 61, 62, 63, 65, 66, 67, 69, 70, 72, 73, 74, 75, 76, 78, 79, 81, 84, 85, 86, 87, 88, 89, 91, 92, 93, 94, 95, 96, 101, 102, 103, 104, 105, 106, 107, 108, 110, 112, 114, 115, 116, 119, 120, 122, 123, 124, 126, 130, 132, 133, 134, 136, 138, 140, 142, 143, 146, 147, 148, 153, 157, 159, 160, 162, 163, 164, 165, 168, 170, 171, 172, 173, 174, 175, 176, 177, 178, 179, 182, 183, 184, 186, 189, 192, 194, 196, 200, 205, 208, 210, 211, 213, 216, 218, 220, 222, 223, 224, 227, 228, 229, 230, 231, 232, 236, 238, 240, 246, 247, 249, 253, 257, 258, 262, 263, 265, 269, 273, 274, 278, 280, 281, 282, 284, 290, 292, 296, 301, 302, 303, 306, 307, 308, 310, 312, 314, 315, 317, 319, 321, 323, 326, 329, 338, 339, 349, 353, 356, 363, 367, 372, 374, 377, 378, 379, 381, 382, 383, 390, 391, 394, 398, 400, 406, 409, 410, 412, 414, 418, 421, 427, 428, 434, 436, 439, 440, 445, 446, 451, 452, 455, 456, 462, 467, 479, 480, 487, 489, 490, 500, 504, 505, 510, 515, 517, 521, 527, 536, 540, 546, 550, 552, 556, 558, 560, 564, 576, 589, 625, 626, 640, 643, 647, 653, 656, 672, 710, 714, 742, 747, 754, 756, 774, 825, 827, 833, 863, 868, 907]",1658,special_special needs_iep_lincoln_adhd,1661,montessori_program_great_school_teachers,0.9803351935411346
1674,christian_christian school_cca_christ_ccs,"[2, 22, 57, 71, 128, 131, 151, 155, 219, 235, 277, 300, 419, 541, 659, 695, 861, 888, 892, 908]",1599,christian_christian school_cca_christ_ccs,861,lansing_lansing christian_school lansing_east lansing_wealthier families,0.9801974632490759
1673,rude_office_office staff_poor_desk,"[56, 169, 242, 287, 454, 553, 694, 809]",1286,cliques_favoritism_clique_cliquey_school clique,1516,rude_office_office staff_poor_desk,0.9801362666523314
1672,prescott_ursuline_island_warren_walker,"[365, 402, 488, 846, 925]",1502,prescott_ursuline_warren_walker_scott,1379,island_fisher_island school_fishers_island view,0.9800499852101672
1671,forest_redwood_forest hills_cardinal_woods,"[217, 769, 922, 930]",1454,forest_forest hills_cardinal_woods_woodside,930,redwood_redwood day_redwood school_rds_school redwood,0.9799915100978714
1670,center academy_cooper_magnolia_center_academy,"[337, 542, 559]",559,magnolia_magnolia school_magnolia science_science academy_btsa,1322,center academy_cooper_center_cooper school_academy,0.9799740915095579
1669,brookside_brooks_ams_doane_bes,"[199, 333, 448, 571, 606, 797, 818, 832]",1637,ams_doane_aos_great place_pk,1484,brookside_brooks_bes_bevis_brookside school,0.9799399511525213
1668,andrews_evans_ta_evansville_evans elementary,"[850, 860, 912]",1491,evans_ta_evansville_evans elementary_evansdale,912,andrews_andrews elementary_andrews high_andrews school_andrews heights,0.9799212981573785
1667,send_send child_homeschool_homeschooling_dog,"[51, 55, 185, 376, 473, 748]",1127,send_send child_dog_send kids_don send,984,homeschool_homeschooling_homeschooled_home schooling_homeschool program,0.97975451274505
1666,walden_wilson_gateway_carver_baker,"[141, 226, 244, 245, 305, 358, 385, 408, 424, 537, 549, 654, 676, 678, 733, 741, 773, 823, 902]",1488,beacon_lighthouse_lighthouse christian_beacon academy_lighthouse academy,1644,walden_wilson_gateway_carver_baker,0.9796921994839526
1665,dress_dress code_code_white_black,"[16, 23, 80, 83, 139, 145, 161, 181, 193, 197, 221, 250, 266, 279, 304, 313, 324, 334, 352, 359, 368, 397, 417, 475, 494, 514, 523, 524, 555, 566, 668, 696, 739, 800]",1640,dress_dress code_code_white_black,1625,eagle_westwood_edgewood_ehs_eagles,0.9796508122648289
1664,henry_longfellow_cape_colfax_cfa,"[438, 512, 569, 736]",736,colfax_collett_colfax charter_schuyler_schuyler colfax,1591,henry_longfellow_cape_cfa_ford,0.9796351114206697
1663,robinson_topeka_hamlin_topeka collegiate_collegiate,"[649, 688, 945]",945,topeka_topeka collegiate_collegiate_topeka high_school topeka,1430,robinson_hamlin_hamden_robinson elementary_hamline,0.9796345108340971
1662,sms_assumption_monica_st monica_asb,"[276, 464, 530, 849]",1222,assumption_asb_assumption school_asm_assumption academy,1233,sms_monica_st monica_monica school_st,0.9794819133343722
1661,montessori_program_great_school_teachers,"[0, 1, 3, 4, 5, 6, 7, 9, 10, 11, 12, 13, 14, 15, 17, 19, 20, 21, 24, 25, 26, 28, 30, 31, 32, 34, 35, 39, 40, 43, 44, 47, 49, 50, 53, 58, 59, 60, 62, 63, 65, 66, 67, 70, 72, 74, 75, 76, 78, 79, 81, 84, 85, 86, 87, 88, 89, 91, 92, 93, 94, 95, 96, 101, 102, 103, 104, 105, 106, 107, 108, 110, 112, 114, 115, 116, 119, 120, 122, 123, 124, 126, 130, 132, 134, 136, 138, 142, 143, 146, 147, 148, 153, 157, 159, 160, 162, 163, 164, 165, 168, 170, 171, 173, 174, 175, 176, 178, 179, 182, 183, 184, 186, 189, 192, 196, 200, 205, 208, 211, 213, 216, 218, 220, 222, 223, 224, 227, 228, 229, 230, 231, 232, 236, 238, 240, 246, 247, 249, 253, 257, 258, 262, 263, 265, 273, 274, 278, 280, 281, 282, 284, 290, 292, 301, 302, 303, 306, 307, 308, 310, 312, 314, 315, 317, 319, 321, 323, 326, 329, 338, 339, 349, 353, 356, 372, 374, 377, 378, 381, 382, 383, 390, 394, 398, 409, 410, 412, 414, 418, 421, 427, 434, 436, 439, 440, 445, 451, 455, 456, 462, 467, 479, 480, 487, 490, 500, 504, 505, 521, 527, 536, 546, 552, 556, 558, 560, 564, 576, 589, 625, 640, 643, 647, 653, 656, 672, 714, 742, 747, 756, 774, 825, 827, 833, 863, 868, 907]",1260,blue_ribbon_blue ribbon_ribbon school_clover,1641,montessori_program_great_school_teachers,0.9794709302479312
1660,fulton_shore_rne_roswell_north shore,"[682, 700, 829, 938]",1209,fulton_rne_roswell_roswell north_south fulton,1335,shore_north shore_shore acres_acres_nses,0.9793781458106996
1659,chs_taylor_columbus_tms_tmsa,"[345, 432, 468, 674]",1415,taylor_tms_tmsa_taylor elementary_taylor school,1381,chs_columbus_ch_chs great_ch ch,0.9792825087358813
1658,special_special needs_iep_lincoln_adhd,"[18, 27, 29, 46, 61, 69, 73, 133, 140, 172, 177, 194, 210, 269, 296, 363, 367, 379, 391, 400, 406, 428, 446, 452, 489, 510, 515, 517, 540, 550, 626, 710, 754]",1621,special_special needs_iep_lincoln_adhd,1629,stem_roosevelt_edison_hamilton_odyssey,0.9792649462724686
1657,greenwood_springfield_belleview_ma_belle,"[404, 551, 631, 644]",1436,springfield_ma_maa_springfield elementary_school springfield,1563,greenwood_belleview_belle_belleville_greenwood school,0.9791432517603075
1656,coronado_fremont_becker_corona_ramona,"[380, 726, 836]",1421,coronado_becker_corona_ramona_cougars,726,fremont_school fremont_fremont high_open plan_fremont great,0.9791390764228608
1655,emerson_laurel_stratford_sas_delphi,"[254, 293, 437, 503, 538, 570, 629]",1373,emerson_sas_sas program_emerson school_emerson wonderful,1570,laurel_stratford_delphi_camp_mds,0.9791194483039598
1654,grandview_bellevue_grand_bellevue school_grand heights,"[529, 950]",950,bellevue_bellevue school_school bellevue_attended bellevue_bellevue middle,529,grandview_grand_grandview preparatory_grand heights_grand view,0.9789374176202954
1653,ics_nativity_seton_immaculate_annunciation,"[154, 286, 309, 364, 420, 457, 579, 584, 613, 671, 939]",1071,seton_elizabeth_st elizabeth_elizabeth school_seton academy,1623,ics_nativity_immaculate_annunciation_prince,0.978926714015213
1652,joan_st joan_st mel_mel_parish,"[472, 703, 738, 919]",1555,st mel_mel_parish_philomena_st philomena,738,joan_st joan_joan arc_arc_arc school,0.9789048079861163
1651,st john_john_muir_st_skinner,"[111, 543, 597, 843]",1170,st john_john_muir_st_john muir,543,skinner_dewey_skinner west_skinner north_john dewey,0.9788739692196833
1650,cms_camden_cma_honor roll_roll,"[113, 206, 499, 618]",618,elgin_calhoun_elgin academy_elgin middle_elgin school,1364,cms_camden_cma_honor roll_roll,0.9788458466691112
1649,woodland_adams_scholars_unity_milwaukee,"[207, 602, 630, 680, 719, 792, 941]",1618,woodland_unity_milwaukee_woodlands_woodland great,1571,adams_scholars_jahn_japhet_jaa,0.9788202496229399
1648,lakeside_westlake_lakeside academy_lakeside christian_school lakeside,"[311, 730]",730,westlake_westlake academy_school westlake_westlake high_westlake great,311,lakeside_lakeside academy_lakeside christian_school lakeside_lakeside elementary,0.9786927254716136
1647,trinity_holy_holy family_holy cross_holy trinity,"[68, 90, 316, 318, 431, 786]",995,trinity_holy trinity_holy_trinity school_trinity christian,1100,holy_holy family_holy cross_rosary_holy spirit,0.9786501907543644
1646,villa_notre dame_notre_dame_nda,"[203, 297, 484, 585, 787]",1079,notre dame_notre_dame_nda_dame academy,1455,villa_regina_maria_pma_ave maria,0.9786469369434744
1645,st_paul_st paul_joseph_st joseph,"[54, 64, 125, 137, 152, 156, 201, 225, 267, 272, 283, 288, 299, 322, 328, 360, 416, 426, 453, 460, 506, 533, 563, 567, 591, 611, 664, 691, 692, 715, 718, 727, 746, 837, 883, 889]",691,ambrose_st ambrose_ambrose school_st_saint ambrose,1592,st_paul_st paul_joseph_st joseph,0.9786445435749503
1644,walden_wilson_gateway_carver_baker,"[141, 226, 244, 245, 305, 358, 385, 408, 537, 654, 676, 678, 733, 741, 773, 823, 902]",1578,gateway_pegasus_lab_fusion_lab school,1635,walden_wilson_carver_baker_hawthorne,0.9786428656916428
1643,mary_st mary_st_mary school_blessed sacrament,"[41, 447, 522, 806]",1380,blessed sacrament_sacrament_blessed_sacrament school_bss,1082,mary_st mary_st_mary school_nazareth,0.9786424395286965
1642,orchard_palm_palms_harbor_common core,"[294, 534, 575, 751]",534,orchard_orchard school_old orchard_orchard place_orchards,1552,palm_palms_harbor_common core_common,0.978475199328082
1641,montessori_program_great_school_teachers,"[0, 1, 3, 4, 5, 6, 7, 9, 10, 11, 12, 13, 14, 15, 17, 19, 20, 21, 24, 25, 26, 28, 30, 31, 32, 34, 35, 39, 40, 43, 44, 47, 49, 50, 53, 58, 59, 60, 62, 63, 65, 66, 67, 70, 72, 74, 75, 76, 78, 79, 81, 84, 85, 86, 87, 88, 89, 91, 92, 93, 94, 95, 96, 101, 102, 103, 104, 105, 106, 107, 108, 110, 112, 114, 115, 116, 119, 120, 122, 123, 124, 126, 130, 132, 134, 136, 138, 142, 143, 146, 147, 148, 153, 157, 159, 160, 162, 164, 165, 168, 170, 171, 173, 174, 175, 176, 178, 179, 182, 183, 184, 186, 189, 192, 196, 200, 205, 208, 211, 213, 216, 218, 220, 222, 223, 224, 227, 228, 229, 230, 231, 232, 236, 238, 240, 246, 247, 249, 253, 257, 258, 262, 263, 265, 273, 274, 278, 280, 281, 282, 284, 290, 292, 301, 302, 303, 306, 307, 308, 310, 312, 314, 315, 317, 319, 321, 323, 326, 329, 338, 339, 349, 353, 356, 372, 374, 377, 378, 381, 382, 383, 390, 394, 398, 409, 410, 412, 414, 418, 421, 427, 434, 436, 439, 440, 445, 451, 455, 456, 462, 467, 479, 480, 487, 490, 500, 504, 505, 521, 527, 536, 546, 552, 556, 558, 560, 564, 576, 589, 625, 640, 643, 647, 653, 656, 672, 714, 747, 756, 774, 825, 827, 833, 863, 868, 907]",1616,montessori_program_great_school_teachers,1594,kipp_somerset_bulldogs_somerset academy_miramar,0.9784646848009586
1640,dress_dress code_code_white_black,"[16, 23, 80, 83, 139, 161, 181, 193, 197, 221, 250, 266, 279, 304, 324, 334, 352, 359, 368, 397, 417, 475, 494, 514, 524, 566, 668, 696, 739, 800]",1498,harmony_austin_staar_texas_staar test,1633,dress_dress code_code_white_black,0.9783427661073132
1639,carden_leport_japanese_omni_carden school,"[264, 586, 708, 928]",1427,carden_leport_carden school_carden academy_carden conejo,1292,japanese_omni_oms_omi_japanese immersion,0.978256673014409
1638,cypress_princeton_princeton academy_school cypress_cypress christian,"[458, 634]",458,cypress_school cypress_cypress christian_cypress school_cypress cove,634,princeton_princeton academy_school princeton_princeton elementary_princeton high,0.9781563779137258
1637,ams_doane_aos_great place_pk,"[199, 448, 571, 606, 797, 832]",1576,doane_aos_pk_ees_aosj,1435,ams_great place_place_place kids_mes,0.9781052728641674
1636,highland_sizes_class sizes_small_small class,"[37, 100, 187, 239, 331, 443, 501, 518, 531, 554, 707, 874]",1537,johnson_richland_loveland_jonesboro_johnson elementary,1566,highland_sizes_class sizes_small_small class,0.9780025047350686
1635,walden_wilson_carver_baker_hawthorne,"[141, 226, 244, 305, 358, 385, 408, 537, 676, 733, 741, 773, 902]",1602,walden_carver_baker_hawthorne_progressive,1372,wilson_compass_woodrow_wilson hall_woodrow wilson,0.9779534040161665
1634,pius_st pius_st rita_rita_st,"[191, 268, 298, 619, 638, 807, 814]",1412,gregory_st gregory_garden_gardens_garden school,1575,pius_st pius_st rita_rita_st,0.9779189102721402
1633,dress_dress code_code_white_black,"[16, 23, 80, 83, 139, 161, 181, 193, 197, 221, 250, 266, 279, 324, 352, 359, 368, 397, 417, 475, 514, 524, 566, 696, 800]",1556,dress_dress code_code_white_black,1580,sycamore_richmond_grove_heights_orange,0.9777659211370744
1632,charlotte_pennfield_davidson_country day_fort,"[477, 525, 603, 784, 822, 847]",1611,charlotte_pennfield_country day_fort_country,1530,davidson_davidson day_imani_ims_imani school,0.9776480461526975
1631,grace_lutheran_lutheran school_salem_zion,"[77, 82, 233, 271, 336, 361, 478, 507, 568, 709, 844]",1108,immanuel_immanuel lutheran_ils_ila_lutheran,1608,grace_lutheran_lutheran school_salem_zion,0.9774034217346113
1630,fairmont_montgomery_baltimore_maryland_barnesville,"[342, 593, 648, 728]",1447,montgomery_baltimore_maryland_barnesville_carpenter,728,fairmont_anaheim_anaheim hills_north tustin_fairmont prep,0.9773131558273512
1629,stem_roosevelt_edison_hamilton_odyssey,"[73, 172, 194, 210, 269, 363, 428, 452, 515, 540, 550, 754]",1283,roosevelt_rms_benito_roosevelt school_school roosevelt,1613,stem_edison_hamilton_odyssey_stem program,0.9772911201195373
1628,rancho_sierra_verde_el_paso,"[354, 401, 595, 598, 788, 838]",1382,rancho_el_paso_el paso_el rancho,1183,sierra_verde_sierra view_vista verde_loma verde,0.9772618631934817
1627,kennedy_mitchell_jfk_chiles_santiago,"[251, 592, 876]",876,chiles_santiago_lawton chiles_attended santiago_santiago elementary,1462,kennedy_mitchell_jfk_mitchell elementary_john kennedy,0.9772166100355483
1626,virtual_pa_basis_cyber_peoria,"[387, 429, 471, 493, 681, 706, 720, 725, 731, 936]",1534,virtual_pa_cyber_online_connections academy,1038,basis_peoria_basis peoria_peoria academy_school peoria,0.9771277793216636
1625,eagle_westwood_edgewood_ehs_eagles,"[145, 313, 523, 555]",1401,eagle_edgewood_ehs_eagles_eagle academy,313,westwood_westwood school_westwood great_school westwood_westwood westwood,0.9770945934245324
1624,chandler_knox_kg_chandler academy_kga,"[574, 734, 910]",1330,knox_kg_kga_started kg_knox gifted,734,chandler_chandler academy_school chandler_chandler elementary_chandler park,0.9770877640955984
1623,ics_nativity_immaculate_annunciation_prince,"[154, 286, 309, 364, 420, 457, 613, 671, 939]",613,aquinas_aquin_aquin great_aquinas program_aquinas school,1577,ics_nativity_immaculate_annunciation_prince,0.9770666737073375
1622,caldwell_morris_caldwell academy_morristown_dp morris,"[702, 896]",896,morris_morristown_dp morris_dp_morris school,702,caldwell_caldwell academy_language program_dual language_experience caldwell,0.9770392209070834
1621,special_special needs_iep_lincoln_adhd,"[18, 27, 29, 46, 61, 69, 133, 140, 177, 296, 367, 379, 391, 400, 406, 446, 489, 510, 517, 626, 710]",1562,special_special needs_iep_lincoln_adhd,1597,maple_vpk_lane_elm_camelot,0.9769278459039262
1620,pioneer_perkins_concord_bolton_gordon,"[327, 639, 882]",1272,perkins_concord_bolton_gordon_barnette,639,pioneer_love pioneer_pioneer school_pioneer elementary_attended pioneer,0.9768792553452688
1619,cambridge_monticello_waterford_montclair_loma,"[202, 270, 581, 642, 934]",1471,monticello_waterford_montclair_loma_dana,1404,cambridge_high point_cambridge program_cambridge school_cambridge academy,0.976797732600877
1618,woodland_unity_milwaukee_woodlands_woodland great,"[207, 792, 941]",941,unity_unity school_unity charter_attending unity_love unity,1461,woodland_milwaukee_woodlands_woodland great_woodland school,0.9766786707495659
1617,bethel_irving_irvington_bethel school_bethel christian,"[470, 684]",470,bethel_bethel school_bethel christian_mt bethel_love bethel,684,irving_irvington_school irving_irving great_irving elementary,0.9766596923751916
1616,montessori_program_great_school_teachers,"[0, 1, 3, 4, 5, 6, 7, 9, 10, 11, 12, 13, 14, 15, 17, 19, 20, 21, 24, 25, 26, 28, 30, 31, 32, 34, 35, 39, 40, 43, 44, 47, 49, 50, 53, 58, 59, 60, 62, 63, 65, 66, 67, 70, 72, 74, 75, 76, 78, 79, 81, 84, 85, 86, 87, 88, 89, 91, 92, 93, 94, 95, 96, 101, 102, 103, 104, 105, 106, 107, 108, 110, 112, 114, 115, 116, 119, 120, 122, 123, 124, 126, 130, 132, 134, 136, 138, 142, 143, 146, 147, 148, 153, 157, 159, 160, 162, 164, 165, 168, 171, 173, 174, 175, 176, 178, 179, 182, 183, 184, 186, 189, 192, 196, 200, 205, 208, 211, 213, 216, 218, 220, 222, 223, 224, 227, 228, 229, 230, 231, 232, 236, 238, 240, 246, 247, 249, 253, 257, 258, 262, 263, 265, 273, 274, 278, 280, 281, 284, 290, 292, 301, 302, 303, 306, 307, 308, 310, 312, 314, 315, 317, 319, 321, 323, 326, 329, 338, 339, 349, 353, 356, 372, 374, 377, 378, 381, 382, 383, 390, 394, 398, 409, 410, 412, 414, 418, 421, 427, 434, 436, 439, 440, 445, 451, 456, 462, 467, 479, 480, 487, 490, 500, 504, 505, 521, 527, 536, 546, 552, 556, 558, 560, 564, 576, 589, 625, 640, 643, 647, 653, 656, 672, 714, 747, 756, 774, 825, 827, 833, 863, 868]",1596,10_franklin_10 10_liberty_jefferson,1572,montessori_program_bullying_spanish_great,0.9766159536595016
1615,marshall_ranch_cleveland_augusta_ranch elementary,"[256, 348, 502]",1223,marshall_ranch_augusta_ranch elementary_augusta ranch,502,cleveland_akron_school cleveland_cleveland elementary_cleveland school,0.9765025745935281
1614,lice_food_lunch_eat_head lice,"[98, 343, 716, 737, 872, 951]",1190,food_lunch_eat_allergies_lunches,1244,lice_head lice_nurse_head_school nurse,0.9763793429542196
1613,stem_edison_hamilton_odyssey_stem program,"[73, 194, 210, 269, 363, 428, 452, 515, 540, 754]",1509,edison_mhs_la reina_reina_la,1587,stem_hamilton_odyssey_stem program_hms,0.976270425915183
1612,vanguard_kent_denver_kentwood_colorado,"[482, 635, 777]",1211,kent_denver_kentwood_denver academy_colorado,482,vanguard_vanguard school_vanguard classical_recommend vanguard_love vanguard,0.9762629857713844
1611,charlotte_pennfield_country day_fort_country,"[477, 525, 822, 847]",477,pennfield_penn_pennfield school_penngrove_pennfield wonderful,1296,charlotte_country day_fort_country_charlotte prep,0.9762620616063661
1610,summit_sacred_sacred heart_shepherd_heart,"[97, 121, 212, 344, 513, 929]",1210,sacred_sacred heart_heart_heart school_shs,1489,summit_shepherd_good shepherd_everest_gsa,0.9762581898030002
1609,parkway_memorial_omaha_memorial middle_parkway school,"[666, 802]",802,memorial_memorial middle_memorial great_memorial school_love memorial,666,parkway_omaha_parkway school_love parkway_parkway christian,0.9761517818693672
1608,grace_lutheran_lutheran school_salem_zion,"[77, 82, 233, 271, 336, 361, 568, 709]",1523,grace_lutheran_lutheran school_zion_bethany,233,salem_salem elementary_salem lutheran_school salem_salem high,0.9760993116033155
1607,helena_disappointed_disappointed school_st helena_disappointing,"[167, 601, 768]",768,helena_st helena_helena elementary_helena school_saint helena,1000,disappointed_disappointed school_disappointing_disappointment_school disappointed,0.9760209694354406
1606,southwest_mlk_southwestern_southwest great_mle,"[711, 897]",711,southwest_southwestern_southwest great_southwest wonderful_experience southwest,897,mlk_mle_mli_mlk great_mles,0.9760099834501672
1605,glendale_horace_horace mann_mann_school glendale,"[782, 867]",782,glendale_school glendale_love glendale_feilbach_glendale high,867,horace_horace mann_mann_mann elementary_love horace,0.9759932781180776
1604,centennial_henderson_centennial high_centennial elementary_love centennial,"[433, 686]",433,centennial_centennial high_centennial elementary_love centennial_centennial great,686,henderson_school henderson_henderson middle_henderson international_love henderson,0.9759880305360944
1603,creek_brookfield_willow_walnut_brook,"[36, 149, 243, 255, 395, 405, 770]",1136,creek_walnut_creek elementary_creekside_creek great,1453,brookfield_willow_brook_hill_hills,0.9758377274516419
1602,walden_carver_baker_hawthorne_progressive,"[226, 244, 305, 358, 385, 408, 537, 733, 741, 773, 902]",902,cascadia_cascia_cas_casita_casis,1553,walden_carver_baker_hawthorne_progressive,0.9758291769526458
1601,lowell_lafayette_lowell school_experience lowell_school lafayette,"[370, 399]",370,lowell_lowell school_experience lowell_lowell whiteman_whiteman,399,lafayette_school lafayette_love lafayette_lafayette high_lafayette elementary,0.9758207721543014
1600,crossroads_adventist_adventist school_adventist academy_crossroads christian,"[609, 675]",675,adventist_adventist school_adventist academy_seventh day_day adventist,609,crossroads_crossroads christian_crossroads school_crossroads great_love crossroads,0.9757109320389875
1599,christian_christian school_cca_christ_ccs,"[2, 22, 57, 71, 128, 131, 151, 155, 219, 235, 277, 300, 419, 541, 659, 695, 888, 892, 908]",908,fwc_lwca_lwcs_pwca_fwc great,1579,christian_christian school_cca_christ_ccs,0.9757037148897255
1598,veritas_geneva_classical_latin_greek,"[180, 248, 260, 289, 519, 580, 721, 724]",580,geneva_geneva school_love geneva_classical_children geneva,1493,veritas_classical_latin_greek_athens,0.9756946924526202
1597,maple_vpk_lane_elm_camelot,"[391, 400, 406, 489, 510, 710]",1184,vpk_camelot_amerischools_vpk program_amerimont,1531,maple_lane_elm_maplewood_elmwood,0.9755938346014759
1596,10_franklin_10 10_liberty_jefferson,"[10, 30, 81, 84, 91, 92, 105, 114, 119, 120, 122, 136, 142, 148, 175, 178, 182, 183, 189, 196, 205, 211, 213, 224, 228, 229, 231, 240, 247, 253, 257, 258, 265, 274, 280, 281, 284, 292, 302, 303, 307, 312, 314, 321, 329, 338, 339, 349, 356, 374, 382, 390, 394, 398, 409, 410, 412, 418, 421, 436, 439, 440, 445, 451, 456, 462, 467, 487, 490, 500, 504, 521, 527, 546, 552, 576, 589, 625, 640, 643, 647, 653, 656, 714, 756, 774, 827, 833, 863]",1585,10_franklin_10 10_liberty_madison,1590,jefferson_evergreen_principle_hillside_mckinley,0.9755921156450353
1595,hopkins_ohs_oha_hopkinson_ohe,"[794, 878]",878,ohs_oha_ohe_ohes_school ohs,794,hopkins_hopkinson_hopkins elementary_kids hopkins_john hopkins,0.9755482423984588
1594,kipp_somerset_bulldogs_somerset academy_miramar,"[170, 282, 455, 907]",1496,somerset_bulldogs_somerset academy_miramar_wildcats,1390,kipp_weston_kiker_school kipp_year kipp,0.9754991387180151
1593,westgate_504_504 plan_plan_year westgate,"[623, 775]",623,westgate_year westgate_westgate years_love westgate_thank westgate,775,504_504 plan_plan_son 504_follow 504,0.9754899089208587
1592,st_paul_st paul_joseph_st joseph,"[54, 64, 125, 137, 152, 156, 201, 225, 267, 272, 283, 288, 299, 322, 328, 360, 416, 426, 453, 460, 506, 533, 563, 567, 591, 611, 664, 692, 715, 718, 727, 746, 837, 883, 889]",1588,st_paul_st paul_joseph_st joseph,889,philip_st philip_neri_philip neri_st,0.9754664845867066
1591,henry_longfellow_cape_cfa_ford,"[438, 512, 569]",438,longfellow_longview_longfellow great_longbranch_longfellow elementary,1103,henry_cape_cfa_ford_cape henry,0.9754148125107303
1590,jefferson_evergreen_principle_hillside_mckinley,"[30, 92, 119, 142, 182, 205, 224, 228, 231, 257, 258, 265, 303, 312, 329, 338, 339, 356, 409, 410, 421, 439, 440, 527, 576, 640, 647, 653, 714, 774, 827, 833]",1569,jefferson_evergreen_principle_hillside_mckinley,1526,switlik_swain_wacs_waddell_waco,0.9751570890037371
1589,allen_northwest_allen school_allen elementary_allen academy,"[583, 624]",583,allen_allen school_allen elementary_allen academy_allen park,624,northwest_northwest academy_northwest school_northwest elementary_love northwest,0.9751404627237953
1588,st_paul_st paul_joseph_st joseph,"[54, 64, 125, 137, 152, 156, 201, 225, 267, 272, 283, 288, 299, 322, 328, 360, 416, 426, 453, 460, 506, 533, 563, 567, 591, 611, 664, 692, 715, 718, 727, 746, 837, 883]",1171,agnes_st agnes_dominic_st dominic_st,1561,st_paul_st paul_joseph_st joseph,0.9751306494106917
1587,stem_hamilton_odyssey_stem program_hms,"[73, 210, 269, 428, 452, 515, 540, 754]",1527,stem_odyssey_stem program_gms_ges,1398,hamilton_hms_alexander_school hamilton_hamilton school,0.9749532137166357
1586,walgrove_serra_api_neighborhood school_neighborhood,"[320, 474, 562, 779, 796]",1536,walgrove_neighborhood school_neighborhood_gem_gem prep,1416,serra_api_serrania_api scores_api score,0.9749352176751956
1585,10_franklin_10 10_liberty_madison,"[10, 81, 84, 91, 105, 114, 120, 122, 136, 148, 175, 178, 183, 189, 196, 211, 213, 229, 240, 247, 253, 274, 280, 281, 284, 292, 302, 307, 314, 321, 349, 374, 382, 390, 394, 398, 412, 418, 436, 445, 451, 456, 462, 467, 487, 490, 500, 504, 521, 546, 552, 589, 625, 643, 656, 756, 863]",1320,hillcrest_oakland_skycrest_school hillcrest_rivercrest,1559,10_franklin_10 10_liberty_madison,0.9748761094578231
1584,oakdale_armstrong_oakdale school_love oakdale_neil armstrong,"[705, 821]",821,armstrong_neil armstrong_neil_armstrong elementary_experience armstrong,705,oakdale_oakdale school_love oakdale_oakdale great_school oakdale,0.974874869686485
1583,williams_maury_marlborough_alexandria_tc,"[772, 804, 901]",1033,williams_tc_alexandria_tc williams_university,901,maury_marlborough_maury elementary_rosemont_alexandria,0.974831296893684
1582,hickory_apple_tree_treetops_applewild,"[422, 848, 864]",1121,apple_tree_treetops_applewild_apple tree,848,hickory_hickory ridge_hickory flat_hickory high_hickory hills,0.9747339513941292
1581,lake_lakeview_lakewood_lakes_lakeshore,"[42, 509, 526, 701, 713]",1456,lake_lakeview_lakewood_lakes_lakeshore,701,tucker_pierce_tucker middle_tucker great_attended tucker,0.974653732972683
1580,sycamore_richmond_grove_heights_orange,"[359, 475, 514, 524, 566, 696]",1336,richmond_heights_castle_castle heights_richmond academy,1539,sycamore_grove_orange_orangewood_pg,0.9745214659847303
1579,christian_christian school_cca_christ_ccs,"[2, 22, 57, 71, 128, 131, 151, 155, 219, 235, 277, 300, 419, 541, 659, 695, 888, 892]",1528,christian_christian school_cca_christ_ccs,1140,fba_baptist_baptist academy_baptist christian_baptist school,0.9745151187717913
1578,gateway_pegasus_lab_fusion_lab school,"[245, 654, 678, 823]",654,pegasus_fusion_pegasus school_fusion academy_pegasus years,1525,gateway_lab_lab school_gateway school_science,0.9745009723349607
1577,ics_nativity_immaculate_annunciation_prince,"[154, 286, 309, 364, 420, 457, 671, 939]",1550,ics_immaculate_prince_peace_ihm,1546,nativity_annunciation_nativity school_nativity catholic_catholic,0.9743471024048493
1576,doane_aos_pk_ees_aosj,"[606, 797, 832]",797,doane_ees_eeec_doane academy_eep,1518,aos_pk_aosj_pk3_aoa,0.9743202678309552
1575,pius_st pius_st rita_rita_st,"[191, 268, 619, 814]",1235,st rita_rita_alverno_rita school_alcott,1319,pius_st pius_leo_st leo_st,0.9742712559129422
1574,bennett_dixon_acworth_viking_vikings,"[497, 906]",906,dixon_viking_vikings_raines_viking viking,497,bennett_acworth_love bennett_acworth elementary_bennett day,0.9742621552220408
1573,riverside_les_riverside elementary_school riverside_riverside school,"[259, 651]",259,riverside_riverside elementary_school riverside_riverside school_love riverside,651,les_love les_les teachers_attended les_les wonderful,0.9741532010144676
1572,montessori_program_bullying_spanish_great,"[0, 1, 3, 4, 5, 6, 7, 9, 11, 12, 13, 14, 15, 17, 19, 20, 21, 24, 25, 26, 28, 31, 32, 34, 35, 39, 40, 43, 44, 47, 49, 50, 53, 58, 59, 60, 62, 63, 65, 66, 67, 70, 72, 74, 75, 76, 78, 79, 85, 86, 87, 88, 89, 93, 94, 95, 96, 101, 102, 103, 104, 106, 107, 108, 110, 112, 115, 116, 123, 124, 126, 130, 132, 134, 138, 143, 146, 147, 153, 157, 159, 160, 162, 164, 165, 168, 171, 173, 174, 176, 179, 184, 186, 192, 200, 208, 216, 218, 220, 222, 223, 227, 230, 232, 236, 238, 246, 249, 262, 263, 273, 278, 290, 301, 306, 308, 310, 315, 317, 319, 323, 326, 353, 372, 377, 378, 381, 383, 414, 427, 434, 479, 480, 505, 536, 556, 558, 560, 564, 672, 747, 825, 868]",1548,montessori_bullying_pta_great_charter,1543,spanish_ib_immersion_language_french,0.9741439594264929
1571,adams_scholars_jahn_japhet_jaa,"[602, 630, 680, 719]",1155,scholars_oklahoma_tulsa_scholar_young scholars,1217,adams_jahn_japhet_jaa_john adams,0.9740341009481691
1570,laurel_stratford_delphi_camp_mds,"[254, 437, 503, 538, 629]",1524,laurel_stratford_camp_mds_summer,538,delphi_berwick_delphi academy_berwick academy_delphian,0.9739841945463508
1569,jefferson_evergreen_principle_hillside_mckinley,"[30, 92, 119, 142, 182, 205, 224, 228, 231, 257, 258, 265, 303, 312, 329, 338, 339, 356, 409, 410, 421, 439, 440, 527, 576, 640, 647, 653, 827, 833]",1567,evergreen_hillside_union_stephen_st stephen,1520,jefferson_principle_mckinley_fairview_smith,0.9738160176388722
1568,ace_langley_fairfax_virginia_poe,"[261, 423, 637, 749]",637,langley_poe_poe elementary_experience langley_langley high,1433,ace_fairfax_virginia_acera_fairfax county,0.9738095129680522
1567,evergreen_hillside_union_stephen_st stephen,"[182, 257, 258, 312, 439, 647]",1395,evergreen_union_love evergreen_evergreen school_union middle,1557,hillside_stephen_st stephen_ssa_hilltop,0.9737790537269179
1566,highland_sizes_class sizes_small_small class,"[37, 100, 187, 239, 331, 443, 501, 531, 554, 707]",1490,sizes_class sizes_small_small class_size,1494,highland_highlands_deer_highland park_hpa,0.9737414384051012
1565,arlington_bailey_arlington high_baileywick_school arlington,"[511, 828]",828,bailey_baileywick_bailey station_love bailey_bailey elementary,511,arlington_arlington high_school arlington_arlington heights_arlington great,0.9737102952394087
1564,harrison_klein_stanton_klein oak_landon,"[620, 645]",620,harrison_landon_harrison high_harrison elementary_harrison great,645,klein_stanton_klein oak_oak_school klein,0.9736088670034772
1563,greenwood_belleview_belle_belleville_greenwood school,"[404, 551]",404,greenwood_greenwood school_greenwood elementary_school greenwood_greenwood great,551,belleview_belle_belleville_belle aire_belle ryan,0.973499690979439
1562,special_special needs_iep_lincoln_adhd,"[18, 27, 29, 46, 61, 69, 133, 140, 177, 296, 367, 379, 446, 517, 626]",1338,prairie_bell_trace_prairie school_crossing,1506,special_special needs_iep_lincoln_adhd,0.9734903343472376
1561,st_paul_st paul_joseph_st joseph,"[54, 64, 125, 137, 152, 156, 201, 225, 267, 272, 283, 288, 299, 322, 328, 360, 416, 426, 453, 460, 506, 533, 563, 567, 591, 611, 664, 692, 715, 727, 837, 883]",1444,francis_st francis_clare_st_st clare,1542,st_paul_st paul_joseph_st joseph,0.9734860897932156
1560,clinton_clinton school_political_clinton high_clinton elementary,"[325, 661]",661,political_politics_political views_views_indoctrination,325,clinton_clinton school_clinton high_clinton elementary_school clinton,0.973368038750778
1559,10_franklin_10 10_liberty_madison,"[10, 81, 84, 91, 105, 114, 120, 122, 136, 148, 175, 178, 183, 189, 196, 211, 213, 229, 240, 253, 274, 280, 281, 284, 292, 302, 307, 314, 321, 349, 374, 382, 390, 394, 398, 412, 418, 436, 445, 456, 462, 467, 487, 490, 500, 504, 521, 546, 552, 589, 625, 643, 656, 756, 863]",1547,franklin_jackson_lee_berkeley_franklin academy,1554,10_10 10_liberty_madison_rate,0.9733350477144215
1558,king_ross_christ king_kings_murphy,"[150, 392, 824]",1084,king_christ king_kings_murphy_king school,392,ross_rossman_ross school_ross elementary_rossman school,0.9732542002069329
1557,hillside_stephen_st stephen_ssa_hilltop,"[257, 258, 312, 647]",1357,stephen_st stephen_ssa_foster_st martin,258,hillside_hilltop_hillside school_hillside elementary_hillside wonderful,0.9730995653474526
1556,dress_dress code_code_white_black,"[16, 23, 80, 83, 139, 161, 181, 193, 197, 221, 250, 266, 279, 324, 352, 368, 397, 417, 800]",1198,phs_pasadena_phe_pha_ph,1468,dress_dress code_code_white_black,0.973043779803785
1555,st mel_mel_parish_philomena_st philomena,"[472, 703, 919]",919,st mel_mel_mel school_st_nagel,1313,parish_philomena_st philomena_st phil_phil,0.9728149952500607
1554,10_10 10_liberty_madison_rate,"[10, 84, 91, 114, 120, 122, 136, 175, 178, 183, 189, 196, 211, 213, 229, 240, 253, 274, 280, 284, 292, 307, 314, 321, 349, 382, 390, 394, 398, 418, 445, 462, 487, 490, 500, 504, 521, 546, 552, 589, 625, 656, 863]",1538,10_10 10_liberty_madison_rate,1446,village_village school_collier_naples_olive,0.972717485796694
1553,walden_carver_baker_hawthorne_progressive,"[226, 244, 305, 358, 385, 408, 537, 733, 741, 773]",1485,carver_hawthorne_steam_speyer_voyager,1533,walden_baker_progressive_mackintosh_walden school,0.972706427815152
1552,palm_palms_harbor_common core_common,"[294, 575, 751]",575,common core_common_core_core curriculum_core standards,1212,palm_palms_harbor_royal palm_palm beach,0.9726107195554785
1551,improvement_room improvement_improvements_changes_school improved,"[195, 687, 817]",1069,improvement_room improvement_improvements_changes_school improved,817,good teachers_good_good staff_good great_pretty good,0.9725960682310147
1550,ics_immaculate_prince_peace_ihm,"[154, 286, 309, 420, 457, 939]",1242,prince_peace_prince peace_queen_angels,1376,ics_immaculate_ihm_ic_immaculate conception,0.9725110235304971
1549,barnabas_st barnabas_kincaid_calabash_calabasas,"[793, 917]",917,calabash_calabasas_____ __________calabasas high,793,barnabas_st barnabas_kincaid_st_barnabas school,0.9723866168036568
1548,montessori_bullying_pta_great_charter,"[0, 1, 3, 4, 5, 6, 9, 11, 12, 13, 14, 15, 17, 19, 20, 21, 24, 26, 28, 31, 32, 34, 35, 39, 40, 43, 44, 47, 49, 50, 53, 60, 62, 63, 65, 66, 67, 70, 72, 74, 75, 76, 78, 79, 85, 86, 87, 88, 89, 93, 94, 95, 96, 101, 102, 103, 104, 106, 107, 108, 110, 115, 116, 124, 126, 130, 132, 134, 138, 143, 146, 147, 153, 157, 159, 160, 162, 164, 168, 171, 173, 176, 179, 184, 186, 200, 216, 218, 220, 222, 223, 230, 236, 238, 246, 262, 263, 273, 278, 290, 301, 306, 308, 310, 315, 317, 319, 323, 326, 353, 372, 378, 381, 414, 427, 479, 480, 505, 558, 868]",1500,saints_legacy_nsa_bradford_lps,1541,montessori_bullying_pta_great_charter,0.9722081809848722
1547,franklin_jackson_lee_berkeley_franklin academy,"[81, 105, 148, 281, 302, 374, 412, 436, 456, 467, 643, 756]",1515,franklin_berkeley_franklin academy_holland_aef,1377,jackson_lee_stonewall_stone_stoneybrooke,0.9721755552693447
1546,nativity_annunciation_nativity school_nativity catholic_catholic,"[364, 671]",671,annunciation_annunciation catholic_acs_annunciation school_catholic,364,nativity_nativity school_nativity catholic_children nativity_school nativity,0.9721128950895164
1545,butler_hammond_kerr_astor_butler school,"[722, 776]",776,hammond_kerr_hammond school_hammond family_hammond central,722,butler_astor_butler school_butler years_butler high,0.9719934548711149
1544,parking_bus_traffic_gate_parking lot,"[48, 346, 351, 812]",812,kms_km_kms great_kmva_kmes,1273,parking_bus_traffic_gate_parking lot,0.9719256122746492
1543,spanish_ib_immersion_language_french,"[7, 25, 58, 59, 112, 123, 165, 174, 192, 208, 227, 232, 249, 377, 383, 434, 536, 556, 560, 564, 672, 747, 825]",1521,spanish_ib_immersion_language_french,1062,oxford_opa_chrysalis_ophir_soc,0.9719128053453442
1542,st_paul_st paul_joseph_st joseph,"[54, 64, 125, 152, 156, 201, 225, 267, 272, 283, 288, 299, 322, 328, 360, 416, 426, 453, 460, 506, 533, 563, 567, 611, 692, 715, 727, 837, 883]",1514,st_paul_st paul_joseph_st joseph,727,st johns_johns_st_johns country_johns school,0.9718547611957294
1541,montessori_bullying_pta_great_charter,"[0, 1, 3, 4, 5, 6, 9, 11, 12, 13, 14, 15, 17, 19, 20, 21, 24, 26, 28, 31, 32, 34, 35, 39, 40, 43, 44, 47, 49, 50, 53, 60, 62, 63, 65, 66, 67, 70, 72, 74, 75, 76, 78, 79, 85, 86, 87, 88, 89, 93, 94, 95, 96, 101, 102, 103, 104, 106, 107, 108, 110, 115, 116, 124, 126, 130, 132, 134, 138, 143, 146, 147, 153, 157, 159, 160, 162, 164, 168, 171, 176, 179, 184, 186, 200, 216, 218, 220, 222, 223, 230, 236, 238, 246, 262, 263, 273, 278, 290, 301, 308, 310, 315, 317, 319, 323, 326, 353, 372, 378, 381, 414, 427, 479, 558, 868]",1483,montessori_bullying_pta_great_charter,1316,renaissance_detroit_michigan_renaissance school_renaissance charter,0.9717362183221727
1540,brighton_beaver_brighton hall_brighton high_brighton school,"[463, 915]",463,brighton_brighton hall_brighton high_brighton school_southampton,915,beaver_beaverton_beavercreek_beaverton school_beaver high,0.9717116120401182
1539,sycamore_grove_orange_orangewood_pg,"[359, 475, 514, 696]",1428,grove_orange_orangewood_pg_orange county,359,sycamore_sycamore elementary_year sycamore_sycamore school_experience sycamore,0.971601469765063
1538,10_10 10_liberty_madison_rate,"[10, 84, 91, 114, 120, 122, 136, 175, 178, 183, 189, 196, 211, 213, 229, 240, 253, 274, 280, 292, 307, 314, 321, 349, 382, 390, 394, 398, 418, 445, 462, 487, 500, 504, 521, 546, 552, 589, 625, 656]",1501,10_10 10_liberty_madison_rate,1478,ridge_cedar_houston_ridgeview_manchester,0.9715996123174742
1537,johnson_richland_loveland_jonesboro_johnson elementary,"[518, 874]",874,richland_loveland_students richland_richland northeast_loveland high,518,johnson_jonesboro_johnson elementary_jonesboro high_principal johnson,0.9715902213323172
1536,walgrove_neighborhood school_neighborhood_gem_gem prep,"[320, 474, 779]",474,gem_gem prep_prep online_hidden gem_hidden,1179,walgrove_neighborhood school_neighborhood_great neighborhood_walsingham,0.9715857725491016
1535,chavez_murray_kingsley_cesar chavez_cesar,"[430, 835]",835,murray_hill murray_hill_murrayville_murray high,430,chavez_kingsley_cesar chavez_cesar_king chavez,0.9714733920109655
1534,virtual_pa_cyber_online_connections academy,"[387, 429, 471, 493, 706, 720, 731, 936]",1465,virtual_online_virtual academy_connections academy_connections,1019,pa_cyber_pa cyber_cyber school_pennsylvania,0.9713530113302142
1533,walden_baker_progressive_mackintosh_walden school,"[244, 305, 385, 741, 773]",1497,mackintosh_birches_mack_birch_boulder,1480,walden_baker_progressive_walden school_hubbard,0.9713463210306669
1532,vista_rio_alta_alta vista_terra,"[129, 481, 673, 717, 755, 799, 820, 891]",1440,terra_valle_vallejo_terra vista_terraset,1422,vista_rio_alta_alta vista_monte vista,0.9712715569379373
1531,maple_lane_elm_maplewood_elmwood,"[391, 400, 489, 710]",1439,elm_elmwood_elmo_southmoor_broadmoor,1214,maple_lane_maplewood_pembroke_maple lane,0.9711998116880984
1530,davidson_davidson day_imani_ims_imani school,"[603, 784]",784,davidson_davidson day_davidson academy_year davidson_school davidson,603,imani_ims_imani school_imsa_imhotep,0.9711757937811923
1529,mount_vernon_rocky_mount vernon_mt,"[285, 459, 565]",1029,vernon_mount_mount vernon_mt_mt vernon,565,rocky_rocky hill_rocky run_rocky mount_rocky point,0.9710968735704391
1528,christian_christian school_cca_christ_ccs,"[2, 22, 57, 71, 128, 131, 151, 155, 219, 235, 277, 300, 659, 695, 888, 892]",659,rvcs_rves_rvc_rvhs_rv,1470,christian_christian school_cca_christ_ccs,0.9709879323096247
1527,stem_odyssey_stem program_gms_ges,"[73, 269, 428, 452, 515, 754]",1486,stem_odyssey_stem program_ges_primavera,515,gms_gmc_gmhs_gmes_gmh,0.9709647308348551
1526,switlik_swain_wacs_waddell_waco,"[714, 774]",714,switlik_swain_swcs_swe_swos,774,wacs_waddell_waco_waas_wauconda,0.9709324528308755
1525,gateway_lab_lab school_gateway school_science,"[245, 678, 823]",245,gateway_gateway school_school gateway_gateway christian_attended gateway,1206,lab_lab school_science_science department_science program,0.9708726328270528
1524,laurel_stratford_camp_mds_summer,"[254, 437, 503, 629]",1385,stratford_mds_stratford school_stratford high_mdcs,1333,laurel_camp_summer_summer camp_laurel hill,0.9707723603944165
1523,grace_lutheran_lutheran school_zion_bethany,"[77, 82, 271, 336, 361, 568, 709]",568,pilgrim_pilgrim lutheran_lutheran_attended pilgrim_school pilgrim,1457,grace_lutheran_lutheran school_zion_bethany,0.9707425204240059
1522,parker_primrose_pritzker_parker school_principia,"[508, 547]",508,primrose_pritzker_principia_primrose school_prisk,547,parker_parker school_love parker_parker core_year parker,0.9707161658780409
1521,spanish_ib_immersion_language_french,"[7, 25, 58, 59, 112, 123, 165, 174, 192, 208, 227, 232, 249, 377, 434, 556, 560, 564, 672, 747, 825]",1475,spanish_immersion_ib_language_french,1487,heritage_providence_pca_gca_horizon,0.9706743681537018
1520,jefferson_principle_mckinley_fairview_smith,"[30, 92, 119, 142, 205, 224, 228, 231, 265, 303, 329, 338, 339, 356, 409, 410, 421, 440, 527, 576, 640, 653, 827, 833]",1466,brentwood_brentano_niwot_brent_niwot elementary,1492,jefferson_principle_mckinley_fairview_smith,0.9706188824721732
1519,shiloh_diploma_accredited_ged_shiloh hills,"[375, 791]",791,shiloh_shiloh hills_love shiloh_school shiloh_shiloh school,375,diploma_accredited_ged_accreditation_school accredited,0.9706039868250238
1518,aos_pk_aosj_pk3_aoa,"[606, 832]",606,pk_pk3_pk4_pk program_attended pk,832,aos_aosj_aoa_aoc_aop,0.9705746260809082
1517,rural_elkhorn_rural school_elkins_elk,"[667, 937]",667,rural_rural school_school rural_small rural_rural setting,937,elkhorn_elkins_elk_elkmont_elkins high,0.9704493172827895
1516,rude_office_office staff_poor_desk,"[56, 169, 242, 287, 553, 694]",1180,rude_office_office staff_desk_staff rude,1089,poor_poor poor_extremely poor_school poor_leadership,0.9704149491161859
1515,franklin_berkeley_franklin academy_holland_aef,"[81, 105, 148, 412, 436, 456, 467, 643, 756]",1239,franklin_franklin academy_franklin school_benjamin_franklin elementary,1495,berkeley_holland_aef_cva_aes,0.9704116428957169
1514,st_paul_st paul_joseph_st joseph,"[54, 64, 125, 152, 156, 201, 225, 267, 272, 283, 288, 299, 322, 328, 360, 416, 426, 453, 460, 506, 533, 563, 567, 611, 692, 715, 837, 883]",1477,st_paul_st paul_joseph_st joseph,883,bernard_st bernard_st_bernard school_st bernards,0.9702363193708503
1513,miami_coral_dade_palmetto_school miami,"[188, 411, 942]",1125,miami_coral_dade_school miami_miami dade,942,palmetto_palmetto high_palmetto middle_palmetto great_school palmetto,0.9701712295647332
1512,cumberland_seneca_fayetteville_sanford_fayette,"[476, 600, 856]",1311,seneca_fayetteville_sanford_fayette_fayerweather,856,cumberland_cumberland academy_school cumberland_cumberland county_cumberland high,0.9701637171576134
1511,worst school_worst_horrible_terrible_horrible school,"[8, 52, 118, 166, 341, 588, 594, 735]",1221,drugs_drug_drug problem_gangs_drug use,1399,worst school_worst_horrible_terrible_horrible school,0.9700736013623449
1510,casa_keystone_casas_keystone montessori_montessori,"[461, 803]",803,keystone_keystone montessori_montessori_attending keystone_school keystone,461,casa_casas_casa dei_casa esperanza_esperanza,0.9698790107943356
1509,edison_mhs_la reina_reina_la,"[194, 363]",194,edison_la reina_reina_la_edison elementary,363,mhs_mrhs_mhs great_mhbs_maize,0.9698198430187175
1508,woodward_turner_newman_woodward academy_atherton,"[366, 855]",855,turner_greenburgh_turner elementary_newburgh_turner great,366,woodward_newman_woodward academy_atherton_woodward north,0.9698128066760462
1507,shelton_gt_gt program_shelton academy_gta,"[663, 871]",663,gt_gt program_gta_school gt_gt classes,871,shelton_shelton academy_shelton great_love shelton_attended shelton,0.9697482376114672
1506,special_special needs_iep_lincoln_adhd,"[18, 27, 29, 46, 61, 69, 133, 140, 177, 296, 379, 517, 626]",1172,canyon_sage_copper_sagemont_bell canyon,1414,special_special needs_iep_lincoln_adhd,0.9695969986787539
1505,brown_brown school_sparta_rbs_spartans,"[384, 831, 873]",873,sparta_spartans_spartan_sparta high_moberly,1267,brown_brown school_rbs_rbcs_brown elementary,0.9695305659646316
1504,lourdes_mercy_lady lourdes_lady_fatima,"[291, 465, 911]",1276,lourdes_lady lourdes_fatima_lady_lourdes school,465,mercy_lady mercy_mercy school_mercymount_lady,0.9695124857693611
1503,monroe_blair_british_monroe elementary_monroe school,"[403, 616]",403,monroe_monroe elementary_monroe school_school monroe_james monroe,616,blair_british_british school_year blair_blair high,0.9694318010729321
1502,prescott_ursuline_warren_walker_scott,"[365, 402, 846]",1181,walker_warren_scott_warrendale_scott elementary,365,prescott_ursuline_hollister_ursuline academy_prescott school,0.9693715337173174
1501,10_10 10_liberty_madison_rate,"[10, 91, 114, 120, 122, 136, 175, 178, 183, 189, 196, 213, 229, 240, 253, 274, 280, 292, 314, 349, 382, 390, 394, 398, 418, 462, 487, 500, 504, 521, 546, 552, 625]",1479,liberty_islamic_ivy_bishop_vegas,1460,10_10 10_madison_rate_school 10,0.9693679109072668
1500,saints_legacy_nsa_bradford_lps,"[173, 306, 480, 505]",1256,legacy_lps_lpa_lpe_love legacy,1384,saints_nsa_bradford_saints academy_saints catholic,0.969315388455762
1499,st mark_mark_sheridan_twain_st marks,"[198, 535, 744]",535,sheridan_mark sheridan_sheridan school_sheridan hills_mark,1048,st mark_mark_twain_st marks_marks,0.9691340975656472
1498,harmony_austin_staar_texas_staar test,"[304, 334, 494, 668, 739]",1218,staar_texas_staar test_school texas_test,1417,harmony_austin_harmony school_hsa_school austin,0.9690204569497797
1497,mackintosh_birches_mack_birch_boulder,"[741, 773]",773,birches_birch_birch school_birchview_birches school,741,mackintosh_mack_boulder_mackintosh academy_littleton,0.9689745919268212
1496,somerset_bulldogs_somerset academy_miramar_wildcats,"[282, 455]",455,bulldogs_wildcats_leyva_bulldog_eureka,282,somerset_somerset academy_miramar_brisbane_academy miramar,0.9687620494210784
1495,berkeley_holland_aef_cva_aes,"[81, 148, 412, 436, 456, 467, 643]",1406,berkeley_holland_berkeley hall_dutch_hall,1458,aef_cva_aes_cvcs_cv,0.9687001027139469
1494,highland_highlands_deer_highland park_hpa,"[100, 501, 531]",1199,highland_highlands_highland park_hpa_highland hall,501,deer_deer park_deerfield_deer valley_deerwood,0.9685761852044161
1493,veritas_classical_latin_greek_athens,"[180, 248, 260, 289, 519, 721, 724]",1367,latin_classical_greek_athens_math,289,veritas_veritas academy_veritas school_classical_school veritas,0.968558322920791
1492,jefferson_principle_mckinley_fairview_smith,"[30, 92, 119, 142, 205, 224, 228, 231, 265, 303, 329, 338, 339, 356, 409, 410, 440, 527, 576, 640, 827, 833]",1297,css_mills_spring_springs_cse,1481,jefferson_principle_mckinley_fairview_smith,0.9684965955129871
1491,evans_ta_evansville_evans elementary_evansdale,"[850, 860]",850,ta_tavan_tashua_tas_tahanto,860,evans_evansville_evans elementary_evansdale_evans school,0.9684503444045227
1490,sizes_class sizes_small_small class_size,"[37, 187, 239, 331, 443, 554, 707]",554,boone_bridgeport_daniel boone_boone county_daniel,1426,sizes_class sizes_small_small class_size,0.9684327926218271
1489,summit_shepherd_good shepherd_everest_gsa,"[97, 212, 344, 929]",1142,summit_everest_summit school_tindley_summit academy,1137,shepherd_good shepherd_gsa_shepherd school_gses,0.9684309046909553
1488,beacon_lighthouse_lighthouse christian_beacon academy_lighthouse academy,"[424, 549]",424,lighthouse_lighthouse christian_lighthouse academy_school lighthouse_lighthouse school,549,beacon_beacon academy_children beacon_beacon day_schools beacon,0.9683319618216566
1487,heritage_providence_pca_gca_horizon,"[112, 123, 174, 192, 208, 232, 249, 434, 560, 564, 747]",1473,horizon_pinecrest_new horizon_echo_woodcrest,1449,heritage_providence_pca_gca_kcc,0.9682510964436051
1486,stem_odyssey_stem program_ges_primavera,"[73, 269, 428, 452, 754]",1355,odyssey_primavera_cross_odyssey charter_crosspoint,1407,stem_stem program_ges_robotics_stem school,0.9682102729619031
1485,carver_hawthorne_steam_speyer_voyager,"[226, 358, 408, 537, 733]",1448,carver_hawthorne_speyer_voyager_synapse,1325,steam_nea_project based_based learning_project,0.9679321922363768
1484,brookside_brooks_bes_bevis_brookside school,"[333, 818]",818,bes_bevis_bement_becs_school bes,333,brookside_brooks_brookside school_brooks debartolo_debartolo,0.9678917602193204
1483,montessori_bullying_pta_great_charter,"[0, 1, 3, 4, 5, 6, 9, 11, 12, 13, 14, 15, 17, 19, 20, 21, 24, 26, 28, 31, 32, 34, 35, 39, 40, 43, 44, 47, 49, 50, 53, 60, 62, 63, 65, 66, 67, 70, 72, 74, 75, 76, 78, 79, 85, 86, 87, 88, 89, 93, 94, 95, 96, 101, 102, 103, 104, 106, 107, 108, 110, 115, 116, 124, 126, 130, 132, 134, 138, 143, 146, 147, 153, 157, 159, 160, 162, 164, 168, 171, 176, 179, 184, 186, 200, 216, 218, 220, 222, 223, 230, 236, 238, 246, 262, 273, 278, 290, 301, 308, 310, 315, 317, 319, 323, 326, 353, 378, 381, 414, 427, 479, 558, 868]",1432,montessori_bullying_pta_great_charter,1347,freedom_freedom academy_academy_lacs_foundations,0.967850363653986
1482,harding_memphis_ezell_ezell harding_harding academy,"[685, 815]",815,memphis_school memphis_whitehaven_memphis city_memphis area,685,harding_ezell_ezell harding_harding academy_harding great,0.9677201100178077
1481,jefferson_principle_mckinley_fairview_smith,"[30, 92, 119, 142, 205, 224, 228, 231, 265, 303, 338, 356, 409, 410, 440, 527, 640, 833]",1459,jefferson_principle_fairview_smith_memories,228,mckinley_atlas_mckinley school_mckinley elementary_school mckinley,0.9675903302363761
1480,walden_baker_progressive_walden school_hubbard,"[244, 305, 385]",1197,baker_progressive_hubbard_progressive school_progressive education,244,walden_walden school_walden green_green_attended walden,0.9675686864945172
1479,liberty_islamic_ivy_bishop_vegas,"[91, 120, 175, 196, 229, 240, 253, 274, 349, 382, 394, 418, 462, 487, 504, 521, 546, 552, 625]",1418,liberty_independence_liberty christian_liberty elementary_cta,1464,islamic_ivy_bishop_vegas_cha,0.967522107714752
1478,ridge_cedar_houston_ridgeview_manchester,"[84, 211, 307, 321, 445, 589, 656]",1443,houston_manchester_yorkshire_wes_durham,1275,ridge_cedar_ridgeview_cedarwood_red,0.9671827054921741
1477,st_paul_st paul_joseph_st joseph,"[54, 64, 125, 152, 156, 201, 225, 267, 272, 283, 288, 299, 322, 328, 360, 416, 426, 453, 460, 506, 533, 563, 567, 611, 692, 715, 837]",1434,anthony_st anthony_jude_andrew_st jude,1423,st_paul_st paul_joseph_st joseph,0.967130186429652
1476,lottery_russian_yeshiva_moscow_russian immersion,"[532, 596]",532,russian_yeshiva_moscow_russian immersion_rebbeim,596,lottery_won lottery_lottery process_application_lottery got,0.9670141917500712
1475,spanish_immersion_ib_language_french,"[7, 25, 58, 59, 165, 227, 377, 556, 672, 825]",1450,ags_ratio_agcs_ravenscroft_teacher ratio,1241,spanish_immersion_ib_language_french,0.9669019257748813
1474,aurora_iowa_moines_des moines_axl,"[670, 920]",670,iowa_moines_des moines_des_eps,920,aurora_axl_school aurora_aurora school_aurora academy,0.966875779520987
1473,horizon_pinecrest_new horizon_echo_woodcrest,"[208, 249, 564, 747]",1349,pinecrest_woodcrest_ppa_ppmh_ppe,1337,horizon_new horizon_echo_horizon school_echo horizon,0.9667707762989608
1472,garfield_santa_rosa_santa fe_fe,"[332, 435, 449]",332,garfield_santa lucia_lucia_garfield elementary_santa,1083,santa_rosa_santa fe_fe_rosa parks,0.9667173932006305
1471,monticello_waterford_montclair_loma_dana,"[270, 581, 642]",581,waterford_dana_springer_dana middle_waterford school,1165,monticello_montclair_loma_loma portal_portal,0.9666333439871363
1470,christian_christian school_cca_christ_ccs,"[2, 22, 57, 71, 128, 131, 151, 155, 219, 235, 277, 300, 695, 888, 892]",1375,christian_christian school_cca_christ_ccs,1354,jewish_covenant_westminster_hebrew_cds,0.9666326634936152
1469,miller_fox_fox run_fox hill_phillips,"[614, 851]",851,fox_fox run_fox hill_fox elementary_fox trail,614,miller_phillips_miller elementary_miller school_school miller,0.9664863507589645
1468,dress_dress code_code_white_black,"[16, 23, 80, 83, 139, 161, 181, 193, 197, 221, 250, 266, 279, 352, 368, 397, 417]",1254,private school_private_average_school average_average school,1339,dress_dress code_code_white_black,0.9664154728153957
1467,hampton_greenville_greenville middle_new hampton_middle academy,"[612, 926]",926,greenville_greenville middle_middle academy_gma_fort dale,612,hampton_new hampton_school hampton_hampton high_wade hampton,0.9662721482373346
1466,brentwood_brentano_niwot_brent_niwot elementary,"[421, 653]",421,brentwood_brentano_brent_brentwood school_love brentwood,653,niwot_niwot elementary_knights_nia_nimitz,0.9661753074003882
1465,virtual_online_virtual academy_connections academy_connections,"[429, 471, 493, 706, 720, 936]",1138,connections academy_connections_indiana_indianapolis_omega,1228,virtual_virtual academy_online_cava_ohva,0.9661196762541764
1464,islamic_ivy_bishop_vegas_cha,"[91, 175, 196, 229, 240, 253, 274, 349, 382, 394, 418, 487, 521, 546, 552, 625]",1307,ivy_ivy league_league_ivy bound_menlo,1441,islamic_bishop_vegas_cha_islamic school,0.9661122753019299
1463,webster_hudson_daniel webster_hudson school_daniel,"[590, 785]",590,webster_daniel webster_daniel_webster elementary_noah webster,785,hudson_hudson school_love hudson_hudson elementary_hudson rocks,0.9660794280707858
1462,kennedy_mitchell_jfk_mitchell elementary_john kennedy,"[251, 592]",592,mitchell_mitchell elementary_mitchell school_mitch_mitchell mitchell,251,kennedy_jfk_john kennedy_kennedy elementary_kennedy middle,0.9660410510678048
1461,woodland_milwaukee_woodlands_woodland great_woodland school,"[207, 792]",792,milwaukee_school milwaukee_schools milwaukee_south milwaukee_dsha,207,woodland_woodlands_woodland great_woodland school_year woodland,0.9660068985481126
1460,10_10 10_madison_rate_school 10,"[10, 114, 122, 136, 178, 183, 189, 213, 280, 292, 314, 390, 398, 500]",1437,10_10 10_madison_rate_school 10,1361,lewis_clark_dsa_lewis school_dses,0.965998061693314
1459,jefferson_principle_fairview_smith_memories,"[30, 92, 119, 142, 205, 224, 231, 265, 303, 338, 356, 409, 410, 440, 527, 640, 833]",1344,smith_ptsa_hazelwood_smith school_smithfield,1442,jefferson_principle_fairview_memories_grant,0.9659560963072484
1458,aef_cva_aes_cvcs_cv,"[81, 148, 412, 456, 643]",1393,cva_cvcs_cv_cvhs_cve,412,aef_aes_aea_aesa_aeolian,0.9658812550972568
1457,grace_lutheran_lutheran school_zion_bethany,"[77, 82, 271, 336, 361, 709]",1410,lutheran_zion_lutheran school_concordia_christ lutheran,1346,grace_bethany_grace christian_grace school_grace lutheran,0.9657214840032289
1456,lake_lakeview_lakewood_lakes_lakeshore,"[42, 509, 526, 713]",1050,lake_lakeview_lakewood_lakes_lakeshore,1238,tigers_proud_tiger_cubberley_proud parent,0.9656929956253808
1455,villa_regina_maria_pma_ave maria,"[297, 484, 585]",297,villa_villa maria_villa victoria_maria_victoria,1234,regina_pma_maria_ave maria_lyndon,0.9654174049612032
1454,forest_forest hills_cardinal_woods_woodside,"[217, 769, 922]",769,sbhs_sbms_sba_sbaam_sbca,1202,forest_forest hills_cardinal_woods_woodside,0.9653258236894298
1453,brookfield_willow_brook_hill_hills,"[149, 243, 255, 405, 770]",243,willow_willows_willowbrook_willow hill_willow springs,1287,brookfield_brook_hill_hills_brook hill,0.9652814540686779
1452,air conditioning_conditioning_air_lockers_heat,"[388, 693]",388,air conditioning_conditioning_air_heat_hot,693,lockers_locker_school lockers_carry_opa soc,0.9652459875539512
1451,san_diego_san diego_alamo_san antonio,"[234, 615, 905]",1017,san_diego_san diego_san antonio_antonio,615,alamo_alameda_alamos_alamo school_alamosa,0.9652006793633459
1450,ags_ratio_agcs_ravenscroft_teacher ratio,"[227, 377, 825]",1301,ratio_ravenscroft_teacher ratio_student teacher_pinecroft,377,ags_agcs_agape_agassiz_agc,0.9651655700215069
1449,heritage_providence_pca_gca_kcc,"[112, 123, 174, 192, 232, 434, 560]",1424,heritage_providence_pca_gca_pcs,232,kcc_kca_kcs_kcc se_community college,0.9651261623604077
1448,carver_hawthorne_speyer_voyager_synapse,"[226, 408]",408,hawthorne_synapse_synergy_hawthorne elementary_hawthorne great,226,carver_speyer_voyager_voyagers_carver middle,0.9650068084801697
1447,montgomery_baltimore_maryland_barnesville_carpenter,"[342, 593, 648]",648,barnesville_carpenter_barnes_samuels_barnesville school,1285,montgomery_baltimore_maryland_montgomery school_baltimore city,0.9648421448319104
1446,village_village school_collier_naples_olive,"[284, 490, 863]",1290,village_village school_naples_collier_olive,863,ypa_yb_yccs_yscp_ycs,0.9647217515527242
1445,rogers_harvard_rogers high_lil harvard_attend rogers,"[573, 890]",890,harvard_lil harvard_going harvard_harvard schools_harvard university,573,rogers_rogers high_attend rogers_rogers wonderful_school rogers,0.9645356397553945
1444,francis_st francis_clare_st_st clare,"[137, 591, 664]",591,clare_st clare_clare school_st_saint clare,961,francis_st francis_st_francis xavier_xavier,0.9643383114163694
1443,houston_manchester_yorkshire_wes_durham,"[307, 321, 445, 656]",1232,houston_manchester_yorkshire_sam_sam houston,1305,wes_durham_whitesburg_winchester_whitesburg elementary,0.9641440569180266
1442,jefferson_principle_fairview_memories_grant,"[30, 92, 119, 142, 205, 231, 265, 303, 338, 356, 410, 440, 527, 833]",231,fairview_fairmount_fairview elementary_fairview school_fairburn,1408,jefferson_principle_memories_grant_new principle,0.9640618591244258
1441,islamic_bishop_vegas_cha_islamic school,"[91, 175, 229, 240, 253, 274, 349, 382, 394, 418, 521, 546, 552, 625]",1360,bishop_archbishop_bolles_luers_bodine,1425,islamic_vegas_cha_islamic school_quaker,0.9640454621962214
1440,terra_valle_vallejo_terra vista_terraset,"[755, 891]",755,terra_terra vista_terraset_vista_terra centre,891,valle_vallejo_valle vista_del valle_del,0.9638948601091141
1439,elm_elmwood_elmo_southmoor_broadmoor,"[400, 710]",710,southmoor_broadmoor_broad street_woodmoor_westmoor,400,elm_elmwood_elmo_elmhurst_elms,0.9638858064394564
1438,fra_panthers_panther_panther run_started fra,"[557, 921]",921,fra_started fra_fra family_recommend fra_fra special,557,panthers_panther_panther run_panthers school_panther panther,0.9636564541161098
1437,10_10 10_madison_rate_school 10,"[10, 114, 122, 136, 178, 183, 189, 213, 292, 314, 390, 398]",1110,glen_glenwood_sunnyside_sunol_glenview,1405,10_10 10_madison_rate_school 10,0.9636529553655787
1436,springfield_ma_maa_springfield elementary_school springfield,"[631, 644]",644,springfield_springfield elementary_school springfield_springfield academy_north springfield,631,ma_maa_mahopac_mav_alvernia,0.9634642421591778
1435,ams_great place_place_place kids_mes,"[199, 448, 571]",1178,great place_place_place kids_wonderful place_place learn,448,ams_mes_meyzeek_mece_love ams,0.9633271286298244
1434,anthony_st anthony_jude_andrew_st jude,"[328, 533, 563]",563,jude_st jude_saint jude_jude school_st,1334,anthony_st anthony_andrew_st andrew_saint andrew,0.9633082910504737
1433,ace_fairfax_virginia_acera_fairfax county,"[261, 423, 749]",1128,fairfax_virginia_fairfax county_virginia beach_county,261,ace_acera_love ace_school ace_ace years,0.9632646065804751
1432,montessori_bullying_pta_great_charter,"[0, 1, 3, 4, 5, 6, 9, 11, 12, 13, 14, 15, 17, 19, 20, 21, 24, 26, 28, 31, 32, 34, 35, 39, 40, 43, 44, 47, 49, 50, 53, 60, 62, 63, 65, 66, 67, 70, 72, 74, 75, 76, 78, 79, 85, 86, 87, 88, 89, 93, 94, 95, 96, 101, 102, 103, 104, 106, 107, 108, 110, 115, 116, 124, 126, 130, 132, 134, 138, 143, 146, 147, 153, 157, 159, 160, 162, 164, 168, 171, 176, 179, 184, 186, 200, 216, 218, 220, 222, 223, 230, 236, 238, 246, 262, 273, 278, 290, 301, 310, 315, 317, 319, 323, 326, 353, 378, 381, 414, 427, 479, 558]",558,excelsior_excel_excel academy_excelsior school_love excel,1409,montessori_bullying_pta_great_charter,0.9632022536651941
1431,west_westside_imagine_westview_gilbert,"[45, 444, 578, 699]",1060,west_westside_westview_gilbert_western,1026,rosefield_imagine_imagine rosefield_imagine prep_love imagine,0.9632007061738561
1430,robinson_hamlin_hamden_robinson elementary_hamline,"[649, 688]",688,robinson_robinson elementary_love robinson_robinson wonderful_mr robinson,649,hamlin_hamden_hamline_hampden_hamden high,0.9627002079544562
1429,columbia_ems_columbia academy_school columbia_love columbia,"[450, 854]",450,columbia_columbia academy_school columbia_love columbia_columbia elementary,854,ems_emt_warren tech_school ems_years ems,0.9625978659363378
1428,grove_orange_orangewood_pg_orange county,"[475, 514, 696]",1161,grove_orange_orangewood_orange county_orangethorpe,696,pg_pg county_pge_pges_pgms,0.9625241303107442
1427,carden_leport_carden school_carden academy_carden conejo,"[264, 928]",928,leport_leport school_huntington_le port_leport montessori,264,carden_carden school_carden academy_carden conejo_attended carden,0.9623359282447338
1426,sizes_class sizes_small_small class_size,"[37, 187, 239, 331, 443, 707]",1230,sizes_class sizes_small_small class_size,707,district_school district_love district_great district_district great,0.9623212344189016
1425,islamic_vegas_cha_islamic school_quaker,"[91, 175, 229, 240, 274, 349, 382, 394, 418, 521, 546, 552]",1411,cha_quaker_cfs_chapin_chicago,1388,islamic_vegas_islamic school_las vegas_arabic,0.9622841730144626
1424,heritage_providence_pca_gca_pcs,"[112, 123, 174, 192, 434, 560]",969,heritage_american heritage_heritage academy_american_harvest,1392,providence_pca_gca_pcs_pc,0.9620622933805333
1423,st_paul_st paul_joseph_st joseph,"[54, 64, 125, 152, 156, 201, 225, 267, 272, 283, 288, 299, 322, 360, 416, 426, 453, 460, 506, 567, 611, 692, 715, 837]",1403,paul_st paul_st_joseph_st joseph,1413,st_st thomas_patrick_st patrick_anne,0.9618414011975368
1422,vista_rio_alta_alta vista_monte vista,"[129, 481, 673, 717, 799, 820]",1265,vista_rio_alta_alta vista_monte vista,673,cwc_cwc mar_cwcmv_mar vista_mar,0.9617588316357562
1421,coronado_becker_corona_ramona_cougars,"[380, 836]",380,coronado_becker_corona_ramona_corona del,836,cougars_cougar_huskies_cougars school_cougar ridge,0.9617511223134892
1420,meadows_perry_high meadows_meadows school_mission meadows,"[340, 528]",528,perry_perry hall_perry schools_perry school_school perry,340,meadows_high meadows_meadows school_mission meadows_meadows elementary,0.9617076364224768
1419,amber_harlem_amber charter_harlem academy_harlem link,"[660, 880]",660,amber_amber charter_charter_amber great_amberly,880,harlem_harlem academy_harlem link_east harlem_link,0.9616892902754107
1418,liberty_independence_liberty christian_liberty elementary_cta,"[120, 462, 504]",120,liberty_liberty christian_liberty elementary_school liberty_liberty great,1266,independence_cta_cte_independent_independence school,0.961686879073681
1417,harmony_austin_harmony school_hsa_school austin,"[304, 334, 739]",334,austin_school austin_schools austin_austin area_akins,1177,harmony_harmony school_hsa_harmony science_science academy,0.9616790605697262
1416,serra_api_serrania_api scores_api score,"[562, 796]",562,api_api scores_api score_apis_score,796,serra_serrania_serrano_serra high_junipero serra,0.9615511363877022
1415,taylor_tms_tmsa_taylor elementary_taylor school,"[432, 468]",432,taylor_taylor elementary_taylor school_love taylor_school taylor,468,tms_tmsa_tjms_tm_year tmsa,0.9615076671067851
1414,special_special needs_iep_lincoln_adhd,"[18, 27, 29, 46, 61, 69, 140, 177, 379, 517, 626]",1314,lincoln_lincoln school_lincoln elementary_school lincoln_love lincoln,1331,special_special needs_iep_adhd_special education,0.9613453176297281
1413,st_st thomas_patrick_st patrick_anne,"[152, 156, 201, 225, 267, 272, 283, 288, 299, 322, 360, 416, 426, 453, 611, 692, 715]",1400,st_st thomas_patrick_st patrick_anne,322,st charles_charles_st_charles school_charles borromeo,0.9613427567028381
1412,gregory_st gregory_garden_gardens_garden school,"[298, 638, 807]",807,sgs_sges_sgcs_sg_sgis,1105,gregory_st gregory_garden_gardens_garden school,0.961318763617433
1411,cha_quaker_cfs_chapin_chicago,"[229, 240, 349, 382, 394, 521]",521,tri_trivium_trinitas_tri city_triton,1383,cha_quaker_cfs_chapin_chicago,0.961219087600547
1410,lutheran_zion_lutheran school_concordia_christ lutheran,"[77, 271, 361]",361,concordia_concordia lutheran_concordia university_lutheran_children concordia,1051,lutheran_zion_lutheran school_christ lutheran_christ,0.9610442659832079
1409,montessori_bullying_pta_great_charter,"[0, 1, 3, 4, 5, 6, 9, 11, 12, 13, 14, 15, 17, 19, 20, 21, 24, 26, 28, 31, 32, 34, 35, 39, 40, 43, 44, 47, 49, 50, 53, 60, 62, 63, 65, 66, 67, 70, 72, 74, 75, 76, 78, 79, 85, 86, 87, 88, 89, 93, 94, 95, 96, 101, 102, 103, 104, 106, 107, 108, 110, 115, 116, 124, 126, 130, 132, 134, 138, 143, 146, 147, 153, 157, 159, 160, 162, 164, 168, 171, 176, 179, 184, 186, 200, 216, 218, 220, 222, 223, 230, 236, 238, 246, 262, 273, 278, 290, 301, 310, 315, 317, 319, 323, 326, 353, 378, 381, 414, 427, 479]",1358,montessori_bullying_pta_great_charter,1370,discovery_crestview_crestwood_pacific_pba,0.9610011487426658
1408,jefferson_principle_memories_grant_new principle,"[30, 92, 119, 142, 205, 265, 303, 338, 356, 410, 440, 527, 833]",1324,grant_woodlawn_wood_riggs_redding,1386,jefferson_principle_memories_new principle_remember,0.960899052204945
1407,stem_stem program_ges_robotics_stem school,"[73, 428, 452]",428,ges_gerstell_gea_gesu_gec,1068,stem_stem program_robotics_stem school_stem academy,0.9607693646332509
1406,berkeley_holland_berkeley hall_dutch_hall,"[436, 467]",467,berkeley_berkeley hall_berkeley school_hall_bam,436,holland_dutch_toledo_holland hall_amsterdam,0.9607184353944382
1405,10_10 10_madison_rate_school 10,"[10, 114, 122, 136, 183, 189, 213, 292, 314, 390]",1362,madison_east_pine_north_northside,1120,10_10 10_rate_school 10_rate school,0.9606308381918262
1404,cambridge_high point_cambridge program_cambridge school_cambridge academy,"[202, 934]",202,cambridge_cambridge program_cambridge school_cambridge academy_school cambridge,934,high point_point_highpoint_point academy_high,0.9604370296622147
1403,paul_st paul_st_joseph_st joseph,"[54, 64, 125, 460, 506, 567, 837]",1340,bernadette_st bernadette_jerome_st jerome_clement,1397,paul_st paul_st_joseph_st joseph,0.960419462050155
1402,carmel_olmc_carmel mountain_mount carmel_mountain preschool,"[389, 646, 655]",1007,carmel_carmel mountain_mountain preschool_cmp_sudbury,646,olmc_olmc school_olmc olmc_love olmc_olmca,0.9602063314980767
1401,eagle_edgewood_ehs_eagles_eagle academy,"[145, 523, 555]",523,edgewood_berkwood_berkwood hedge_hedge_edgewood elementary,1303,eagle_ehs_eagles_eagle academy_eagle hill,0.9601689176278606
1400,st_st thomas_patrick_st patrick_anne,"[152, 156, 201, 225, 267, 272, 283, 288, 299, 360, 416, 426, 453, 611, 692, 715]",1391,st_st thomas_patrick_st patrick_anne,267,lawrence_st lawrence_laurence_lawrence school_st laurence,0.9601557197351638
1399,worst school_worst_horrible_terrible_horrible school,"[8, 52, 166, 341, 594]",1158,worst school_worst_horrible_terrible_horrible school,341,prison_like prison_school prison_prison school_prison like,0.9601138461339425
1398,hamilton_hms_alexander_school hamilton_hamilton school,"[210, 540]",210,hamilton_alexander_school hamilton_hamilton school_hamilton heights,540,hms_year hms_hmsa_attended hms_hms great,0.9600478864687796
1397,paul_st paul_st_joseph_st joseph,"[54, 64, 125, 567, 837]",1213,paul_st paul_st_joseph_st joseph,837,bart_st bart_st bartholomew_bartholomew_barth,0.960025978631595
1396,dublin_jones_dublin high_galway_john jones,"[762, 894]",894,jones_john jones_jones dairy_jones middle_dairy,762,dublin_dublin high_galway_dublin elementary_moved dublin,0.9598181174480324
1395,evergreen_union_love evergreen_evergreen school_union middle,"[182, 439]",182,evergreen_love evergreen_evergreen school_evergreen academy_school evergreen,439,union_union middle_free union_ums_unionville,0.9598178633902344
1394,daycare_goddard_goddard school_day care_infant,"[214, 498, 577]",577,goddard_goddard school_attending goddard_owners_experience goddard,975,daycare_day care_infant_recommend daycare_center,0.9597892179847544
1393,cva_cvcs_cv_cvhs_cve,"[81, 148, 456, 643]",456,cva_cvcs_cv_cvhs_cve,1274,care_care kids_hait_help_care children,0.9597679309291265
1392,providence_pca_gca_pcs_pc,"[112, 174, 192, 434]",1366,providence_pca_gca_pcs_pc,434,osl_osls_osage_osceola_oss,0.9594537803271102
1391,st_st thomas_patrick_st patrick_anne,"[152, 156, 201, 225, 272, 283, 288, 299, 360, 416, 426, 453, 611, 692, 715]",283,luke_st luke_luke school_st_saint luke,1378,st_st thomas_patrick_st patrick_anne,0.9592876853931807
1390,kipp_weston_kiker_school kipp_year kipp,"[170, 907]",170,kipp_kiker_school kipp_year kipp_love kipp,907,weston_meigs_meiklejohn_harrington_weston high,0.9592372729736283
1389,mac_macarthur_macs_macademy_macduffie,"[350, 839]",839,macarthur_macarthur great_macarthur middle_school macarthur_love macarthur,350,mac_macs_macademy_macduffie_maca,0.9590987735639264
1388,islamic_vegas_islamic school_las vegas_arabic,"[91, 175, 274, 418, 546, 552]",1350,islamic_vegas_islamic school_las vegas_arabic,552,np3_nps_npe_np_npes,0.959081581659441
1387,louis_st louis_stevenson_st_louis school,"[357, 607]",357,louis_st louis_st_louis school_louis catholic,607,stevenson_stevenson elementary_stevenson school_robert louis_louis stevenson,0.9590555053128108
1386,jefferson_principle_memories_new principle_remember,"[30, 92, 119, 142, 205, 265, 338, 410, 440, 527, 833]",1329,principle_memories_new principle_remember_loved,119,jefferson_jefferson elementary_thomas jefferson_jefferson school_thomas,0.9589458510632226
1385,stratford_mds_stratford school_stratford high_mdcs,"[437, 629]",629,mds_mdcs_mdis_mdo_mdes,437,stratford_stratford school_stratford high_pomeroy_school stratford,0.9588475133775005
1384,saints_nsa_bradford_saints academy_saints catholic,"[173, 505]",173,saints_saints academy_saints catholic_asa_love saints,505,nsa_bradford_bradford academy_love bradford_bradford elementary,0.95883683660111
1383,cha_quaker_cfs_chapin_chicago,"[229, 240, 349, 382, 394]",1278,cha_chapin_chicago_cps_chaparral,1193,quaker_cfs_quaker values_cfca_frankford,0.9585198587490411
1382,rancho_el_paso_el paso_el rancho,"[354, 401, 788, 838]",354,rancho_el rancho_rancho solano_solano_school rancho,1153,el_paso_el paso_eldorado_el dorado,0.9583367443574409
1381,chs_columbus_ch_chs great_ch ch,"[345, 674]",345,chs_ch_chs great_ch ch_graduated chs,674,columbus_school columbus_columbus school_columbus elementary_christopher columbus,0.9582896319141108
1380,blessed sacrament_sacrament_blessed_sacrament school_bss,"[447, 806]",447,blessed sacrament_sacrament_blessed_sacrament school_bss,806,bsps_bse_bss_bsba_bsa,0.9582672695831599
1379,island_fisher_island school_fishers_island view,"[488, 925]",488,island_island school_island view_long island_mainland,925,fisher_fishers_fisher elementary_fhs_fisher landing,0.95822265094414
1378,st_st thomas_patrick_st patrick_anne,"[152, 156, 201, 225, 272, 288, 299, 360, 416, 426, 453, 611, 692, 715]",1368,st_st thomas_patrick_st patrick_anne,611,raphael_st raphael_matthias_st matthias_raphael school,0.9580581603041006
1377,jackson_lee_stonewall_stone_stoneybrooke,"[281, 302, 374]",1166,jackson_stonewall_stone_stoneybrooke_jackson elementary,302,lee_lee elementary_robert lee_robert_experience lee,0.9579986021014647
1376,ics_immaculate_ihm_ic_immaculate conception,"[154, 420, 457]",1073,ics_immaculate_ic_immaculate conception_conception,420,ihm_ijp_ihm school_iha_fhm,0.9579910730119359
1375,christian_christian school_cca_christ_ccs,"[2, 22, 57, 128, 131, 151, 155, 300, 695, 888, 892]",1224,valley_valley view_vcs_view_vca,1363,christian_christian school_cca_ccs_christ,0.9573869325171007
1374,taft_deaf_hearing_deaf hard_hard hearing,"[665, 698]",665,taft_taft high_taft school_school taft_taft elementary,698,deaf_hearing_deaf hard_hard hearing_hearing impaired,0.9572583857773209
1373,emerson_sas_sas program_emerson school_emerson wonderful,"[293, 570]",570,sas_sas program_kids sas_school sas_love sas,293,emerson_emerson school_emerson wonderful_emerson great_attend emerson,0.9572352535268435
1372,wilson_compass_woodrow_wilson hall_woodrow wilson,"[141, 676]",141,wilson_woodrow_wilson hall_woodrow wilson_tahoe,676,compass_school compass_compass rose_compass high_year compass,0.9572087071413661
1371,challenger_quest_quest academy_challenger school_quest program,"[407, 483]",407,quest_quest academy_quest program_love quest_daughter quest,483,challenger_challenger school_school challenger_traverse mountain_children challenger,0.9570968190069326
1370,discovery_crestview_crestwood_pacific_pba,"[223, 230, 479]",1263,crestview_crestwood_pacific_pba_crest,223,discovery_seed_discovery academy_rama_discovery school,0.9570648797959656
1369,seminole_fcat_fcat scores_seminole county_seminole high,"[758, 940]",940,fcat_fcat scores_scores_fcat testing_pass fcat,758,seminole_seminole county_seminole high_school seminole_decal,0.9570288664039366
1368,st_st thomas_patrick_st patrick_anne,"[152, 156, 201, 225, 272, 288, 299, 360, 416, 426, 453, 692, 715]",426,st matthew_matthew_matthew school_st_saint matthew,1359,st_st thomas_patrick_st patrick_anne,0.9568524263419989
1367,latin_classical_greek_athens_math,"[180, 248, 260, 519, 721, 724]",1282,athens_greek_archway_plato_athenian,1257,latin_classical_math_singapore_singapore math,0.9568152005502791
1366,providence_pca_gca_pcs_pc,"[112, 174, 192]",192,gca_gca years_zca_love gca_attended gca,1146,providence_pca_pcs_pc_pomona catholic,0.9567007584221163
1365,school awesome_love school_awesome_cool_school great,"[158, 275, 491, 895]",895,diversity_school diversity_diverse_cultures_diverse student,1081,school awesome_love school_awesome_school great_cool,0.9562910866452122
1364,cms_camden_cma_honor roll_roll,"[113, 206, 499]",1143,cms_camden_cma_camden military_cmp,206,honor roll_roll_honor_roll year_cbee,0.9562008004573613
1363,christian_christian school_cca_ccs_christ,"[2, 22, 128, 131, 151, 155, 695, 892]",1318,christian_christian school_cca_ccs_christ,1258,mca_mcauliffe_mcas_mcauley_abeka,0.9561403267927407
1362,madison_east_pine_north_northside,"[114, 122, 136, 183, 189, 213, 292, 314]",1147,pine_pv_pinewood_pine view_pves,1261,madison_east_north_northside_eastern,0.9558464699825494
1361,lewis_clark_dsa_lewis school_dses,"[280, 500]",500,dsa_dses_dse_dsst_dsjh,280,lewis_clark_lewis school_lewis clark_lewis elementary,0.9556925264379601
1360,bishop_archbishop_bolles_luers_bodine,"[253, 625]",625,bolles_bodine_bozarth_bosque_bosque school,253,bishop_archbishop_luers_bishop mchugh_mchugh,0.9556479544648746
1359,st_st thomas_patrick_st patrick_anne,"[152, 156, 201, 225, 272, 288, 299, 360, 416, 453, 692, 715]",1348,st_st thomas_patrick_st patrick_anne,453,christopher_st christopher_st chris_christopher school_chris,0.9554593384948262
1358,montessori_bullying_pta_great_charter,"[0, 1, 3, 4, 5, 6, 9, 11, 12, 13, 14, 15, 17, 19, 20, 21, 24, 26, 28, 31, 32, 34, 35, 39, 40, 43, 44, 47, 49, 50, 53, 60, 62, 63, 65, 66, 67, 70, 72, 74, 75, 76, 78, 79, 85, 86, 87, 88, 89, 93, 94, 95, 96, 101, 102, 103, 104, 106, 107, 108, 110, 115, 116, 124, 126, 130, 132, 134, 138, 143, 146, 147, 153, 157, 159, 160, 162, 164, 168, 171, 176, 179, 184, 186, 200, 216, 218, 220, 222, 236, 238, 246, 262, 273, 278, 290, 301, 310, 315, 317, 319, 323, 326, 353, 378, 381, 414, 427]",1343,montessori_bullying_pta_great_charter,1126,magnet_magnet program_magnet school_school magnet_program,0.9553194332159005
1357,stephen_st stephen_ssa_foster_st martin,"[257, 312, 647]",647,foster_foster children_foster son_foster elementary_stephen foster,1139,stephen_st stephen_ssa_st martin_st stephens,0.9549038431028253
1356,northwood_nhs_northwoods_school northwood_northwood elementary,"[516, 927]",927,nhs_norwalk_student nhs_nhs great_attend nhs,516,northwood_northwoods_school northwood_northwood elementary_year northwood,0.9548492187200447
1355,odyssey_primavera_cross_odyssey charter_crosspoint,"[269, 754]",269,odyssey_primavera_odyssey charter_school odyssey_odyssey school,754,cross_crosspoint_crossler_cross schools_crosspointe,0.9548283378785211
1354,jewish_covenant_westminster_hebrew_cds,"[71, 219, 235, 277]",1099,jewish_westminster_hebrew_pardes_secular,1240,covenant_cds_cda_new covenant_covenant christian,0.9546910649994443
1353,webb_boarding_boarding school_webb school_boarding student,"[732, 760]",732,boarding_boarding school_boarding schools_baylor_howe,760,webb_webb school_year webb_webb elementary_school webb,0.9546905981555482
1352,cathedral_augustine_st augustine_cathedral school_augustine school,"[610, 679]",679,cathedral_cathedral school_cathedral academy_school cathedral_attended cathedral,610,augustine_st augustine_augustine school_st_augustine catholic,0.9545860539291673
1351,ascension_baton_baton rouge_rouge_louisiana,"[605, 781]",781,ascension_school ascension_ascension school_ascension episcopal_episcopal,605,baton_baton rouge_rouge_louisiana_shreveport,0.9545698013801428
1350,islamic_vegas_islamic school_las vegas_arabic,"[91, 175, 274, 418, 546]",1163,hope_hopewell_nha_hope academy_new hope,1289,islamic_vegas_islamic school_las vegas_arabic,0.954481659491372
1349,pinecrest_woodcrest_ppa_ppmh_ppe,"[249, 564]",249,pinecrest_woodcrest_pinecrest academy_year pinecrest_school pinecrest,564,ppa_ppmh_ppe_ppacs_ppcs,0.9540774640714745
1348,st_st thomas_patrick_st patrick_anne,"[152, 156, 201, 225, 272, 288, 299, 360, 416, 692, 715]",1328,st_st thomas_patrick_st patrick_anne,416,timothy_st timothy_st tim_tim_timothy school,0.9539967680486202
1347,freedom_freedom academy_academy_lacs_foundations,"[308, 868]",868,lacs_foundations_foundation academy_foundation_foundations academy,308,freedom_freedom academy_academy_freedom traditional_freedom elementary,0.9539848637172482
1346,grace_bethany_grace christian_grace school_grace lutheran,"[82, 336, 709]",965,grace_grace christian_grace school_grace lutheran_christian,336,bethany_bethany christian_bethany lutheran_love bethany_school bethany,0.9539280339895542
1345,sequoia_sequoyah_sequoya_sequoyah school_sequoya elementary,"[617, 862]",862,sequoyah_sequoya_sequoyah school_sequoya elementary_love sequoya,617,sequoia_year sequoia_sequoia elementary_school sequoia_sequoia great,0.9538672895278392
1344,smith_ptsa_hazelwood_smith school_smithfield,"[224, 409, 640]",640,hazelwood_longwood_hazel_hazelwild_forwood,1309,smith_ptsa_smith school_smithfield_wallace,0.953596862160746
1343,montessori_bullying_pta_great_charter,"[0, 1, 3, 4, 5, 6, 9, 11, 12, 13, 14, 15, 17, 19, 20, 21, 24, 26, 28, 31, 32, 34, 35, 39, 40, 43, 44, 47, 49, 53, 60, 62, 63, 65, 66, 67, 70, 72, 74, 75, 76, 78, 79, 85, 86, 87, 88, 89, 93, 94, 95, 96, 101, 102, 103, 104, 106, 107, 108, 110, 115, 116, 124, 126, 130, 132, 134, 138, 143, 146, 147, 153, 157, 159, 160, 162, 164, 168, 171, 176, 179, 184, 186, 200, 216, 218, 220, 222, 236, 238, 246, 262, 273, 278, 290, 301, 310, 315, 317, 319, 323, 326, 353, 378, 381, 427]",1295,mms_mpa_mps_mpe_mas,1326,montessori_bullying_pta_great_charter,0.9535671443114828
1342,hyde_bronx_hyde park_addison_bronx science,"[492, 582]",492,bronx_bronx science_school bronx_schools bronx_yonkers,582,hyde_hyde park_addison_merrol hyde_merrol,0.9533174337714097
1341,bethesda_whitman_zeta_bethune_bethesda christian,"[641, 866]",641,bethesda_bethune_bethesda christian_beth_bethke,866,whitman_zeta_poet_walt whitman_whitman elementary,0.9533160330697819
1340,bernadette_st bernadette_jerome_st jerome_clement,"[460, 506]",506,jerome_st jerome_clement_st clement_jerome school,460,bernadette_st bernadette_bernadette school_st_saint bernadette,0.953272431947148
1339,dress_dress code_code_white_black,"[16, 23, 83, 139, 181, 193, 197, 221, 250, 266, 279, 368, 397, 417]",1251,dress_dress code_code_white_black,1302,substitute_substitute teacher_counselors_counselor_sub,0.9531972823252305
1338,prairie_bell_trace_prairie school_crossing,"[367, 446]",367,prairie_prairie school_prairie view_prairie crossing_prairie hills,446,bell_trace_crossings_crossing_bellview,0.9531384413942794
1337,horizon_new horizon_echo_horizon school_echo horizon,"[208, 747]",747,bits bytes_bytes_character_world_peaceful learning,208,horizon_new horizon_echo_horizon school_echo horizon,0.9531083915456198
1336,richmond_heights_castle_castle heights_richmond academy,"[524, 566]",524,richmond_richmond academy_richmond heights_love richmond_richmond high,566,heights_castle_castle heights_castlehill_love heights,0.9530823969862605
1335,shore_north shore_shore acres_acres_nses,"[700, 938]",700,shore_north shore_shore acres_acres_south shore,938,nses_nsms_nscs_nse_nscds,0.9529448889681673
1334,anthony_st anthony_andrew_st andrew_saint andrew,"[328, 533]",533,andrew_st andrew_saint andrew_saint_andrew school,328,anthony_st anthony_anthony school_st_saint anthony,0.9528544091187596
1333,laurel_camp_summer_summer camp_laurel hill,"[254, 503]",503,camp_summer_summer camp_summer program_day camp,254,laurel_laurel hill_laurelhurst_laurel hall_laurel school,0.9527328184186266
1332,anderson_midland_anderson school_andersen_jae,"[295, 877]",295,anderson_anderson school_andersen_jae_anderson elementary,877,midland_midland academy_school midland_midland great_miss anderson,0.9527298640013651
1331,special_special needs_iep_adhd_special education,"[18, 27, 29, 46, 61, 140, 177, 379, 517]",1252,special_special needs_iep_adhd_special education,517,holz_hoben_holladay_horeb_hommocks,0.9527046802722259
1330,knox_kg_kga_started kg_knox gifted,"[574, 910]",574,kg_started kg_kga_kg year_school kg,910,knox_knox school_knox gifted_gifted academy_kga,0.9526319084788513
1329,principle_memories_new principle_remember_loved,"[30, 92, 142, 205, 265, 338, 410, 440, 527, 833]",1259,tk_kindergarden_tes_tps_kinder,1279,principle_memories_new principle_remember_miss,0.9525553872017392
1328,st_st thomas_patrick_st patrick_anne,"[152, 156, 201, 225, 272, 288, 299, 360, 692, 715]",1315,anne_st anne_st james_james_st,1321,st thomas_st_patrick_st patrick_thomas,0.9523508953260041
1327,ahs_oxbow_ashland_ahcs_aha,"[371, 900]",900,oxbow_ashland_oxbow school_ashland elementary_school ashland,371,ahs_ahcs_aha_ahb_school ahs,0.9521732154890308
1326,montessori_bullying_pta_great_charter,"[0, 1, 3, 4, 5, 6, 9, 11, 12, 13, 14, 15, 17, 19, 20, 21, 24, 26, 28, 31, 32, 34, 35, 39, 40, 43, 44, 47, 49, 53, 60, 62, 63, 65, 66, 67, 70, 72, 74, 75, 76, 78, 79, 85, 86, 87, 88, 89, 93, 94, 95, 96, 101, 102, 103, 104, 106, 107, 108, 110, 115, 116, 124, 126, 130, 132, 134, 138, 143, 146, 147, 153, 157, 159, 160, 162, 164, 168, 171, 176, 179, 184, 186, 200, 216, 218, 220, 222, 236, 262, 273, 278, 290, 301, 310, 315, 317, 319, 323, 326, 353, 378, 381, 427]",1317,montessori_bullying_pta_great_charter,1270,ces_williamsburg_burbank_leman_celc,0.952159612890979
1325,steam_nea_project based_based learning_project,"[358, 537, 733]",537,nea_nerinx_nebo_nebinger_nevitt,1117,steam_project based_based learning_project_steam program,0.952085249485192
1324,grant_woodlawn_wood_riggs_redding,"[303, 356]",303,grant_riggs_redding_grant school_grant elementary,356,woodlawn_wood_wood acres_woodmore_woodgate,0.9519841884854904
1323,ignatius_jesuit_st ignatius_loyola_jesuit high,"[520, 761]",520,ignatius_st ignatius_loyola_st_saint ignatius,761,jesuit_jesuit high_men_jesuit great_jhs,0.9518816068635468
1322,center academy_cooper_center_cooper school_academy,"[337, 542]",337,center academy_center_academy_thank center_cap,542,cooper_cooper school_john cooper_cooper great_cooper city,0.9518542540823188
1321,st thomas_st_patrick_st patrick_thomas,"[152, 156, 272, 288, 299, 360, 692, 715]",1245,patrick_st patrick_patrick school_st_st pat,1304,st thomas_thomas_st_catherine_st catherine,0.9515250138839517
1320,hillcrest_oakland_skycrest_school hillcrest_rivercrest,"[247, 451]",247,hillcrest_skycrest_school hillcrest_rivercrest_hillcrest elementary,451,oakland_school oakland_oakland high_oakland school_oakland elementary,0.9514964170045076
1319,pius_st pius_leo_st leo_st,"[191, 814]",191,pius_st pius_pius school_st_saint pius,814,leo_st leo_leo great_st_saint leo,0.9514550491561121
1318,christian_christian school_cca_ccs_christ,"[2, 22, 128, 131, 151, 892]",128,cornerstone_cornerstone christian_school cornerstone_cornerstone academy_attended cornerstone,1246,christian_christian school_cca_ccs_christ,0.951116609613305
1317,montessori_bullying_pta_great_charter,"[0, 1, 3, 4, 5, 6, 9, 11, 12, 13, 14, 15, 17, 19, 20, 21, 24, 26, 28, 31, 32, 34, 35, 39, 40, 43, 44, 47, 49, 53, 60, 62, 63, 65, 66, 67, 70, 72, 74, 75, 76, 78, 79, 85, 86, 87, 88, 89, 93, 94, 95, 96, 101, 102, 103, 104, 106, 107, 108, 110, 115, 116, 124, 126, 130, 132, 134, 138, 143, 146, 147, 153, 157, 159, 160, 162, 164, 168, 171, 176, 179, 184, 186, 216, 218, 220, 222, 236, 262, 273, 278, 290, 301, 310, 315, 317, 319, 323, 326, 353, 381, 427]",1308,ps_pre_lca_wca_principal,1284,montessori_bullying_pta_charter_middle,0.9511039652061161
1316,renaissance_detroit_michigan_renaissance school_renaissance charter,"[263, 372]",372,detroit_michigan_detroit merit_dma_state michigan,263,renaissance_renaissance school_renaissance charter_renaissance academy_aquarian,0.9509215273153995
1315,anne_st anne_st james_james_st,"[201, 225]",225,st james_james_saint james_st_james school,201,anne_st anne_anne school_st_saint anne,0.9508023917006899
1314,lincoln_lincoln school_lincoln elementary_school lincoln_love lincoln,"[69, 626]",626,trail_trailblazer_trails_indian trail_indian,69,lincoln_lincoln school_lincoln elementary_school lincoln_love lincoln,0.9508011954300241
1313,parish_philomena_st philomena_st phil_phil,"[472, 703]",703,philomena_st philomena_st phil_phil_philomena school,472,parish_school parish_parish school_parish community_parish children,0.9504081035860683
1312,tag_travis_tag program_spence_school tag,"[572, 840]",572,tag_tag program_school tag_spence_kids tag,840,travis_travis heights_year travis_attend travis_school travis,0.9503848062246611
1311,seneca_fayetteville_sanford_fayette_fayerweather,"[476, 600]",476,fayetteville_fayette_fayerweather_fayetteville academy_south fayette,600,seneca_sanford_terry sanford_terry_seneca elementary,0.9503118525236338
1310,lebanon_lhs_new lebanon_lebanon high_mt lebanon,"[740, 858]",740,lebanon_new lebanon_lebanon high_mt lebanon_lebanon school,858,lhs_lhs great_lmhs_school lhs_lghs,0.9501439847493255
1309,smith_ptsa_smith school_smithfield_wallace,"[224, 409]",409,ptsa_pts_ptso_school ptsa_involved ptsa,224,smith_smith school_smithfield_wallace_smith elementary,0.9499904147486887
1308,ps_pre_lca_wca_principal,"[21, 40, 43, 63, 65, 67, 85, 86, 87, 102, 106, 107, 108, 110, 115, 124, 126, 138, 146, 147, 153, 171, 176, 184, 186, 216, 222, 273, 290, 301, 310, 323, 326, 353, 381, 427]",326,graland_greeley_grattan_griegos_groton,1298,ps_pre_lca_wca_principal,0.9497671942233669
1307,ivy_ivy league_league_ivy bound_menlo,"[196, 487]",487,menlo_manzanita_menaul_manoa_manus,196,ivy_ivy league_league_ivy bound_ivy academia,0.9497092312002543
1306,experience_great experience_experience school_good experience_excellent experience,"[109, 144, 347, 486, 946]",946,daughter attending_attending_attended years_children attended_attended,1010,experience_great experience_experience school_good experience_excellent experience,0.9495928191522982
1305,wes_durham_whitesburg_winchester_whitesburg elementary,"[445, 656]",445,wes_durham_winchester_wess_wes wonderful,656,whitesburg_whitesburg elementary_louisburg_gaithersburg_lewisburg,0.9495758654250595
1304,st thomas_thomas_st_catherine_st catherine,"[152, 272, 288, 299, 360]",1291,st thomas_thomas_catherine_st catherine_st,360,st michael_michael_michael school_st_michaels,0.9494727763497186
1303,eagle_ehs_eagles_eagle academy_eagle hill,"[145, 555]",555,ehs_ehca_eha_ehcs_ehs great,145,eagle_eagles_eagle academy_eagle hill_eagle view,0.9491007998710137
1302,substitute_substitute teacher_counselors_counselor_sub,"[181, 193, 368]",1149,counselors_counselor_counseling_emails_email,193,substitute_substitute teacher_sub_substitute teachers_subbed,0.9490823715576695
1301,ratio_ravenscroft_teacher ratio_student teacher_pinecroft,"[227, 825]",825,ravenscroft_pinecroft_pinecroft school_foxcroft_homecroft,227,ratio_teacher ratio_student teacher_student ratio_teacher student,0.9490817780283962
1300,skyview_falcon_sky_falcons_sky view,"[485, 752]",752,falcon_falcons_district 49_49_school falcon,485,skyview_sky_sky view_ariel_skyway,0.9490506882000175
1299,lds_ward_mormon_mormons_ward school,"[669, 763]",763,ward_ward school_ward elementary_wardlaw_miele,669,lds_mormon_mormons_mormon faith_ala,0.948945242915418
1298,ps_pre_lca_wca_principal,"[21, 40, 43, 63, 65, 67, 85, 86, 87, 102, 106, 107, 108, 110, 115, 124, 126, 138, 146, 147, 153, 171, 176, 184, 186, 216, 222, 273, 290, 301, 310, 323, 353, 381, 427]",1288,ps_pre_lca_wca_principal,1236,sva_sves_sve_svdp_slhs,0.9483177643730551
1297,css_mills_spring_springs_cse,"[329, 339, 576, 827]",1204,css_cse_cold spring_csy_csd,1123,mills_springs_spring_legend_mills park,0.9477068735200945
1296,charlotte_country day_fort_country_charlotte prep,"[525, 822, 847]",525,charlotte_charlotte prep_charlotte academy_school charlotte_prep,1152,country day_fort_country_fortis_fort worth,0.9476892919807559
1295,mms_mpa_mps_mpe_mas,"[238, 246]",246,mms_mas_mmr_mmes_maspeth,238,mpa_mps_mpe_mpts_mp,0.9475472612411199
1294,hunter_reed_hunt_william reed_walter reed,"[393, 789]",789,reed_william reed_walter reed_reed academy_william,393,hunter_hunt_hunter green_hunters_hunt elementary,0.9470318629332002
1293,best school_county_best_school best_philadelphia,"[117, 127, 190, 886]",886,philadelphia_school philadelphia_phila_philadelphia school_philly,1047,best school_county_best_school best_best elementary,0.9467723117486627
1292,japanese_omni_oms_omi_japanese immersion,"[586, 708]",586,omni_oms_omi_omni international_oma,708,japanese_japanese immersion_springbridge_immersion_japan,0.9467694955380053
1291,st thomas_thomas_catherine_st catherine_st,"[152, 272, 288, 299]",288,catherine_st catherine_siena_catherine siena_st,1237,st thomas_thomas_st theresa_theresa_st,0.9466315193706102
1290,village_village school_naples_collier_olive,"[284, 490]",284,village_village school_village academy_love village_experience village,490,naples_collier_olive_hackett_collierville,0.9465763010518857
1289,islamic_vegas_islamic school_las vegas_arabic,"[91, 175, 418]",1201,vegas_las vegas_las_nevada_albuquerque,91,islamic_islamic school_arabic_muslim_quran,0.9464776106160411
1288,ps_pre_lca_wca_principal,"[21, 40, 43, 63, 65, 67, 85, 86, 87, 102, 106, 107, 108, 110, 115, 124, 126, 138, 146, 147, 153, 171, 176, 184, 186, 216, 222, 273, 290, 301, 310, 381, 427]",1248,lca_wca_hca_lcs_aca,1280,ps_pre_principal_mrs_ms,0.9463861277743912
1287,brookfield_brook_hill_hills_brook hill,"[149, 255, 405, 770]",1247,brookfield_brook_hill_hills_brook hill,770,chapel hill_chapel_hill_hill high_chhs,0.9462505562971912
1286,cliques_favoritism_clique_cliquey_school clique,"[454, 809]",809,favoritism_teachers favoritism_favoritism school_school favoritism_favoritism shown,454,cliques_clique_cliquey_school clique_popular,0.9461117726205016
1285,montgomery_baltimore_maryland_montgomery school_baltimore city,"[342, 593]",593,montgomery_montgomery school_school montgomery_montgomery county_blount,342,baltimore_maryland_baltimore city_school baltimore_baltimore county,0.9455128125467721
1284,montessori_bullying_pta_charter_middle,"[0, 1, 3, 4, 5, 6, 9, 11, 12, 13, 14, 15, 17, 19, 20, 24, 26, 28, 31, 32, 34, 35, 39, 44, 47, 49, 53, 60, 62, 66, 70, 72, 74, 75, 76, 78, 79, 88, 89, 93, 94, 95, 96, 101, 103, 104, 116, 130, 132, 134, 143, 157, 159, 160, 162, 164, 168, 179, 218, 220, 236, 262, 278, 315, 317, 319]",1269,montessori_bullying_pta_charter_middle,1281,sfa_sae_sfc_mccs_sa,0.9454941726121314
1283,roosevelt_rms_benito_roosevelt school_school roosevelt,"[172, 550]",550,rms_benito_don benito_rmsel_attend rms,172,roosevelt_roosevelt school_roosevelt great_school roosevelt_roosevelt elementary,0.9454014034492866
1282,athens_greek_archway_plato_athenian,"[260, 721]",260,athens_greek_plato_athenian_hellenic,721,archway_archimedean_scottsdale_archmere_archway scottsdale,0.9453800517959714
1281,sfa_sae_sfc_mccs_sa,"[278, 317, 319]",1208,sfa_sae_sfc_sa_sabin,319,mccs_mcclure_mcc_mcclelland_mccourt,0.9449632742738597
1280,ps_pre_principal_mrs_ms,"[21, 40, 43, 63, 65, 67, 87, 124, 146, 171, 176, 186, 216, 273, 290, 301, 310, 381, 427]",1262,ps_pre_mrs_principal_ms,1227,rock_solid rock_rock academy_rocklin_painted rock,0.9449268333192533
1279,principle_memories_new principle_remember_miss,"[30, 92, 142, 265, 410, 527]",1200,principle_memories_new principle_remember_miss,410,kes_kester_klondike_kesterson_kell,0.9448020525690216
1278,cha_chapin_chicago_cps_chaparral,"[229, 240, 394]",229,cha_chapin_chaparral_chaminade_chapin school,1160,chicago_cps_cpa_cp_cpe,0.9446379919365712
1277,davis_holmes_davis elementary_davis great_zelia stephens,"[252, 652]",252,davis_davis elementary_davis great_zelia stephens_zelia,652,holmes_john holmes_holmes school_holmes great_holmes high,0.9445915636237141
1276,lourdes_lady lourdes_fatima_lady_lourdes school,"[291, 911]",911,fatima_lady fatima_lady_olf_fatima school,291,lourdes_lady lourdes_lady_lourdes school_oll,0.9444924520286866
1275,ridge_cedar_ridgeview_cedarwood_red,"[84, 211, 589]",1056,ridge_cedar_ridgeview_cedarwood_cedar ridge,589,red_redd_red bank_redd school_redland,0.9444714122183436
1274,care_care kids_hait_help_care children,"[81, 148, 643]",1074,care_hait_care kids_care children_hait hait,643,administration_great administration_administration teachers_administration helpful_teachers administration,0.9443367808791372
1273,parking_bus_traffic_gate_parking lot,"[48, 346, 351]",346,gate_gate program_non gate_gate students_program,1040,parking_bus_traffic_parking lot_drop,0.9442825715768092
1272,perkins_concord_bolton_gordon_barnette,"[327, 882]",327,perkins_concord_bolton_gordon_bolton academy,882,barnette_bowers_bowne_bow_bower,0.9442706733259941
1271,da vinci_vinci_da_dallas_dallas academy,"[885, 913]",885,dallas_dallas academy_dallas area_school dallas_da,913,da vinci_vinci_da_davinci_vinci academy,0.9440548318772705
1270,ces_williamsburg_burbank_leman_celc,"[200, 378]",200,ces_williamsburg_celc_cee_bce,378,leman_burbank_lerner_lemm_lehi,0.9439352508059342
1269,montessori_bullying_pta_charter_middle,"[0, 1, 3, 4, 5, 6, 9, 11, 12, 13, 14, 15, 17, 19, 20, 24, 26, 28, 31, 32, 34, 35, 39, 44, 47, 49, 53, 60, 62, 66, 70, 72, 74, 75, 76, 78, 79, 88, 89, 93, 94, 95, 96, 101, 103, 104, 116, 130, 132, 134, 143, 157, 159, 160, 162, 164, 168, 179, 218, 220, 236, 262, 315]",1188,washington_dc_dca_washington school_dcs,1229,montessori_bullying_pta_charter_middle,0.9437870833198136
1268,going school_loves_love going_loves going_son loves,"[204, 330, 622, 914]",1124,going school_love going_loves_loves going_school everyday,1176,love teachers_love_teachers love_love best_love love,0.9437262067174997
1267,brown_brown school_rbs_rbcs_brown elementary,"[384, 831]",384,brown_brown school_brown elementary_brown memorial_love brown,831,rbs_rbcs_rbes_rb_rbe,0.9434129802185115
1266,independence_cta_cte_independent_independence school,"[462, 504]",504,cta_cte_ctl_ctms_humphrey,462,independence_independence school_independent_independence high_independent school,0.9431559161862302
1265,vista_rio_alta_alta vista_monte vista,"[129, 481, 717, 799, 820]",820,bella_bella vista_bellaire_bellair_academy bellair,1173,vista_rio_alta_alta vista_monte vista,0.9431269145985149
1264,south_pointe_south pointe_southside_south lake,"[99, 683, 697]",1020,south_pointe_south pointe_southside_south lake,683,carolina_greensboro_south carolina_south_north carolina,0.9430242722176926
1263,crestview_crestwood_pacific_pba_crest,"[230, 479]",479,pacific_pba_pacifica_shauna_sands,230,crestview_crestwood_crest_creston_crestmont,0.943007724312316
1262,ps_pre_mrs_principal_ms,"[21, 40, 43, 63, 65, 67, 87, 124, 146, 171, 176, 186, 273, 290, 301, 310, 381]",1249,ps_pre_mrs_principal_ms,1255,bridges_bridge_jcs_jca_bridgeway,0.9429852624538828
1261,madison_east_north_northside_eastern,"[114, 122, 136, 189, 292, 314]",1250,east_north_northside_eastern_nj,122,madison_huntsville_olympia_school madison_madison middle,0.9421478566573873
1260,blue_ribbon_blue ribbon_ribbon school_clover,"[163, 742]",742,clover_cloverleaf_cloverdale_clover avenue_cloverly,163,blue_ribbon_blue ribbon_ribbon school_national blue,0.9418824568957727
1259,tk_kindergarden_tes_tps_kinder,"[205, 338, 440, 833]",1205,transition_transferred_moved_daughter transferred_new school,1195,tk_kindergarden_tes_tps_kinder,0.9416423881297379
1258,mca_mcauliffe_mcas_mcauley_abeka,"[155, 695]",155,mca_mcauliffe_mcas_mcauley_mcaa,695,abeka_abeka curriculum_beka_beka curriculum_oneka,0.9415908955361911
1257,latin_classical_math_singapore_singapore math,"[180, 248, 519, 724]",1072,math_singapore_singapore math_math program_math teacher,1091,latin_classical_classical academy_classical education_aristoi,0.9414275116071106
1256,legacy_lps_lpa_lpe_love legacy,"[306, 480]",306,legacy_love legacy_legacy academy_legacy years_legacy great,480,lps_lpa_lpe_lpcs_lp,0.9414058627306927
1255,bridges_bridge_jcs_jca_bridgeway,"[186, 301]",186,bridges_bridge_bridgeway_bridges academy_bridgeview,301,jcs_jca_jcds_jchs_jcms,0.9413564575004386
1254,private school_private_average_school average_average school,"[80, 161, 352]",161,average_school average_average school_average teachers_average average,1018,private school_private_private schools_public_public school,0.941330896006261
1253,mason_george_st george_mason prep_parsons,"[441, 657]",657,st george_george_saint george_st_george school,441,mason_mason prep_parsons_george mason_prep,0.940930289247262
1252,special_special needs_iep_adhd_special education,"[18, 27, 29, 46, 61, 140, 177, 379]",1192,adhd_dyslexia_son adhd_diagnosed_dyslexic,1106,special_special needs_iep_special education_needs,0.9409073438169889
1251,dress_dress code_code_white_black,"[16, 23, 83, 139, 197, 221, 250, 266, 279, 397, 417]",1169,recess_pes_pe_lunch_recess time,1231,dress_dress code_code_white_black,0.940831786523224
1250,east_north_northside_eastern_nj,"[114, 136, 189, 292, 314]",1135,east_eastern_eastside_nashville_tennessee,1185,northside_north_jersey_nj_northridge,0.9403120880580117
1249,ps_pre_mrs_principal_ms,"[21, 40, 43, 63, 65, 67, 87, 124, 146, 171, 176, 273, 290, 310, 381]",381,sphs_sps_spn_spc_sks,1243,ps_pre_mrs_principal_ms,0.9402678426960547
1248,lca_wca_hca_lcs_aca,"[85, 86, 102, 106, 107, 108, 110, 115, 126, 138, 147, 153, 184, 222]",184,rcs_rcds_rcsa_rccs_rchs,1226,lca_wca_hca_lcs_aca,0.9402130832158603
1247,brookfield_brook_hill_hills_brook hill,"[149, 255, 405]",149,brookfield_brook_brook hill_brookwood_hill,1058,hills_mission_seven hills_hill_mission hills,0.9397486822233668
1246,christian_christian school_cca_ccs_christ,"[2, 22, 131, 151, 892]",967,ncs_nca_nccs_nc_nccl,1057,christian_christian school_cca_ccs_christ,0.9394513503963645
1245,patrick_st patrick_patrick school_st_st pat,"[156, 692, 715]",715,st al_alphonsus_aloysius_st aloysius_al,1043,patrick_st patrick_patrick school_st_st pat,0.9393582212890746
1244,lice_head lice_nurse_head_school nurse,"[343, 872]",872,nurse_school nurse_sick_nursing_nurses,343,lice_head lice_head_school lice_home lice,0.9391812805708215
1243,ps_pre_mrs_principal_ms,"[21, 40, 43, 63, 65, 67, 87, 124, 146, 171, 176, 273, 290, 310]",1220,ps_pre_mrs_principal_ms,310,harker_haftr_haun_hawley_hacienda,0.9391758670216611
1242,prince_peace_prince peace_queen_angels,"[286, 309, 939]",286,prince_peace_prince peace_queen peace_peace school,1144,angels_queen angels_qas_queen_quail,0.9390992778536225
1241,spanish_immersion_ib_language_french,"[7, 25, 58, 59, 165, 556, 672]",1157,spanish_immersion_ib_language_french,672,ais_aies_aice_aig_aice program,0.9390367299057921
1240,covenant_cds_cda_new covenant_covenant christian,"[235, 277]",277,cds_cda_coram deo_coram_deo,235,covenant_new covenant_covenant christian_covenant school_covenant classical,0.9387300526323368
1239,franklin_franklin academy_franklin school_benjamin_franklin elementary,"[105, 756]",105,franklin_franklin academy_franklin school_benjamin_franklin elementary,756,bpa_bpc_bps_bpes_bpcs,0.938534693733264
1238,tigers_proud_tiger_cubberley_proud parent,"[509, 526]",509,proud_proud parent_school proud_proud staff_proud school,526,tigers_tiger_cubberley_cubs_cub run,0.9382832280130989
1237,st thomas_thomas_st theresa_theresa_st,"[152, 272, 299]",1112,st thomas_thomas_st_stm_thomas school,299,st theresa_theresa_teresa_st teresa_theresa school,0.9382410470052929
1236,sva_sves_sve_svdp_slhs,"[323, 353]",353,sles_slhs_sla_sloca_sloat,323,sva_sves_sve_svdp_sv,0.9381720222922691
1235,st rita_rita_alverno_rita school_alcott,"[268, 619]",268,alverno_alcott_alc_alcova_alcs,619,st rita_rita_rita school_st_catholic,0.9381542087208345
1234,regina_pma_maria_ave maria_lyndon,"[484, 585]",585,regina_ave maria_maria_ave_maria regina,484,pma_lyndon_pmfs_lyndon academy_pms,0.9377876702699933
1233,sms_monica_st monica_monica school_st,"[276, 464]",276,sms_sms great_experience sms_attended sms_smsa,464,monica_st monica_monica school_st_monica ros,0.9376445799304522
1232,houston_manchester_yorkshire_sam_sam houston,"[307, 321]",321,manchester_yorkshire_yorkshire academy_nottingham_cheshire,307,houston_sam_sam houston_school houston_schools houston,0.9374181577279836
1231,dress_dress code_code_white_black,"[16, 23, 83, 139, 197, 221, 279, 397, 417]",1189,dress_dress code_code_white_black,1150,pros_ipads_cons_ipad_technology,0.9369331603793881
1230,sizes_class sizes_small_small class_size,"[37, 187, 239, 331, 443]",1129,safe_clean_school safe_safe school_school clean,1132,sizes_class sizes_small_small class_size,0.9364940053985791
1229,montessori_bullying_pta_charter_middle,"[0, 1, 3, 4, 5, 6, 9, 11, 12, 13, 14, 15, 17, 19, 20, 24, 26, 28, 31, 32, 34, 35, 39, 44, 47, 49, 53, 60, 62, 66, 70, 72, 74, 75, 76, 78, 79, 88, 89, 93, 94, 95, 96, 101, 103, 104, 116, 130, 132, 143, 157, 159, 160, 162, 164, 168, 218, 220, 236, 262, 315]",1207,montessori_bullying_pta_charter_middle,1174,bay_ocean_bayshore_seas_ocean view,0.9361791274642663
1228,virtual_virtual academy_online_cava_ohva,"[429, 471, 493, 936]",1093,cava_online_ohva_online school_orva,981,virtual_virtual academy_virtual school_virtual learning_academy,0.936091936460485
1227,rock_solid rock_rock academy_rocklin_painted rock,"[216, 427]",216,rock_solid rock_rock academy_rocklin_painted rock,427,rhcds_rps_rpa_rls_rhema,0.9359241421078524
1226,lca_wca_hca_lcs_aca,"[85, 86, 102, 106, 107, 108, 110, 115, 126, 138, 147, 153, 222]",1196,lca_wca_hca_lcs_aca,222,cls_cla_clariden_clc_clovis,0.9357061749455053
1225,la_que_escuela_en_los,"[33, 135, 545, 729]",1045,que_la_escuela_en_los,1203,salle_la salle_la_scuola_la scuola,0.9356966551759517
1224,valley_valley view_vcs_view_vca,"[57, 300, 888]",300,vcs_vca_vcms_vchs_vces,971,valley_valley view_view_valley school_school valley,0.9353192609805921
1223,marshall_ranch_augusta_ranch elementary_augusta ranch,"[256, 348]",348,marshall_thurgood_thurgood marshall_marshall school_marshall great,256,ranch_augusta_ranch elementary_augusta ranch_saddle ranch,0.9352762530437221
1222,assumption_asb_assumption school_asm_assumption academy,"[530, 849]",530,assumption_assumption school_assumption academy_love assumption_assumption catholic,849,asb_asm_asms_asls_asti,0.9348703513455008
1221,drugs_drug_drug problem_gangs_drug use,"[118, 588, 735]",1061,drugs_drug_drug problem_gangs_drug use,735,fights_school fights_fight_fights school_fight school,0.9345828199690721
1220,ps_pre_mrs_principal_ms,"[21, 40, 43, 63, 65, 67, 87, 124, 146, 171, 176, 273, 290]",1191,ps_pre_mrs_principal_ms,290,dms_ebc_dw_ebe_dws,0.9344539210035977
1219,central_gulfport_central elementary_gulf_gulfport high,"[209, 830]",830,gulfport_gulf_gulfport high_gulfport school_gulfport central,209,central_central elementary_central school_love central_centralia,0.9344426945621619
1218,staar_texas_staar test_school texas_test,"[494, 668]",668,staar_staar test_test_staar testing_fun day,494,texas_school texas_state texas_schools texas_moved texas,0.9342469295821838
1217,adams_jahn_japhet_jaa_john adams,"[602, 680]",680,jahn_japhet_jaa_jao_ja,602,adams_john adams_adams elementary_love adams_adams school,0.9334208626652353
1216,dekalb_fernbank_dekalb county_fern_school dekalb,"[842, 909]",842,dekalb_dekalb county_school dekalb_county_dekalb school,909,fernbank_fern_fern drive_fernleaf_fernwood,0.9333461362430768
1215,sunset_mesa_sunset view_sunset park_view,"[362, 627]",362,sunset_sunset view_sunset park_sunset prep_love sunset,627,mesa_mesa view_school mesa_love mesa_mira mesa,0.9327634513907783
1214,maple_lane_maplewood_pembroke_maple lane,"[391, 489]",489,lane_pembroke_love lane_lane elementary_school lane,391,maple_maplewood_maple lane_maple grove_love maple,0.9320470414385166
1213,paul_st paul_st_joseph_st joseph,"[54, 64, 125, 567]",567,vincent_st vincent_st_vincent ferrer_ferrer,1156,paul_st paul_joseph_st_st joseph,0.9319581143152321
1212,palm_palms_harbor_royal palm_palm beach,"[294, 751]",294,palm_palms_royal palm_palm beach_royal,751,harbor_harborside_harbour_harbor day_harbor country,0.9316371438281585
1211,kent_denver_kentwood_denver academy_colorado,"[635, 777]",635,kent_kentwood_kent denver_kents hill_kents,777,denver_denver academy_colorado_school denver_da,0.9316363571455962
1210,sacred_sacred heart_heart_heart school_shs,"[121, 513]",513,shs_shreiner_shcs_shs great_shj,121,sacred_sacred heart_heart_heart school_school sacred,0.9315600277763549
1209,fulton_rne_roswell_roswell north_south fulton,"[682, 829]",682,fulton_south fulton_fulton leadership_fulton school_fulton science,829,rne_roswell_roswell north_north_love rne,0.9315412011020731
1208,sfa_sae_sfc_sa_sabin,"[278, 317]",317,sae_sabin_sa_saa_saas,278,sfa_sfc_sft_sfca_sfcs,0.9312646113879327
1207,montessori_bullying_pta_charter_middle,"[0, 1, 3, 4, 5, 6, 9, 11, 12, 13, 14, 15, 17, 19, 20, 24, 26, 28, 31, 32, 34, 35, 39, 44, 47, 49, 53, 60, 62, 66, 70, 72, 74, 75, 76, 78, 79, 88, 89, 93, 94, 95, 96, 101, 103, 104, 116, 130, 132, 143, 159, 160, 164, 168, 218, 220, 236, 262, 315]",1186,montessori_bullying_pta_charter_middle,1194,mountain_mountain view_view_peak_aacs,0.9307564705299863
1206,lab_lab school_science_science department_science program,"[678, 823]",823,lab_lab school_student lab_school lab_laburnum,678,science_science department_science program_science lab_science academy,0.9303452951835539
1205,transition_transferred_moved_daughter transferred_new school,"[440, 833]",833,wonderful kids_amazing willing_great experience_school years_impressed teachers,440,transition_transferred_moved_daughter transferred_transfer,0.9302444410961309
1204,css_cse_cold spring_csy_csd,"[329, 827]",329,css_cse_csy_csd_csec,827,cold spring_snow_snowden_wintergreen_winterfield,0.9301129538111443
1203,salle_la salle_la_scuola_la scuola,"[545, 729]",545,scuola_la scuola_italian_la_reggio,729,salle_la salle_la_salle institute_salle academy,0.9299214607162124
1202,forest_forest hills_cardinal_woods_woodside,"[217, 922]",922,cardinal_cardinal forest_cardinals_pacelli_cardinal bernardin,217,forest_forest hills_woods_woodside_forest view,0.9289674703164521
1201,vegas_las vegas_las_nevada_albuquerque,"[175, 418]",418,srs_srp_sres_srcs_srhs,175,vegas_las vegas_las_nevada_albuquerque,0.928810561650625
1200,principle_memories_new principle_remember_miss,"[30, 92, 142, 265, 527]",1151,memories_remember_miss_loved_went,966,principle_new principle_principle great_school principle_vice principle,0.9277175303736682
1199,highland_highlands_highland park_hpa_highland hall,"[100, 531]",531,hpa_hp_hps_hpe_hppa,100,highland_highlands_highland park_highland hall_highlander,0.9274967375361503
1198,phs_pasadena_phe_pha_ph,"[324, 800]",324,phs_phe_pha_ph_phms,800,pasadena_school pasadena_schools pasadena_rosebud_pasadena rosebud,0.927052428055769
1197,baker_progressive_hubbard_progressive school_progressive education,"[305, 385]",305,baker_hubbard_hubbard woods_love baker_baker baker,385,progressive_progressive school_progressive education_spectrum_school progressive,0.9263847336336343
1196,lca_wca_hca_lcs_aca,"[85, 86, 102, 106, 107, 108, 110, 115, 126, 138, 147, 153]",153,fcs_fca_fchs_fca years_attended fcs,1175,lca_wca_hca_lcs_aca,0.926191675893162
1195,tk_kindergarden_tes_tps_kinder,"[205, 338]",338,kindergarden_kinder_started kinder_kinder year_started kindergarden,205,tk_tes_tps_tpaak_tk program,0.9260181735190356
1194,mountain_mountain view_view_peak_aacs,"[95, 220, 315]",1133,mountain_mountain view_view_peak_aacs,315,cres_cre_crespi_cra_crenshaw,0.9253403337163233
1193,quaker_cfs_quaker values_cfca_frankford,"[349, 382]",349,cfs_cfca_cfis_cfi_cfe,382,quaker_quaker values_frankford_frankford friends_values,0.9247979945099571
1192,adhd_dyslexia_son adhd_diagnosed_dyslexic,"[46, 140, 379]",379,speech_speech therapy_therapy_speech therapist_therapist,1044,adhd_dyslexia_son adhd_diagnosed_dyslexic,0.9244382766392889
1191,ps_pre_mrs_principal_ms,"[21, 40, 43, 63, 65, 67, 87, 124, 146, 171, 176, 273]",171,meadow_meadowbrook_meadowlark_meadowview_meadowcreek,1164,ps_pre_mrs_principal_ms,0.9243075961227718
1190,food_lunch_eat_allergies_lunches,"[98, 716, 737, 951]",1031,food_lunch_eat_lunches_cook,951,allergies_peanut_allergy_food allergies_food,0.9241217001348045
1189,dress_dress code_code_white_black,"[16, 23, 83, 197, 221, 397, 417]",1159,dress_dress code_code_wear_uniforms,1003,white_black_racism_racist_african,0.9238040904981617
1188,washington_dc_dca_washington school_dcs,"[134, 179]",134,washington_washington school_washington elementary_seattle_washington great,179,dc_dca_dcs_dc prep_dcis,0.9236782614717575
1187,einstein_albert_st albert_albert great_einstein academy,"[750, 875]",875,st albert_albert_albert great_st_st alberts,750,einstein_einstein academy_albert einstein_albert_einstein school,0.923438926896368
1186,montessori_bullying_pta_charter_middle,"[0, 1, 3, 4, 5, 6, 9, 11, 12, 13, 14, 15, 17, 19, 20, 24, 26, 28, 31, 32, 34, 35, 39, 44, 47, 49, 53, 60, 62, 66, 70, 72, 74, 75, 76, 78, 79, 88, 89, 93, 94, 96, 101, 103, 104, 116, 130, 132, 143, 159, 160, 164, 168, 218, 236, 262]",1168,montessori_bullying_pta_charter_middle,1154,waldorf_waldorf school_waldorf education_waldorf schools_steiner,0.9234106180384409
1185,northside_north_jersey_nj_northridge,"[114, 189, 314]",1119,northside_north_jersey_nj_northridge,314,scholarships_scholarship_graduated_college_daughter graduated,0.9231337721948363
1184,vpk_camelot_amerischools_vpk program_amerimont,"[406, 510]",406,vpk_vpk program_vpa_attended vpk_school vpk,510,camelot_amerischools_amerimont_camellia_camelback,0.9229792226343281
1183,sierra_verde_sierra view_vista verde_loma verde,"[595, 598]",598,sierra_sierra view_el sierra_sierra canyon_view,595,verde_vista verde_loma verde_mesa verde_sierra verde,0.9228381784735672
1182,cottonwood_utah_sonoma_school utah_schools utah,"[766, 853]",853,utah_sonoma_school utah_schools utah_sonoma academy,766,cottonwood_cottonwood elementary_school cottonwood_cottonwood school_children cottonwood,0.9227757839916376
1181,walker_warren_scott_warrendale_scott elementary,"[402, 846]",402,walker_scott_scott elementary_warren walker_walker school,846,warren_warrendale_school warren_love warren_warren great,0.9218443556598751
1180,rude_office_office staff_desk_staff rude,"[56, 287, 553]",1012,rude_office_office staff_desk_staff rude,553,unprofessional_treat_children staff_staff unprofessional_rude,0.9217979929940012
1179,walgrove_neighborhood school_neighborhood_great neighborhood_walsingham,"[320, 779]",320,neighborhood school_neighborhood_great neighborhood_wonderful neighborhood_excellent neighborhood,779,walgrove_walsingham_wildlands_studio_studio lab,0.9216767839673228
1178,great place_place_place kids_wonderful place_place learn,"[199, 571]",199,great place_place_place kids_wonderful place_place learn,571,community_love community_community love_love family_community wonderful,0.9202662559931895
1177,harmony_harmony school_hsa_harmony science_science academy,"[304, 739]",739,hsa_hsp_hsc_hsi_hsca,304,harmony_harmony school_harmony science_science academy_leland,0.9199460338342695
1176,love teachers_love_teachers love_love best_love love,"[622, 914]",914,love does_kids love_does son_loves love_love love,622,love teachers_teachers love_love_nice love_love best,0.919550528937369
1175,lca_wca_hca_lcs_aca,"[85, 86, 102, 106, 107, 108, 110, 115, 126, 138, 147]",1148,lca_wca_hca_lcs_aca,126,tcs_tca_tce_tcps_tchs,0.9190883329878704
1174,bay_ocean_bayshore_seas_ocean view,"[157, 162]",157,ocean_bayshore_seas_ocean view_sea,162,bay_bayview_bay area_bay view_beach,0.9190647926233338
1173,vista_rio_alta_alta vista_monte vista,"[129, 481, 717, 799]",1080,vista_alta_alta vista_monte vista_monte,481,rio_rio vista_vista_love rio_rio lindo,0.9180353292952625
1172,canyon_sage_copper_sagemont_bell canyon,"[133, 296]",296,sage_sagemont_desert sage_sage ridge_sage canyon,133,canyon_copper_bell canyon_copper ridge_copper canyon,0.9180122051365522
1171,agnes_st agnes_dominic_st dominic_st,"[718, 746]",746,agnes_st agnes_saint agnes_agnes school_st,718,dominic_st dominic_dominic school_st_saint dominic,0.917423113293366
1170,st john_john_muir_st_john muir,"[111, 597, 843]",960,st john_john_st_john baptist_john school,597,muir_john muir_john_muirlands_muir great,0.9173489922198783
1169,recess_pes_pe_lunch_recess time,"[250, 266]",266,pes_pe_pe program_pes wonderful_pec,250,recess_recess time_lunch_recesses_school recess,0.9170876798280402
1168,montessori_bullying_pta_charter_middle,"[0, 1, 3, 4, 5, 6, 9, 11, 12, 13, 14, 15, 17, 19, 20, 24, 26, 28, 31, 32, 34, 35, 39, 44, 49, 53, 60, 62, 66, 70, 72, 74, 75, 76, 78, 79, 88, 89, 93, 94, 96, 101, 103, 104, 116, 130, 132, 143, 159, 160, 164, 168, 218, 236]",236,vms_fvms_vv_vbfs_vvms,1145,montessori_bullying_pta_charter_middle,0.9170627661193537
1167,asa_armenian_turkish_pilibos_armenian sisters,"[561, 704]",704,asa_asa best_school asa_asa great_asa years,561,armenian_turkish_pilibos_armenian sisters_sisters academy,0.9170455197855718
1166,jackson_stonewall_stone_stoneybrooke_jackson elementary,"[281, 374]",281,jackson_jackson elementary_school jackson_attended jackson_jackson prep,374,stonewall_stone_stoneybrooke_stonegate_stonewall jackson,0.9168997825085613
1165,monticello_montclair_loma_loma portal_portal,"[270, 642]",270,monticello_montclair_monta loma_montini_monta,642,loma_loma portal_portal_loomis_lodi,0.9167272602240488
1164,ps_pre_mrs_principal_ms,"[21, 40, 43, 63, 65, 67, 87, 124, 146, 176, 273]",1122,ps_pre_mrs_principal_ms,273,briarwood_briscoe_bre_breck_briarcliff,0.9165101517914885
1163,hope_hopewell_nha_hope academy_new hope,"[274, 546]",546,nha_nhe_nhcs_nhhs_nhks,274,hope_hopewell_hope academy_new hope_hope view,0.9164274212044138
1162,hoover_palo_palo alto_alto_paloma,"[386, 469]",386,hoover_hoover school_hoover great_hoover middle_hoover elementary,469,palo_palo alto_alto_paloma_barron,0.9163827606822177
1161,grove_orange_orangewood_orange county_orangethorpe,"[475, 514]",514,orange_orangewood_orange county_orangethorpe_orange grove,475,grove_grove elementary_pleasant grove_groves_grovetown,0.9159244355773811
1160,chicago_cps_cpa_cp_cpe,"[240, 394]",240,cps_cpa_cp_cpe_rre,394,chicago_school chicago_illinois_chicago public_cps,0.9158921176169974
1159,dress_dress code_code_wear_uniforms,"[23, 83, 197, 397, 417]",397,discipline_discipline school_school discipline_discipline children_discipline problems,1085,dress_dress code_code_wear_uniforms,0.9154277465975804
1158,worst school_worst_horrible_terrible_horrible school,"[8, 52, 166, 594]",594,ok_okay_ok teachers_bad_school bad,1035,worst school_worst_horrible_terrible_horrible school,0.9152813789669019
1157,spanish_immersion_ib_language_french,"[7, 25, 58, 59, 165, 556]",556,international_global_international school_bb international_international students,1086,spanish_immersion_ib_language_french,0.9148005623733884
1156,paul_st paul_joseph_st_st joseph,"[54, 64, 125]",1107,paul_st paul_joseph_st joseph_st,125,st peter_peter_peter school_st_st peters,0.9147867946939687
1155,scholars_oklahoma_tulsa_scholar_young scholars,"[630, 719]",630,oklahoma_tulsa_okmulgee_school oklahoma_okc,719,scholars_scholar_young scholars_little scholars_scholars parents,0.9145220882129188
1154,waldorf_waldorf school_waldorf education_waldorf schools_steiner,"[47, 262]",262,corlears_op_trafton_trcs_cosgriff,47,waldorf_waldorf school_waldorf education_waldorf schools_steiner,0.9144593436241252
1153,el_paso_el paso_eldorado_el dorado,"[401, 788, 838]",401,elc_el_ela_ellsworth_elon,1111,paso_el paso_el_eldorado_el dorado,0.9129818907584237
1152,country day_fort_country_fortis_fort worth,"[822, 847]",822,country day_country_day school_rumson country_rumson,847,fort_fortis_fort worth_school fort_fwcd,0.9127548493823201
1151,memories_remember_miss_loved_went,"[30, 142, 265]",1024,memories_remember_miss_loved_went,142,problems_complaints_problems school_school problems_school issues,0.9127003784937638
1150,pros_ipads_cons_ipad_technology,"[139, 279]",279,pros_cons_pro_pros great_pros cons,139,ipads_ipad_technology_laptops_chromebooks,0.9121500544798525
1149,counselors_counselor_counseling_emails_email,"[181, 368]",368,email_phone_emails_calls_communication,181,counselors_counselor_counseling_guidance_guidance counselor,0.9120394060947079
1148,lca_wca_hca_lcs_aca,"[85, 86, 102, 106, 107, 108, 110, 115, 138, 147]",115,hca_hcs_hccs_hc_hce,1141,lca_wca_lcs_aca_bca,0.9115164192684888
1147,pine_pv_pinewood_pine view_pves,"[183, 213]",183,pine_pinewood_pine view_pine school_pine tree,213,pv_pves_pve_pvs_pvhs,0.9115097996485306
1146,providence_pca_pcs_pc_pomona catholic,"[112, 174]",112,pca_pcs_pc_pomona catholic_pcd,174,providence_providence academy_school providence_providence christian_classical,0.9104771617219367
1145,montessori_bullying_pta_charter_middle,"[0, 1, 3, 4, 5, 6, 9, 11, 12, 13, 14, 15, 17, 19, 20, 24, 26, 28, 31, 32, 34, 35, 39, 44, 49, 53, 60, 62, 66, 70, 72, 74, 75, 76, 78, 79, 88, 89, 93, 94, 96, 101, 103, 104, 116, 130, 132, 143, 159, 160, 164, 168, 218]",164,msa_mspcs_mse_ms_msr,1131,montessori_bullying_pta_charter_middle,0.9091380538329881
1144,angels_queen angels_qas_queen_quail,"[309, 939]",939,angels_queen angels_guardian angels_queen_guardian,309,qas_quail_qce_qtlc_qt,0.9091364971439372
1143,cms_camden_cma_camden military_cmp,"[113, 499]",499,camden_cma_camden military_military academy_military,113,cms_cmp_cmit_cma_cme,0.9090326280018288
1142,summit_everest_summit school_tindley_summit academy,"[97, 929]",929,shasta_sha_shaffer_shalsheles_shabach,97,summit_everest_summit school_tindley_summit academy,0.9088501023571781
1141,lca_wca_lcs_aca_bca,"[85, 86, 102, 106, 107, 108, 110, 138, 147]",1130,wca_aca_bca_ecs_acs,86,lca_lcs_lccs_lc_lchs,0.908098563667783
1140,fba_baptist_baptist academy_baptist christian_baptist school,"[419, 541]",419,baptist_baptist academy_baptist christian_baptist school_faith baptist,541,fba_fbcs_fbs_fbca_fba teachers,0.9080543171051421
1139,stephen_st stephen_ssa_st martin_st stephens,"[257, 312]",312,stephen_st stephen_st martin_st stephens_stephens,257,ssa_sses_sssq_sscms_sst,0.9076612591396547
1138,connections academy_connections_indiana_indianapolis_omega,"[706, 720]",720,indiana_indianapolis_indy_ips_schools indiana,706,connections academy_connections_omega_academy_omega alpha,0.9076258277894821
1137,shepherd_good shepherd_gsa_shepherd school_gses,"[212, 344]",344,gsa_gses_gsl_gsb_gss,212,shepherd_good shepherd_shepherd school_shepherd valley_shepherd hills,0.9076005389946546
1136,creek_walnut_creek elementary_creekside_creek great,"[36, 395]",395,walnut_walnut grove_walnut creek_walnut hills_walnut hill,36,creek_creek elementary_creekside_creek great_spring creek,0.9074524520935701
1135,east_eastern_eastside_nashville_tennessee,"[136, 292]",292,nashville_tennessee_marion_chattanooga_tn,136,east_eastern_eastside_east great_school east,0.9073968527890817
1134,fms_florence_florence middle_fma_fmma,"[442, 690]",690,florence_florence middle_florence high_fms_tuscany,442,fms_fma_fmma_fms great_student fms,0.9067884038943403
1133,mountain_mountain view_view_peak_aacs,"[95, 220]",95,mountain_mountain view_view_peak_pinnacle,220,aacs_aae_aaec_aap_aa,0.9067545793734436
1132,sizes_class sizes_small_small class_size,"[37, 239, 443]",1002,sizes_class sizes_small class_small_size,443,danville_priceville_danville school_rolesville_roseville,0.906647714057689
1131,montessori_bullying_pta_charter_middle,"[0, 1, 3, 4, 5, 6, 9, 11, 12, 13, 14, 15, 17, 19, 20, 24, 26, 28, 31, 32, 34, 35, 39, 44, 49, 53, 60, 62, 66, 70, 72, 74, 75, 76, 78, 79, 88, 89, 93, 94, 96, 101, 103, 104, 116, 130, 132, 143, 159, 160, 168, 218]",218,fsa_fsk_foa_fwafa_fsaps,1115,montessori_bullying_pta_charter_middle,0.9064219848385544
1130,wca_aca_bca_ecs_acs,"[85, 102, 106, 107, 108, 110, 138, 147]",108,bca_bcs_bcd_mbca_bc,1118,wca_aca_ecs_acs_scs,0.905515557326666
1129,safe_clean_school safe_safe school_school clean,"[187, 331]",331,great school_good school_school great_great teachers_think great,187,safe_clean_school safe_safe school_school clean,0.9048988608036054
1128,fairfax_virginia_fairfax county_virginia beach_county,"[423, 749]",423,virginia_virginia beach_beach_virginia run_northern virginia,749,fairfax_fairfax county_fairfax christian_county_fairfax high,0.9048579443142519
1127,send_send child_dog_send kids_don send,"[51, 55, 376, 473]",376,dog_send dog_dog school_wouldn send_dogs,1009,send_send child_send kids_don send_sending,0.9045706621657393
1126,magnet_magnet program_magnet school_school magnet_program,"[50, 414]",50,magnet_magnet program_magnet school_school magnet_program,414,zwink_zavala_zebulon_zebulon middle_zgtmms,0.9043633894640486
1125,miami_coral_dade_school miami_miami dade,"[188, 411]",411,coral_coral park_reef_coral reef_coral cove,188,miami_dade_school miami_miami dade_dade county,0.9041658074242224
1124,going school_love going_loves_loves going_school everyday,"[204, 330]",330,going school_school everyday_love going_loves going_everyday,204,went_children went_love kids_goes_loves,0.9027144495222585
1123,mills_springs_spring_legend_mills park,"[339, 576]",576,springs_legend_spring_legend springs_springview,339,mills_spring_mills park_owings mills_owings,0.9027043703229627
1122,ps_pre_mrs_principal_ms,"[21, 40, 43, 63, 65, 67, 87, 124, 146, 176]",1102,ps_pre_mrs_reading_ms,1013,principal_new principal_principal great_school principal_great principal,0.9026794915592732
1121,apple_tree_treetops_applewild_apple tree,"[422, 864]",422,apple_applewild_apple tree_apple glen_tree,864,treetops_tree_learning tree_tree life_double tree,0.902538954957537
1120,10_10 10_rate_school 10_rate school,"[10, 390]",10,10_10 10_rate_school 10_rate school,390,page number_rate_definitely school_love academy_ceaderhurst,0.9022941527491064
1119,northside_north_jersey_nj_northridge,"[114, 189]",189,jersey_nj_new jersey_brunswick_newark,114,northside_north_northridge_northview_north star,0.9021262546317965
1118,wca_aca_ecs_acs_scs,"[85, 102, 106, 107, 110, 138, 147]",1116,wca_ecs_scs_wcs_ocs,102,aca_acs_acca_almaden_acds,0.9019457447496019
1117,steam_project based_based learning_project_steam program,"[358, 733]",733,project based_based learning_project_based_learning model,358,steam_steam program_new steam_steam school_steam curriculum,0.9009185384792674
1116,wca_ecs_scs_wcs_ocs,"[85, 106, 107, 110, 138, 147]",106,ecs_eca_ecds_ec_ecc,1109,wca_scs_wcs_ocs_sca,0.8986921733989296
1115,montessori_bullying_pta_charter_middle,"[0, 1, 3, 4, 5, 6, 9, 11, 12, 13, 14, 15, 17, 19, 20, 24, 26, 28, 31, 32, 34, 35, 39, 44, 49, 53, 60, 62, 66, 70, 72, 74, 75, 76, 78, 79, 88, 89, 93, 94, 96, 101, 103, 104, 116, 130, 132, 143, 159, 160, 168]",1101,montessori_pta_catholic_middle school_middle,1114,bullying_charter_bullied_charter school_gifted,0.89838576839719
1114,bullying_charter_bullied_charter school_gifted,"[0, 11, 14, 15, 19, 24, 26, 28, 34, 35, 39, 53, 60, 62, 72, 74, 79, 88, 101, 103, 104, 116, 159, 160, 168]",1097,bullying_charter_bullied_charter school_gifted,160,ca_california_cal_calibre_calahan,0.8962995255456208
1113,nova_eisenhower_nova eisenhower_ike_dwight,"[355, 604]",604,nova_nova high_classical_school nova_nova middle,355,eisenhower_ike_nova eisenhower_dwight_nova,0.8955803562768623
1112,st thomas_thomas_st_stm_thomas school,"[152, 272]",152,st thomas_thomas_st_thomas school_thomas aquinas,272,stm_stma_stott_stratton_stough,0.8954949463282589
1111,paso_el paso_el_eldorado_el dorado,"[788, 838]",788,eldorado_el dorado_dorado_el_el monte,838,paso_el paso_el_school el_schools el,0.8954100858008992
1110,glen_glenwood_sunnyside_sunol_glenview,"[178, 398]",398,sunnyside_sunol_sunol glen_suncoast_sunflower,178,glenwood_glen_glenview_glenallan_glenoaks,0.8951926560962897
1109,wca_scs_wcs_ocs_sca,"[85, 107, 110, 138, 147]",1104,wca_wcs_mvca_wellington_rmca,1096,scs_ocs_sca_oca_scds,0.8946364234773428
1108,immanuel_immanuel lutheran_ils_ila_lutheran,"[478, 507, 844]",507,ila_ils_ilcs_kendall_kendallvue,954,immanuel_immanuel lutheran_lutheran_lutheran school_school immanuel,0.8945083126712349
1107,paul_st paul_joseph_st joseph_st,"[54, 64]",54,paul_st paul_st_paul school_saint paul,64,joseph_st joseph_st joe_joe_joseph school,0.8943031251255213
1106,special_special needs_iep_special education_needs,"[18, 27, 29, 61, 177]",1015,special_special needs_iep_special education_needs,177,ese_esl_ese program_escs_essrig,0.89370132018844
1105,gregory_st gregory_garden_gardens_garden school,"[298, 638]",638,st gregory_gregory_gregory great_st greg_st,298,garden_gardens_garden school_gregory gardens_londonderry,0.8936779885196086
1104,wca_wcs_mvca_wellington_rmca,"[85, 147]",147,mvca_rmca_mvcs_brca_scca,85,wca_wcs_wellington_wccs_wcds,0.8934004091034566
1103,henry_cape_cfa_ford_cape henry,"[512, 569]",512,henry_ford_patrick henry_henry ford_patrick,569,cape_cfa_cape henry_cape fear_henry,0.8930306233260248
1102,ps_pre_mrs_reading_ms,"[40, 43, 63, 67, 87, 146]",1066,pre_mrs_reading_ms_pre program,1011,ps_37_ps 37_love ps_school ps,0.8918718548866663
1101,montessori_pta_catholic_middle school_middle,"[1, 3, 4, 5, 6, 9, 12, 13, 17, 20, 31, 32, 44, 49, 66, 70, 75, 76, 78, 89, 93, 94, 96, 130, 132, 143]",1094,oak_oaks_park_green_oakwood,1098,montessori_pta_catholic_middle school_middle,0.8909928421018177
1100,holy_holy family_holy cross_rosary_holy spirit,"[90, 316, 431]",986,holy_holy family_holy cross_holy spirit_cross,431,rosary_holy rosary_holy_rosary cathedral_rosary school,0.8894223192030565
1099,jewish_westminster_hebrew_pardes_secular,"[71, 219]",219,westminster_pardes_westminster school_norton_westminster academy,71,jewish_hebrew_secular_jewish day_schechter,0.8893875770318337
1098,montessori_pta_catholic_middle school_middle,"[1, 3, 4, 5, 6, 9, 12, 13, 17, 20, 31, 44, 49, 66, 75, 76, 89, 93, 94, 96, 130, 132, 143]",93,river_riverview_riverbend_rivers_riverhill,1087,montessori_pta_catholic_middle school_middle,0.8882615074130878
1097,bullying_charter_bullied_charter school_gifted,"[0, 11, 14, 15, 19, 24, 26, 28, 34, 35, 39, 53, 60, 62, 72, 74, 79, 88, 101, 103, 104, 116, 159, 168]",1090,bullying_charter_bullied_charter school_gifted,1078,ap_prep_sports_ap classes_college,0.8877464704315665
1096,scs_ocs_sca_oca_scds,"[107, 110, 138]",1092,ocs_oca_oes_sma_smca,107,scs_sca_scds_sces_sccs,0.8873263125802767
1095,ann_st ann_arbor_ann school_arborland,"[425, 544]",544,arbor_arborland_ann arbor_ann_arbor prep,425,st ann_ann_ann school_st_saint ann,0.886917094357534
1094,oak_oaks_park_green_oakwood,"[32, 70, 78]",78,green_greene_greenbrier_green acres_acres,1064,oak_oaks_park_oakwood_parkview,0.8842980403721599
1093,cava_online_ohva_online school_orva,"[471, 493]",471,cava_ohva_orva_cova_wava,493,online_online school_online learning_online schools_school online,0.8840458290203506
1092,ocs_oca_oes_sma_smca,"[110, 138]",138,sma_smca_smcs_smt_smhs,110,ocs_oca_oes_oceaa_ovca,0.8837166458079274
1091,latin_classical_classical academy_classical education_aristoi,"[248, 519]",248,classical_classical academy_classical education_aristoi_cjds,519,latin_latin school_boys latin_washington latin_boston latin,0.8831502084502625
1090,bullying_charter_bullied_charter school_gifted,"[0, 11, 14, 15, 19, 24, 28, 35, 39, 53, 72, 79, 88, 103, 159]",1025,military_military family_hawaii_military families_school military,1059,bullying_charter_bullied_charter school_gifted,0.882349460670102
1089,poor_poor poor_extremely poor_school poor_leadership,"[169, 242, 694]",169,poor_leadership_administration_horrible_poor leadership,996,poor_extremely poor_school poor_poor poor_poor school,0.8809776334091681
1088,desert_dva_desert view_desert heights_yuma,"[237, 757]",757,dva_kb_mrs kb_weigel_dva years,237,desert_desert view_desert heights_dva_view academy,0.8802063098069219
1087,montessori_pta_catholic_middle school_middle,"[1, 3, 4, 5, 6, 9, 12, 13, 17, 20, 31, 44, 49, 66, 75, 76, 89, 94, 96, 130, 132, 143]",1076,montessori_pta_catholic_middle school_middle,143,avondale_riverdale_hillsdale_springdale_hilldale,0.8801772576171077
1086,spanish_immersion_ib_language_french,"[7, 25, 58, 59, 165]",1077,ib_ib program_german_international_baccalaureate,1034,spanish_immersion_language_french_english,0.8791526130207704
1085,dress_dress code_code_wear_uniforms,"[23, 83, 197, 417]",83,bathrooms_bathroom_roaches_restroom_dirty,1063,dress_dress code_code_wear_uniforms,0.8789733964582851
1084,king_christ king_kings_murphy_king school,"[150, 824]",824,murphy_king murphy_ramsay_king_ramsey,150,king_christ king_kings_king school_christ,0.8785290235201685
1083,santa_rosa_santa fe_fe_rosa parks,"[435, 449]",435,santa_santa fe_fe_santa rita_rita,449,rosa_rosa parks_santa rosa_parks_rosarian,0.8781342420870379
1082,mary_st mary_st_mary school_nazareth,"[41, 522]",41,st mary_mary_st_mary school_saint mary,522,nazareth_mary nazareth_nazareth academy_mary_naz,0.8752039827189182
1081,school awesome_love school_awesome_school great_cool,"[158, 275, 491]",1022,school awesome_awesome_love school_cool_school great,491,school staff_staff love_love school_staff great_great staff,0.8735160162832498
1080,vista_alta_alta vista_monte vista_monte,"[129, 717, 799]",717,alta_alta vista_vista_vista high_vista years,990,vista_monte vista_monte_vistamar_vista academy,0.8731724258162636
1079,notre dame_notre_dame_nda_dame academy,"[203, 787]",787,nda_nds_nda amazing_ndms_daughter nda,203,notre dame_notre_dame_nda_dame academy,0.8730779254220807
1078,ap_prep_sports_ap classes_college,"[26, 34, 60, 62, 74, 101, 104, 116, 168]",1054,ap_prep_ap classes_college_honors,1070,sports_coach_coaches_football_players,0.8719526960345361
1077,ib_ib program_german_international_baccalaureate,"[25, 165]",25,ib_ib program_baccalaureate_international baccalaureate_program,165,german_goethe_germany_german school_germantown,0.8719083427887181
1076,montessori_pta_catholic_middle school_middle,"[1, 3, 4, 5, 6, 9, 12, 13, 17, 20, 31, 44, 49, 66, 75, 76, 89, 94, 96, 130, 132]",130,lms_lfcs_lmes_lmma_lres,1067,montessori_pta_catholic_middle school_middle,0.8716538419114418
1075,happy school_happy_school happy_extremely happy_happy education,"[712, 870]",712,happy_happy education_happy school_child happy_extremely happy,870,happy school_school happy_happy_extremely happy_happy happy,0.8716481651139694
1074,care_hait_care kids_care children_hait hait,"[81, 148]",148,care children_care kids_helped_care_helped son,81,hait_hait hait_becuase_care_care students,0.8710662834764791
1073,ics_immaculate_ic_immaculate conception_conception,"[154, 457]",154,ics_ic_ica_bayer_attended ics,457,immaculate_immaculate conception_conception_conception school_immaculate heart,0.8703223061710994
1072,math_singapore_singapore math_math program_math teacher,"[180, 724]",180,math_math program_math teacher_science_math science,724,singapore_singapore math_math_math curriculum_atala,0.8685973265876685
1071,seton_elizabeth_st elizabeth_elizabeth school_seton academy,"[579, 584]",584,st elizabeth_elizabeth_elizabeth school_st_ann seton,579,seton_seton academy_seton catholic_school seton_seton keough,0.8669390486717248
1070,sports_coach_coaches_football_players,"[34, 62, 116]",963,sports_coach_coaches_football_players,116,georgia_atlanta_ga_gac_savannah,0.8664565399721725
1069,improvement_room improvement_improvements_changes_school improved,"[195, 687]",687,change_changes_alot alot_good hopefully_improvement,195,improvement_school improved_room improvement_improve_improvements,0.8662571042997734
1068,stem_stem program_robotics_stem school_stem academy,"[73, 452]",73,stem_stem program_stem school_stem academy_school stem,452,robotics_robotics program_robotics team_engineering_lathrop,0.8659621234091125
1067,montessori_pta_catholic_middle school_middle,"[1, 3, 4, 5, 6, 9, 12, 13, 17, 20, 31, 44, 49, 66, 75, 76, 89, 94, 96, 132]",132,jhs_jgs_jms_jma_jmps,1065,montessori_pta_catholic_middle school_middle,0.8651603778103463
1066,pre_mrs_reading_ms_pre program,"[43, 63, 67, 87]",1001,mrs_ms_thank_thankful_want thank,1021,pre_reading_pre program_prek_read,0.8632322897146861
1065,montessori_pta_catholic_middle school_middle,"[1, 3, 4, 5, 6, 9, 12, 13, 17, 20, 31, 44, 49, 66, 75, 76, 89, 94, 96]",1053,montessori_pta_catholic_middle school_middle,94,bhs_bms_bls_bma_bhhs,0.8620009563998354
1064,oak_oaks_park_oakwood_parkview,"[32, 70]",70,park_parkview_parkside_park day_park school,32,oak_oaks_oakwood_oak grove_oak hill,0.8613432788986288
1063,dress_dress code_code_wear_uniforms,"[23, 197, 417]",23,dress_dress code_code_wear_uniforms,1041,lgbtq_gay_lgbt_bullied_trans,0.8608348824233069
1062,oxford_opa_chrysalis_ophir_soc,"[383, 536]",536,opa_ophir_opal_opa soc_soc,383,oxford_chrysalis_opa_oxford high_oxford preparatory,0.8601649893986476
1061,drugs_drug_drug problem_gangs_drug use,"[118, 588]",118,drugs_drug_drug problem_drug use_drugs school,588,gangs_gang_gangs school_gang activity_drugs,0.8599623812485386
1060,west_westside_westview_gilbert_western,"[45, 444]",45,west_westside_westview_western_west wing,444,gilbert_west gilbert_imagine west_imagine_west,0.8582453847514094
1059,bullying_charter_bullied_charter school_gifted,"[0, 11, 14, 15, 19, 24, 28, 35, 53, 72, 79, 88, 103]",1049,gifted_scores_test_test scores_rating,1042,bullying_charter_bullied_charter school_bully,0.8573460107984053
1058,hills_mission_seven hills_hill_mission hills,"[255, 405]",255,hills_seven hills_hill_seven_rolling hills,405,mission_mission hills_mars hill_mars_hills,0.8572624326221094
1057,christian_christian school_cca_ccs_christ,"[2, 22, 151]",983,christian_christian school_cca_ccs_christ,151,calvary_calvary christian_christian school_christian_mt calvary,0.8556006784557911
1056,ridge_cedar_ridgeview_cedarwood_cedar ridge,"[84, 211]",84,ridge_ridgeview_ridgeway_ridgeline_stone ridge,211,cedar_cedarwood_cedar ridge_cedarwood school_cedars,0.8539712956576695
1055,rose_st rose_rosemont_rose school_st,"[415, 771]",771,rosemont_rosebank_rose_rose park_rosemont high,415,st rose_rose_rose school_st_saint rose,0.8527015235628599
1054,ap_prep_ap classes_college_honors,"[26, 60, 74, 101, 104, 168]",1037,phoenix_arizona_academy_tucson_scottsdale,1032,ap_prep_ap classes_college_honors,0.8526918697484694
1053,montessori_pta_catholic_middle school_middle,"[1, 3, 4, 5, 6, 9, 12, 13, 17, 20, 31, 44, 49, 66, 75, 76, 89, 96]",1052,montessori_pta_catholic_middle school_middle,96,mcs_mchs_mcds_mcmeen_mch,0.8471559006342917
1052,montessori_pta_catholic_middle school_middle,"[1, 3, 4, 5, 6, 9, 12, 13, 17, 20, 31, 44, 49, 66, 75, 76, 89]",1023,catholic_catholic school_catholic schools_catholic education_olph,1039,montessori_pta_middle school_middle_montessori school,0.8460289849219949
1051,lutheran_zion_lutheran school_christ lutheran_christ,"[77, 271]",77,lutheran_lutheran school_christ lutheran_christ_faith lutheran,271,zion_zion lutheran_lutheran_mount zion_lutheran school,0.8460053060750693
1050,lake_lakeview_lakewood_lakes_lakeshore,"[42, 713]",713,silver_silver lake_silver lakes_lake_lake silver,42,lake_lakeview_lakewood_lakes_lakeshore,0.8451425599247508
1049,gifted_scores_test_test scores_rating,"[19, 24, 28, 72, 79]",72,florida_tampa_fl_jacksonville_state florida,1036,gifted_scores_test_test scores_rating,0.8445246441144271
1048,st mark_mark_twain_st marks_marks,"[198, 744]",198,st mark_mark_st marks_marks_st,744,twain_mark twain_mark_twain elementary_twain great,0.8439342788996324
1047,best school_county_best_school best_best elementary,"[117, 127, 190]",127,county_best elementary_school county_elementary_county best,957,best school_best_school best_school world_best best,0.8427099201021762
1046,stars_star_school stars_star school_rate,"[38, 241, 335, 658]",992,stars_star_school stars_star school_rate,658,star_starshine_star elementary_star program_star academy,0.8407257334689828
1045,que_la_escuela_en_los,"[33, 135]",33,que_escuela_en_la_los,135,la_los_angeles_los angeles_lavelle,0.8394984128912255
1044,adhd_dyslexia_son adhd_diagnosed_dyslexic,"[46, 140]",46,adhd_son adhd_child adhd_diagnosed_diagnosed adhd,140,dyslexia_dyslexic_diagnosed dyslexia_diagnosed_son dyslexia,0.8363174155802785
1043,patrick_st patrick_patrick school_st_st pat,"[156, 692]",692,st pat_pat_st pats_pats_st,156,patrick_st patrick_patrick school_st_saint patrick,0.834717442414665
1042,bullying_charter_bullied_charter school_bully,"[0, 11, 14, 15, 35, 53, 88, 103]",1016,homework_fundraisers_fundraising_money_donate,1030,bullying_charter_bullied_charter school_bully,0.8344514237647597
1041,lgbtq_gay_lgbt_bullied_trans,"[197, 417]",417,bullied_got_didn_did_bullying,197,lgbtq_gay_lgbt_trans_transgender,0.8335584096769173
1040,parking_bus_traffic_parking lot_drop,"[48, 351]",48,parking_bus_traffic_parking lot_drop,351,security_safety_doors_lock_locked,0.8316294713897445
1039,montessori_pta_middle school_middle_montessori school,"[1, 3, 4, 5, 6, 9, 12, 13, 17, 44, 66, 76, 89]",1027,montessori_pta_middle school_montessori school_middle,76,gcs_ghs_gw_gls_gwa,0.8310636792372976
1038,basis_peoria_basis peoria_peoria academy_school peoria,"[681, 725]",725,peoria_basis peoria_peoria academy_basis_school peoria,681,basis_basis students_basis great_basis ahwatukee_basis does,0.8301715523144042
1037,phoenix_arizona_academy_tucson_scottsdale,"[74, 104]",104,academy_academy great_inspire_love academy_hearn,74,phoenix_arizona_tucson_scottsdale_az,0.8297509854603985
1036,gifted_scores_test_test scores_rating,"[19, 24, 28, 79]",1028,gifted_scores_test_test scores_rating,79,nyc_york_brooklyn_yorktown_new york,0.8290446748130829
1035,worst school_worst_horrible_terrible_horrible school,"[8, 52, 166]",972,worst school_worst_horrible_terrible_horrible school,166,hate school_hate_hated_hated school_dislike,0.8287913084685157
1034,spanish_immersion_language_french_english,"[7, 58, 59]",59,french_french immersion_lycee_immersion_lila,980,spanish_immersion_language_english_dual,0.8277075566465493
1033,williams_tc_alexandria_tc williams_university,"[772, 804]",772,williams_williams academy_williams great_williams school_attended williams,804,tc_alexandria_williams_tc williams_university,0.8267429744074127
1032,ap_prep_ap classes_college_honors,"[26, 60, 101, 168]",60,prep_preparatory_college prep_college_prep school,1005,ap_ap classes_honors_classes_courses,0.8250792400202273
1031,food_lunch_eat_lunches_cook,"[98, 716, 737]",716,food_food horrible_bad food_milk_food bad,993,food_lunch_eat_lunches_cook,0.8202960254259701
1030,bullying_charter_bullied_charter school_bully,"[0, 11, 14, 15, 35, 53]",1006,bullying_charter_bullied_charter school_bully,35,covid_pandemic_covid 19_19_mask,0.8196430102944812
1029,vernon_mount_mount vernon_mt_mt vernon,"[285, 459]",459,vernon_mount vernon_mount_mt vernon_mt,285,mount_mtc_mta_mount hope_mt,0.8194593719736132
1028,gifted_scores_test_test scores_rating,"[19, 24, 28]",985,scores_rating_test scores_test_score,24,gifted_gifted program_gifted students_gifted children_school gifted,0.8182772879240234
1027,montessori_pta_middle school_montessori school_middle,"[1, 3, 4, 5, 6, 9, 12, 13, 17, 44, 66, 89]",89,hhs_hfs_hta_hla_hfca,1008,montessori_pta_middle school_montessori school_middle,0.8180794573826677
1026,rosefield_imagine_imagine rosefield_imagine prep_love imagine,"[578, 699]",578,imagine_imagine prep_attended imagine_superstition_love imagine,699,rosefield_imagine rosefield_imagine_rosefield kindergarten_love imagine,0.8149905873367793
1025,military_military family_hawaii_military families_school military,"[39, 159]",159,hawaii_hawaiian_hanalani_aikahi_mainland,39,military_military family_military families_school military_letort,0.8124986053154151
1024,memories_remember_miss_loved_went,"[30, 265]",265,6th_6th grade_7th_7th grade_8th,30,memories_remember_miss_graduated_loved,0.8118500515916897
1023,catholic_catholic school_catholic schools_catholic education_olph,"[20, 31, 49, 75]",75,sjs_sja_sjb_sjcs_sjms,994,catholic_catholic school_catholic schools_catholic education_olph,0.8114511740547171
1022,school awesome_awesome_love school_cool_school great,"[158, 275]",158,school awesome_awesome_cool_fun_school great,275,love school_school love_love_amazing love_school amazing,0.8102576572306174
1021,pre_reading_pre program_prek_read,"[43, 67]",43,pre_pre program_prek_started pre_son pre,67,reading_read_reading program_reader_reading level,0.8077857804000957
1020,south_pointe_south pointe_southside_south lake,"[99, 697]",697,pointe_south pointe_south_north pointe_pointe high,99,south_southside_south lake_southwood_southgate,0.807111491065703
1019,pa_cyber_pa cyber_cyber school_pennsylvania,"[387, 731]",731,cyber_pa cyber_pa_cyber school_palcs,387,pa_pennsylvania_paes_school pa_pap,0.8027515107693401
1018,private school_private_private schools_public_public school,"[80, 352]",80,private school_private_private schools_public_public school,352,tuition_worth_money_cost_worth money,0.8008797612694699
1017,san_diego_san diego_san antonio_antonio,"[234, 905]",905,san antonio_antonio_san_judson_antonio academy,234,san_diego_san diego_school san_jose,0.8003390416711016
1016,homework_fundraisers_fundraising_money_donate,"[88, 103]",88,homework_hours_night_hours homework_assignments,103,fundraisers_fundraising_money_donate_fundraiser,0.7989851360165804
1015,special_special needs_iep_special education_needs,"[18, 27, 29, 61]",61,autism_autistic_autism spectrum_spectrum_son autism,991,special_special needs_iep_special education_needs,0.7955568500390701
1014,positive_school positive_extremely positive_positive experience_experience school,"[813, 819]",819,positive experience_positive_experience school_school positive_positive positive,813,positive_extremely positive_positive school_overall positive_school positive,0.7943817976932772
1013,principal_new principal_principal great_school principal_great principal,"[21, 65, 124, 176]",970,principal_school principal_principal great_great principal_principal teachers,124,new principal_new_principal_dr richard_school new,0.7942991856377876
1012,rude_office_office staff_desk_staff rude,"[56, 287]",287,rude_teachers rude_rude teachers_disrespectful_rude students,56,office_rude_office staff_desk_staff rude,0.7919900689228191
1011,ps_37_ps 37_love ps_school ps,"[40, 146]",40,ps_ps 37_37_love ps_school ps,146,37_love 37_staten island_staten_37 great,0.7904342562688262
1010,experience_great experience_experience school_good experience_excellent experience,"[109, 144, 347, 486]",999,experience school_experience_great experience_good experience_excellent experience,486,experience teachers_great experience_experience great_experience_excellent experience,0.7890144979164185
1009,send_send child_send kids_don send_sending,"[51, 55, 473]",473,send_wouldn send_send kids_wouldn_imagine sending,968,send_send child_don send_send kids_sending,0.7862176966319792
1008,montessori_pta_middle school_montessori school_middle,"[1, 3, 4, 5, 6, 9, 12, 13, 17, 44, 66]",1004,montessori_pta_middle school_montessori school_middle,66,whittier_wms_wns_wps_whs,0.7841868419349369
1007,carmel_carmel mountain_mountain preschool_cmp_sudbury,"[389, 655]",655,carmel mountain_mountain preschool_cmp_sudbury_carmel,389,carmel_mount carmel_mt carmel_mount_mt,0.7719963352742265
1006,bullying_charter_bullied_charter school_bully,"[0, 11, 14, 15, 53]",53,turnover_administration_teacher turnover_leadership_turnover rate,997,bullying_charter_bullied_charter school_bully,0.769637743083378
1005,ap_ap classes_honors_classes_courses,"[26, 101, 168]",976,ap_ap classes_honors_classes_courses,168,high school_high_college_haltom_junior high,0.7685158319619957
1004,montessori_pta_middle school_montessori school_middle,"[1, 3, 4, 5, 6, 9, 12, 13, 17, 44]",3,montessori_montessori school_montessori method_method_montessori education,998,pta_middle school_middle_great_great school,0.7647583946772898
1003,white_black_racism_racist_african,"[16, 221]",16,white_black_racism_racist_african,221,hispanic_hispanics_latino_school hispanic_hispanic kids,0.7542624641662281
1002,sizes_class sizes_small class_small_size,"[37, 239]",239,small town_town school_small school_small_town,37,sizes_class sizes_small class_small_size,0.7510594724309818
1001,mrs_ms_thank_thankful_want thank,"[63, 87]",87,thank_want thank_thankful_like thank_say thank,63,mrs_ms_teacher mrs_teacher_best teacher,0.7492071266557132
1000,disappointed_disappointed school_disappointing_disappointment_school disappointed,"[167, 601]",167,disappointed_disappointed school_disappointment_school disappointed_disappointing,601,disappointing_school disappointing_disappointed_disappointed school_disappointing school,0.7426254447311507
999,experience school_experience_great experience_good experience_excellent experience,"[109, 144, 347]",989,experience school_experience_great experience_good experience_excellent experience,347,great experience_experience kids_experience children_experience_wonderful experience,0.7411242470217557
998,pta_middle school_middle_great_great school,"[1, 4, 5, 6, 9, 12, 13, 17, 44]",982,great school_great_kindergarten_great teachers_excellent,987,pta_middle school_middle_pto_band,0.7384670949961623
997,bullying_charter_bullied_charter school_bully,"[0, 11, 14, 15]",979,bullying_bullied_bully_told_reviews,11,charter_charter school_charter schools_school charter_charter academy,0.7326849474348727
996,poor_extremely poor_school poor_poor poor_poor school,"[242, 694]",694,poor_poor teachers_overall poor_lack_poor academics,242,poor_school poor_extremely poor_poor poor_poor school,0.7317742034732284
995,trinity_holy trinity_holy_trinity school_trinity christian,"[68, 318, 786]",962,trinity_trinity christian_trinity lutheran_trinity school_school trinity,318,holy trinity_trinity_holy_trinity school_ht,0.72832734867324
994,catholic_catholic school_catholic schools_catholic education_olph,"[20, 31, 49]",953,catholic_catholic school_catholic schools_catholic education_faith,49,olph_ola_olv_olg_oll,0.726190423212332
993,food_lunch_eat_lunches_cook,"[98, 737]",98,food_lunch_lunches_cook_way way,737,eat_food_lunch_breakfast_hungry,0.7127984475065197
992,stars_star_school stars_star school_rate,"[38, 241, 335]",956,stars_star_school stars_star school_rate,335,star_stars_school star_zero stars_star school,0.6998039724860148
991,special_special needs_iep_special education_needs,"[18, 27, 29]",952,special_special needs_special education_needs_special ed,27,iep_child iep_ieps_special_son iep,0.699710426460662
990,vista_monte vista_monte_vistamar_vista academy,"[129, 799]",129,vista_vistamar_vista academy_new vista_vista del,799,monte vista_monte_vista_ashby_love monte,0.6952993868032581
989,experience school_experience_great experience_good experience_excellent experience,"[109, 144]",144,experience school_experience_great experience_school experience_excellent experience,109,experience_experience far_experience good_good experience_experience great,0.6899609753306402
988,recommend school_school recommend_recommend_good school_school good,"[373, 859]",859,recommend school_recommend_school recommend_school highly_highly recommend,373,recommend school_school recommend_recommend_good school_school good,0.6887701801139988
987,pta_middle school_middle_pto_band,"[5, 6, 9]",5,pta_pto_active_involved_pta active,978,middle school_middle_band_music_arts,0.6835656601422435
986,holy_holy family_holy cross_holy spirit_cross,"[90, 316]",316,holy cross_cross_holy_cross school_cross great,90,holy_holy family_holy spirit_holy angels_angels,0.6706405242764347
985,scores_rating_test scores_test_score,"[19, 28]",28,rating_ratings_rated_10_rating school,19,scores_test_test scores_testing_score,0.6684897948808988
984,homeschool_homeschooling_homeschooled_home schooling_homeschool program,"[185, 748]",748,homeschool_homeschooling_school homeschool_home schooling_better homeschooling,185,homeschooling_homeschool_homeschooled_homeschool program_home,0.6683540519969091
983,christian_christian school_cca_ccs_christ,"[2, 22]",22,cca_ccs_cccs_cchs_christian,2,christian_christian school_christ_god_church,0.6583343482756584
982,great school_great_kindergarten_great teachers_excellent,"[1, 4, 12, 13, 17, 44]",977,great school_great teachers_great_excellent school_excellent,973,kindergarten_preschool_love school_daughter_loves,0.6568979050241279
981,virtual_virtual academy_virtual school_virtual learning_academy,"[429, 936]",429,virtual_virtual school_virtual learning_online_year virtual,936,virtual academy_virtual_academy_school virtual_schedule,0.6567503619378966
980,spanish_immersion_language_english_dual,"[7, 58]",7,spanish_immersion_language_dual_english,58,mandarin_chinese_immersion_mandarin immersion_immersion program,0.6545432607858017
979,bullying_bullied_bully_told_reviews,"[0, 14, 15]",14,reviews_review_negative_negative reviews_posted,964,bullying_bullied_bully_told_bullies,0.6447120480416749
978,middle school_middle_band_music_arts,"[6, 9]",6,middle school_middle_best middle_middle schools_school middle,9,band_music_arts_music program_art,0.6397044834074803
977,great school_great teachers_great_excellent school_excellent,"[1, 4, 44]",958,great school_great teachers_great_excellent school_excellent,44,k5_k4_went_12_kta,0.6368155489575206
976,ap_ap classes_honors_classes_courses,"[26, 101]",26,ap_ap classes_honors_apa_courses,101,friends_college_high school_classes_life,0.6325378185172387
975,daycare_day care_infant_recommend daycare_center,"[214, 498]",214,daycare_infant_day care_recommend daycare_childcare,498,daycare_day care_diaper_baby_director,0.6125283634983769
974,gates_ob_ob gates_gates great_love gates,"[396, 845]",845,ob_ob gates_gates_love ob_gates great,396,gates_love gates_gates elementary_gates wonderful_gates great,0.6093697044009181
973,kindergarten_preschool_love school_daughter_loves,"[12, 13, 17]",955,kindergarten_preschool_daughter_grade_loves,17,love school_love_school love_love love_kids love,0.6044613478403655
972,worst school_worst_horrible_terrible_horrible school,"[8, 52]",52,horrible_terrible_worst_horrible horrible_awful,8,worst school_worst_horrible_terrible_horrible school,0.6005881323321872
971,valley_valley view_view_valley school_school valley,"[57, 888]",888,valley christian_valley_christian_christian high_christian school,57,valley_valley view_view_valley school_valley academy,0.5970399335459942
970,principal_school principal_principal great_great principal_principal teachers,"[21, 65, 176]",176,great school_school principal_principal great_principal_excellent school,959,principal_principal teachers_great principal_school principal_principal great,0.5957292623967263
969,heritage_american heritage_heritage academy_american_harvest,"[123, 560]",123,heritage_american heritage_american_heritage school_heritage academy,560,heritage_harvest_heritage christian_harvest christian_christian,0.586883664786104
968,send_send child_don send_send kids_sending,"[51, 55]",55,send_send child_child school_don send_sending,51,send_horrible_terrible_send kids_don send,0.5696609254761158
967,ncs_nca_nccs_nc_nccl,"[131, 892]",131,ncs_nca_nc_nccs_nccl,892,ncs_nccs_nca_christian_northlake,0.5524949106436418
966,principle_new principle_principle great_school principle_vice principle,"[92, 527]",92,principle_new principle_principle great_vice principle_principle teachers,527,principle_school principle_principle awesome_principle great_new principle,0.5388513050501835
965,grace_grace christian_grace school_grace lutheran_christian,"[82, 709]",82,grace_grace christian_grace school_christian_love grace,709,grace lutheran_grace_lutheran_lutheran school_love grace,0.5379196153762447
964,bullying_bullied_bully_told_bullies,"[0, 15]",0,bullying_bullied_bully_told_bullies,15,principal_new principal_rude_leadership_assistant,0.5155057948024044
963,sports_coach_coaches_football_players,"[34, 62]",34,coach_sports_coaches_football_players,62,sports_athletic_sports program_basketball_great sports,0.4988511232769195
962,trinity_trinity christian_trinity lutheran_trinity school_school trinity,"[68, 786]",786,trinity lutheran_trinity_lutheran_lutheran school_school trinity,68,trinity_trinity christian_trinity school_school trinity_love trinity,0.49700432351517376
961,francis_st francis_st_francis xavier_xavier,"[137, 664]",137,francis_st francis_st_francis assisi_assisi,664,francis xavier_xavier_francis_st francis_xavier school,0.4775110293258247
960,st john_john_st_john baptist_john school,"[111, 843]",843,john baptist_st john_baptist_john_baptist school,111,st john_john_st_john school_john years,0.4661829749298516
959,principal_principal teachers_great principal_school principal_principal great,"[21, 65]",21,principal_great principal_principal teachers_principal staff_principal great,65,love school_school principal_principal_love_principal great,0.4629191496255719
958,great school_great teachers_great_excellent school_excellent,"[1, 4]",1,staff_great teachers_caring_great staff_teachers staff,4,great school_excellent school_school great_great_excellent,0.44783392179771664
957,best school_best_school best_school world_best best,"[117, 190]",117,best school_best_school best_best teachers_school kids,190,best school_school best_best_school world_greatest school,0.4225994902032223
956,stars_star_school stars_star school_rate,"[38, 241]",241,stars_stars stars_star_zero stars_star stars,38,stars_school stars_star_star school_rate,0.4160220844208007
955,kindergarten_preschool_daughter_grade_loves,"[12, 13]",12,kindergarten_preschool_kindergarten year_started kindergarten_1st grade,13,daughter_son_reading_day_learning,0.4091438760905607
954,immanuel_immanuel lutheran_lutheran_lutheran school_school immanuel,"[478, 844]",478,immanuel_love immanuel_attended immanuel_school immanuel_immanuel school,844,immanuel_immanuel lutheran_lutheran_lutheran school_school immanuel,0.3352554302456826
953,catholic_catholic school_catholic schools_catholic education_faith,"[20, 31]",20,catholic_catholic school_catholic schools_catholic education_priest,31,catholic_catholic school_catholic education_catholic schools_faith,0.2705918136524277
952,special_special needs_special education_needs_special ed,"[18, 29]",29,special_special needs_special education_needs_special ed,18,special_special needs_special education_disability_needs,0.25902131047213006
