Identifier,Response,Web Search Sources,Time Taken,Input Tokens,Reasoning Tokens,Output Tokens,Reasoning Effort,Error Log,Response IDs,Successful
vote|reduce1|20|1,"[""{\n    \""circle entries report more pervasive student misconduct, bullying, harassment, and safety incidents (with ineffective or inconsistent staff response) than square entries\"": \""This bucket groups all reviewer claims about on‑campus safety—fights, drugs, gangs, sexual/racial/identity harassment and bullying together with staff inaction—distinct from administrative process, facilities, academic programming, or community pride issues captured by other buckets.\"",\n    \""circle entries report more administrative and governance dysfunction, opacity, nepotism, and poor complaint-handling than square entries\"": \""This bucket captures reviewer allegations about leadership, favoritism/nepotism, cover‑ups, retaliatory behavior and opaque complaint processes, which are organizational/governance failures distinct from physical facility problems, student safety incidents, academic program strength, or community engagement.\"",\n    \""circle entries report more operational and facility resource problems, staffing shortages, and instructional breakdowns (missing textbooks, hygiene, failed tech rollouts) than square entries\"": \""This grouping covers concrete logistical and material failures—overcrowding, sanitation, HVAC/maintenance, lost records, tech/textbook rollouts and staffing shortages—that are tangible resource/operations issues separate from governance behavior, safety/climate, curricular strengths, or community ties.\"",\n    \""circle entries report stronger advanced academic programming, college‑preparatory partnerships, and measurable postsecondary outcomes than square entries\"": \""This bucket collects evidence of formal AP/IB/dual‑credit/CTE/academy pathways, measurable outcomes (graduation/API/scholarships) and college‑prep rigor—programmatic academic strengths that are conceptually distinct from safety, facilities, governance, or community/alumni engagement.\"",\n    \""circle entries document greater community/parent/alumni/business engagement and multi‑generational continuity than square entries\"": \""This bucket groups reports of small‑school/family feel, active parent/alumni fundraising and volunteerism, faith‑based identity and multigenerational ties—social/community integration and pride that is separate from facility conditions, governance dysfunction, student safety problems, or academic program descriptions.\""\n}""]",,24.130775928497314,28180,1664,2087,,[],['resp_0e7c01b6f61b5608006a7398315d90819293a745b4f90b3f56'],True
vote|reduce1|14|0,"[""{\n  \""circle entries document more pervasive safety, bullying, discrimination, substance/gang incidents, and related student‑victimization than square entries\"": \""This groups all reviewer claims about fights, bullying, sexualized incidents, drugs/gangs, theft, identity‑based harassment and staff inaction — a discrete, incident‑and‑safety cluster distinct from program, facility, governance or community descriptions.\"",\n  \""circle entries report stronger academic program offerings, advanced coursework, and measurable college/career outcomes than square entries\"": \""This captures the many concrete references to AP/IB/dual‑enrollment/CTE/magnet tracks, selective/weeding practices and measurable college/test outcomes — a programmatic/academic‑strength cluster separate from safety, facilities, governance or community ties.\"",\n  \""circle entries report more administrative dysfunction, favoritism, policy inconsistency, poor governance/board responsiveness, and special‑education follow‑through failures than square entries\"": \""This groups allegations about nepotism/crony hires, biased or inconsistent discipline, coverups, board/leadership opacity and IEP/504 noncompliance — governance/accountability problems that are about decision‑making and enforcement rather than physical resources, curricular offerings, or community culture.\"",\n  \""circle entries contain more specific, concrete operational and facilities details (parent‑communication systems, portals, scheduling/credit transfer errors, textbook shortages, cafeteria/facilities notes, technology programs and enrollment logistics) — both praise and complaints — than square entries\"": \""This bucket collects the logistical and resource claims (overcrowding, new buildings, pests/mold, 1:1 devices, gradebook/portal failures, bus/lunch problems, scheduling/credit errors) which are tangible operational/facility issues, not the broader governance, academic-program, safety, or community relationship themes.\"",\n  \""circle entries report stronger local community cohesion, familylike staff–parent relationships, faith integration, alumni loyalty, and on‑campus wraparound supports than square entries\"": \""This groups reviewer evidence about small‑school personalization, active parental/alumni engagement, faith/chapel practices, town pride and mentoring/wraparound supports — a cultural/community/cohesion cluster that is substantively distinct from safety incidents, academic offerings, operational infrastructure, or governance failures.\""\n}""]",,24.36987805366516,28611,1600,2102,,[],['resp_03c47e98dccd726b006a73983151c0819fa22bcdcc1c6537c4'],True
vote|reduce1|19|1,"[""{\n    \""circle entries describe stronger advanced academic programming, AP/IB/dual‑enrollment pathways, and measurable college outcomes — and the attendant high‑pressure workload/stress — than square entries\"": \""This groups all evidence about formal advanced-course pathways, college‑credit/placement metrics and the related intense academic pressure into a single program/outcome bucket and is distinct from safety, facilities, admin, or community/support issues covered by the other buckets.\"",\n    \""circle entries report more pervasive student safety and discipline failures (bullying, frequent fights, drugs, sexual/physical assaults) and ineffective school responses than square entries\"": \""This isolates the cluster of reviewer claims about student harm, violence, harassment, substance use and poor incident handling as a single climate/safety theme that does not overlap with program quality, facilities, governance, or community‑support buckets.\"",\n    \""Circle entries report more administrative unprofessionalism, favoritism, nepotism, governance failures, and poor responsiveness (coverups, selective discipline, leadership instability) than square entries\"": \""This captures allegations about leadership behavior, biased enforcement, cover‑ups, board/district politics and retaliation as an administrative/governance cluster, separate from safety, facilities, curricular strength, or neighborhood/community engagement.\"",\n    \""circle entries report worse physical infrastructure, overcrowding, and resource shortfalls (maintenance, pests, HVAC, instructional materials, technology/crowding tradeoffs) than square entries\"": \""This bucket groups concrete, site‑level resourcing and operational shortfalls (buildings, sanitation, overcrowding, fees, transportation and material shortages) and keeps those tangible facility/resource problems distinct from governance, pedagogy, safety or community/support themes.\"",\n    \""circle entries report smaller enrollment, lower student‑teacher ratios, and stronger localized parent/community engagement than square entries\"": \""This groups all evidence about small‑school scale, personalized teacher/counselor accessibility, alumni/parent involvement and strong local school spirit into a single community/personalization bucket that is meaningfully different from academic-program strength, safety, facilities, or administration dysfunction.\""\n}""]",,29.0318021774292,27607,2304,2756,,[],['resp_06d820e219e13692006a73983136f4819fb835dc9d74036d38'],True
vote|reduce1|15|3,"[""{\n    \""circle entries report more frequent and severe student‑safety, bullying, theft and violent‑incident problems (and often inadequate remedial responses) than square entries\"": \""Many raw items describe assaults, gangs, drug offers, pervasive bullying, sexualized misconduct and failed on‑the‑ground responses — a concrete safety/climate cluster that is about student harm and staff non‑intervention and is categorically different from facility breakdowns, academic program strength, personalized instruction, or governance/favoritism issues.\"",\n    \""circle entries describe more personalized teacher attention, small-class structures, and active academic monitoring/interventions than square entries\"": \""A large set of reviews highlight small‑school scale, one‑on‑one mentoring, accessible teachers/counselors, tutoring and tailored remediation — an instructional/contact pattern distinct from (a) high‑level program offerings (AP/dual credit), (b) safety incidents, (c) physical facilities, and (d) governance or favoritism problems.\"",\n    \""circle entries report stronger advanced-academic pathways, measurable college-prep outcomes, and AP/Dual‑Enrollment opportunities than square entries\"": \""Numerous items document explicit AP/IB catalogs, dual‑enrollment/early‑college options, National Merit/college matriculation and measurable outcomes — a programmatic/credentialing cluster about academic rigor and postsecondary pathways that is substantively different from school safety, front‑line teacher personalization, facility conditions, or administrative misconduct.\"",\n    \""circle entries report more administrative and governance dysfunction plus operational failures in support services (turnover, secrecy, favoritism, misallocation, cover‑ups, counselor/scheduling/records breakdowns) than square entries\"": \""Many reviews allege nepotism, favoritism for athletes, cover‑ups, high principal turnover, lost credits/mis‑scheduling and opaque decision‑making — a governance/ethics/operations cluster focused on leadership, equity and accountability that does not duplicate facility maintenance, classroom-level support, safety incident content, or advanced-program descriptions.\"",\n    \""circle entries report more facility, operational, and resourcing failures (maintenance, overcrowding, safety infrastructure, hidden fees) than square entries\"": \""A clear group of comments documents mold/pests, rotten infrastructure, food/sanitation problems, missing textbooks, overcrowding, device rollouts and fee burdens — tangible capital/operational/resource problems about the physical and logistical functioning of the school that are distinct from leadership favoritism, student safety incidents, teacher mentoring, or programmatic rigor.\""\n}""]",,29.116701126098633,28589,1856,2408,,[],['resp_0104b23931698cfc006a7398314bc8819fb1d7770f66f07347'],True
vote|reduce1|21|2,"[""{\n    \""circle entries report more pervasive student safety, bullying, drug and theft incidents and often describe ineffective enforcement or inconsistent discipline compared with square entries\"": \""This cluster groups the many circle-review descriptions of fights, lockdowns, bullying (including identity‑based slurs), substance use, theft, and accounts that staff/administration failed to stop or inconsistently enforced rules — it is focused on on‑campus safety and behavior climate and is distinct from governance (who runs the school) or programmatic strength (academics/extracurriculars).\"",\n    \""circle entries report more administrative and governance dysfunction (unresponsive/opaque leadership, favoritism/nepotism, fee/recordkeeping problems, scheduling and enrollment errors) than square entries\"": \""This bucket captures the repeated circle reports of opaque decision‑making, nepotism/favoritism, misallocated funds, withheld records/fees, attendance/transportation scheduling errors and unresponsive front‑office behavior — a governance/operations theme that is separate from frontline safety incidents or instructional program descriptions.\"",\n    \""circle entries report stronger advanced-academic programs and measurable college-prep outcomes than square entries\"": \""Many circle reviews document explicit AP/IB/dual‑enrollment/STEM pathways, test prep, scholarship totals and named college matriculations; this theme captures programmatic academic rigor and measurable postsecondary outcomes and is conceptually distinct from extracurricular breadth or teacher responsiveness.\"",\n    \""circle entries report broader extracurricular variety, newer/better facilities and tech, but also explicit resource allocation choices and inequities (sports vs arts) more than square entries\"": \""This groups circle evidence about extensive clubs, band/athletics success, modern tech/campuses and concrete trade‑offs (funding favored for sports, tuition/booster impacts) — focusing on program/facility breadth and allocation rather than safety, governance, or classroom instruction.\"",\n    \""square entries report more consistent, stable, and supportive teacher quality, staff responsiveness, and school‑level student supports than circle entries\"": \""This bucket covers Square reviews' repeated claims of reliably caring teachers, accessible counselors, consistent tutoring/special‑education follow‑through and day‑to‑day instructional professionalism — a classroom‑level staffing/support signal that is distinct from governance failures, extracurricular breadth, safety problems, or formal advanced programs.\""\n}""]",,29.30467391014099,28087,1984,2505,,[],['resp_0802c264d1d6e6df006a73983164f8819192e52d9f33409a7f'],True
vote|reduce1|11|3,"[""{\n    \""circle entries report more pervasive student-safety, bullying, and behavior‑management problems and classroom disruption than square entries\"": \""This groups all evidence about violence, daily fights, bullying, gang/drug incidents, sexual/physical harassment, and ineffective/absent discipline into a single safety‑climate bucket that is clearly different from governance, facilities, academics or extracurricular emphasis.\"",\n    \""circle entries report more administrative and governance dysfunction, opacity, nepotism, and poor complaint-handling than square entries\"": \""This captures leadership-level problems (hiring favoritism, board/ superintendent politics, record‑keeping, complaint cover‑ups and unresponsive/ punitive governance) and is distinct from student-safety incidents, programmatic strength, athletics culture, or operational facility details.\"",\n    \""circle entries emphasize an athletics‑first institutional focus, visible athletic facilities, recruiting/funding for athletes, and favoritism toward athletes more than square entries\"": \""This isolates patterns where schools prioritize sports (closures for games, booster/fee pressure, athlete privileges, coach hiring cronyism) so it does not conflate those program‑allocation choices with general administrative corruption, safety failures, or academic programming.\"",\n    \""circle entries report stronger advanced academic programs, measurable college‑preparation pathways, and measurable postsecondary outcomes than square entries\"": \""This groups descriptions of AP/IB/dual‑enrollment, rigorous curricula, scholarships/college matriculation and documented college‑prep supports into an academic‑programs bucket that is conceptually separate from safety, governance, athletics, or facilities/operational detail.\"",\n    \""circle entries contain more specific, concrete operational and facilities details (parent‑communication systems, portals, scheduling/credit transfer errors, textbook shortages, cafeteria/facilities notes, technology programs and enrollment logistics) — both praise and complaints — than square entries\"": \""This captures the granular, site‑level resource and day‑to‑day operational evidence (overcrowding, busing, HVAC, lunch, 1:1 devices, scheduling and portal issues) and is mutually exclusive from leadership/favoritism, student‑safety, athletics prioritization, or academic-program strength.\""\n}""]",,30.96631908416748,28277,2368,2827,,[],['resp_06fa8c9351b3a1a2006a7398314b4c8191bb363256b5fa051b'],True
vote|reduce1|11|4,"[""{\n    \""circle entries describe stronger, explicit college‑preparatory and advanced academic programs and measurable outcomes than square entries\"": \""Selected because many circle reviews enumerate AP/IB/dual‑credit, academies, named tracks, and concrete postsecondary outcomes (college credits, admissions, scholarships); this is strictly about programmatic academic offerings and measurable student outcomes (not facilities, discipline, governance, or community engagement), so it is mutually exclusive from the other buckets.\"",\n    \""circle entries report more concrete facility, capacity, and resource statements (both investments and shortages)—including overcrowding, cleanliness problems, PE/wait‑lists, renovations, and targeted spending critiques—than square entries\"": \""Chosen because circle reviews repeatedly give factual facility and operational details (overcrowding, HVAC/mold, trailers, capital bonds/upgrades, missing supplies) distinct from instructional quality, student safety incidents, governance/favoritism, or local community culture, making this bucket non‑overlapping with the others.\"",\n    \""circle entries report more administrative dysfunction, favoritism, policy inconsistency, poor governance/board responsiveness, and special‑education follow‑through failures than square entries\"": \""This groups reports of nepotism, cover‑ups, selective enforcement, opaque board responses, IEP/IEP‑threat incidents and governance problems that concern how the school is run and how policies are applied — clearly different from program offerings, physical resources, student safety incidents, or community warmth.\"",\n    \""circle entries report more pervasive student‑safety and behavior problems (bullying, fights, drugs, open‑campus skipping) and more frequent school failures to protect students than square entries\"": \""This bucket captures repeated, concrete accounts of peer violence, bullying, gang/drug activity, theft, and campus security breaches (and failures to intervene), which are operational safety/behavior phenomena rather than facility conditions, governance patterns, academic program strength, or parent/alumni engagement.\"",\n    \""circle entries report a stronger familylike community, visible school spirit, parental/alumni engagement, and personalized student support than square entries\"": \""Included because many circle reviews describe small‑school/family atmospheres, active PTA/alumni/volunteerism, coaches/teachers mentoring students, and close parent‑school collaboration — a social/community/person‑level support pattern that is conceptually distinct from academics, safety incidents, facilities, or administrative/governance failures.\""\n}""]",,31.23008108139038,23991,2048,2558,,[],['resp_05b688a61521c27f006a73983129b8819197caf42f8af0e6af'],True
vote|reduce1|11|2,"[""{\n    \""circle entries report more frequent and more severe student safety, bullying, drug/weapon incidents and mental‑health crises than square entries\"": \""Groups many raw items that document on‑site threats to student safety, interpersonal harassment, substance/gang/weapon incidents and failed protection/response — distinct from administrative governance, facilities, academic programming, or teacher/counselor support issues.\"",\n    \""circle entries report more administrative and governance failures, favoritism, legal/compliance problems, and resource‑prioritization conflicts than square entries\"": \""Captures recurring evidence of nepotism, admission/fee manipulation, cover‑ups, enrollment mismanagement and politicized leadership decisions — a governance/fairness theme that is about institutional behavior rather than safety incidents, physical facilities, or curricular strength.\"",\n    \""circle entries report stronger advanced academic programs and measurable college-prep outcomes than square entries\"": \""Groups all items describing AP/IB/dual‑enrollment/CTE breadth, measurable test/graduation/college outcomes and program reputation — an academic-programming/outcomes axis separate from safety, governance, facilities, or day‑to‑day student support.\"",\n    \""circle entries report more tangible facility, enrollment and logistical issues or investments (overcrowding, renovations, scheduling, HVAC, technology rollouts, parking, fundraising) than square entries\"": \""Collects the concrete, operational and capital/resource observations (overcrowding, pests, renovations, bus/lunch/schedule problems, tech) that are about physical capacity and logistics rather than people‑level supports, governance choices, or curricular offerings.\"",\n    \""circle entries document more consistently available, caring, individualized instruction and student supports (including IEP/accommodation responsiveness and tutoring) than square entries\"": \""Groups reports of teacher/counselor availability, one‑on‑one help, structured advising and special‑needs support — a personnel/supports dimension that is operationally distinct from governance, facilities, academic program breadth, and campus safety.\""\n}""]",,31.913714170455933,27847,2112,2536,,[],['resp_04dba5c862115aa9006a73983169fc81a3814620ac793245af'],True
vote|reduce1|21|4,"[""{\n    \""circle entries describe stronger advanced academic, vocational, and extracurricular program offerings and measurable college‑preparation outcomes than square entries\"": \""Many circle reviews list IB/AP, dual‑credit, CTE/TRANSTEM, extensive clubs, large scholarship/admissions outcomes and named program success (IB, ROTC, industry partnerships), a substantive program/outcome signal that is distinct from instructional quality or governance issues covered in other buckets.\"",\n    \""circle entries report more pervasive student safety, bullying, harassment, substance‑use, and discriminatory/toxic student‑climate problems with administrative inaction more than square entries\"": \""A large subset of circle reviews recount repeated fights, gang/violence mentions, homophobic/racial harassment, daily bullying of vulnerable students and substance use together with claims that staff/administration ignore or mishandle incidents — a concrete safety/discipline climate theme separate from governance/favoritism or facility/tech topics.\"",\n    \""circle entries report more administrative dysfunction, favoritism/nepotism, and unresponsive or punitive governance than square entries\"": \""Circle entries frequently describe nepotistic hiring, athlete/donor favoritism, opaque discipline, punitive or image‑first leadership decisions, IEP/record mishandling and levy/policy politics — governance and accountability failures that are organizational (not primarily about classroom instruction, student safety incidents, or program breadth).\"",\n    \""circle entries provide more concrete, site‑level facility, technology, and capital investment details than square entries (which focus on high‑level funding/policy complaints)\"": \""Circle reviews repeatedly reference specific capital/tech facts (new libraries, MacBooks/Promethean boards, campus renovations, crowded gym events, pests/AC problems) — a tangible facilities/technology evidence stream that is distinct from academic program strength, safety climate, instructional quality or governance critiques.\"",\n    \""square entries report more pervasive teacher disengagement, inconsistent classroom instruction, poor grading/feedback and lack of academic follow‑through than circle entries\"": \""Square reviews disproportionately call out uninspired or underqualified teachers, uneven classroom management, grade/credit mismanagement and limited counseling follow‑through — a classroom‑level instructional quality and staff‑responsiveness pattern that differs from circle's governance, facility, program or safety themes.\""\n}""]",,32.17039084434509,23561,1856,2377,,[],['resp_065374822012916b006a7398313eb481a1a725afb43e765e97'],True
vote|reduce1|17|2,"[""{\n    \""circle entries describe substantially stronger advanced academic and college‑preparatory programming and measurable postsecondary outcomes than square entries\"": \""Many circle reviews list concrete AP/IB/dual‑enrollment/college‑credit metrics, scholarship and matriculation examples that clearly mark academic-program strength — a distinct program/outcome axis that is separable from teacher warmth, facilities, governance or safety issues covered in other buckets.\"",\n    \""circle entries emphasize consistent, personalized teacher engagement and small‑school/family‑style supports (small classes, hands‑on tutoring, Saturday help, sustained alumni/parent involvement, internships/experiential learning) more than square entries\"": \""A large cluster of circle evidence focuses on one‑on‑one teacher availability, small‑school intimacy, alumni/parent involvement and structured tutoring/mentoring — a personnel/community support pattern that is conceptually different from formal academic program breadth, facilities/funding, administrative governance, or safety incidents.\"",\n    \""circle entries report more pervasive student‑safety and behavioral problems (bullying, fights, gangs, drugs) and inadequate / punitive security or discipline than square entries\"": \""Numerous circle reviews document physical fights, drug activity, identity‑based harassment and failures or punitive inconsistencies in discipline — a discrete safety/behavior climate theme that should not be conflated with resource deficits, curricular strength, or administrative favoritism.\"",\n    \""circle entries report more administrative/operational dysfunction tied to record‑keeping errors, favoritism/nepotism, resource misallocation, and contested discipline than square entries\"": \""Many circle items allege nepotism, opaque governance, lost records/college application errors, biased enforcement and adversarial parent–administration relations — a governance/operational breakdown theme that is distinct from teacher‑level support, student safety, facilities funding, or academic program offerings.\"",\n    \""circle entries report more facility, funding, and instructional‑resource shortfalls (including overcrowding and technology gaps) than square entries\"": \""A recurring set of circle comments call out outdated buildings, overcrowding, missing textbooks, poor food/maintenance and inconsistent tech — a tangible resource/infrastructure cluster separate from program rigor, community personalization, safety climate, or governance misconduct.\""\n}""]",,33.8941969871521,27934,1344,1807,,[],['resp_0ba17c4d70d5b3f1006a7398313ab0819db85614ff943e3c3b'],True
vote|reduce1|13|0,"[""{\n    \""circle entries report stronger advanced-academic programs and measurable college-preparation outcomes than square entries\"": \""This groups the many concrete mentions of AP/IB/dual‑enrollment/CTE, documented college credits, test scores, and named college‑prep pathways found in circle reviews and is distinct from safety, governance, facilities, or extracurricular themes which address different school functions.\"",\n    \""circle entries report more pervasive student safety and bullying problems (fights, theft, gang activity, drug/vaping incidents, and staff‑on‑student harassment) than square entries\"": \""This captures the recurring, concrete accounts of fights, substance use, sexual harassment, racialized bullying and ineffective anti‑bullying responses in circle reviews and is separate from administrative favoritism, program strengths, facilities, or extracurricular prominence.\"",\n    \""circle entries allege more administrative favoritism, nepotism, punitive shaming, and exclusionary discipline (including against low‑performing or disabled students) than square entries\"": \""This bucket groups the systematic governance and personnel complaints (nepotistic hiring, protected families, cover‑ups, punitive/uneven enforcement, censorship and calls for wholesale leadership change) and is conceptually different from facility problems, extracurricular descriptions, teacher availability, or student‑safety incidents.\"",\n    \""circle entries report more facility, capacity, and operational failures (crowding, maintenance, logistical breakdowns) than square entries\"": \""This groups the concrete building‑ and operations‑level evidence (overcrowding, pest/sanitation issues, missing textbooks, scheduling/enrollment/transport problems, hidden fees and logistic mismanagement) and is distinct from academic-program strength, safety/bullying, administrative favoritism, or extracurricular breadth.\"",\n    \""circle entries report greater extracurricular breadth, athletics/band prominence, facility investment, and visible community/fan engagement than square entries\"": \""This captures the cluster of items about extensive arts/CTE/athletics programming, state‑level athletic success, booster/alumni activity, faith‑based traditions and visible event culture in circle reviews, and is kept separate from academic rigor, safety/climate, governance, or basic facility/operational failures.\""\n}""]",,34.51537799835205,28054,2368,2833,,[],['resp_0bb7807f9e8e162f006a739831611481918545d1cecb22a052'],True
vote|reduce1|5|0,"[""{\n    \""circle entries report more pervasive student safety and behavioral problems and ineffective disciplinary responses than square entries\"": \""Many raw items document bullying, fights, drugs, sexual misconduct, police incidents and repeated claims that staff fail to address them — this cluster is about on‑campus safety/behavior climate and is distinct from administrative/process faults, academic strength, extracurricular life, or facility problems.\"",\n    \""circle entries report more administrative dysfunction, favoritism, turnover, and operational/process failures (guidance, testing, transcripts, fees) than square entries\"": \""Numerous reviews describe record/transcript errors, withheld diplomas/fees, nepotism, hostile parent‑facing practices, and governance failures — this bucket isolates institutional governance and procedural breakdowns (not safety incidents, not academic program descriptions).\"",\n    \""circle entries report stronger advanced academic and college‑preparatory programming and measurable outcomes (IB/AP/STEM/dual‑enrollment, college partnerships, test metrics) than square entries\"": \""Many circle items name AP/dual‑enrollment/ACE/college matriculation and superior test metrics, so this bucket captures curricular rigor and measurable postsecondary outcomes, keeping academic-program strength separate from extracurriculars, facilities, or administrative behavior.\"",\n    \""circle entries report broader, higher‑quality extracurricular/arts/athletics offerings and visible school spirit—but also more fee‑based barriers to access—than square entries\"": \""A large set of circle reviews highlight award‑winning bands, sports state titles, robust clubs and booster activity (and sometimes fundraising/fee barriers or athletic favoritism) — this groups extracurricular breadth and community pride apart from facility failures, safety, or governance issues.\"",\n    \""circle entries report more acute facilities, infrastructure, and operational/logistics problems (overcrowding, trailers, HVAC/pest/sanitation, busing, scheduling) than square entries\"": \""Many raw terms document mold/pests, HVAC/AC failures, overcrowded lunches, bus cutoffs and scheduling problems — this bucket focuses on physical plant and day‑to‑day logistics distinct from interpersonal safety, governance/process, program quality, or extracurricular life.\""\n}""]",,34.74317693710327,28003,1920,2397,,[],['resp_0eb50eedc1c31505006a7398313e50819f90711edb65d688b6'],True
vote|reduce1|4|4,"[""{\n    \""circle entries report more pervasive student misconduct, bullying, harassment, and safety incidents (with ineffective or inconsistent staff response) than square entries\"": \""This bucket groups all safety, bullying, gang/violence, drug/theft, harassment and enforcement‑failure reports (police calls, victim‑removal, racial/homophobic slurs) and is distinct from administrative/governance failures, resource problems, academic program strength, or community closeness because it focuses specifically on student behavior and direct safety/climate incidents and how staff respond (not on policy, facilities, programming, or parent/alumni ties).\"",\n    \""circle entries report more administrative dysfunction, favoritism, policy inconsistency, poor governance/board responsiveness, and special‑education follow‑through failures than square entries\"": \""This bucket captures governance, leadership accountability, nepotism/favoritism, cover‑ups, IEP/noncompliance and opaque decisionmaking (board/HR/counseling breakdowns) and is mutually exclusive from safety incidents, facility shortages, academic program breadth, and family/community intimacy because it centers on management, policy and legal/IEP compliance rather than student behavior, physical resources, curricular offerings, or close-knit school culture.\"",\n    \""circle entries describe stronger and broader academic, arts, vocational, and college‑preparatory programming (AP/IB/magnets/CTE/dual‑enrollment/NJROTC) than square entries\"": \""This bucket groups concrete curricular and programmatic strengths (numerous AP/IB/CTE/magnet tracks, early college credit, award‑winning arts and measurable postsecondary outcomes) and is separate from safety, governance, facilities or familial community themes because it addresses program offerings, measurable academic outcomes, and specialized pathways rather than operational deficits, discipline, or school social structure.\"",\n    \""circle entries report more chronic facility/resource shortfalls, operational constraints, and extracurricular prioritization imbalances than square entries\"": \""This bucket covers physical plant and operational evidence (deferred maintenance, pests/HVAC, overcrowding, missing textbooks, transportation, mandatory fees, and money prioritized to athletics) and is distinct from governance (who caused it), safety/climate (student behavior), academic program content, and small‑school culture because it concerns tangible assets, logistics, and budgetary allocation rather than leadership style, program quality, or relational dynamics.\"",\n    \""circle entries emphasize a small, family‑like, community‑integrated school environment with close staff‑student relationships and high parent/alumni involvement more than square entries\"": \""This bucket groups testimonials about small size, individualized teacher mentorship, active parent/alumni engagement, and tight community ties (mentorship, volunteerism, multi‑generational loyalty) and is exclusive from the other buckets because it describes interpersonal/community structure and relational supports rather than program inventories, facility conditions, safety incidents, or governance/policy failures.\""\n}""]",,35.724339962005615,24054,1856,2449,,[],['resp_09c2e215a8723e77006a7398312ab8819f9cf01b8969b2e7ff'],True
vote|reduce1|2|3,"[""{\n    \""circle entries report more pervasive student safety, bullying, harassment, and inadequate protective response than square entries\"": \""This groups the many reviews describing fights, drug use, racial/identity harassment, threats, staff‑protected perpetrators, and repeated failures or uneven enforcement of anti‑bullying/safety policies — a distinct operational/school‑climate cluster that does not overlap with facility, program, administrative‑governance, academic‑program, or small‑school personalization claims.\"",\n    \""circle entries describe stronger advanced academic programs and measurable college‑readiness outcomes than square entries\"": \""This captures the suite of concrete academic pathway evidence (AP/IB/dual enrollment/STEM/CTE, named academies, scholarship and matriculation metrics) that consistently appears together in some reviews and is categorically different from complaints about safety, facilities, administration, or small‑school personalization.\"",\n    \""circle entries report more concrete facility, operational, and logistical problems (deferred maintenance, overcrowding, no AC, transportation/drop‑off failures, high direct fees) than square entries\"": \""This groups explicit, site‑level operational evidence — HVAC/mold/trailers, restroom/cafeteria problems, overcrowding, scheduling/bus logistics, hidden fees/fundraising — which is materially distinct from program quality, safety climate, governance/favoritism, or community‑culture descriptions.\"",\n    \""circle entries report more administrative and district‑level dysfunction, politicized governance, recordkeeping failures, and adversarial parent‑administration relations than square entries\"": \""This bucket collects reviews alleging cover‑ups, favoritism/nepotism, politicized board decisions, broken record/IEP handling, retaliation, and deliberate metric‑manipulation — a governance/management pattern separate from physical facilities, student safety, academic program strength, or small‑school closeness.\"",\n    \""circle entries portray a smaller, family‑like school community with higher parent/alumni engagement than square entries\"": \""This groups accounts of small‑school personalization, close teacher–student relationships, active PTSA/parent fundraising, multigenerational alumni ties, and family atmosphere — a sociocultural/community pattern that is conceptually distinct from safety incidents, facility failures, governance dysfunction, or advanced academic program claims.\""\n}""]",,35.86524319648743,27619,1920,2441,,[],['resp_0b25a40079cbdcf2006a7398313798819e8a05fbf888076edd'],True
vote|reduce1|18|1,"[""{\n    \""circle entries document greater administrative dysfunction, unresponsiveness, instability, and governance/favoritism problems than square entries\"": \""This groups reviews describing governance‑level failures (nepotism, cover‑ups, punitive billing/withheld records, recordkeeping and board/leadership instability) and is distinct from facility, safety, staff quality or programmatic claims because it focuses on governance/policy/management behaviors that drive those outcomes rather than their operational or pedagogical manifestations.\"",\n    \""circle entries report more pervasive student-safety and behavioral problems (bullying, fights, on‑campus substance use, sexual misconduct) with inconsistent or ineffective responses than square entries\"": \""This captures incidents and patterns of student harm and adult failure to protect (bullying, fights, drugs, assaults, hazing and weak discipline practices), and is mutually exclusive from governance, facilities, academics, or teacher‑support buckets because it centers on safety/behavioral climate and incident response rather than administration, resources, or curricular strength.\"",\n    \""circle entries describe substantially stronger advanced academic and college‑preparatory programming and measurable postsecondary outcomes than square entries\"": \""This groups reviews that document concrete academic pathways and outcomes (AP/IB/dual‑enrollment/STEM tracks, college partnerships, measurable matriculation and scholarship results) and is separate from teacher responsiveness or facility/resource issues because it concerns structured program offerings and measurable student achievement.\"",\n    \""square entries describe more consistently caring, engaged, and stable teachers and visible school‑level leadership than circle entries\"": \""This bucket isolates reviewer claims about day‑to‑day instructional and relational strengths (teacher availability, mentorship, stable staff, accessible principals/counselors) and is distinct from governance/favoritism, safety incidents, facilities, or program breadth because it addresses classroom and counselor/leader accessibility and professional stability specifically.\"",\n    \""circle entries report more concrete facility, capacity, and resource statements (both investments and shortages)—including overcrowding, cleanliness problems, PE/wait‑lists, renovations, and targeted spending critiques—than square entries\"": \""This groups all operational and physical resource evidence (overcrowding, HVAC/cleanliness, lunch scheduling, tech investments or lack thereof, fee/tuition dynamics and allocation disputes) and is exclusive from governance/favoritism or safety/behavior buckets because it focuses on tangible infrastructure and resourcing conditions rather than management misconduct, safety incidents, or curricular offerings.\""\n}""]",,35.874593019485474,28655,2560,3109,,[],['resp_05fe5893d4cfb7fc006a73983144c4819197ed27e259cffd2f'],True
vote|reduce1|8|1,"[""{\n    \""circle entries report more systemic administrative dysfunction, favoritism/nepotism, punitive or revenue‑driven policies, and poor parent communication than square entries\"": \""This captures reviews describing governance-level problems (board/superintendent/principal behavior, cronyism, pay‑to‑play, punitive fees, withheld records and nonresponsive leadership) and is distinct from safety, facilities, academics, and community themes because it targets governance/decision‑making and favoritism rather than campus conditions, program strength, student safety, or close‑community supports.\"",\n    \""circle entries report more pervasive student-safety and behavioral problems (bullying, fights, drugs, gang activity, racial/homophobic harassment) than square entries\"": \""This groups all concrete reports of violence, bullying, identity‑based harassment, substance/weapon incidents and ineffective or punitive disciplinary responses, and is mutually exclusive from administrative‑governance (which is about leaders/policy), facilities (physical problems), academic program strength, and community/personalization (social cohesion/parent ties).\"",\n    \""circle entries describe stronger advanced-academic pathways and measurable college outcomes than square entries\"": \""This bucket aggregates mentions of AP/IB/dual‑enrollment/CTE, running‑start or college shuttles, test scores, scholarships and concrete postsecondary placements — focusing on curricular/programmatic rigor and measurable outcomes rather than governance, safety, facilities, or community culture.\"",\n    \""circle entries report more acute facility, capacity, sanitation, and resource allocation problems than square entries\"": \""This covers concrete material and operational failures (overcrowding, no AC, mold/roaches, parking/transport, food/fundraising fees, scheduling/records errors and budget shortfalls) and is kept separate from administrative favoritism (policy motives), safety incidents (violence/bullying), academic program descriptions, and family/community closeness.\"",\n    \""circle entries report a stronger familylike community, visible school spirit, parental/alumni engagement, and personalized student support than square entries\"": \""This groups reviewer evidence of small‑school personalization, alumni loyalty, active parent volunteers, named caring teachers/mentors and consistent one‑on‑one support, which is conceptually distinct from program rigor, facilities, governance failures, and safety/discipline problems.\""\n}""]",,36.25303816795349,28395,1536,2034,,[],['resp_0fb7f7ec7b47d2df006a7398312acc819eb9fb06afd0669bd8'],True
vote|reduce1|11|0,"[""{\n    \""Circle entries report more administrative unprofessionalism, favoritism, nepotism, governance failures, and poor responsiveness (coverups, selective discipline, leadership instability) than square entries\"": \""This bucket groups governance‑level problems (biased hiring, protected insiders, retaliatory leadership, recordkeeping/board failures) described across many circle reviews and is distinct from safety incidents, teacher‑level care, facility deficits, or academic program strength because it focuses specifically on leadership/governance actions and policy misconduct rather than student outcomes, classroom practices, resources, or program offerings.\"",\n    \""Circle entries report more pervasive student safety, bullying, substance, and disciplinary failures than square entries\"": \""This bucket captures reports of violence, gang/drug incidents, pervasive peer bullying, sexualized misconduct, and either over‑punitive or ineffective discipline and adult nonresponse in circle reviews, and is mutually exclusive from the administration/governance bucket (which is about leader behavior) and from facilities, teacher support, or academic-program buckets (which concern infrastructure, instructional support, or curricular offerings).\"",\n    \""circle entries report stronger structured advanced academic, dual‑credit and vocational programs and clearer college‑prep outcomes than square entries\"": \""This bucket groups circle reviews that cite concrete program breadth (AP/IB, dual‑enrollment, CTE/medical academies, scholarships, higher test scores) and measurable college/career outcomes, and it is separate from teacher‑responsiveness (how staff engage), infrastructure (facilities/operations), and governance (leadership fairness) because it specifically concerns curricular pathways, credentials, and documented student outcomes.\"",\n    \""circle entries report more acute facility, resource and operational deficits and family financial burdens than square entries\"": \""This bucket collects complaints about physical condition, overcrowding/trailers, HVAC/food/nurse/service failures, hidden or high family fees, transportation problems, and contested funding decisions in circle reviews, which is a materially different domain than leadership misconduct, student safety incidents, teacher‑student mentorship, or the presence of advanced academic programs.\"",\n    \""circle entries emphasize consistent, personalized teacher engagement and small‑school/family‑style supports (small classes, hands‑on tutoring, Saturday help, sustained alumni/parent involvement, internships/experiential learning) more than square entries\"": \""This bucket groups circle evidence about one‑on‑one teacher availability, small classes, family‑like community ties and active parent/alumni engagement, and is intentionally distinct from the advanced‑program bucket (which is programmatic breadth and outcomes), the facilities bucket, and the governance or safety buckets (which focus on different institutional actors and failures).\""\n}""]",,36.42636966705322,28276,1792,2349,,[],['resp_0c65df116fec766d006a739831285c819fb3447bd1bc83183a'],True
vote|reduce1|20|4,"[""{\n    \""circle entries report more proactive, personalized student supports and staff‑to‑family communication (tutoring, small classes, counselors, one‑on‑one remediation) than square entries\"": \""This cluster groups all evidence about day‑to‑day individualized supports (small class ratios, 1:1 help, tutoring nights, accessible counselors, parent‑teacher follow‑up) and is distinct from other buckets because it concerns instructional/care practices and communication rather than safety incidents, system‑level governance, athletics prioritization, or the presence of advanced programs.\"",\n    \""circle entries portray an athletics/ROTC‑dominated culture with favoritism, resource diversion, and coach misconduct more than square entries\"": \""This bucket captures patterns tying school culture and resource choices to athletics/ROTC (player recruiting, athlete privilege, funds shifted to sports, abusive coaches), which is a program‑level/prioritization theme separate from individual tutoring, general admin corruption, safety/bullying climate, or AP/IB curricular strength.\"",\n    \""circle entries report more frequent, severe student‑safety problems, bullying, and ineffective or punitive disciplinary responses than square entries\"": \""All reviews documenting fights, drugs, sexual harassment, routine bullying, security failures, or administration non‑response are grouped here; this safety/discipline/climate theme is focused on student welfare and enforcement outcomes and does not overlap with buckets about curricular offerings, athletics prioritization, personalized academic supports, or governance/favoritism issues.\"",\n    \""circle entries report more administrative mismanagement, favoritism/nepotism, secrecy and operational failures (data manipulation, billing/records errors, selective enforcement) than square entries\"": \""This bucket aggregates governance and operational failures (board/district apathy, nepotism, withheld records/fees, biased enforcement, opaque hiring/discipline practices) and is kept separate from teacher‑level support, safety incidents, athletics culture, or academic-program strength because it refers to systemic leadership and policy misconduct.\"",\n    \""circle entries describe stronger advanced academic programming and measurable college‑preparation outcomes than square entries\"": \""This group covers AP/IB/dual‑enrollment/STEM/CTE breadth and concrete post‑secondary outcomes (scholarships, Ivy/D‑1 matriculation, AP success), a programmatic academic‑rigor theme that is distinct from individualized remediation, student safety, athletics dominance, or administrative governance problems.\""\n}""]",,36.45105600357056,23789,2496,3026,,[],['resp_041af6ce29c08017006a739831648c81a0a9f8f2527a7b5738'],True
vote|reduce1|7|3,"[""{\n    \""circle entries report more pervasive student-safety and bullying problems (fights, gang/drug activity, sexual/racial harassment) coupled with ineffective or biased adult responses than square entries\"": \""This captures the large cluster of raw terms describing violence, pervasive bullying, identity‑based harassment, substance/gang incidents and reviewers' claims that staff/administration fail to protect victims—a distinct safety/climate domain that does not overlap with governance/favoritism, programmatic strength, extracurricular breadth, or teacher‑level academic support.\"",\n    \""circle entries report administrative dysfunction, poor communication, favoritism/nepotism, fiscal mismanagement and even legal/cover‑up allegations more than square entries\"": \""This groups the many reports about opaque or punitive governance (board/district problems, nepotistic hiring, financial/legal disputes, withheld records and hostile parent relations), which are organizational‑level issues separate from student safety, classroom supports, extracurricular assets, or academic-program descriptions.\"",\n    \""circle entries describe stronger advanced-academic programming and measurable postsecondary supports (AP/IB/dual-credit, active counselors, scholarships, college-credit outcomes) than square entries\"": \""This consolidates the concrete, named academic offerings and measurable college‑prep outcomes (AP/dual‑enrollment, partnerships, scholarship metrics and counseling follow‑through) into a single programmatic academic‑strength bucket distinct from extracurricular richness, safety problems, governance dysfunction, and day‑to‑day teacher mentoring.\"",\n    \""circle entries emphasize expansive extracurricular ecosystems and show both higher‑quality arts/academic teams and frequent athletic centrality/favoritism (award‑winning bands, many clubs, but athletics sometimes prioritized) more than square entries\"": \""This captures the repeated, concrete descriptions of broader extracurricular life—arts, band, JROTC, vocational pathways, booster/alumni engagement and the related theme of athletics‑first resource choices—which is a programmatic/community resource dimension separate from academic rigor, safety/climate, governance, or classroom tutoring.\"",\n    \""circle entries report more consistent teacher‑led individualized academic support, mentoring, and proactive family/counselor outreach than square entries\"": \""This isolates the classroom and student‑support level evidence (one‑on‑one help, responsive teachers/counselors, small‑school personalization and successful reintegration stories) as a distinct dimension of in‑school practice that is not the same as governance problems, extracurricular offerings, formal advanced programs, or pervasive safety failures.\""\n}""]",,36.51220202445984,28558,2752,3301,,[],['resp_01e60777ca7419f8006a739831482081a2bb9328d3cfd2edce'],True
vote|reduce1|15|1,"[""{\n    \""circle entries report stronger advanced academic programs and measurable college-prep outcomes than square entries\"": \""Groups together the many reviews that cite AP/IB/dual‑enrollment/academies, named program breadth, higher test/college metrics and alumni outcomes — a discrete theme about curriculum and measurable postsecondary success that is different from governance, safety, facilities, or teacher‑level remedial supports.\"",\n    \""circle entries report more administrative and district‑level dysfunction, politicized governance, recordkeeping failures, and adversarial or litigious parent–school relations than square entries\"": \""Captures the distinct cluster of complaints about leadership opacity, nepotism/favoritism, recordkeeping/placement errors, adversarial parent relations and governance politics — focused on system‑level misconduct and decision‑making rather than safety incidents, classroom supports, facilities, or program quality.\"",\n    \""circle entries report more pervasive student-safety, bullying, gang/drug activity, and ineffective anti‑bullying/discipline enforcement than square entries\"": \""Aggregates the numerous concrete accounts of fights, assaults, drug/gang presence, racial/sexual harassment and ineffective or biased discipline — a safety/climate category that is conceptually separate from administrative governance, facility resourcing, teacher tutoring, or academic-program strength.\"",\n    \""circle entries report more concrete operational resource and logistics problems (overcrowded classes, outdated/broken facilities and materials, staffing shortages, attendance/recordkeeping and scheduling failures, and budget-driven program cuts) than square entries\"": \""Groups the operational and infrastructure evidence — HVAC/pest/cleanliness, trailers/overcrowding, bus/cafeteria logistics, tech/textbook shortfalls and budget/fee pressures — a facilities/operations theme distinct from leadership politics, student safety, teacher remediation, or program rigor.\"",\n    \""circle entries report more proactive, teacher‑level academic support and accessibility (after‑school tutoring, parent‑facing availability, counselors who follow up) than square entries\"": \""Collects instances of teacher/counselor‑driven remediation, named tutoring programs, accessible teacher communication and small‑class mentorship — a people‑level, instructional/support theme that is separable from institutional governance, physical resources, safety/climate, or the presence of advanced academic programs.\""\n}""]",,37.054206132888794,28006,2240,2714,,[],['resp_05de0699c4e5bbd5006a739831451c8192b7282376ab8fafc8'],True
vote|reduce1|16|1,"[""{\n    \""circle entries report more frequent and severe student-safety problems (bullying, fights, hazing, gangs, drug/vaping lapses, and lax supervision) than square entries\"": \""Many raw items document concrete safety incidents (daily fights, drug deals, death threats, pervasive bullying, vaping, racist harassment) and weak staff response — this bucket captures behavioral/safety climate evidence and is distinct from administrative, academic, teacher‑support or facilities/resource themes.\"",\n    \""circle entries report stronger, more numerous advanced academic pathways and measurable college-prep outcomes (AP/IB/dual-credit, higher test scores, scholarships) than square entries\"": \""A large cluster of raw terms describe concrete programmatic assets and measurable postsecondary outcomes (AP/IB, dual enrollment, ACT/SAT scores, scholarship totals), so this bucket isolates institutional academic pathway strength separate from frontline teacher help, discipline/climate, governance, or facility issues.\"",\n    \""circle entries document more administrative dysfunction, opaque governance, favoritism/nepotism and resource‑misallocation than square entries\"": \""Many reviews cite nepotistic promotions, politicized boards, coverups, protected athletes, arbitrary punitive policies and IEP/504 noncompliance — this governance/favoritism category is about leadership and policy failures and is intentionally separated from day‑to‑day facilities/logistics, classroom instruction, or student‑safety buckets.\"",\n    \""circle entries report more consistent teacher dedication, readily available one‑on‑one remediation, and individualized academic support than square entries\"": \""Numerous items describe teachers offering daily lunch help, after‑school tutoring, para‑professional support and highly personalized mentorship — this frontline instructional/support pattern is distinct from structural program offerings, governance problems, or safety/facility issues.\"",\n    \""circle entries report more concrete operational resource and logistics problems (overcrowded classes, outdated/broken facilities and materials, staffing shortages, attendance/recordkeeping and scheduling failures, and budget-driven program cuts) than square entries\"": \""Raw terms repeatedly reference HVAC/cleanliness, textbook shortages, scheduling glitches, bus/drop‑off delays, budget deficits and renovation stories — grouping operational/facility/logistics problems keeps these material constraints separate from governance/favoritism, teacher behavior, academic-program strength, or student‑safety themes.\""\n}""]",,37.21443700790405,27971,1920,2408,,[],['resp_054dc0f9e66fc033006a73983124f881918d0f07440e49e868'],True
vote|reduce1|6|2,"[""{\n    \""circle entries describe stronger, explicit college‑preparatory and advanced academic programs and measurable outcomes than square entries\"": \""This bucket groups many raw items that report concrete AP/IB/dual‑enrollment pathways, measurable test/college‑placement metrics, and formal college partnerships in circle reviews — it is distinct from teacher/counselor support (which is about day‑to‑day help) and from facilities or governance issues (which are about resources or leadership), so it does not overlap with the other selected buckets.\"",\n    \""circle entries describe more proactive, organized student supports and teacher availability (counseling, mentoring, tutoring) than square entries\"": \""This bucket captures reports of responsive counselors, named mentoring programs, after‑school tutoring, 1:1 teacher availability and structured onboarding in circle entries — it is focused on interpersonal, programmatic student supports and is mutually exclusive from the academic-program bucket (which is about curriculum and outcomes), the safety bucket (which is about incidents/discipline), the facilities bucket, and the governance/favoritism bucket.\"",\n    \""circle entries report more frequent, severe student safety and disciplinary breakdowns (drugs, fights, gang activity, theft, assaults) than square entries\"": \""This bucket groups the many circle reports of bullying, fights, drug use, weapons/police incidents, racial/sexual harassment and unresolved safety crises — it is expressly about student‑safety incidents and disciplinary climate and is separate from administrative governance problems, resource/facility shortfalls, and academic/program strength.\"",\n    \""circle entries report worse physical infrastructure, overcrowding, and resource shortfalls (maintenance, pests, HVAC, instructional materials, technology/crowding tradeoffs) than square entries\"": \""This bucket covers the concrete material and operational complaints in circle reviews (leaky sinks, pests, outdated textbooks/computers, overcrowding, HVAC and cafeteria/food issues, transportation and scheduling constraints) and is distinct from governance/favoritism (who runs the school) and from safety, student supports, or academic-program claims.\"",\n    \""circle entries report more administrative dysfunction, politicized governance, favoritism/nepotism, and operational/recordkeeping failures than square entries\"": \""This bucket groups allegations in circle reviews about favoritism (athlete/insider advantage), nepotism, cover‑ups, unstable leadership, hiring/contract disputes and bungled recordkeeping/enrollment — it focuses on governance and institutional decision‑making and is mutually exclusive from student‑safety incidents, facility/resource deficits, academic programming, and teacher/counselor availability.\"" \n}""]",,37.44384694099426,28093,1664,2239,,[],['resp_011589e948b08fe2006a739831429881a3b15a40812bda6396'],True
vote|reduce1|3|1,"[""{\n    \""circle entries describe a worse student safety and social climate (bullying, harassment, gang/weapon/drug incidents) and frequent failures to protect students than square entries\"": \""This bucket groups all concrete reports of peer violence, drug/sexual incidents, harassment, and documented administrative failures to keep students safe — distinct from governance/process complaints, facilities problems, academic program strength, or community warmth because it is about on‑the‑ground student safety and adult protection (or lack thereof).\"",\n    \""circle entries report administrative dysfunction, inconsistent policy enforcement, poor recordkeeping/communication, and politicized or adversarial governance than square entries\"": \""This bucket captures governance‑level failures (nepotism, cover‑ups, selective discipline, record/transfer withholding, hostile parent relations and politicized boards) and is mutually exclusive because it focuses on leadership/process/accountability problems rather than physical infrastructure, student safety incidents, instructional program quality, or community cohesion.\"",\n    \""circle entries describe stronger advanced academic programming, AP/IB/dual‑enrollment pathways, and measurable college outcomes — and the attendant high‑pressure workload/stress — than square entries\"": \""This bucket groups concrete descriptions of rigorous curricular pathways (AP/IB/dual‑credit/early college, scholarship totals, measurable alumni outcomes and associated stress) and is separate from safety, governance, facilities, or small‑school personalization because it is specifically about formal academic offerings and postsecondary outcomes.\"",\n    \""circle entries report stronger small‑town / faith‑oriented community ties, parental/alumni involvement, and more personalized one‑on‑one support than square entries\"": \""This bucket gathers items about small/class‑size personalization, faith or multi‑generational community identity, active PTO/alumni engagement, routine teacher tutoring and parent outreach — distinct from programmatic rigor, governance failures, physical resources, or safety incidents because it centers on community relational structures and individualized supports.\"",\n    \""circle entries report worse physical facilities, overcrowding, and resource constraints (mobile units, sewage/cleanliness issues, overcrowded classes, budget cuts) than square entries\"": \""This bucket groups concrete operational and infrastructure problems (building condition, cleanliness/pest issues, cafeteria/transport troubles, missing textbooks/tech, fees) and is mutually exclusive because it addresses material environment and capacity rather than safety/climate incidents, governance behavior, academic program content, or community cohesion.\""\n}""]",,38.764971017837524,28213,2432,2926,,[],['resp_078d561dbc952b42006a7398313fc4819e81bd0212759e1864'],True
vote|reduce1|13|2,"[""{\n  \""circle entries report more frequent and more severe student safety, bullying, gang/drug, and violent‑incident problems (often coupled with staff inaction) than square entries\"": \""This bucket captures concrete safety and peer‑behavior breakdowns (fights, gangs, bomb/kill lists, on‑campus drug use, ignored self‑harm and bullying) which are distinct from administrative/governance failures, facility shortages, academic programming strength, or extracurricular prominence covered by other buckets.\"",\n  \""circle entries describe stronger advanced academic, vocational, and college‑preparation programming than square entries\"": \""This bucket groups all claims about AP/IB/dual‑enrollment/STEM/early‑college/college‑outcomes and measurable academic awards—programmatic academic strength that is conceptually separate from safety, facilities, governance, or extracurricular emphasis.\"",\n  \""circle entries emphasize stronger extracurricular/athletic/arts prominence, awards, and program visibility (sometimes tied to funding choices and exclusivity) than square entries\"": \""This bucket covers athletics/band/FFA/ROTC/program prestige, high‑profile contest wins and booster/alumni support or athletics‑first funding decisions, which are program‑visibility/resource choices distinct from core instructional quality, facilities breakdowns, governance, or safety incidents.\"",\n  \""circle entries document more entrenched administrative and community politicization, favoritism, and governance dysfunction than square entries\"": \""This bucket targets nepotism, favoritism, cover‑ups, politicized discipline/hiring, recordkeeping errors, and adversarial parent–district relations—organizational governance and ethical failures that are different from physical resource deficits, safety incidents, curricular strength, or extracurricular life.\"",\n  \""circle entries report more acute facility, resource and operational deficits than square entries\"": \""This bucket aggregates overcrowding, HVAC/heat/AC failures, sanitation/food complaints, broken tech or 1:1 rollout problems, scheduling/transportation errors and related budget/operational shortfalls, which are tangible infrastructure/logistics problems distinct from governance/favoritism, safety climate, academic programming, or extra‑curricular prominence.\""\n}""]",,39.06266808509827,28083,2368,2804,,[],['resp_087ec0fd121a9f6a006a7398314b1c819fbf6ec2d4c1c95d33'],True
vote|reduce1|4|3,"[""{\n    \""Circle entries describe stronger organized advanced academic programming and college-pathway opportunities (AP/IB/dual-enrollment/STEM/vocational) than square entries\"": \""Groups all evidence about named advanced/rigorous programs, dual‑credit/AA outcomes, AP/IB/CTE/STEM academies and measurable college matriculation—this is strictly about instructional pathways and postsecondary outcomes and is distinct from extracurricular, safety, administrative, or facilities themes.\"",\n    \""circle entries emphasize a stronger, visible extracurricular and community tradition (sports, arts, FFA, alumni ties) and attendant resource/prioritization choices—sometimes including athletic favoritism—more than square entries\"": \""Captures the cluster of reports about large/award‑winning teams, band/arts success, booster/alumni engagement, game‑day spirit and explicit athletic/club prioritization (including favoritism), which is about co‑curricular culture and funding priorities rather than academic rigor, safety climate, admin practice, or infrastructure.\"",\n    \""circle entries report more pervasive student safety, discipline, and bullying breakdowns (fights, drugs, weapons) with administrative tolerance or ineffective anti‑bullying systems than square entries\"": \""Groups the many concrete allegations of fights, gang/drug incidents, sexual/identity‑based harassment, cyberbullying and failures of discipline or anti‑bullying response—this bucket focuses on student safety and behavior climate and is deliberately separate from program strength, facilities, or governance failures.\"",\n    \""circle entries report more administrative dysfunction, inconsistent policy enforcement, poor recordkeeping/communication, and politicized or adversarial governance than square entries\"": \""Aggregates reports of nepotism/favoritism, punitive/arbitrary enforcement, lost records, scheduling/credit errors, counselor no‑shows and opaque/hostile parent communication—this is about leadership/governance and processes, distinct from physical resources, extracurriculars, academic program content, or student safety incidents.\"",\n    \""circle entries report more concrete facility, material, and operational resource failures (mold, no heat/AC, inedible food, overcrowding, transport and scheduling breakdowns, hidden fees) than square entries\"": \""Collects the concrete infrastructure, maintenance, capacity, food/health, transportation, technology rollout and funding/fee complaints—this bucket is about physical and operational resourcing problems, not about academics, extracurricular culture, safety climate, or administrative favoritism.\""\n}""]",,39.41695165634155,28521,1984,2543,,[],['resp_0cb1e3d09612fa4c006a73983146a081a09f4c13c737c52e9a'],True
vote|reduce1|6|4,"[""{\n    \""circle entries report more specific facility/resource conditions and capital projects—both chronic maintenance failures and recent upgrades/technology—than square entries\"": \""This bucket groups reviews that call out concrete physical- and technology-related conditions (e.g., cleanliness, mold/pests, new buildings, 1:1 device rollouts) and is distinct from governance or instructional themes because it focuses on tangible capital/resources rather than who runs the school or how teaching is delivered.\"",\n    \""circle entries describe stronger advanced academic programs and measurable college‑readiness outcomes than square entries\"": \""This captures mentions of AP/IB/dual-enrollment, formal college partnerships, increased rigor and documented matriculation/scholarship outcomes, and is mutually exclusive from facility, safety, admin-favoritism, or community‑cohesion buckets because it is specifically about curricular/programmatic academic strength and measurable postsecondary results.\"",\n    \""circle entries report more administrative mismanagement, favoritism/nepotism, and operational or facility failures than square entries\"": \""This bucket groups reviews alleging governance problems (credit errors, nepotism, favoritism, opaque fundraising, scheduling/record mistakes) and differs from the facility/resources bucket by emphasizing managerial misconduct and policy abuse rather than the physical condition itself, and differs from safety or instructional buckets by centering on governance practices.\"",\n    \""circle entries report more pervasive student-safety, bullying, harassment, substance‑use, and discriminatory/toxic student‑climate problems with administrative inaction more than square entries\"": \""This clusters accounts of fights, gangs, vaping/drugs, racist harassment, and administrators failing to protect victims — a discrete safety/climate domain that is conceptually separate from academic-program strength, facilities reporting, governance/favoritism, or community/personalization themes.\"",\n    \""circle entries emphasize small-school personalization, sustained teacher mentoring, alumni/community bonds and parent operational involvement more than square entries\"": \""This bucket groups descriptions of small‑school intimacy, proactive one‑on‑one tutoring, strong parent/ alumni mobilization and multi‑generational loyalty, and is clearly distinct from the other buckets because it focuses on relational/community structure and individualized supports rather than program rigor, physical resources, governance failures, or student-safety crises.\""\n}""]",,39.496784925460815,24247,2112,2569,,[],['resp_07f6f5eaed14c3ea006a73983138dc81a3849fc4f38885e8b7'],True
vote|reduce1|21|3,"[""{\n    \""circle entries report more pervasive student-safety and behavioral problems (bullying, fights, on‑campus substance use, sexual misconduct) with inconsistent or ineffective responses than square entries\"": \""Groups many reviews that describe concrete peer‑abuse, violence, drug/vaping, harassment and failed on‑site protection into a single school‑safety/climate bucket; this is distinct from administrative, academic, extracurricular or facilities topics and therefore non‑overlapping with the other selected buckets.\"",\n    \""circle entries describe greater administrative dysfunction, favoritism, and recordkeeping failures than square entries\"": \""Groups evidence about governance, nepotism/favoritism, punitive or opaque enforcement, withheld records/fees, credit/registration errors and misused funds into one operational‑governance bucket that is thematically separate from student safety, facilities, academics, or extracurricular breadth.\"",\n    \""Circle entries report stronger and more extensive advanced academic programs, college-prep rigor, and measurable outcomes than square entries\"": \""Collects reviewer claims about AP/IB/dual‑enrollment/CTE pathways, documented test/scholarship/college placements and structured college‑prep supports into an academic‑programs/outcomes bucket that does not conflate with safety, governance, extracurricular, or facilities complaints.\"",\n    \""circle entries report broader, higher-profile extracurricular, arts, athletics and CTE offerings and competitive success than square entries\"": \""Captures descriptions of wide arts/club/athletics portfolios, award‑winning teams/bands, booster/fundraising dynamics and athletics‑first favoritism into one extracurricular/athletics resource bucket, which is conceptually distinct from academic rigor, governance problems, safety/climate, and physical‑resource issues.\"",\n    \""circle entries report more concrete operational and facility shortcomings (outdated curriculum/technology gaps, missing textbooks, overcrowding, cleanliness/food safety problems, parking/traffic hazards, and mixed renovation/funding narratives) than square entries\"": \""Groups the many concrete facility, maintenance, sanitation, transportation, overcrowding and fee/tuition‑burden observations into a single infrastructure/resources bucket that is separate from governance, student‑safety, extracurricular breadth, and programmatic academic quality.\""\n}""]",,40.27553200721741,28372,1856,2319,,[],['resp_05303cd534737bc9006a739831432881a3b3834d775b49dfd7'],True
vote|reduce1|15|2,"[""{\n    \""circle entries report more pervasive student safety and bullying problems (fights, theft, gang activity, drug/vaping incidents, and staff‑on‑student harassment) than square entries\"": \""Many raw items document concrete safety failures (frequent fights, drug/vape use, thefts, gang presence, targeted bullying and staff‑protected perpetrators) unique to circle reviews; this bucket is distinct from governance, facilities, academic strength or teacher‑support topics because it focuses specifically on student behavior incidents and the school's failure to keep students physically and psychologically safe.\"",\n    \""circle entries allege more administrative favoritism, nepotism, corruption, retaliatory behavior, and institutional unaccountability than square entries\"": \""A large subset of raw terms detail protected staff, surname/athlete privilege, hiring nepotism, leadership cover‑ups and punitive/retaliatory practices in circle reviews; this governance/favoritism theme is kept separate from operational resource problems, safety incidents, academic programming, and teacher accessibility because it centers on decision‑making, hiring/discipline bias, and board/district misconduct.\"",\n    \""circle entries describe stronger advanced academic and college‑preparatory programs and measurable postsecondary outcomes than square entries\"": \""Numerous entries list AP/IB/dual‑enrollment, vocational credentials, quantified college credits/scholarships and named pathway partnerships in circle reviews; this substantive program‑quality bucket is mutually exclusive from safety, governance, facilities, and day‑to‑day teacher availability because it specifically captures curricular rigor, credential pathways, and measurable postsecondary results.\"",\n    \""circle entries report more facility, operational and resourcing breakdowns (maintenance, overcrowding, food/nurse shortages, pests) than square entries\"": \""Many raw items in circle reviews call out HVAC problems, overcrowded classrooms/trailers, sanitation/lunch deficiencies, broken tech and transportation/logistics failures; this infrastructure/operations bucket is distinct from governance/favoritism (decision ethics), safety (student incidents), academic programming (curriculum/offers), and staff support (teacher/counselor availability).\"",\n    \""circle entries report more proactive classroom‑level support, teacher/counselor accessibility, parent‑teacher communication, and broader hands‑on extracurricular/CTE offerings than square entries\"": \""A coherent cluster of circle items documents frequent one‑on‑one teacher help, proactive counselors, organized tutoring and hands‑on CTE/extracurricular supports; this people‑centered support bucket differs from academic program breadth (which is the offerings themselves), from facilities, from safety incidents, and from governance/favoritism because it captures day‑to‑day relational and remedial support practices inside the school.\""\n}""]",,40.297971963882446,28364,2688,3247,,[],['resp_09b7b2a93b193251006a739831625481a3a962552787067f8b'],True
vote|reduce1|6|1,"[""{\n    \""circle entries report more pervasive student-safety and behavioral problems (bullying, fights, on‑campus substance use, sexual misconduct) with inconsistent or ineffective responses than square entries\"": \""This groups all incident-level safety problems and the pattern of adult inaction or inconsistent discipline (bullying, fights, drugs, sexual/vandalism incidents) into a single climate/response bucket that is distinct from governance, facilities, academic strength, or community‑support topics.\"",\n    \""circle entries report broader, higher‑level academic and extracurricular offerings (advanced courses, dual‑enrollment, specialized STEM/CTE, award‑winning arts, vocational/FFA) than square entries\"": \""This captures the substantive programmatic advantage (advanced coursework, dual-credit, magnet/CTE tracks, award‑winning arts and travel/partnerships) and measurable college/career outcomes, and is clearly separable from safety, governance, staff culture, or physical/facility conditions.\"",\n    \""circle entries report more governance and operational dysfunction (unstable leadership, arbitrary or discriminatory enforcement, favoritism, financial/legal mismanagement, and process errors) than square entries\"": \""This groups board/district/principal-level failures, nepotism/cronyism, cover‑ups, misallocated funds, billing/recordkeeping and discriminatory enforcement into an organizational/governance bucket that is conceptually distinct from frontline safety incidents, physical facilities, academic program quality, or small‑school community supports.\"",\n    \""circle entries describe stronger teacher mentorship, staff continuity, parental/alumni engagement and localized community loyalty than square entries, which more often report unprofessional or disengaged staff and administrative arrogance\"": \""This bucket captures the positive, relational school strengths (small‑school intimacy, alumni/parent investment, one‑on‑one teacher mentoring and outreach) that are about community and sustained personal support rather than programming breadth, governance failings, infrastructure, or safety crises.\"",\n    \""circle entries contain far more concrete facility, operational and resource details — both positive and negative — (technology, textbooks, HVAC, food, busing, class sizes, security measures) than square entries\"": \""This groups tangible, day‑to‑day operational evidence (maintenance, pests, HVAC, overcrowding, scheduling/busing, lunches, lost records) into a facilities/logistics bucket that is materially different from governance/favoritism issues, incident-driven safety problems, curricular/program strength, or community/mentorship characteristics.\""\n}""]",,40.5744252204895,28137,2560,3099,,[],['resp_09bcde059b1426a8006a7398312914819e99ab2dc66d3ec3c1'],True
vote|reduce1|9|1,"[""{\n    \""circle entries report more severe student safety, violence, harassment, and inadequate response than square entries\"": \""This groups all reviews documenting fights, gang/drug incidents, sexual/racial/homophobic harassment, suspensions/assaults and explicit failures of adults to protect or remediate — a distinct operational/safety climate issue separate from academic quality, facilities logistics, teacher coaching, or governance/favoritism problems.\"",\n    \""circle entries describe stronger, more numerous advanced-academic and college-prep programs and measurable postsecondary outcomes than square entries\"": \""This captures the repeated, concrete programmatic evidence (AP/IB/STEM/early‑college/dual‑credit, scholarships, named college matriculations and measurable outcomes) that reflect curricular strength and outcomes, which is conceptually distinct from teacher caring, safety, facilities, or administrative politics.\"",\n    \""circle entries report more personalized, caring, and accessible teachers and proactive teacher–parent communication than square entries\"": \""This groups evidence of hands‑on teacher behaviors (after‑school tutoring, one‑on‑one mentoring, visible principal/teacher accessibility, active parent portals/emails) that describe day‑to‑day instructional support and family outreach — which is different from formal program offerings, facility failures, safety incidents, or governance/favoritism.\"",\n    \""circle entries report more concrete operational, facilities, and administrative breakdowns (records, credit/transfer denial, overcrowding, fees, scheduling) than square entries\"": \""This bucket covers tangible logistical/resource failures (missing textbooks, overcrowding/trailers, E2020/credit problems, transportation/long commutes, hidden fees, construction/cleanliness) that affect students’ daily access to learning and are distinct from personnel conduct, curricular rigor, safety crises, or community/alumni dynamics.\"",\n    \""circle entries report greater administrative instability, favoritism, bias, punitive management and resource mismanagement (turnover, budget cuts, program losses, nepotism) than square entries\"": \""This groups governance‑level problems (high leadership turnover, nepotistic hires, selective discipline, scholarship/insider capture, board politics and opaque decision‑making) that shape institutional trust and priorities and are separable from classroom teacher support, specific safety incidents, facilities/logistics problems, or academic program strength.\""\n}""]",,41.453322887420654,28347,2560,3040,,[],['resp_02b10049656ed3d1006a73983153ac819ca928178e842d3fa8'],True
vote|reduce1|10|2,"[""{\n    \""circle entries report pervasive safety, bullying, harassment, substance‑use, and discriminatory/toxic student‑climate problems with administrative inaction more than square entries\"": \""This groups all reviewer evidence about student misconduct (fights, drugs, sexual behavior, racial/LGBTQ harassment, police/lockdowns) and the school's failure to protect or consistently enforce discipline; it is distinct from administrative/governance failures (policy, favoritism) and from instructional or facility issues because it focuses on student safety and adult non‑intervention.\"",\n    \""circle entries report more administrative dysfunction, favoritism/nepotism, and governance opacity than square entries\"": \""This captures complaints about biased enforcement, nepotistic hiring/discipline, cover‑ups, opaque fees/records, and board/district governance problems; it is kept separate from teacher‑level responsiveness and from facility/resource descriptions because it concerns institutional decision‑making and accountability rather than classroom practice or physical assets.\"",\n    \""circle entries report stronger advanced academic and college/career pathways than square entries\"": \""This groups concrete, positive programmatic claims (AP/IB/dual‑enrollment, academies, certifications, measurable college outcomes and awards) and contrasts them with square's lack of such offerings; it is separate from facility/resource or community‑cohesion buckets because it specifically addresses curricular pathways and measurable academic outcomes.\"",\n    \""circle entries report greater extremes and variability in facilities, resources, and partnerships (either well‑resourced specialized programs or glaring maintenance/overcrowding/IT failures) than square entries\"": \""This bucket captures concrete operational and capital detail—new LEED campuses, major investments, tech labs and also crowding, pests, food/cleanliness, HVAC, busing and scheduling breakdowns—emphasizing the polarity of high investment versus stark shortages; it is distinct from governance (why decisions happened), from safety/climate (how people behave), and from instructional quality (teacher practice).\"",\n    \""circle entries describe more teacher/staff unresponsiveness, instructional inconsistency, absenteeism, and grading/IEP communication failures than square entries\"": \""This groups evidence about day‑to‑day adult practice—frequent substitutes, burnout/turnover, inconsistent grading, refusal of accommodations, poor IEP/parent communication and classroom non‑teaching—and is explicitly teacher/staff focused rather than about institutional governance, facilities, safety incidents, or programmatic academic strength.\""\n}""]",,41.55004405975342,27948,1856,2364,,[],['resp_06530e3ea0203c13006a7398312b5c81a1a2a39e01f513bafb'],True
vote|reduce1|16|3,"[""{\n    \""circle entries highlight stronger, concentrated program-level strengths and measurable postsecondary/recognition outcomes than square entries\"": \""Groups many raw terms about named AP/IB/dual‑enrollment/CTE programs, scholarship/award statistics, alumni success, and concentrated program prestige into a single theme focused on high‑visibility academic/recognition strengths — distinct from safety, facilities, admin, or day‑to‑day teacher supports because it concerns program offerings and measurable postsecondary outcomes rather than operational or relational school problems.\"",\n    \""circle entries document more pervasive student safety, bullying, substance‑use, weapons incidents and related administrative inaction than square entries\"": \""This bucket collects all evidence of physical/psychological student‑safety failures (fights, bullying, racial/sexual harassment, drug searches, death threats) and descriptions of adult failure to protect — a concrete, incident‑focused category that is separable from program strength, facilities/resource descriptions, governance/favoritism, or individualized teacher support.\"",\n    \""circle entries report more administrative and governance dysfunction, opacity, nepotism, and poor complaint-handling than square entries\"": \""This groups allegations about hiring favoritism, board/leadership opacity, cover‑ups, biased enforcement, lost records/credit errors, politicized funding, and unresponsive complaint handling — clearly about governance and process failures and therefore distinct from frontline safety incidents, facilities/resource facts, programmatic strengths, or teacher‑student support practices.\"",\n    \""circle entries provide far more concrete operational/resource and facilities detail (budget cuts, funding allocations, maintenance, tech rollouts, renovations, program cuts) than square entries\"": \""This bucket captures granular operational and infrastructure evidence — overcrowding, sanitation, HVAC, food safety, bus/drop‑off logistics, capital projects, technology rollouts, pay‑to‑play fees and visible allocation choices — which are tangible resource/capacity items and separate from governance behavior, safety incidents, program quality, or individualized staff support.\"",\n    \""circle entries portray more consistent, personalized teacher/staff engagement and family/community supports (small classes, tutoring, after‑school help, parent organizations) than square entries\"": \""This groups reports of hands‑on teacher availability, mentoring, IEP success stories, scheduled tutoring/help nights, small‑school personalization and strong parent/admin communication — a relational/student‑support category that is about daily supportive practice and is distinct from program prestige, safety crises, governance corruption, or facility/resource descriptions.\""\n}""]",,41.556398153305054,28870,1984,2507,,[],['resp_05e17dfcb51c3b1a006a7398313eec81a2990e50cc73a84c49'],True
vote|reduce1|23|0,"[""{\n    \""circle entries report stronger advanced-academic programming and measurable college-prep outcomes than square entries\"": \""This bucket captures the many circle reviews that name AP/IB/dual‑enrollment/CTE/magnet pathways, college partnerships, and concrete postsecondary outcomes—distinctly programmatic evidence (course offerings, partnerships, matriculation) that is different from interpersonal support, facilities, safety, or governance issues.\"",\n    \""circle entries report more pervasive student-safety and behavior problems (bullying, fights, drugs, theft) than square entries\"": \""This groups the extensive set of circle reports about on‑campus violence, bullying, substance use, theft, gang/drug presence and failures to protect students—a discrete safety/discipline theme that is not the same as facility shortages, administrative favoritism, special‑ed noncompliance, or curricular strength.\"",\n    \""circle entries report more chronic facilities, resource, and operational shortfalls (overcrowding, HVAC/pests, missing materials, mandatory fees and opaque charges) than square entries\"": \""This bucket covers concrete physical and logistical problems (overcrowding, pests, broken HVAC, lack of textbooks, transportation, surprise fees) described in circle reviews and is distinct from governance/favoritism or teacher‑support themes because it focuses on material/operational infrastructure.\"",\n    \""circle entries document more administrative dysfunction, punitive or arbitrary discipline, favoritism/nepotism, and explicit fee/tuition or pay‑to‑play demands than square entries\"": \""This groups reviews that allege governance failures—opaque boards, nepotistic hiring, favoritism for athletes/donors, arbitrary discipline, misused funds and charged services—separating institutional/governance misconduct from safety incidents, facility deficits, academic programming, or frontline teaching behavior.\"",\n    \""circle entries report more individualized, caring teacher support and small‑school mentorship than square entries\"": \""This bucket collects circle evidence of hands‑on teacher/counselor outreach, small class sizes, robust parent‑teacher communication and mentorship—an interpersonal/relational support pattern that is meaningfully different from programmatic rigor, safety failures, facilities problems, or governance dysfunction.\""\n}""]",,41.84569191932678,28128,2304,2810,,[],['resp_035ea0ef8f7de280006a73983146d081a29b487715a9f15dd8'],True
vote|reduce1|10|0,"[""{\n    \""circle entries document broader, specialized academic and vocational programming and clearer college/career outcomes than square entries\"": \""This groups reviews that repeatedly cite concrete program pathways (AP/IB/dual‑enrollment, CTE/shops, ROTC, vocational majors), measurable outcomes (AA degrees, college admits, test metrics) and classroom technology — a program/outcomes axis that is substantively different from safety, facilities, governance, or community‑engagement evidence.\"",\n    \""circle entries report more pervasive student safety, bullying, violence, mental‑health crises and administration inaction than square entries\"": \""This captures the many reports of bullying, gang/drug fights, assaults, mental‑health harms and explicit staff nonresponse or cover‑up — a safety/climate cluster that is focused on student harm and disciplinary response and does not overlap with program quality, facilities or parental/alumni engagement.\"",\n    \""circle entries report worse governance, accountability, and policy failures (administrative unresponsiveness, unequal discipline, nepotism, IEP noncompliance, zoning/gerrymandering) than square entries\"": \""This groups allegations about leadership misconduct, favoritism/nepotism, board cover‑ups, punitive or arbitrary policies, IEP/504 noncompliance and metric manipulation — a governance/accountability dimension distinct from student safety incidents, program offerings, facility problems, or strong community ties.\"",\n    \""circle entries report more chronic facilities, resource, and operational shortfalls (overcrowding, HVAC/pests, missing materials, mandatory fees and opaque charges) than square entries\"": \""This groups concrete physical and operational failures — overcrowded classes, trailers, HVAC/cleanliness problems, broken security equipment, lost records and budget‑driven program cuts — which are infrastructure/operations issues separate from pedagogy, governance, safety, or community engagement.\"",\n    \""circle entries show stronger, more active parental/alumni/community engagement, fundraising and school traditions (including both supportive volunteerism and clique/elitist parental dynamics) than square entries\"": \""This groups reports of intense local/faith/alumni involvement, small‑school intimacy, active PTSO/fundraising pressure and multi‑generational loyalty (and the attendant insider/clique dynamics) — a community/engagement axis that is conceptually distinct from program strength, safety problems, governance failures, or facility deficits.\""\n}""]",,42.07765293121338,28193,2432,2934,,[],['resp_07194b245dd1eb0d006a73983138ec81a3af5b5fa82a2b3d02'],True
vote|reduce1|18|4,"[""{\n    \""circle entries report more pervasive student safety, bullying, substance use, and violent incidents with inadequate responses than square entries\"": \""This bucket groups all concrete reports of peer violence, gang/drug activity, routine assaults/theft, harassment/racial slurs and explicit examples of adults failing to stop or properly discipline them — a clear, behavior/safety‑focused cluster that is distinct from governance, academics, facilities or community ties.\"",\n    \""circle entries report more pervasive staff and governance dysfunction—favoritism, nepotism, unprofessional conduct, poor responsiveness, punitive/inconsistent discipline, high turnover, and district/board mismanagement—than square entries\"": \""This bucket captures operational and governance failures (dishonesty, favoritism, recordkeeping, retaliation, staff turnover and opaque decision‑making) that are about how the institution is run and how adults behave, which is conceptually separable from student safety incidents, physical resource problems, academic programming, or small‑school community attributes.\"",\n    \""circle entries describe stronger advanced academic, vocational, and extracurricular program offerings and measurable college‑preparation outcomes than square entries\"": \""This groups concrete evidence about AP/IB/dual‑enrollment, CTE/CTE majors, measurable test and college outcomes, and documented program breadth/awards — programmatic academic and postsecondary outcomes distinct from governance, safety, facilities, or community/size qualities.\"",\n    \""circle entries report more facility, funding, overcrowding, sanitation, and resource‑management problems (or contested budget misallocation) than square entries\"": \""This bucket aggregates concrete operational/resource evidence (overcrowded classrooms, poor maintenance/cleanliness, tech rollouts, budget cuts, contested athletic/arts funding) that concerns the school’s physical and fiscal capacity rather than staffing culture, program rigor, safety incidents, or small‑school social ties.\"",\n    \""circle entries emphasize small‑school personalization, sustained teacher mentoring, alumni/community bonds and parent operational involvement more than square entries\"": \""This captures small‑school descriptors (small class sizes, multigenerational alumni pride, strong parent volunteering, personalized mentoring, faith/community identity) — a community/scale and relational strength profile that is meaningfully different from safety problems, governance failures, academic program strength, or infrastructure/resource issues.\""\n}""]",,42.08250379562378,24341,1728,2198,,[],['resp_01635013c7561fb6006a7398314474819ca46532b6553261fb'],True
vote|reduce1|13|4,"[""{\n    \""circle entries describe stronger advanced academic programs, measurable college-prep outcomes, and individualized academic supports than square entries\"": \""This groups the many raw items about AP/IB/dual‑enrollment, measurable scholarship/college outcomes, formal college-prep structures and on-site student academic supports into a single academic-program bucket distinct from facilities, safety, governance, or community culture.\"",\n    \""circle entries report more facility, funding, overcrowding, sanitation, and resource-management problems (or contested budget misallocation) than square entries\"": \""This captures operational evidence (overcrowding, busing, lunch/food, textbooks, HVAC, mandatory fees, contested spending) and is explicitly about material/infrastructure/resource failures, not about pedagogy, safety incidents, governance malfeasance, or community cohesion.\"",\n    \""circle entries report more pervasive student safety and behavioral incidents (bullying, fights, drugs, weapons, tobacco) and administrators/staff failing to address them than square entries\"": \""This groups all raw terms about bullying, gangs, fights, hazing, substance use, theft and staff/administration failing to protect students into a single safety/climate bucket that is different from program strength, facilities shortages, governance cover‑ups, or community loyalty.\"",\n    \""circle entries report more bureaucratic nonresponse, governance failures, nepotism, and calls for radical institutional remedies than square entries\"": \""This covers allegations of favoritism/nepotism, cover‑ups, legal/confidentiality breaches, hostile district leadership, and recordkeeping/board-level dysfunction — a governance/fairness cluster that is distinct from everyday operations, safety incidents, curricular rigor, or parent/alumni culture.\"",\n    \""circle entries display higher parental/alumni/community engagement, small‑school intimacy, and multi‑generational loyalty than square entries\"": \""This groups the community‑culture signals (parents moving to attend, multi‑generation attendance, boosters/volunteering, faith identity, strong alumni ties and school‑spirit traditions) into a single social/community bucket that is separate from academic program quality, facilities problems, safety failures, or governance misconduct.\""\n}""]",,42.15231275558472,23698,3072,3512,,[],['resp_0a84e64750709bb6006a7398313bf0819ebb301a701e01f2a5'],True
vote|reduce1|12|3,"[""{\n    \""circle entries report more pervasive student safety, bullying, drug/sexual‑assault incidents and staff‑misconduct that are ineffectively handled than square entries\"": \""This groups the many concrete reports of fights, gang/drug incidents, on‑campus overdoses, sexual/assault examples and explicit staff nonresponse or mishandled mediations described for circle (distinct from governance or facilities issues), and is mutually exclusive because it focuses on frontline student‑safety incidents and immediate case handling rather than administrative governance, program strength, teacher supports, or building/operational conditions.\"",\n    \""circle entries document more entrenched administrative and community politicization, favoritism, and governance dysfunction than square entries\"": \""This captures the recurring claims of nepotism, donor/athlete favoritism, reinstatements, selective enforcement, cover‑ups, adversarial parent–administration relations and board‑level politicization in circle reviews, which are organizational/governance problems distinct from direct safety incidents, academic offerings, teacher‑level support, or physical resource failures.\"",\n    \""circle entries document stronger, clearer advanced-academic programs, rigorous coursework, and measurable college/credential outcomes than square entries\"": \""This groups the many concrete circle claims about AP/IB/dual‑enrollment, specialty academies, high AP loads, measurable test/scholarship/college matriculation outcomes and rigorous curricula, and is separable from teacher/counselor caring, safety, governance, or facility/resource complaints because it focuses specifically on programmatic academic rigor and documented postsecondary results.\"",\n    \""circle entries describe stronger, more consistent teacher/counselor hands‑on support and parent communication than square entries\"": \""This bucket collects circle evidence of accessible teachers, proactive counselors, extra tutoring, small‑class personalization, rapid email response and parent education programs—teacher/counselor‑level relational and casework supports that are operationally distinct from systemic governance/favoritism, academic-program breadth, safety incidents, or facility/resource conditions.\"",\n    \""circle entries report more acute facility, technology, and operational resource failures (overcrowding, aging buildings, broken/locked tech, food/busing failures, and scheduling problems) than square entries\"": \""This groups the concrete, on‑the‑ground infrastructure and logistics complaints in circle reviews—overcrowded classes, sewage/mold/pests, HVAC/AC failures, missing textbooks, bus/long‑commute impacts and renovation notes—which are about physical/operational capacity and resourcing and thus non‑overlapping with safety incidents, governance/favoritism, academic program strength, or teacher/counselor interpersonal support.\""\n}""]",,42.15918707847595,28162,2240,2803,,[],['resp_09833a0143a0a0b5006a73983149f8819c935a23639414f48f'],True
vote|reduce1|19|2,"[""{\n    \""circle entries report more frequent student safety and climate problems (bullying, gang activity, assaults, substance use) and leadership failure to control them than square entries\"": \""This groups reviews that document concrete safety incidents, pervasive bullying/drug/gang problems and failed protective responses—distinct from facilities/resource, academic-program, community‑culture, or governance/favoritism complaints because it centers on student harm and ineffective on‑the‑ground protection rather than budgeting, program offerings, or community warmth.\"",\n    \""circle entries report more administrative dysfunction, opaque governance, and favoritism (incl. nepotism, corruption, punitive policy misuse) than square entries\"": \""This captures reports of biased rule enforcement, nepotism, cover‑ups, secretive/hostile leadership, and politicized board decisions—separate from day‑to‑day facilities or safety incidents because it focuses on governance, favoritism and procedural abuse at the administrative/district level rather than classroom programs, parent engagement, or physical resource constraints.\"",\n    \""circle entries report greater variability and operational/resource issues in facilities, funding, and logistics (renovations or severe shortages, overcrowding, cleanliness, tech, meal/transport problems) than square entries\"": \""This groups concrete, operational evidence about building condition, overcrowding, meal/transport/tech breakdowns and funding shortfalls—distinct from academic-program strength, safety/climate, governance/favoritism, or small‑school community themes because it concerns material infrastructure and logistical service delivery.\"",\n    \""circle entries report stronger advanced academic programs and measurable college‑prep outcomes than square entries\"": \""This clusters reviews that name AP/IB/dual‑enrollment, Running Start/dual‑credit, STEM/CTE pipelines, measurable graduation/college‑placement stats and high test percentiles—distinct from community warmth, safety, governance, or facilities because it specifically describes curricular rigor, credential pathways, and documented postsecondary outcomes.\"",\n    \""circle entries emphasize a smaller, close‑knit, family‑like community, higher personalized attention, and active alumni/parent involvement more than square entries\"": \""This groups evidence about small‑school personalization, teacher/counselor mentorship, faith/community identity, alumni loyalty and parent volunteerism—kept separate from academic-program strength (courses/outcomes), safety incidents, governance/favoritism, or facility/resource problems because it highlights relational/community scale and support rather than institutional capacity or programmatic offerings.\""\n}""]",,42.21376609802246,28098,2240,2771,,[],['resp_0a59e23ccf554457006a7398314204819188af3fe3544c62d1'],True
vote|reduce1|2|1,"[""{\n    \""circle entries report greater administrative dysfunction, uneven or biased rule‑enforcement, cover‑ups, and unprofessional staff behavior than square entries\"": \""This groups reviews that describe governance failures (nepotism, retaliation, favoritism, record/fee misuse, punitive/opaque policies) and is distinct from safety problems, facilities/resource details, instructional program strength, and individualized teaching supports.\"",\n    \""circle entries report more pervasive student misconduct, bullying, fights, drug problems and either heavy policing or inconsistent enforcement than square entries\"": \""This captures cluster of reviewer reports about on‑campus safety/behavior (bullying, gangs, drugs, weapons, sexualized incidents) plus weak or erratic adult response, and is separable from governance/favoritism, program offerings, facilities, or claims of personalized instruction.\"",\n    \""circle entries report stronger advanced academic programs, AP/dual‑enrollment offerings, and measurable college‑placement outcomes than square entries\"": \""This groups explicit evidence of formal advanced pathways (AP/IB/dual credit, college matriculation, scholarships, external rankings) and is conceptually separate from safety, governance, operational/facility descriptions, or one‑on‑one teacher support.\"",\n    \""circle entries describe more hands‑on, individualized teacher support, parent–faculty communication, and small‑school personalized structures than square entries\"": \""This bucket collects reports of small class sizes, accessible teachers/counselors, tutoring/after‑school help and strong parent communication—concrete frontline support distinct from systemwide governance, safety crises, facilities/resource narratives, or formal advanced-program claims.\"",\n    \""circle entries report more concrete facilities, staffing, and operational details (capital projects, specialized labs/pools, pests, overcrowding, tutors/scheduling errors, transportation) — both positive and negative — than square entries\"": \""This groups the many reviewer statements that provide operational/resource specifics (overcrowding, bus logistics, rebuilds, tech 1:1, cafeteria/food, scheduling/record errors) and is mutually exclusive from the other buckets which focus on governance, safety, academic-program strength, or individualized pedagogy.\""\n}""]",,42.22496223449707,27912,2112,2556,,[],['resp_0ee8b3ae0530f2c7006a7398307874819cb3f001aa44f7af48'],True
vote|reduce1|7|4,"[""{\n    \""circle entries report more severe student-safety, bullying, substance-use, law-enforcement involvement, and disciplinary mishandling than square entries\"": \""This cluster groups every review describing concrete threats to student safety (bullying, gangs, drugs, sexualized incidents, police presence, expulsions) and failures or mishandling of discipline — a distinct phenomenon about day‑to‑day safety and incident response that is not the same as governance/favoritism, academic programming, operational logistics, or special‑education/counseling issues.\"",\n    \""circle entries describe stronger advanced academic programming, AP/IB/dual‑enrollment pathways, and measurable college outcomes — and the attendant high‑pressure workload/stress — than square entries\"": \""This bucket captures evidence about curricular strength and measurable postsecondary outcomes (AP/IB/dual credit, honors/rigor, test scores, college placement) and related workload pressure, which is conceptually distinct from safety, administration/favoritism, facilities/operations, or special‑education/counseling concerns.\"",\n    \""circle entries allege more administrative favoritism, nepotism, corruption, retaliatory behavior, and institutional unaccountability than square entries\"": \""This groups reviews that name biased enforcement, nepotistic hiring/favoring of athletic/alumni families, confidential breaches, alleged corruption or calls for board intervention — governance and ethical‑accountability problems that are organizational (not simply operational logistics, not special‑ed failures, and not classroom academic strength or safety incidents).\"",\n    \""circle entries contain more specific, concrete operational and facilities details (parent‑communication systems, portals, scheduling/credit transfer errors, textbook shortages, cafeteria/facilities notes, technology programs and enrollment logistics) — both praise and complaints — than square entries\"": \""This bucket collects granular, operational evidence about how the school runs (scheduling/credit errors, portals, overcrowded lunches, HVAC/maintenance, device programs, budget‑driven program cuts) — practical capacity and systems issues distinct from governance ethics, special‑education practice, classroom academic programs, or student‑safety incident types.\"",\n    \""circle entries contain far more detailed, concrete reports about special‑education, guidance and remedial-support practices (both successes and systemic failures) than square entries\"": \""This groups accounts focused specifically on IEP/504 implementation, guidance‑counselor performance, credit recovery, interventions and remedial supports (including both praised intervention teams and detailed compliance failures), which is a discrete theme about individualized supports separate from general operations, governance, safety, or overall academic-program strength.\""\n}""]",,42.31059980392456,24219,2688,3242,,[],['resp_046b74537c6525c3006a739831462481a1b7a2aef94f965646'],True
vote|reduce1|6|3,"[""{\n    \""circle entries report more pervasive student-safety and bullying breakdowns (fights, gangs, substance use, ignored incidents) than square entries\"": \""Covers the many raw items documenting peer violence, bullying, harassment, substance use and repeated staff non‑response — a concrete campus-safety/climate cluster that is about student behavior and protection (distinct from administrative governance, resource/facility failures, disciplinary policy style, or programmatic offerings).\"",\n    \""circle entries report more administrative dysfunction, lack of transparency, and favoritism/nepotism (closed-door leadership, dishonesty, calls for firings, governance crises) than square entries\"": \""Groups together the repeated evidence of politicized, opaque leadership, protected staff/athlete favoritism, grade/award manipulation and board-level problems — a governance/accountability theme focused on leaders and institutional handling of complaints (separate from student-safety incidents, material facility failures, program strength, or frontline teacher/counselor responsiveness).\"",\n    \""circle entries report stronger, broader specialized academic/vocational and extracurricular programs with clearer measurable college and award outcomes than square entries\"": \""Captures the substantive cluster of named AP/IB/CTE/arts/athletics programs, internships, dual‑enrollment, scholarship/award metrics and alumni college outcomes — a program‑and‑outcome strength axis that is about curricular/extracurricular opportunity and measurable results (distinct from safety, governance problems, operational breakdowns, or staff communication quality).\"",\n    \""circle entries report more operational, facility, and instructional-resource failures (including staff turnover, poor special-ed support, tech/ HVAC breakdowns, absenteeism, and low test/dropout rates) than square entries\"": \""Groups concrete, service‑level breakdowns — maintenance, overcrowding, scheduling and recordkeeping errors, special‑education noncompliance, staffing shortages and technology/HVAC/food problems — a logistics/resources bucket that is about capacity and operations (not the same as governance favoritism, program quality, student safety incidents, or classroom-level caregiver responsiveness).\"",\n    \""square entries report more consistent, welcoming, and responsive school leadership and staff support (effective principals, counselors, stable/high‑quality teachers, and parent communication) than circle entries\"": \""Summarizes the opposing pattern in many square reviews emphasizing steady, communicative administrators, dependable counselors and accessible/committed teachers — a people-and‑service competence cluster that is about reliable frontline support and outreach (mutually exclusive from circle’s governance dysfunction, circle’s operational/facility failures, circle’s safety breakdowns, and circle’s programmatic strength).\""\n}""]",,42.47710394859314,28336,1984,2558,,[],['resp_03c520d57dabe783006a7398313f5481a29d575097874d6880'],True
vote|reduce1|7|1,"[""{\n    \""circle entries report more pervasive student safety, bullying, gang, drug and violent‑incident problems and more frequent ineffective enforcement than square entries\"": \""Groups together every raw term about on‑campus safety, bullying, fights, gangs, substance use, suicidality and explicit failures to protect or enforce discipline — and is distinct from governance/resource/academic topics because it focuses strictly on student‑safety incidents and adult failure to remediate them.\"",\n    \""circle entries report greater administrative and district‑level dysfunction, politicization, nepotism, lack of transparency, and operational errors than square entries\"": \""Captures the raw items alleging board/district culpability, cover‑ups, nepotism, politicized hiring/priority decisions and opaque governance — separate from facility or instructional failures because it names high‑level governance, favoritism and politicization as the root problem.\"",\n    \""circle entries report more operational and facility resource problems, staffing shortages, and instructional breakdowns (missing textbooks, hygiene, failed tech rollouts) than square entries\"": \""Bundles concrete, on‑the‑ground operational evidence (overcrowding, maintenance, pests, missing textbooks, wifi, scheduling/record errors, transportation and staffing gaps) and is distinct from governance/favoritism (who made the decisions) and from student‑safety or academic‑program strength (what programs/outcomes exist).\"",\n    \""circle entries describe stronger, programmatic academic rigor and measurable college‑prep pathways (IB/AP/dual‑credit, specialized academies, exam prep and documented college placements) than square entries\"": \""Groups the many explicit claims about formal academic offerings, named academies, AP/IB/dual credit, scholarship totals and college‑prep outcomes — clearly about curricular/program quality and results rather than operational, safety, or governance issues.\"",\n    \""circle entries portray an athletics‑ and extracurricular‑centered culture with visible funding priorities, athlete privilege, competitive success, and fundraising pressure more than square entries\"": \""Aggregates the raw terms describing heavy emphasis on sports/band/arts, championship visibility, booster/fee pressure and favoritism toward athletes or extracurricular elites — distinct from academic program strength (course offerings/outcomes) and from governance (though it may intersect, this bucket targets cultural/prioritization dynamics around extracurriculars).\""\n}""]",,42.741077184677124,28381,2112,2639,,[],['resp_05f35c9dfb5a4c36006a7398308620819194cf9e4744a00f6d'],True
vote|reduce1|3|0,"[""{\n    \""circle entries describe stronger, more organized college‑preparatory academics and measurable postsecondary outcomes than square entries\"": \""This groups the many circle-review mentions of AP/IB/dual‑enrollment, named college matriculations, ACT/college prep courses, counselors and measurable postsecondary outcomes — a program/outcome cluster distinct from safety, facilities, governance, or extracurricular‑visibility concerns.\"",\n    \""circle entries emphasize stronger extracurricular/athletic/arts prominence, awards, and program visibility (sometimes tied to funding choices and exclusivity) than square entries\"": \""This captures circle comments about award‑winning bands, championships, booster/arts visibility, athlete privilege and program prominence — a program‑visibility/funding/selection theme that is conceptually separate from academic rigor, campus safety, administrative mismanagement, or basic operational failures.\"",\n    \""circle entries report administrative dysfunction, poor communication, favoritism/nepotism, fiscal mismanagement and even legal/cover‑up allegations more than square entries\"": \""This groups governance and personnel issues (withholding records, nepotistic hiring, punitive/retaliatory policies, opaque boards or misallocated district spending) that concern leadership and policy — distinct from classroom programs, extracurricular achievement, student safety incidents, or physical resource breakdowns.\"",\n    \""circle entries report more student safety problems, bullying, substance use, and violent incidents with frequent staff nonresponse than square entries\"": \""This bucket aggregates reports about fights, bullying, homophobic/racist harassment, drugs, assaults, and ineffective or biased discipline — a safety/climate cluster that is substantively different from administrative governance, program offerings, or facility/operational complaints.\"",\n    \""circle entries report more acute facility, technology, and operational resource failures (overcrowding, aging buildings, broken/locked tech, food/busing failures, and scheduling problems) than square entries\"": \""This groups concrete logistics and infrastructure failures — HVAC, leaking hallways, overcrowded classes, scheduling/transportation/food/technology breakdowns and fee/tuition logistics — which are operational/resource problems distinct from program quality, governance favoritism, or student‑safety incidents.\""\n}""]",,42.78453302383423,28413,2048,2501,,[],['resp_0b0b34ea4d40b643006a7398312ad8819f8f6014c59947cbb8'],True
vote|reduce1|19|0,"[""{\n    \""circle entries report more frequent and severe student-safety, bullying, drug/violence incidents and ineffective disciplinary responses than square entries\"": \""This captures the large cluster of reports about fights, drugs, assaults, hate‑speech, unsafe bus incidents, and repeated claims that staff/administration fail to protect victims — a distinct substantive pattern about on‑campus safety and behavior that does not overlap with program quality, facilities, or governance issues.\"",\n    \""circle entries describe stronger advanced academic programs, clearer college‑preparatory pathways, and more documented college outcomes than square entries\"": \""This groups the many concrete mentions of IB/AP/dual‑enrollment, high AP/ACT results, college credit accumulation, internships and documented college placement — a cohesive theme about curricular rigor and postsecondary outcomes separate from safety, staffing responsiveness, governance, or extracurricular emphasis.\"",\n    \""circle entries report more administrative dysfunction, favoritism, policy inconsistency, poor governance/board responsiveness, and special‑education follow‑through failures than square entries\"": \""This covers nepotism, cronyism, opaque recordkeeping/grade manipulation, misallocated funds, board complaints, turnover and IEP/special‑ed failures — specifically governance and equity breakdowns that are operationally different from teacher‑level support, student safety incidents, academic program strength, or facility descriptions.\"",\n    \""circle entries report more proactive, individualized teacher and administrative responsiveness and organized parent engagement initiatives than square entries\"": \""This groups instances where reviewers describe visible, caring principals, rapid teacher/parent communication, after‑school tutoring, strong counselors and coordinated parent/community mobilization — a frontline engagement/mentorship theme that is distinct from governance pathology, curricular rigor, safety crises, or facility/extracurricular resources.\"",\n    \""circle entries describe richer physical facilities and broader, higher‑quality extracurricular/programmatic resources (arts/music/theatre, vocational shops, international trips, organized clubs) than square entries\"": \""This captures the repeated concrete evidence of specialized facilities (recording studios, shops, new campuses), award‑winning arts and competitive clubs, and broad CTE/STEM/athletics ecosystems — a program/facility-resource cluster separate from academic rigor metrics, safety climates, governance/favoritism issues, or teacher responsiveness.\""\n}""]",,43.21692109107971,28152,2432,2928,,[],['resp_0281180b33bcb6fd006a7398314440819e8ec859e9f696f845'],True
vote|reduce1|22|1,"[""{\n    \""circle entries report more pervasive student safety and behavioral-crisis problems (bullying, gangs, violence, sexual harassment, drugs) and describe administrative tolerance or ineffective response than square entries\"": \""This cluster captures the many concrete accounts of bullying, sexual/physical assaults, gangs, vaping/drug problems, suicidality and failed on‑the‑ground protection or inconsistent anti‑bullying enforcement in circle reviews, and is kept separate from governance/favoritism (administrative misconduct) and from programmatic strengths (academics/extracurriculars) because it focuses squarely on student safety, victimization, and crisis response rather than staffing, program or facility choices.\"",\n    \""circle entries report more administrative dysfunction, punitive or arbitrary discipline, favoritism/nepotism, and explicit fee/tuition or pay‑to‑play demands than square entries\"": \""This bucket groups complaints about governance and staff behavior—hiring cronyism, alumni/athlete favoritism, grade/award manipulation, selective enforcement, retaliatory leadership, and monetized fees—which are organizational/policy failures distinct from (a) safety incidents and (b) program or facilities descriptions.\"",\n    \""circle entries describe stronger, programmatic academic rigor and measurable college‑prep pathways (IB/AP/dual‑credit, specialized academies, exam prep and documented college placements) than square entries\"": \""This theme aggregates recurring, concrete descriptions of formal academic structures (IB/AP/dual‑enrollment, named academies, STEM/CTE pathways, exit‑exam pass rates and college matriculation examples) and individualized remediation that indicate programmatic academic strength, and is deliberately separated from extracurricular breadth, safety/climate, administrative fairness, and resource/operational failures.\"",\n    \""circle entries report broader extracurricular breadth, stronger local/alumni community engagement, and an athletics‑centered culture (sometimes funded at the expense of other programs) more than square entries\"": \""This bucket covers extensive, concrete accounts of varied extracurricular life—arts/theatre/music, many clubs, vocational shops, strong booster/alumni support, athletic championships and visible school spirit—and also captures culture around athlete privilege and community fundraising, which is a different dimension than academic program strength, safety climate, governance problems, or facility/operational deficits.\"",\n    \""circle entries report more acute facility, resource and operational deficits and family financial burdens than square entries\"": \""This grouping includes the concrete logistics and material complaints—overcrowding or striking capital upgrades, sanitation/pest/food‑safety problems, broken transportation/attendance errors, budget shortfalls, elective fees and out‑of‑pocket costs—that are operational/resource issues distinct from safety/climate, governance/favoritism, curricular rigor, or extracurricular breadth.\""\n}""]",,43.286221742630005,28223,3200,3803,,[],['resp_0626a17fc6c8b623006a73983145f481a0ba23e2eda52a260b'],True
vote|reduce1|6|0,"[""{\n    \""circle entries report more frequent serious student safety and discipline failures (bullying, drugs, fights) combined with inconsistent or ineffective staff responses than square entries\"": \""Groups many raw items about pervasive bullying, fights, drug/gang problems and concrete safety crises plus reviewers' repeated notes that staff/administration fail to protect or inconsistently enforce discipline; this bucket is distinct from leadership/governance failures (it centers on student safety and frontline response rather than board/policy corruption).\"",\n    \""circle entries describe stronger advanced academic programs, rigorous college‑prep pathways, and measurable postsecondary outcomes than square entries\"": \""Captures the large cluster of items describing AP/IB/dual‑credit/CTE programs, named college partnerships, scholarship/graduation metrics and alumni college success in circle reviews; this is programmatic/outcomes evidence separate from facility, safety, or governance themes.\"",\n    \""circle entries document more administrative dysfunction, punitive or arbitrary enforcement, favoritism/nepotism, and recordkeeping or credit‑manipulation than square entries\"": \""Groups items about closed‑door administrators, nepotism, biased grading/athlete favoritism, surveillance/privacy breaches, withheld records and opaque decision‑making — a governance/accountability cluster that is conceptually distinct from student safety incidents, program quality, or physical facilities.\"",\n    \""circle entries report more acute facilities, infrastructure, and operational/logistics problems (overcrowding, trailers, HVAC/pest/sanitation, busing, scheduling) than square entries\"": \""Aggregates concrete operational complaints (overcrowded lunchrooms, broken HVAC/AC, filthy bathrooms, busing failures, scheduling/locker logistics and material shortages) into a single facilities/operations bucket that does not overlap with instructional program strength, safety climate, or governance misconduct.\"",\n    \""circle entries emphasize a small, family‑like, community‑integrated school environment with close staff‑student relationships and high parent/alumni involvement more than square entries\"": \""Groups accounts of small‑school scale, low student:teacher ratios, active parent fundraising/volunteerism, alumni engagement and highly personalized teacher/counselor attention — a community/relationship theme clearly different from curricular rigor, safety problems, governance failures or facility constraints.\""\n}""]",,43.48798680305481,28276,2176,2672,,[],['resp_0ab3758bd9546ccc006a7398312a0081a09688fa9bf7406ca1'],True
vote|reduce1|12|0,"[""{\n    \""circle entries describe stronger, more specialized advanced-academic programs and measurable college-prep outcomes than square entries\"": \""Covers the large cluster of reviews detailing AP/IB/dual‑credit, vocational pathways, named academy outcomes, scholarship/college placements and measurable rigor in Circle; this is distinct from safety, facilities, governance, and community themes because it focuses strictly on curricular/programmatic academic strength and postsecondary metrics rather than discipline, operations, or local culture.\"",\n    \""circle entries report more severe and pervasive student safety and behavioral problems (gangs, frequent fights, drug/vaping use, pervasive bullying and tolerated slurs) than square entries\"": \""Groups all items documenting fights, drug use, lockdowns, bullying/harassment, and related on‑campus violent or threatening behavior and their immediate disciplinary consequences; it is kept separate from administrative/governance failures (which concern how leadership runs the school) and from facilities or programmatic strengths.\"",\n    \""circle entries report more administrative dysfunction, favoritism, policy inconsistency, poor governance/board responsiveness, and special‑education follow‑through failures than square entries\"": \""Aggregates the many reports of nepotism, favoritism for athletes/donors, opaque boards, cover‑ups, IEP noncompliance, recordkeeping and personnel malpractice; this governance/fairness bucket is conceptually different from physical resource problems, student safety incidents, academic program quality, or community cohesion.\"",\n    \""circle entries report more concrete operational resource and logistics problems (overcrowded classes, outdated/broken facilities and materials, staffing shortages, attendance/recordkeeping and scheduling failures, and budget-driven program cuts) than square entries\"": \""Captures the wide set of reviews about building condition, pest/food issues, tech rollouts, overcrowding, scheduling/transport/cafeteria breakdowns and capital investment tradeoffs; these are operational/infrastructure problems distinct from curricular rigor, safety incidents, governance/favoritism, or the school’s social/community tone.\"",\n    \""circle entries emphasize small‑school personalization, sustained teacher mentoring, alumni/community bonds and parent operational involvement more than square entries\"": \""Groups evidence of family‑like community, high parental/alumni engagement, small classes, teacher accessibility, faith/values programming and multigenerational ties in Circle reviews; this social‑cohesion/engagement theme is intentionally separated from program quality, safety incidents, governance failures, and physical/resource problems so each theme reflects a single concrete domain.\""\n}""]",,43.846816062927246,28303,2368,2895,,[],['resp_02b82d4e34145ca6006a7398313d1481a18d50d5114c8e8fc9'],True
vote|reduce1|18|3,"[""{\n  \""circle entries report stronger advanced-academic programs and measurable college-preparation outcomes than square entries\"": \""Many raw items document AP/IB/dual‑enrollment/CTE pathways, college credit and measurable postsecondary placements tied to institutional programs — this bucket isolates programmatic academic strength and outcomes and does not overlap with safety, facilities, admin governance, or day‑to‑day individualized support issues which are captured separately below.\"",\n  \""circle entries report more pervasive student-safety and discipline breakdowns (fights, drugs, weapons) with administrative tolerance or ineffective anti‑bullying systems than square entries\"": \""Numerous raw items describe fights, gangs, bullying, substance use and mishandled incidents; this bucket is focused on school safety/climate and enforcement failures and is distinct from program quality, facilities detail, personnel favoritism, or proactive remedial supports.\"",\n  \""circle entries report more administrative dysfunction, favoritism, nepotism, and poor operational communication than square entries\"": \""Many entries allege opaque governance, favoritism in admissions/athletics/grades, cover‑ups, hostile board behavior and poor parent communication — this governance/fairness/decision‑making cluster is conceptually separate from tangible facilities/resources, safety incidents, academic program strength, or teacher‑student remediation.\"",\n  \""circle entries contain far more concrete facility, operational and resource details — both positive and negative — (technology, textbooks, HVAC, food, busing, class sizes, security measures) than square entries\"": \""A large subset of reviews provide concrete, on‑the‑ground operational signals (overcrowding, renovations, 1:1 tech, cafeteria/food issues, HVAC, trailers, security measures) and this bucket groups infrastructure and resource evidence apart from governance, safety/climate, academics, or individualized supports.\"",\n  \""circle entries report more proactive, personalized student supports and staff‑to‑family communication (tutoring, small classes, counselors, one‑on‑one remediation) than square entries\"": \""Several items document routine tutoring, small‑class individualized attention, active counselor/teacher outreach, credit‑recovery and special‑education advocacy — this bucket captures individualized instructional and support practices and is intentionally distinct from institutional program breadth, physical resources, safety incidents, or governance/favoritism issues.\""\n}""]",,44.23749399185181,28508,2112,2589,,[],['resp_0b58cbb2acaae495006a7398313e98819fb3afcd9271df15a2'],True
vote|reduce1|19|3,"[""{\n  \""circle entries describe stronger, more specialized advanced-academic programs and measurable college-prep outcomes (AP/IB/dual-credit/Early College, rankings, college placement) than square entries\"": \""This bucket groups all evidence about formal program breadth and measurable postsecondary outcomes (AP/IB/dual‑credit, magnet/selectivity, college placement, scholarship totals) and is distinct from teacher/counselor responsiveness, safety/climate, facilities, or governance issues because it concerns structured curricular pathways and outcome metrics rather than day‑to‑day supports or operational failures.\"",\n  \""circle entries report more pervasive student safety and discipline failures (bullying, vaping, drug use, sexual/physical incidents) and lax enforcement than square entries\"": \""This bucket collects reports of student‑safety incidents, violence, substance use, bullying/hazing, and failures of adult supervision or protective response; it is separate from governance/favoritism, facilities/resource problems, individualized instruction, or programmatic strength because it specifically addresses campus safety and behavioral climate.\"",\n  \""circle entries document greater administrative dysfunction, unresponsiveness, instability, and governance/favoritism problems than square entries\"": \""This bucket captures evidence about leadership/board failures, nepotism/favoritism, opaque/retaliatory policies, cover‑ups, and unstable or unresponsive administration — a governance/ accountability theme that is conceptually distinct from classroom instruction, facility conditions, safety incidents, or academic program offerings.\"",\n  \""circle entries report more acute facility, technology, and operational resource failures (overcrowding, aging buildings, broken/locked tech, food/busing failures, and scheduling problems) than square entries\"": \""This bucket groups concrete, material and logistical problems—building condition, overcrowding, HVAC/tech breakdowns, transportation/food scheduling and supply shortages—which are operational/resource issues distinct from governance (who makes decisions), safety/climate (student behavior), teacher supports, or curricular program strength.\"",\n  \""circle entries report greater on‑the‑ground individualized academic supports and teacher availability than square entries\"": \""This bucket groups reviewer claims about hands‑on teacher mentorship, tutoring/remediation, counselor accessibility, small‑school personalization and proactive parent–staff communication; it is separate from programmatic breadth (formal AP/dual programs), facilities/logistics, safety/climate, and governance/favoritism because it focuses on interpersonal, classroom‑level supports and mentoring practices.\""\n}""]",,44.48113989830017,28187,2496,3048,,[],['resp_08abe0ec8c3e962b006a73983140f4819295e78e949bcf9439'],True
vote|reduce1|1|4,"[""{\n    \""circle entries report more pervasive student-safety, bullying, substance use, and ineffective or punitive disciplinary responses than square entries\"": \""This captures the large cluster of reviews describing violence, bullying, drug use/vaping, assaults, hazing, police involvement and administrators who fail to address or who over‑punish — a distinct safety/climate pattern that is about student conduct and incident response and does not overlap with program quality, facilities, governance, or extracurricular breadth.\"",\n    \""circle entries describe stronger and more numerous structured academic pathways—AP/IB/STEM, dual‑enrollment, and vocational/career programs (and explicit college‑prep outcomes)—than square entries\"": \""This groups the many reports of concrete advanced academic offerings, dual‑credit/college‑in‑high‑school, measurable college outcomes and scholarship claims into a single 'academic program strength' bucket that is about curriculum and outcomes, not about safety, facilities, governance, or extracurricular/selectivity.\"",\n    \""circle entries report more administrative and governance dysfunction, opacity, nepotism, and poor complaint-handling than square entries\"": \""This groups reviews alleging biased leadership, nepotism/favoritism, threatened/legal hostility to critics, opaque district politics, hiring/union politicization and poor complaint follow‑through — administrative/governance failures distinct from facilities problems, classroom instruction, extracurricular strength, or student safety incidents.\"",\n    \""circle entries report more concrete facilities, funding, and resource shortfalls (outdated buildings/technology, missing textbooks, cafeteria/food issues, overcrowding) than square entries\"": \""This covers the tangible, operational resource problems (leaking ceilings, moldy food, HVAC failures, overcrowding, tech gaps, busing cuts and sanitation) described in many reviews and is separable from administrative governance (why it happened), curricular strength, extracurricular offerings, or safety incidents themselves.\"",\n    \""circle entries describe stronger, more organized extracurricular/arts/athletics programs, selective or tuition/mission‑driven admissions, and active parent/alumni engagement more than square entries\"": \""This captures the cluster of evidence about robust performing‑arts, state‑level athletics, selective/tuition-based enrollment, fundraising pressure, alumni networks and high parent involvement — a community/programming/extracurricular axis that is conceptually distinct from academic rigor, safety/climate, facilities, or governance failures.\""\n}""]",,44.60106611251831,23811,2432,2969,,[],['resp_0e6b2ebaebe25c49006a7398307340819d9ed0f2e249ec7b33'],True
vote|reduce1|23|1,"[""{\n    \""circle entries report more administrative dysfunction, nepotism, and poor institutional governance than square entries\"": \""Many raw items allege corrupt boards, cronyism, favoritism toward donors/athletes, legal/cover‑up claims and calls for wholesale re‑staffing — a governance/favoritism cluster that is organizational (board/principal/policy) rather than about classroom teaching, facilities, safety, or program breadth, so it is distinct from the other buckets.\"",\n    \""circle entries describe more teacher/staff unresponsiveness, instructional inconsistency, absenteeism, and grading/IEP communication failures than square entries\"": \""Numerous reviews describe unreliable or absent teachers, poor grading/recordkeeping, missed IEP/504 follow‑through and substitute‑led classes — concrete classroom‑level personnel and student‑support failures that are operationally different from governance, physical resources, safety incidents, or program strength.\"",\n    \""circle entries report greater material, facility and operational shortfalls and budget instability than square entries\"": \""This bucket groups evidence about buildings, sanitation, technology, overcrowding, lost transcripts, fundraising/tuition pressure and district budget crises — tangible resource and infrastructure deficits that are not the same as administrative favoritism, teacher responsiveness, safety incidents, or advanced program offerings.\"",\n    \""circle entries report more student-safety incidents and mishandled discipline than square entries\"": \""Many raw terms document bullying, fights, drug use, shootings/threats, gang activity, ignored abuse and inconsistent or biased discipline — a safety/behavioral‑management cluster focused on student wellbeing and incident response that is separate from governance, facilities, teacher instruction, or programmatic rigor.\"",\n    \""circle entries present stronger documented academic outcomes, named programs, and college-readiness evidence than square entries\"": \""This groups concrete, positive programmatic evidence (AP/IB/dual credit, vocational/CTE offerings, named awards, explicit college matriculation and scholarship examples) and curricular rigor claims — programmatic strengths and measurable outcomes distinct from safety, governance, teacher responsiveness, or facility/funding problems.\""\n}""]",,44.74246001243591,28278,2304,2751,,[],['resp_078d621d7d1f2140006a739831434081a09c989e2116288ade'],True
vote|reduce1|20|2,"[""{\n    \""circle entries describe stronger and more numerous structured academic pathways—AP/IB/STEM, dual‑enrollment, and vocational/career programs (and explicit college‑prep outcomes)—than square entries\"": \""This groups the many reports of concrete advanced‑course offerings, dual‑credit/CTE tracks, IB/AP/rigor, higher test/scholarship outcomes and measurable college prep in circle reviews — distinct from extracurricular, safety, governance or frontline‑staff themes because it is specifically about formal curricular pathways and postsecondary outcomes rather than program culture, incidents, facilities, or personnel behavior.\"",\n    \""circle entries highlight broader, higher‑profile extracurriculars, fine arts/band excellence, and an athletics‑dominant culture (including booster/financial dynamics) more than square entries\"": \""This captures the repeated evidence of award‑winning bands, robotics/First Robotics, selective arts magnets, championship athletics, fundraising/fee pressures and athletics‑first spending in circle reviews — mutually exclusive from the academic‑pathways bucket because it concerns co‑curricular program breadth, leadership and spending priorities rather than curricular course offerings or teacher/counselor support.\"",\n    \""circle entries report more pervasive student safety and behavioral incidents (bullying, fights, drugs, weapons) and administrators/staff failing to address them than square entries\"": \""This groups the extensive accounts of bullying, harassment, fights, vaping/drug dealing, assaults and ineffective or punitive discipline responses in circle reviews; it is kept separate from 'administrative dysfunction/favoritism' because this bucket focuses on student safety incidents and on‑the‑ground discipline outcomes rather than governance, fiscal or record‑keeping malpractice.\"",\n    \""circle entries report administrative dysfunction, poor communication, favoritism/nepotism, fiscal mismanagement and even legal/cover‑up allegations more than square entries\"": \""This collects items that document governance failures — board‑level politics, nepotistic hiring, donor/donation pressure, misallocated athletics funding, lost records/fees/tuition disputes, IEP/504 noncompliance and opaque board responses — which are organizational/governance issues and deliberately kept distinct from frontline teacher/counselor support, student safety incidents, curricular strength, or extracurricular breadth.\"",\n    \""circle entries report stronger, more consistent teacher/counselor hands‑on support and parent communication than square entries\"": \""This groups multiple concrete claims of individualized teacher mentoring, after‑hours tutoring, proactive counselor/parent outreach, small‑school personalization and remediation in circle reviews — distinct from the curricular/program bucket (which is about formal pathways), the extracurricular bucket, safety incidents, and governance problems because it refers specifically to everyday educator/counselor practices and family communication rather than programs, facilities, or leadership corruption.\""\n}""]",,44.80619502067566,28557,2624,3193,,[],['resp_086fc441d2d8971a006a7398316248819d9c52deb13708e8f7'],True
vote|reduce1|22|3,"[""{\n    \""circle entries report more frequent, severe student safety and disciplinary breakdowns (drugs, fights, gang activity, theft, assaults) than square entries\"": \""This bucket captures all concrete reports of violence, bullying, drug/sexual activity, police/arrest incidents, tolerated slurs/theft and inadequate incident response—distinct from governance, facilities, academics or extracurricular claims and thus non‑overlapping with the other selected buckets.\"",\n    \""circle entries report more administrative/governance dysfunction and operational/resource-management failures than square entries\"": \""This groups complaints about nepotism/favoritism, cover‑ups, IEP/noncompliance, district‑level mismanagement, punitive or arbitrary discipline, litigation and opaque decision‑making—a governance/organizational theme that is substantively different from safety incidents, program strength, facilities or extracurriculars.\"",\n    \""circle entries report worse physical infrastructure, overcrowding, and resource shortfalls (maintenance, pests, HVAC, instructional materials, technology/crowding tradeoffs) than square entries\"": \""This bucket covers concrete facility and operational deficits (old/dirty buildings, HVAC/boiler failures, overcrowded classes/trailers, pests, lunch/transport problems, missing PE or equipment) and is clearly separable from governance failures, safety/climate, academic program strength or extracurricular prominence.\"",\n    \""circle entries report stronger advanced academic programs, higher teacher qualifications, and more proactive individualized academic supports than square entries\"": \""This groups all evidence of AP/IB/dual‑enrollment/CTE/dual‑credit metrics, named program outcomes, credentialed teachers, tutoring/one‑on‑one supports and measurable college placement—an academic/programmatic strength axis separated from safety, facilities, governance, and extracurricular topics.\"",\n    \""circle entries report more extensive and higher‑achieving extracurriculars and athletics (award‑winning music, robotics, theater, broad club/sports rosters) than square entries\"": \""This bucket gathers descriptions of robust arts, band, theater, championship sports, JRROTC/CTE extracurriculars, boosters/fan culture and visible facility investments for programs—distinctly about extracurricular breadth/quality and not reducible to academics, safety, facilities maintenance, or governance complaints.\""\n}""]",,45.22318887710571,28185,2688,3191,,[],['resp_0cd2a9c5adbbee83006a7398313dac81a2b019d34d4a8461df'],True
vote|reduce1|22|0,"[""{\n    \""circle entries report stronger advanced-academic programming and measurable college-prep outcomes than square entries\"": \""Many circle reviews describe concrete AP/IB/dual‑enrollment, career‑pathway offerings and documented college/scholarship outcomes (AP results, dual‑credit, alumni success), which groups all program‑and‑outcome evidence about academic rigor and measurable postsecondary preparation and is distinct from staff, safety, facility, or governance issues.\"",\n    \""circle entries report more pervasive bullying, student substance use, violent/safety incidents, and either punitive or ineffective discipline/administrative protection than square entries\"": \""This bucket collects all reports of fights, drug/use incidents, severe harassment, self‑harm outcomes and the school’s failure or punitive mishandling of those incidents — a student‑safety/discipline climate theme that is conceptually separate from academic programming, facilities/resources, or administrative recordkeeping.\"",\n    \""circle entries report more facility, operational, and resource-allocation problems (crowding, sanitation, food safety, misallocated spending, and punitive fees) than square entries\"": \""This groups tangible physical- and resource‑level evidence (overcrowding, unsanitary restrooms/pools, tech rollout, fee/tuition complaints, capital projects or lack thereof) and is meaningfully different from personnel/discipline or academic-program themes because it focuses on material infrastructure and funding choices.\"",\n    \""circle entries report more administrative and operational dysfunction (credit/record errors, scheduling, governance and governance‑level favoritism or coverups) than square entries\"": \""This bucket captures governance, scheduling/credit/counseling failures, opaque billing/fee practices, nepotism/cover‑up allegations and high‑level board/district blame — operational and accountability failures at the administrative/governance level that are distinct from on‑the‑ground facility problems, classroom instruction, or student safety incidents.\"",\n    \""square entries report more consistently positive, caring, and responsive classroom-level staff and counseling support (teachers/counselors who mentor and communicate) than circle entries\"": \""Many square reviews emphasize accessible, engaged teachers and counselors, timely parent communication and day‑to‑day pastoral support; this staff/counseling‑strength theme is conceptually separate from facility, governance, academic‑program, and student‑safety clusters and specifically signals square > circle in frontline adult support.\""\n}""]",,45.29844617843628,28136,2368,2891,,[],['resp_041caf6c1a365a6b006a739831483c819ebbf4b01d5b9e9951'],True
vote|reduce1|4|1,"[""{\n    \""circle entries report more pervasive student-safety and bullying problems (fights, gang/drug activity, sexual/racial harassment) coupled with ineffective or biased adult responses than square entries\"": \""This groups all evidence of violent/peer‑on‑peer harm, harassment, drug/dealing or sexual incidents and explicit accounts that staff/administration failed, mishandled, or unevenly enforced safety responses—distinct from facility/resource, academic-program, extracurricular, or governance complaints because it is focused on student-on-student safety events and the adult protection/response (e.g., fights, drug deals, death threats, pervasive bullying).\"",\n    \""circle entries report stronger advanced-academic pathways and measurable college outcomes than square entries\"": \""This captures reviews that describe concrete AP/IB/dual‑enrollment/CTE/early‑college pathways and measurable postsecondary results (higher test scores, college matriculation, scholarships), which is a discrete programmatic/achievement theme separate from safety, facilities, extracurricular breadth, or governance/favoritism issues.\"",\n    \""circle entries report more operational and capacity constraints (overcrowding, budget‑driven program cuts, lunch/busing failures, and inconsistent technology provisioning) than square entries\"": \""This groups tangible infrastructure, logistics and resourcing failures or strains—overcrowded campuses, transportation/lunch/tech breakdowns, missing textbooks and budget cuts—that are about daily operations and physical capacity rather than academic rigor, extracurricular offerings, safety incidents, or administrative favoritism.\"",\n    \""circle entries report richer extracurricular, arts, career‑technical, and athletic offerings and visible school spirit than square entries\"": \""This clusters descriptions of program breadth and visibility (award‑winning arts, robust theater/ROTC/CTE shops, athletics culture and championships, wide club participation and community turnout) and is distinct because it concerns program variety, prestige and student engagement rather than safety, facilities failures, academics, or governance problems.\"",\n    \""circle entries report more administrative dysfunction, favoritism/corruption, poor incident handling, exclusionary policies, and inconsistent responsiveness than square entries\"": \""This bucket groups governance and staff‑behavioral evidence—nepotism, donor/athlete favoritism, cover‑ups, punitive or opaque policies, fee/record mishandling and unstable leadership—which is about who runs the school and how rules are applied, not about facilities capacity, extracurricular strength, academic program quality, or peer‑safety incidents.\""\n}""]",,45.31572604179382,27773,2368,2903,,[],['resp_06197c2adeaed49e006a7398311b6c819db2b3123e39bcc611'],True
vote|reduce1|10|4,"[""{\n    \""circle entries report more administrative and governance dysfunction plus operational failures in support services (turnover, secrecy, favoritism, misallocation, cover‑ups, counselor/scheduling/records breakdowns) than square entries\"": \""This groups reviews focused on systemic governance and bureaucratic failures (nepotism, board/district politics, leadership turnover, hidden testing/funding decisions, enrollment/records/scheduling breakdowns); it is distinct from the other buckets because it captures high‑level governance/operational collapse rather than day‑to‑day safety incidents, curricular strength, facilities/resource specifics, or athletics prioritization.\"",\n    \""circle entries report stronger/expanded formal advanced academic programs, measurable college‑preparation outcomes, and external partnerships than square entries\"": \""This captures reviews that explicitly document AP/IB/dual‑credit/CTE pipelines, college placement and scholarship outcomes, and formal HE partnerships — a programmatic/academic‑rigor axis that is separate from governance problems, safety/climate complaints, concrete facility/fee details, or athletics favoritism.\"",\n    \""circle entries report more frequent and severe student‑safety, bullying, and discrimination incidents (and more accounts of administration dismissing or mishandling those incidents) than square entries\"": \""This bucket groups all evidence about peer violence, fights, gang/drug incidents, homophobic/racist harassment and staff‑on‑student abuse or the school failing to protect victims; it focuses on safety/climate incidents and response, which is conceptually different from governance dysfunction, curricular/program strength, resource/facility descriptions, or athletic prioritization.\"",\n    \""circle entries contain more concrete operational/resource and policy details (technology initiatives, facility conditions/maintenance, tuition/costs, transport/scheduling rules, and athletics funding decisions) than square entries\"": \""This groups reviews that supply granular, day‑to‑day operational facts — fees/tuition, overcrowding/trailers, tech rollouts, nurse/clinic availability, cafeteria timing and specific renovation litigation — and is distinct from governance (who runs things), safety incidents, academic-program claims, and explicit claims that athletics are institutionally prioritized.\"",\n    \""circle entries report athletics/extracurriculars being institutionally prioritized and used for favoritism or special treatment more than square entries\"": \""This bucket isolates claims that sports/extracurriculars receive preferential funding, scheduling, facilities and favoritism (coaches/athletes getting special treatment or resources at academics' expense), which is a targeted resource‑allocation and culture dynamic separate from general facility/operational details, governance failures, safety incidents, or academic-program strength.\""\n}""]",,45.781692028045654,23924,2176,2769,,[],['resp_011d28d209365312006a73983125e081a3a2a15ef434036a1b'],True
vote|reduce1|10|3,"[""{\n    \""circle entries report more pervasive student-safety and behavior problems (bullying, fights, drugs, open-campus skipping) and more frequent school failures to protect students than square entries\"": \""Many raw terms document fights, bullying, drugs, sexualization, medical neglect, and adult nonresponse — this bucket groups all evidence about on-campus safety, student misconduct, and failures to protect, and is distinct from resource, governance, academic-program, or community‑engagement themes.\"",\n    \""circle entries describe stronger formal advanced-academic and college-prep programming (AP/IB/honors, dual-enrollment, vocational pathways, and measurable postsecondary outcomes) than square entries\"": \""Numerous raw items cite AP/IB, dual-enrollment, CTE/shops, certifications, high test percentiles, and documented alumni/college outcomes — this bucket captures programmatic academic rigor and measurable postsecondary pathways, which is conceptually separate from safety, facilities, administration, or community culture.\"",\n    \""circle entries report more administrative and staff unprofessionalism, biased enforcement, and favoritism that undermine student supports than square entries\"": \""A large cluster of reviews allege favoritism/nepotism, selective discipline for athletes/connected families, punitive/retaliatory administrative actions, grade/record problems, and unprofessional staff behavior — this groups governance/unfair enforcement issues and is purposely separated from physical resource problems, student safety incidents, academic program strength, and community cohesion.\"",\n    \""circle entries report more acute facilities, infrastructure, and operational/logistics problems (overcrowding, trailers, HVAC/pest/sanitation, busing, scheduling) than square entries\"": \""Many raw terms document overcrowding, trailers/mobile classrooms, pest/cleanliness complaints, bus/transportation breakdowns, scheduling and lunch/cafeteria problems and renovation notes — this bucket collects tangible facility and operational logistics issues, distinct from policy/favoritism, safety/climate, curricular offerings, or local community culture.\"",\n    \""circle entries describe stronger small‑school / hometown community integration and active parental/alumni investment than square entries\"": \""Numerous reviews emphasize tight-knit, familylike atmospheres, faith identity, strong parent fundraising/volunteerism, alumni loyalty, and visible community support — this groups social/cohesive/community identity factors and is kept separate from administrative governance, safety/crisis incidents, facilities/logistics, and academic-program strength.\""\n}""]",,45.92613506317139,27772,2816,3339,,[],['resp_01ede85ed8ac3eb4006a7398314350819eb9296a346bc4e996'],True
vote|reduce1|12|2,"[""{\n    \""circle entries document stronger and more structured advanced academic programs and measurable college‑prep outcomes than square entries\"": \""Groups reviews that emphasize concrete advanced-program offerings (AP/IB/dual‑enrollment/CTE), scholarship/college matriculation data, and formal college‑prep pathways — a distinct programmatic axis that does not overlap with facility, safety, governance, or community‑size issues captured by the other buckets.\"",\n    \""circle entries report more acute student-safety and peer‑behavior problems (bullying, fights, drugs, sexual activity) and failures to protect students than square entries\"": \""Captures descriptions of violence, weapons, gang/drug incidents, pervasive bullying, and ineffective or biased disciplinary response — a school‑climate/safety cluster that is substantively different from program strength, physical resources, governance, or small‑school community traits.\"",\n    \""circle entries report more administrative unresponsiveness, nepotism, recordkeeping and operational failures than square entries\"": \""Groups accounts of opaque or punitive administration (withholding transcripts/fees), favoritism/nepotism, lost records, counselor/guidance breakdowns and hostile front‑office behavior — a governance/operations cluster distinct from physical facility problems, student‑safety incidents, academic program breadth, or community/size dynamics.\"",\n    \""circle entries report more acute facility, health, and resource problems and visible misallocation of funding than square entries\"": \""Covers concrete, material failures (mold/roaches/unsanitary pools, overcrowded cafeterias, HVAC/technology deficits, tuition/fee burdens and apparent misallocation) — a physical‑infrastructure and resourcing theme separate from governance malpractice, campus climate/safety, curricular/program excellence, or small‑school community features.\"",\n    \""circle entries report smaller enrollment, lower student‑teacher ratios, and stronger localized parent/community engagement than square entries\"": \""Captures the small‑school, multigenerational, faith/community engagement and personalized one‑on‑one support evidence (parents/alumni involvement, K–12 co‑location, Link/mentorship) — a scale/community personalization axis that is distinct from academic program rigor, safety/incidents, facilities/resourcing, or administrative dysfunction.\""\n}""]",,45.97795009613037,28880,2368,2864,,[],['resp_0209bca043cb4a73006a7398313b7881a293f6cc2c105aaacc'],True
vote|reduce1|9|3,"[""{\n    \""circle entries report more systemic administrative dysfunction, favoritism/nepotism, punitive or revenue‑driven policies, and poor parent communication than square entries\"": \""Groups reviews describing governance problems (nepotism, protected staff, retaliatory/opaque decision‑making, fee/fundraising abuses and dismissive parent communication); this is about leadership/governance practices and is distinct from physical facilities, classroom instruction, student‑safety incidents, community size/feel, or program strength.\"",\n    \""circle entries report more frequent and more severe student safety, bullying, drug/weapon incidents and mental‑health crises than square entries\"": \""Captures concrete safety/behavior harms and failures of protection (bullying, assault, drug use, sexual/harassment incidents, mental‑health breakdowns) and administrative non‑response; it is focused on on‑campus student harm and enforcement, not on governance mechanics, academic programming, small‑school community, or facilities resourcing.\"",\n    \""circle entries report stronger advanced‑academic pathways, measurable college‑prep outcomes, and AP/Dual‑Enrollment opportunities than square entries\"": \""Groups evidence of substantive academic program strength (AP/IB/Dual‑enroll/CTE, internships, awards, documented college matriculation and outcomes); this bucket is about programmatic academic quality and outcomes and is conceptually separate from safety, governance, personalization, or building/operational issues.\"",\n    \""circle entries report a stronger familylike community, visible school spirit, parental/alumni engagement, and personalized student support than square entries\"": \""Covers small‑school personalization, multigenerational/alumni ties, coach/teacher mentorship, active booster/parent involvement and accessible counselors—community and relational strengths that are not the same as governance corruption, student‑safety crises, academic program breadth, or facility/resource shortages.\"",\n    \""circle entries report more operational and capacity constraints (overcrowding, budget‑driven program cuts, lunch/busing failures, and inconsistent technology provisioning) than square entries\"": \""Groups concrete facility, scheduling, logistical and resourcing problems (deteriorating buildings, overcrowding, lost records, fee policies, inconsistent tech/meal/transport services) distinct from governance favoritism, safety incidents, instructional program quality, or community intimacy.\""\n}""]",,46.07439303398132,28108,2240,2728,,[],['resp_019954a1291776e6006a73983120ec819e83bbe7f39cbae6fa'],True
vote|reduce1|17|1,"[""{\n    \""circle entries describe better facilities, broader extracurricular/athletics/fine-arts offerings and stronger community/parent engagement while square entries report underfunding, broken equipment and fewer clubs\"": \""Groups of raw terms repeatedly describe Circle schools as having wider extracurricular menus, higher-profile arts/athletics (band, theatre, championships), active boosters/alumni, and visible facility investments—this bucket captures those resource/program breadth signals and is distinct from administrative governance, safety, academic rigor, or day‑to‑day personalization which are covered by other buckets.\"",\n    \""circle entries report more administrative dysfunction, favoritism, nepotism, and recordkeeping failures than square entries\"": \""Many raw items allege opaque governance, nepotistic/athlete/donor favoritism, transcript/financial holds, contract/pay issues and chaotic operations—this governance/operational‑failure theme is about leadership/policy/recordkeeping and is mutually exclusive from safety incidents, program breadth, instructional rigor, or small‑school support.\"",\n    \""circle entries report more frequent safety/climate problems — bullying, overt racism/sexism, sexualized misconduct, gang/violence incidents — and weaker effective anti‑bullying responses than square entries\"": \""A large cluster of items documents fights, drugs, police/SRO involvement, identity‑based harassment, suicidality and ineffective or inconsistent disciplinary responses; this safety/discipline/climate bucket focuses on student harm and protective responses, not on academic programs, facilities, administration mismanagement, or teacher mentoring.\"",\n    \""circle entries report stronger advanced academic programs and measurable college-prep outcomes than square entries\"": \""Numerous raw terms point to IB/AP/dual‑credit/college matriculation metrics, specialized pathways and documented postsecondary success at Circle schools—this academic‑program and measurable outcomes bucket isolates curricular rigor/outcomes and is separate from extracurricular breadth, safety climate, administration failures, or personalized teacher/counseling supports.\"",\n    \""circle entries describe a small, family‑like, personalized community with consistently caring teachers and one‑on‑one supports more than square entries\"": \""Many entries emphasize small classes, close teacher–student relationships, proactive counseling and individualized remediation/special‑needs success at Circle schools—this people‑level, day‑to‑day personalization bucket is distinct from structural program breadth, governance problems, school safety incidents, or formal advanced academic program metrics.\""\n}""]",,46.33429217338562,28382,2496,3045,,[],['resp_0a8f77fd80fc908d006a7398314060819cbae3397ffa3d4498'],True
vote|reduce1|12|1,"[""{\n    \""circle entries report more acute facilities, infrastructure, and operational/logistics problems (overcrowding, trailers, HVAC/pest/sanitation, busing, scheduling) than square entries\"": \""This cluster captures concrete, day‑to‑day material and logistics failures (broken heating, overcrowded classes, bus/parking/scheduling problems and hygiene) described in circle reviews and is kept distinct from safety, governance or programmatic themes because it focuses strictly on physical/operational infrastructure rather than discipline, academics, or leadership behavior.\"",\n    \""circle entries report more frequent and more severe student safety, bullying, drug/weapon incidents and mental‑health crises than square entries\"": \""This bucket groups all reviewer evidence about student‑safety climate — fights, gang/drug incidents, bullying, sexual or severe harassment, police/chemical force and mental‑health crises — and is mutually exclusive from facilities (physical faults), administration/favoritism (governance behavior) and program strength (academics/extracurriculars).\"",\n    \""circle entries report more administrative mismanagement, favoritism/nepotism, secrecy and operational failures (data manipulation, billing/records errors, selective enforcement) than square entries\"": \""This theme aggregates accusations about governance and staff conduct — nepotism, selective discipline, hidden fees, withheld records, grade/transfer manipulation and opaque board politics — and is separated from safety, facilities, extracurricular prominence or academic program quality because it concerns institutional decision‑making and ethical/administrative process failures.\"",\n    \""circle entries describe stronger organized academic/extracurricular programming, facility and technology investments, and measurable college/CTE pathways than square entries\"": \""This bucket collects concrete evidence of robust program offerings and measurable post‑secondary outcomes (AP/IB/dual‑enrollment/CTE/NJROTC, technology rollouts, partnerships and documented college matriculation) and is distinct from extracurricular breadth/athletics culture because it emphasizes organized academic/CTE rigor and outcome metrics rather than community/alumni/spirit or athletic prioritization.\"",\n    \""circle entries report broader extracurricular breadth, stronger local/alumni community engagement, and an athletics‑centered culture (sometimes funded at the expense of other programs) more than square entries\"": \""This grouping captures reviewers' accounts of wide activity choices, vibrant band/athletic traditions, booster/alumni funding and visible sport‑first resource choices (including fees and fundraising pressure), and is kept separate from academic-program strength (rigor/outcomes), facilities, safety, and governance/misconduct themes because it focuses on program prominence, community identity and resource prioritization rather than operational or ethical failures.\""\n}""]",,46.45519995689392,27864,2496,3063,,[],['resp_0e75084bfe2f9dd8006a7398313f988191a7cd6e2c1eae65ad'],True
vote|reduce1|9|0,"[""{\n    \""circle entries report more pervasive student safety problems and identity‑based discrimination (bullying, racism, drugs, gang activity) than square entries\"": \""This bucket groups all concrete reports of student-on-student violence, frequent fights, drugs/gang incidents, theft, and identity-targeted harassment where staff failed to protect victims — a discrete safety/climate dimension that is distinct from administration, facilities, academics, or teacher-support topics.\"",\n    \""circle entries report stronger advanced-academic programs, rigor, and measurable college/career outcomes than square entries\"": \""This bucket captures concrete programmatic strength (AP/IB/dual-credit/CTE, National Merit, scholarship/college placement metrics and explicit curricular rigor) and is separate from complaints about safety, governance, facilities, or individualized teacher help.\"",\n    \""circle entries report more administrative dysfunction, favoritism/corruption, poor incident handling, exclusionary policies, and inconsistent responsiveness than square entries\"": \""This bucket collects governance-level evidence — nepotism, favoritism, punitive/exclusionary policies, named unprofessional administrators, cover‑ups and poor complaint handling — which is about leadership/board behavior and distinct from frontline teacher support, facility problems, student safety incidents, or academic-program content.\"",\n    \""circle entries report more concrete operational and facility shortcomings (outdated curriculum/technology gaps, missing textbooks, overcrowding, cleanliness/food safety problems, parking/traffic hazards, and mixed renovation/funding narratives) than square entries\"": \""This bucket groups material and operational failures — building condition, overcrowding, missing instructional resources, transportation/food logistics, capital projects and misallocated funding — a facilities/operations domain separate from personnel, safety culture, governance, or curricular program strength.\"",\n    \""Circle entries report more personalized, accessible, and community‑embedded teacher/staff support than square entries\"": \""This bucket covers repeated, concrete examples of one-on-one teacher/coach/counselor interventions, small-class or small-school personalization, parent/alumni engagement and outreach systems — a staff-level, relational support pattern that is meaningfully different from governance problems, physical resources, safety incidents, or program-level academic rigor.\""\n}""]",,46.619242906570435,28536,2304,2750,,[],['resp_090f2659ee2d237f006a73983146e4819eacad589cfbe7daf0'],True
vote|reduce1|0|0,"[""{\n    \""circle entries report more frequent and severe student safety/discipline problems (bullying, fights, gang/drug incidents) and ineffective on‑the‑ground intervention than square entries\"": \""This groups the many concrete reports about bullying, fights, drug/sexual incidents, lockdowns, and explicit staff non‑response into a single safety/response bucket; it is kept distinct from governance or facility topics because it concerns on‑site student behavior and the school's failure (or success) to protect and discipline students rather than who runs or funds the school.\"",\n    \""circle entries report more administrative dysfunction, favoritism, nepotism, opaque governance, and financial misallocation than square entries\"": \""This captures the recurring evidence about covering‑up, protected staff, donor/athlete favoritism, politicized boards, record‑keeping errors, punitive billing and opaque decisions — a governance/fairness theme clearly different from (a) safety incidents, which are about student behavior and response, and (b) program/facility richness which is about resources rather than governance ethics.\"",\n    \""circle entries describe stronger advanced academic programs and measurable college‑prep outcomes than square entries\"": \""This groups the repeated concrete claims about AP/IB/dual‑enrollment, CTE/CTE pathways, higher test scores, scholarships and college matriculation into a single academic‑program strength bucket; it is mutually exclusive from community cohesion or extracurricular/athletics emphasis, since it is specifically about curricular rigor and measurable postsecondary outcomes.\"",\n    \""circle entries depict stronger local community cohesion, multi‑generational enrollment, active parent/alumni mobilization and pronounced school pride than square entries\"": \""This buckets the many comments about multi‑generational loyalty, active PTSAs/PTSOs, alumni networks, volunteerism, faith/community fit and small‑school intimacy — a social/community identity and mobilization theme that is different from governance problems, material facilities, or academic-program descriptions.\"",\n    \""circle entries report a stronger athletics‑first culture, resource prioritization toward sports, and athlete favoritism more than square entries\"": \""This isolates frequent, sport‑specific claims (funding funneled to football, preferential discipline/treatment for athletes, pro‑level facilities, athletic social pressure) into an athletics‑priority bucket that is distinct from the broader extracurricular/program breadth or from governance/favoritism (it focuses specifically on sports as the prioritized institutional axis).\""\n}""]",,46.68826508522034,28510,2368,2916,,[],['resp_02058abacf614356006a739830bad0819d8ae8f9584a53b48c'],True
vote|reduce1|24|4,"[""{\n    \""circle entries report more pervasive student safety and behavior problems (bullying, fights, substance use, harassment) than square entries\"": \""This groups the many raw items about fights, bullying, weapons/drugs, hazing, and failed on‑the‑ground discipline/response into a single safety/behavior climate theme — distinct from facilities (physical plant), governance (board/nepotism), academic program strength, or teacher‑level personalization because it targets student conduct and immediate safety incidents and how the school handles them.\"",\n    \""circle entries raise more concrete facilities, resource, and operational issues than square entries\"": \""This captures HVAC/bathroom/cleanliness/overcrowding/lunch/nurse/technology/scheduling and other day‑to‑day service failures that reviewers describe, which is operationally focused and non‑overlapping with governance/favoritism, safety incidents, academic-program breadth, or personalized teacher supports.\"",\n    \""circle entries report more administrative dysfunction, enrollment favoritism, unresponsiveness, and governance‑level blame than square entries\"": \""This bucket groups nepotism, cronyism, board/leadership corruption, arbitrary grade/discipline politics, enrollment lotteries and high‑level complaint‑handling failures — a governance/leadership category that is substantively distinct from on‑site operational problems, student safety incidents, programmatic academic strength, or classroom‑level caring supports.\"",\n    \""circle entries document stronger advanced academic programs, college‑preparation pathways, and measurable postsecondary outcomes than square entries\"": \""This aggregates the concrete evidence about AP/IB/dual‑enrollment/ROTC/career academies, awards, test scores, and college placement into a single academic‑pathways/outcomes bucket that is clearly separate from personalization (tutoring/mentoring), facilities, safety, or governance issues.\"",\n    \""circle entries describe a small, family‑like, personalized community with consistently caring teachers and one‑on‑one supports more than square entries\"": \""This groups reviewer reports of accessible teachers, after‑school tutoring, proactive counselor/parent communication, small‑school mentorship and special‑education successes into a teacher/student‑support and community cohesion bucket, distinct from programmatic rigor, facilities failures, safety incidents, or governance favoritism.\""\n}""]",,46.69304013252258,24089,2624,3146,,[],['resp_0efa9cab5d6db563006a7398313c2c81a09f315d1766d5d983'],True
vote|reduce1|15|4,"[""{\n    \""circle entries report entrenched favoritism, nepotism, and unequal/discriminatory treatment (athlete, alumni, religious, race/class‑based) more than square entries\"": \""Groups many raw items about selective enforcement, athlete/legacy/religious privilege, socioeconomic gatekeeping, and discriminatory exclusion into one theme of interpersonal and structural favoritism—distinct from administrative recordkeeping or resource shortfalls because it focuses on who gets preferential treatment and why rather than on operational failures or program strength.\"",\n    \""circle entries report more chronic facilities, health, and operational resource failures than square entries\"": \""Collects the concrete, on‑site failures (overcrowding, HVAC/mold, lunch/food shortages, sanitation, buses, outdated tech, portable classrooms) into a single facilities/logistics bucket that is materially different from safety/bullying incidents or broader governance problems.\"",\n    \""circle entries describe stronger formal advanced-academic and college-prep programming (AP/IB/honors, dual-enrollment, vocational pathways, and measurable postsecondary outcomes) than square entries\"": \""Groups all raw items that describe substantive academic program strength, AP/IB/dual‑credit/CTE pathways and measurable college outcomes into one bucket that is explicitly about program offerings and results—separate from teacher/admin behavior, facilities, or favoritism issues.\"",\n    \""circle entries report more pervasive bullying, harassment, discrimination, sexual‑assault allegations and ineffective institutional responses than square entries\"": \""Aggregates all safety‑and‑student‑welfare evidence (physical fights, hate speech, targeted harassment, sexual‑misconduct claims, substance use and staff inaction) into a single school‑safety/discipline bucket that is conceptually distinct from resource/facility problems or formal academic programming.\"",\n    \""circle entries report more administrative unresponsiveness, governance and recordkeeping failures, and cover‑ups than square entries\"": \""Groups parental access barriers, closed‑door administration, IEP noncompliance, attendance/record errors, opaque board politics and alleged cover‑ups into one governance/administration bucket that is about institutional accountability and processes rather than favoritism, facilities, academics, or direct student safety incidents.\""\n}""]",,47.07671809196472,24625,2624,3116,,[],['resp_0ca5fd45d15c5d87006a7398314c34819fbd07105d7985bde7'],True
vote|reduce1|5|3,"[""{\n    \""circle entries report stronger small‑school / multigenerational community engagement, volunteerism, school spirit and parent/alumni networks than square entries\"": \""These reviews repeatedly describe tight-knit, faith/legacy-linked communities, high parent/PTA/booster/alumni involvement, pronounced school‑spirit traditions and small‑school personal attention — a distinct social/community pattern that is conceptually different from facility problems, safety incidents, academic program strength, or administrative misconduct.\"",\n    \""circle entries report more operational, facility, and instructional-resource failures (including staff turnover, poor special-ed support, tech/ HVAC breakdowns, absenteeism, and low test/dropout rates) than square entries\"": \""Many circle reviews catalog concrete, day‑to‑day infrastructure and resourcing breakdowns — mold, no AC, overcrowding, failed tech rollouts, lost credits, material shortages and staffing gaps — a physical/operational cluster separate from governance favoritism, safety/climate, advanced-program descriptions, or community cohesion.\"",\n    \""circle entries report more severe and recurring student-safety problems (bullying, fights, gangs, substance use) and frequent staff/administrative inaction than square entries\"": \""A concentrated set of circle reviews allege persistent bullying, assaults, fights, drugs/vaping, sexual harassment and failed protective responses — a student‑safety and climate theme that is distinct from operational/facility failures, administrative favoritism, academic program strength, or small‑school pride.\"",\n    \""circle entries describe stronger, more specialized advanced-academic programs and measurable college-prep outcomes (AP/IB/dual-credit/Early College, rankings, college placement) than square entries\"": \""Numerous circle reviews document named AP/IB/CTE/STEM/dual‑enrollment pathways, scholarships and concrete college matriculation metrics, forming an academic-programs/college‑prep cluster that stands apart from safety, facilities, governance, or community‑engagement themes.\"",\n    \""circle entries report more administrative dysfunction, mismanagement, favoritism, and poor operational communication than square entries\"": \""Many circle reviews allege nepotism, grade/award favoritism, protection of problematic staff, opaque discipline/fee practices and board/district mismanagement — a governance/misconduct cluster that is conceptually separable from physical resource failures, student‑safety climate, academic-program strength, or small‑school community features.\""\n}""]",,47.164715051651,28431,2304,2845,,[],['resp_05a905b17605bba0006a73983134f481a08491310258e11d45'],True
vote|reduce1|23|3,"[""{\n    \""circle entries report more frequent, severe student-safety and bullying incidents (including drugs, fights, police involvement, and racial/sexual harassment) than square entries\"": \""Groups all reviews documenting concrete safety/behavior crises (fights, gang/drug activity, sexual/racial harassment, ineffective anti‑bullying response and police/lockdown events) into a single climate/safety bucket that is distinct from governance, programming, facilities, or extracurricular praise because it concerns immediate student harm and incident response rather than administrative policy, resourcing, or program quality.\"",\n    \""circle entries report greater administrative dysfunction, favoritism, leadership turnover, governance problems, and resource/operational mismanagement than square entries\"": \""Captures reports of opaque governance, nepotism/favoritism, cover‑ups, frequent leadership change, retaliatory or politicized decisions and poor recordkeeping—issues about who runs the school and how—kept separate from facility/operational breakdowns, student safety incidents, academic program strength, or extracurricular life.\"",\n    \""circle entries report stronger institutional academic programs and measurable college/career outcomes than square entries\"": \""Encompasses claims of superior advanced‑course offerings, AP/IB/dual‑enrollment/CTE pathways, explicit college/career metrics and scholarship/acceptance evidence—this is explicitly about programmatic academic rigor and measurable outcomes and is therefore distinct from reports about safety, administration, facilities, or extracurriculars.\"",\n    \""circle entries report stronger community/parental engagement, school spirit, alumni traditions, and broader extracurricular opportunity/achievement than square entries\"": \""Groups descriptions of active boosters/alumni, pronounced school spirit, well‑subscribed arts/athletics/band programs, and parent fundraising/selection dynamics—these community‑and‑extracurricular features are about social capital and outside engagement and are conceptually separate from core academics, safety incidents, administrative governance, or operational facility failures.\"",\n    \""circle entries report more concrete operational, facilities, and administrative breakdowns (records, credit/transfer denial, overcrowding, fees, scheduling) than square entries\"": \""Collects tangible, day‑to‑day resource and logistics problems (overcrowding, sanitation/pest issues, transcript/fee holds, scheduling/block‑schedule problems, tech rollouts and nurse/food service gaps) into an operations/facilities bucket distinct from governance/favoritism, safety incidents, curricular strength, or extracurricular/community features.\""\n}""]",,47.20561623573303,28004,2304,2842,,[],['resp_09ab7b9d0d2197fd006a7398314d6c81a389b80237e9d002da'],True
vote|reduce1|22|2,"[""{\n    \""circle entries report more pervasive student safety, bullying, gang, drug and violent-incident problems and more frequent ineffective enforcement than square entries\"": \""This groups all safety‑and‑climate evidence (fights, gangs, drugs, sexualized incidents, routine bullying and staff nonresponse) into a single student‑protection bucket that is distinct from administrative/process failures, program quality, athletics emphasis, or individualized teacher support.\"",\n    \""circle entries report more administrative dysfunction, politicized governance, favoritism, and unprofessional conduct than square entries\"": \""This captures governance and operational pathology (nepotism, opaque discipline/fee/records practices, hostile front‑office behavior, politicized boards) as a managerial/governance cluster that is separate from (a) safety incidents, (b) curricular/program strength, (c) athletics culture, and (d) teacher/community personalization.\"",\n    \""circle entries describe stronger advanced-academic programming and measurable college‑prep outcomes than square entries\"": \""This groups concrete, programmatic academic strengths (AP/IB/dual‑enrollment/STEM/CTE pathways and documented college matriculation or credits) into a curriculum/outcomes bucket that does not overlap with safety, governance, extracurricular prioritization, or small‑school personalization.\"",\n    \""circle entries emphasize a stronger athletics‑first culture, resource prioritization toward sports, and athlete favoritism more than square entries\"": \""This isolates extracurricular resource priorities and athlete‑centric favoritism (football dominance, coach influence, preferential discipline/selection, fundraising for sports) as an extracurricular‑resourcing phenomenon distinct from overall program rigor, admin dysfunction, safety failures, or teacher‑level personalization.\"",\n    \""circle entries portray stronger, more personalized teacher/staff engagement and family/community supports (small classes, tutoring, after‑school help, parent organizations) than square entries\"": \""This bundles all small‑school, one‑on‑one, and community/alumni/parent engagement evidence (small classes, caring teachers, tutoring, houses/SLCs, multigenerational ties) into a people‑and‑support bucket that is mutually exclusive from governance problems, extracurricular/athletics prioritization, safety crises, or the presence/strength of advanced academic tracks.\""\n}""]",,47.25723910331726,27676,3072,3542,,[],['resp_091ec1df8885210b006a739831555c81a38c16ef7b343034bf'],True
vote|reduce1|8|4,"[""{\n    \""circle entries report administrative dysfunction, poor communication, favoritism/nepotism, fiscal mismanagement and even legal/cover‑up allegations more than square entries\"": \""Groups reviews that allege top‑down governance failures (board/central office decisions, nepotism, misused funds, cover‑ups, hiring/firing patterns and sweeping accountability breakdowns); this is distinct from (a) student safety incidents, which are about peer behavior and protective response, (b) facility/resource deficits, which are physical/operational conditions, (c) academic program breadth/outcomes, which are curricular, and (d) individualized teacher/counseling supports, which are frontline student services.\"",\n    \""circle entries report more pervasive student safety problems, bullying, harassment, and inadequate protective response than square entries\"": \""Captures reviews describing peer violence, routine bullying/harassment, fights, substance use/vaping and failures of staff to protect or discipline effectively (including procedural victim‑blaming), and is kept separate from governance or fiscal allegations (which are about leadership and policy) and from program or facility topics.\"",\n    \""circle entries report broader and stronger academic pathways and measurable postsecondary outcomes (AP/dual-credit/CTE, scholarships, college articulation) than square entries\"": \""Groups concrete, curriculum‑level evidence about advanced coursework, IB/AP/dual‑enrollment/CTE offerings and measurable college/scholarship outcomes and is mutually exclusive from facility/operational complaints, safety incidents, governance/favoritism allegations, and small‑school counseling/mentorship claims.\"",\n    \""circle entries report more tangible facilities, operations, and resource shortfalls (maintenance, pests, overcrowding, meal/transport problems) than square entries\"": \""Captures material and day‑to‑day operational problems (broken equipment, no textbooks, pests, HVAC, overcrowded halls, denied lunches, bus/transport issues) and is intentionally separated from governance (why problems exist), safety (peer behavior), curricular/program strength, and teacher/counseling responsiveness.\"",\n    \""circle entries describe more proactive, individualized student support and accessible counseling/mentorship (responsive counselors, small classes, teacher outreach) than square entries\"": \""Groups evidence about small‑school or frontline supports (one‑on‑one advising, caring teachers, proactive counselors, parent communication and wraparound mentorship) and is distinct from academic-program claims (course offerings/outcomes), facility/resource conditions, governance/favoritism allegations, and safety/bullying incident reporting.\""\n}""]",,47.26371216773987,24102,2880,3429,,[],['resp_0d90bf54d38b1111006a7398313a10819eb31c75158019ba12'],True
vote|reduce1|3|4,"[""{\n    \""circle entries report more pervasive student safety and disciplinary breakdowns (violence, bullying, drug use) than square entries\"": \""This bucket groups the many reviews documenting fights, gangs, bullying, sexualized events, drug sales, and inadequate adult response — a concrete safety/discipline pattern that is distinct from administrative governance issues, instructional quality, facility neglect, extracurricular strength, or special‑education problems.\"",\n    \""circle entries describe stronger advanced academic and college-preparatory programs and measurable outcomes than square entries\"": \""This captures reviews that cite AP/IB/dual‑credit, academies/magnets, clear college matriculation and scholarship metrics, and rigorous coursework — a programmatic, outcome‑focused cluster that is separate from safety, governance/favoritism, teacher variability, or operational/facility failures.\"",\n    \""circle entries report more administrative dysfunction, favoritism/corruption, poor incident handling, exclusionary policies, and inconsistent responsiveness than square entries\"": \""This bucket groups reports of nepotism, protected staff, selective enforcement, grade/record manipulation, board coverups and punitive parent relations — institutional governance and integrity issues that are conceptually different from physical facility breakdowns, student safety incidents, academic program strength, or teacher-level variability.\"",\n    \""circle entries exhibit greater variability and extreme splits in teacher/staffing quality and stability than square entries (simultaneous reports of highly supportive individualized teachers and of many uncertified, high‑turnover, or poorly performing staff)\"": \""This collects the many juxtaposed claims that the same school has both exceptionally caring, accessible teachers and widespread unprofessional, transient, or ineffective staff — a staffing‑quality heterogeneity distinct from systemic administrative corruption, facility/resource problems, student safety, or formal program offerings.\"",\n    \""circle entries document more concrete operational failures, resource shortages, and facility/recordkeeping problems than square entries\"": \""This bucket groups sanitation/pest problems, food/mealdebt mismanagement, overcrowding/space leaks, lost grades/records, bus/attendance logistics and tech/resource gaps — tangible operational and infrastructure failures that are separable from safety climates, curricular/college‑prep strength, governance favoritism, or individual teacher variability.\""\n}""]",,47.64983868598938,23951,2496,2991,,[],['resp_0fe56699d0fa5d3a006a7398312f4481a0afcd65e2af43b8a8'],True
vote|reduce1|24|3,"[""{\n    \""circle entries describe stronger advanced academic, vocational, and college‑preparation programming than square entries\"": \""Groups all reviews that document concrete academic pathways (AP/IB/dual‑enrollment, CTE/shops, early‑college/dual credits, measurable college/test outcomes), and is distinct from extracurricular/athletics (program content and postsecondary outcomes vs. after‑school offerings).\"",\n    \""Circle entries report broader, higher‑profile extracurricular and arts/athletics offerings and competitive achievements than square entries\"": \""Captures reviews that emphasize wide club/arts/sports portfolios, state championships, named program leaders and visible extracurricular prestige — focused on out‑of‑class opportunities and achievements, not classroom rigor, facilities, or governance problems.\"",\n    \""circle entries report more administrative dysfunction, cronyism, nepotism, fiscal/board-level mismanagement, and unresolved governance complaints than square entries\"": \""Groups accounts of governance failures, favoritism, cover‑ups, residency/financial conflicts, and broken complaint processes; this is about leadership/governance practices and ethics, distinct from facility shortages, safety incidents, teacher quality, or program strength.\"",\n    \""circle entries report more frequent and severe student safety, bullying, discrimination, substance‑use, and violence problems on campus than square entries\"": \""Collects reviews documenting physical/psychological harm (assaults, pervasive bullying, racist/sexist harassment, drugs) and failures to protect or remediate students — a safety/climate cluster separate from administrative malpractice, facilities, or extracurricular descriptions.\"",\n    \""circle entries report more facility, capacity, sanitation, and funding problems (overcrowded classes, dirty/unsanitary buildings, budget cuts) than square entries\"": \""Groups concrete operational/resource shortfalls (overcrowding, HVAC/AC, food safety, bathrooms, busing/lunch logistics, budget‑driven program cuts), which are tangible infrastructure and resourcing issues distinct from curricular strength, leadership favoritism, or student‑safety incidents.\""\n}""]",,48.688385009765625,28087,3520,3956,,[],['resp_0e14a116d43ec44b006a7398315e808191a52cdeaf200f3060'],True
vote|reduce1|14|3,"[""{\n    \""circle entries describe stronger advanced academic offerings, higher academic rigor, and concrete college/career outcomes (AP/IB, dual‑enrollment, scholarships, matriculations) more than square entries\"": \""Groups all reviews that describe concrete advanced‑course breadth and measurable postsecondary results (AP/IB, dual enrollment, honors, scholarship/college matriculation evidence) — distinct from safety, admin, extracurricular or community themes because it speaks only to curricular rigor and college/career outcomes.\"",\n    \""circle entries report more frequent and severe student safety/behavior problems and failed anti‑misconduct responses (fights, drugs, bullying, sexual misconduct) than square entries\"": \""Captures the repeated reports of fights, gang/drug activity, sexual assault, daily bullying, lockdowns and inadequate/biased disciplinary responses — a discrete safety/climate cluster that does not overlap with academic-program strength, parental/alumni cohesion, administrative corruption, or athletics prioritization.\"",\n    \""circle entries report more administrative dysfunction, inconsistent policy enforcement, poor recordkeeping/communication, and politicized or adversarial governance than square entries\"": \""Groups reviews describing favoritism/nepotism, cover‑ups, misallocated funds, broken recordkeeping, arbitrary enforcement, billing/tuition problems and poor front‑office responsiveness — a governance/operational bucket that is conceptually separate from student safety, curricular strength, extracurricular culture, or community cohesion.\"",\n    \""circle entries emphasize athletics as a dominant institutional priority (resource focus, cultural centrality, and athlete favoritism) more than square entries\"": \""Collects accounts of sports‑first resource tradeoffs, athlete privilege, frequent pulling of students for games, booster/fundraising pressure and band/pep/athletics culture — distinct from academic program descriptions, administrative malpractice, safety/climate incidents, or multigenerational community ties.\"",\n    \""circle entries depict stronger local community cohesion, multi‑generational enrollment, active parent/alumni mobilization and pronounced school pride than square entries\"": \""Groups reviews that highlight tight, family‑style K–12 ties, multigenerational attendance, active parent volunteers/alumni networks and pronounced school spirit — a social/community dimension that is clearly different from program rigor, safety problems, admin dysfunction, or athletics prioritization.\""\n}""]",,48.996525049209595,28246,2624,3123,,[],['resp_012f2eecc481e8d8006a7398313fb4819da4544759ca6de890'],True
vote|reduce1|1|2,"[""{\n    \""circle entries report stronger advanced-academic pathways, measurable college-prep outcomes, and AP/Dual‑Enrollment opportunities than square entries\"": \""This groups all evidence about rigorous/programmatic academic strength (AP/IB/dual-credit, college-placement, magnet/CTE pathways and measurable outcomes) into one bucket and is distinct from extracurricular, safety, administrative, or facilities claims because it concerns formal curriculum and postsecondary results only.\"",\n    \""circle entries report a stronger athletics‑first culture, resource prioritization toward sports, and athlete favoritism more than square entries\"": \""This captures claims about sports-dominant culture, funding/selection skew toward athletes, and coach/athlete privilege—a programmatic/cultural allocation issue that is separable from general governance failures, student-safety incidents, facilities condition, or academic-program strength.\"",\n    \""circle entries report more pervasive student-safety and bullying problems (fights, theft, gang/drug activity, sexual/racial harassment) coupled with ineffective or biased adult responses than square entries\"": \""This bucket collects all accounts of violence, bullying, harassment, substance/gang problems and staff/administration failure or bias in protecting students, and is distinct from administrative favoritism or facility/resource shortages because it centers on student safety and disciplinary/enforcement outcomes.\"",\n    \""circle entries report more administrative and governance dysfunction, inconsistent policy enforcement, poor recordkeeping/communication, and politicized or adversarial governance than square entries\"": \""This groups allegations about nepotism/favoritism, cover‑ups, lost records, punitive/opaque fee or discipline policies and bad parent communication into a single governance/operations bucket that is separate from fielded program priorities (athletics), safety incidents, academic offerings, or physical resource conditions.\"",\n    \""circle entries report more concrete operational resource and logistics problems (overcrowded classes, outdated/broken facilities and materials, staffing shortages, attendance/recordkeeping and scheduling failures, and budget-driven program cuts) than square entries\"": \""This captures tangible facilities, capacity, sanitation, technology, staffing and funding-shortfall evidence (including renovations or capital investment contrasts) and is exclusive from governance (which is about who runs/decides) as well as distinct from student-safety, athletics-culture, or curriculum/program rigor.\""\n}""]",,49.026628732681274,27574,2816,3302,,[],['resp_00f004906af49669006a7398307958819e9e7797eb65edb65b'],True
vote|reduce1|5|1,"[""{\n    \""circle entries report more pervasive student safety and discipline failures (bullying, frequent fights, drugs, sexual/physical assaults) and ineffective school responses than square entries\"": \""This cluster captures the many concrete accounts of fights, pervasive bullying, gang/drug incidents, sexual misconduct, vaping/violence and repeated claims that adults/administration failed to protect students; it is distinct from governance/favoritism (which is about who benefits and how decisions are made), from facilities/logistics (which is about buildings, buses, pests, and schedules), from academic-program strength (which is about AP/IB/college outcomes), and from teacher/counselor personalization (which is about accessible, caring frontline staff).\"",\n    \""circle entries report more systemic administrative dysfunction, favoritism/nepotism, punitive or revenue‑driven policies, and poor parent communication than square entries\"": \""This bucket groups recurring evidence of protected insiders, coach/athlete or alumni favoritism, bribery/monetization claims, cover‑ups, punitive fee/withdrawal policies and opaque, dismissive leadership — a governance/discipline‑policy theme that does not overlap with pure safety incidents, facility problems, academic offerings, or frontline teacher caring.\"",\n    \""circle entries describe stronger, more extensive academic programs and measurable college‑preparatory outcomes than square entries\"": \""Many circle reviews list AP/IB/dual‑credit, academies, measurable test/college outcomes, vocational/CTE pathways and explicit college‑prep supports — a programmatic academic‑strength theme separate from staffing/favoritism issues, safety/climate failures, operational logistics, or small‑school personalization.\"",\n    \""circle entries report more concrete operational/facility and logistics details and complaints (transportation punctuality, pickup delays, lunch/food quality, bathrooms, trailers, device rollouts, overcrowding) than square entries\"": \""This groups the detailed, tangible infrastructure and operations problems (pests, mold, overcrowding, HVAC, lunches, buses, locked bathrooms, tech rollouts) that are materially different from governance/favoritism, student‑safety climate, curricular strength, or teacher mentoring.\"",\n    \""circle entries emphasize closer small‑school community, higher parental engagement, and individualized teacher mentorship more than square entries\"": \""This bucket collects accounts of small class sizes, name‑level principal/teacher familiarity, accessible counselors/mentors and active parent/alumni involvement — frontline relational supports distinct from institutional governance, material facilities, safety incidents, or the presence/quality of formal advanced academic programs.\""\n}""]",,49.379554748535156,28312,2368,2948,,[],['resp_04975a2fc106c7b5006a7398308588819c94f57e5bf52282ff'],True
vote|reduce1|21|0,"[""{\n    \""circle entries report more pervasive student safety and behavioral-crisis problems (bullying, gangs, violence, sexual harassment, drugs) and describe administrative tolerance or ineffective response than square entries\"": \""This groups the many circle examples of fights, weapons, gang/drug incidents, severe bullying/identity‑based harassment, mental‑health crises and repeated claims that staff/administration failed to protect or concealed incidents; it is distinct from administrative recordkeeping or program strength because it specifically centers on on‑campus safety, misconduct, and failure-to-protect rather than broader governance, facilities, or curricular offerings.\"",\n    \""circle entries report more administrative and operational failures (records, scheduling, credits, counselor shortages) and poor parent notification than square entries\"": \""This captures circle reports of registration/credit/grade‑record errors, scheduling nightmares, missing guidance/counseling support, and broken parent‑notification systems — operational service failures different from (a) safety incidents and (b) political favoritism or programmatic strengths because it focuses on transactional, logistical, and documentation breakdowns.\"",\n    \""circle entries report more extensive programmatic strength and measurable college‑preparatory outcomes (AP/IB/dual‑enrollment, awards, and documented college matriculation) than square entries\"": \""This groups concrete circle evidence of broad AP/IB/dual‑credit offerings, named university articulation, scholarship/award lists and measurable college placements, separating curricular/program rigor and postsecondary outcomes from extracurricular/athletic prominence or from administrative/disciplinary dysfunction.\"",\n    \""circle entries portray an athletics‑ and extracurricular‑centered culture with visible funding priorities, athlete privilege, competitive success, and fundraising pressure more than square entries\"": \""This captures circle references to championship teams, large band programs, booster fundraising, athletic facility investments, and allegations of athlete/wealth favoritism (grade/discipline advantages), which is thematically about resource/prioritization and social access distinct from academic program strength, safety failures, or routine operational/recordkeeping breakdowns.\"",\n    \""square entries portray more consistent, caring, and stable teacher/staff engagement and student support than circle entries\"": \""This groups the many square passages praising uniformly attentive teachers, reliable guidance, regular parent communication and steady in‑class support — a classroom‑level consistency and responsiveness pattern that is separate from systemwide governance/operational issues, student‑safety crises, or enumerated program/extracurricular advantages.\""\n}""]",,49.74500107765198,28134,2688,3195,,[],['resp_0347dd526deabeba006a7398317500819d99dc3c7c3cf25fe4'],True
vote|reduce1|12|4,"[""{\n    \""circle entries report greater administrative/staff dysfunction characterized by favoritism, nepotism, retaliation, protection of problematic staff/athletes, grade manipulation, and weak accountability than square entries\"": \""This groups the many reviews that describe governance failures (donor/athlete favoritism, nepotism, cover‑ups, gradebook/transcript manipulation, retaliation, opaque board/district behavior) into a single theme about broken accountability and biased decision‑making; it is distinct from safety, instructional quality, extracurricular breadth, and family‑level support because it specifically targets leadership/governance practices and personnel misconduct rather than student incidents, facilities, or teacher‑level supports.\"",\n    \""circle entries report more pervasive student-safety and behavior problems (bullying, fights, on‑campus substance use, sexual misconduct) with inconsistent or ineffective responses than square entries\"": \""This groups all evidence of violent/unsafe student conduct, gang/drug activity, racial slurs, bullying/harassment and the school’s failure to protect or effectively intervene into a single safety/climate category that is separate from administrative favoritism (which is about governance choices) and separate from instructional or extracurricular strength (which concern programs and teaching).\"",\n    \""circle entries report stronger, better‑documented advanced academic programs and measurable college readiness/outcomes than square entries\"": \""This captures reviews emphasizing AP/IB/dual‑enrollment, quantifiable test/graduation/college‑matriculation metrics and program expansion—an academic‑program/outcomes bucket that is mutually exclusive from governance (accountability/favoritism), safety/climate, facility/extracurricular resource claims, and day‑to‑day personalized supports because it targets curricular rigor and measurable student achievement.\"",\n    \""circle entries report broader extracurricular variety, newer/better facilities and tech, but also explicit resource allocation choices and inequities (sports vs arts) more than square entries\"": \""This groups evidence about concrete program breadth (award‑winning arts, many clubs, strong athletics, construction/renovation, iPads/tech) and explicit funding/prioritization tradeoffs into a facilities/programs bucket that is about material capacity and investments rather than leadership behavior, student safety, classroom pedagogy, or individualized supports.\"",\n    \""circle entries portray more consistent, personalized teacher/staff engagement and family/community supports (small classes, tutoring, after‑school help, parent organizations) than square entries\"": \""This captures reviews describing hands‑on teacher accessibility, small learning communities/houses, active PTO/boosters, and routine remediation/mentoring—a people‑level, day‑to‑day support bucket distinct from programmatic rigor (AP/IB), facility/extracurricular assets, administrative malpractice, and schoolwide safety incidents because it focuses on the relational, individualized supports students and families receive.\""\n}""]",,50.25159978866577,23647,3328,3935,,[],['resp_024db90dfd2b9259006a73983124d481a19b785f63214e0264'],True
vote|reduce1|7|0,"[""{\n    \""circle entries report more frequent serious student safety and discipline failures (bullying, drugs, fights) combined with inconsistent or ineffective staff responses than square entries\"": \""This groups all evidence about on‑campus safety, bullying, substance/gang incidents, fights and attendant staff inaction or inconsistent enforcement — distinct from program/academic strength, facilities, administration misconduct, or community cohesion which are separate buckets.\"",\n    \""Circle entries report stronger and more extensive advanced academic programs, college-prep rigor, and measurable outcomes than square entries\"": \""This captures AP/IB/dual‑enrollment, measurable college acceptances/credits and high‑stakes academic rigor mentioned in reviews and is separable from personalization (tutoring/mentorship), safety, facility detail, or managerial/favoritism complaints.\"",\n    \""Circle entries report more staff and leadership dysfunction—instability, unresponsiveness, selective enforcement/favoritism, punitive or abusive administrators, and uneven teacher quality—than square entries\"": \""This bucket groups governance, nepotism/favoritism, punitive administrative behavior, coverups, turnover and manifestly mismanaged personnel issues, which are about institutional decision‑making and culture rather than physical resources, student safety incidents, academic program breadth, or small‑school community supports.\"",\n    \""circle entries report more concrete operational/resource/facility and demographic details/issues (tuition/lunch costs, outdated buildings, cafeteria quality, athletics spending mismatch, single‑sex status, lack of diversity) than square entries\"": \""This groups tangible, day‑to‑day operational evidence (facilities, HVAC, food hygiene, fees, scheduling, overcrowding, funding allocation and demographic composition) and is intentionally distinct from governance/leadership dysfunction, safety incidents, programmatic academic rigor, or personalized teacher/community supports.\"",\n    \""circle entries emphasize stronger, more personalized teacher/counselor involvement, extracurricular staff engagement, and multigenerational family/community bonds than square entries\"": \""This captures small‑school personalization, named mentor/teacher impacts, routine tutoring/counseling availability, active parent/alumni engagement and community pride — a people‑centered support pattern that is conceptually separate from formal advanced programs, facility/resource statements, safety/crisis incidents, or administrative corruption.\""\n}""]",,50.2575888633728,28280,2880,3377,,[],['resp_0ba19e6bb665a1d7006a739831273881a28dc2e400640d97c6'],True
vote|reduce1|17|0,"[""{\n    \""circle entries report more pervasive student-safety and behavioral problems (bullying, fights, on‑campus substance use, sexual misconduct) with inconsistent or ineffective responses than square entries\"": \""Many raw items document physical fights, thefts, weapons/drug incidents, identity‑based harassment and either adult inaction or inconsistent discipline in circle reviews; this is distinct from administrative/programming themes (below) and from teacher-instruction issues (square-focused), so it stays mutually exclusive.\"",\n    \""circle entries describe stronger, more specialized advanced-academic programs and measurable college‑prep outcomes (AP/IB/dual‑enrollment, career academies, internships, scholarships) than square entries\"": \""A large subset of raw terms detail IB/AP/dual‑enrollment, early‑college, career academies and clear scholarship/college metrics in circle reviews — a concrete program/outcome cluster that is different from safety, governance, extracurricular culture or teacher day‑to‑day instruction.\"",\n    \""circle entries report more administrative and governance dysfunction, favoritism/nepotism, and operational/recordkeeping failures (fees, scheduling, transcripts, opaque discipline, politicized complaint‑handling) than square entries\"": \""Multiple items cite favoritism, nepotism, unfair/exclusionary enforcement, fee/recordkeeping errors and politicized leadership in circle reviews — a governance/operations cluster that is materially different from safety incidents, advanced-program strengths, extracurricular prestige, or basic classroom instruction.\"",\n    \""circle entries emphasize richer extracurricular/arts/athletics ecosystems, selective/legacy/fee dynamics, and athletics‑oriented social hierarchies more than square entries\"": \""Many circle notes call out award‑winning arts, broad club/CTE/sports offerings, active alumni/parent boosters, legacy/admissions/fee pressures and athlete favoritism — a distinct social/programmatic phenomenon separate from academic rigor, safety problems, governance failures, or teacher quality.\"",\n    \""square entries report more teacher disengagement, unqualified instructors, and inconsistent day‑to‑day instructional quality than circle entries\"": \""A coherent cluster of square reviews focus specifically on low pedagogy, ungraded work, out‑of‑field or lazy teachers and poor teacher–parent communication — this instructional‑quality theme is clearly separate from the circle‑focused governance, safety, extracurricular, and advanced‑program patterns.\""\n}""]",,50.40302515029907,28276,2560,3060,,[],['resp_0e241f686f041088006a73983145048192850df2cc1c976d66'],True
vote|reduce1|17|3,"[""{\n    \""circle entries report more frequent and severe student safety and climate failures (bullying, physical assaults, racism, drugs) combined with inadequate or punitive administrative responses than square entries\"": \""This groups the many reports about violence, bullying, gang/drug incidents, targeted discrimination, and administrators either mishandling or over‑punishing those incidents; it is distinct from other buckets because it centers on student safety/climate outcomes and disciplinary response rather than programmatic strength, facilities, governance favoritism, or community cohesion.\"",\n    \""circle entries reveal more staff/administration patterns of favoritism, nepotism, discriminatory or unprofessional conduct, inconsistent responsiveness, grade‑manipulation, and turnover than square entries\"": \""This captures reviewer claims about protected staff/athlete privileges, nepotistic hiring/protection, grade and records manipulation, and unstable or unethical leadership behavior — a governance/staff‑accountability cluster separate from safety incidents, program offerings, enrollment/facility pressures, or small‑school community positives.\"",\n    \""circle entries report greater overcrowding, noticeable facility degradation, and resource misallocation (athletics/appearance prioritized over academic needs) than square entries\"": \""This groups concrete operational and infrastructure evidence — overcrowded classes, short lunch periods, pest/cleanliness problems, deferred maintenance, and visible funding choices (athletics/vanity spending) — and is confined to physical capacity and resource allocation rather than personnel favoritism, student safety, academic programming, or community culture.\"",\n    \""circle entries describe stronger, explicit college‑preparatory and advanced academic programs and measurable outcomes than square entries\"": \""This covers AP/IB/dual‑enrollment, specialized academies/CTE, documented scholarship/college placements, and measurable academic rigor — a programmatic/outcome cluster focused on curricular strength and postsecondary results that is conceptually separate from safety, administration/favoritism, facilities, or community intimacy.\"",\n    \""circle entries more often portray a small/selective/specialized school structure with personalized teacher–student relationships and strong local/multigenerational ties than square entries\"": \""This groups mentions of small class size, private/tuition-like/selective enrollment, active alumni/parent fundraising, close mentorship, and tight community traditions — a social/community and personalization theme that is distinct from infrastructure issues, governance misconduct, safety crises, or advanced academic program strength.\""\n}""]",,50.64153599739075,28233,2752,3279,,[],['resp_00f9a5bd9666b810006a73983142f481a0a5691a7fd53c8799'],True
vote|reduce1|0|3,"[""{\n    \""circle entries report stronger, more concrete advanced/college‑preparatory and career/vocational programming and measurable postsecondary outcomes than square entries\"": \""Many raw items describe named AP/IB/magnet/dual‑credit/CTE academies, explicit college placements and vocational licensure tied to in‑school programs — this is a distinct programmatic/outcome axis (curriculum & measurable postsecondary results) that does not overlap with governance, safety, staffing variability, or facility/operational problems.\"",\n    \""circle entries report more administrative and governance dysfunction, punitive policy enforcement, and poor parent/operational communication than square entries\"": \""Numerous reviews allege nepotism, cover‑ups, dishonest leaders, punitive enforcement and broken parent‑facing processes; these are governance/decision‑making and policy‑response failures (who runs the school and how), which is separate from physical facilities, classroom instruction, student safety incidents, or teacher‑level variability.\"",\n    \""circle entries report more pervasive safety, bullying, drug/sexual‑assault incidents and staff‑misconduct that are ineffectively handled than square entries\"": \""A large cluster of raw items describe frequent fights, drug use, identity‑based harassment, sexual/abuse allegations and ineffective or absent disciplinary response — a discrete safety/discipline climate theme that is about student harm and incident response rather than program breadth, facilities, or governance mechanics.\"",\n    \""circle entries exhibit more polarized and explicitly named staff behaviors (both strong caring/mentorship and hostile/unprofessional conduct) and higher intra‑school variability than square entries\"": \""Many circle reviews simultaneously name standout, highly supportive teachers/coaches and also document unprofessional, bullying or vindictive staff and highly uneven teacher quality — this internal staff‑behavior polarization is a distinct pattern (variability and coexisting extremes) separate from governance failures, safety incidents, program offerings or facility conditions.\"",\n    \""circle entries report more concrete operational and facility shortcomings (outdated curriculum/technology gaps, missing textbooks, overcrowding, cleanliness/food safety problems, parking/traffic hazards, and mixed renovation/funding narratives) than square entries\"": \""Raw terms repeatedly give site‑level, day‑to‑day operational complaints and mixed capital narratives (bedbugs, crowded lunches, outdated books, new builds vs decay) — these are physical/logistical/resource problems distinct from leadership behavior, student safety incidents, teacher polarization, or academic program strength.\""\n}""]",,51.149230003356934,27639,3200,3742,,[],['resp_0f7e2eaa83f1d1e0006a7398307228819da3c9dbe83400cea0'],True
vote|reduce1|1|0,"[""{\n    \""circle entries document greater administrative dysfunction, unresponsiveness, instability, and governance/favoritism problems than square entries\"": \""Groups the many reviews alleging leadership failures (lies, cover‑ups, turnover, nepotism, misallocated funds and opaque board behavior); this is about governance/policy-level dysfunction and is distinct from (a) student safety incidents, (b) physical/resource failures, (c) programmatic academic strength, and (d) front‑line teacher/counselor responsiveness.\"",\n    \""circle entries report more pervasive student behavioral problems, bullying, racial/identity harassment, substance use, and safety/climate failures than square entries\"": \""Collects accounts of fights, pervasive bullying, racial slurs/identity‑based exclusion, drugs/gang presence, severe harassment/assault or privacy violations and inconsistent or punitive discipline—a safety/climate category that is conceptually separate from administrative governance, facilities/logistics, program offerings, or individualized teacher supports.\"",\n    \""circle entries describe stronger advanced academic, vocational, and extracurricular program offerings and measurable college‑preparation outcomes than square entries\"": \""Captures the numerous reports of AP/IB/CTE/dual‑credit pathways, award‑winning arts/athletics, scholarships, rankings and college matriculation—this program‑quality/outcomes cluster is about curricular and pathway strength and does not overlap with safety incidents, admin mismanagement, facilities logistics, or frontline mentoring.\"",\n    \""circle entries report more concrete operational/facility and logistics details and complaints (transportation punctuality, pickup delays, lunch/food quality, bathrooms, trailers, device rollouts, overcrowding) than square entries\"": \""Groups the tangible infrastructure and operational failures (mold, HVAC, overcrowding, buses, lunch/tech/bathroom problems, scheduling/records errors and fee practices); these material and logistical problems are distinct from governance, school‑climate/safety, program strength, and teacher‑level caregiving.\"",\n    \""Circle entries report more hands‑on teacher commitment, individualized support, active parent communication, and special‑education success than square entries\"": \""Aggregates evidence of sustained one‑on‑one teacher availability, after‑school tutoring, proactive counselor/IEP follow‑through and strong parent‑facing communication—this frontline, relational student‑support theme is about people‑level care and is mutually exclusive from governance, physical resources, safety/climate crises, or institutional program offerings.\""\n}""]",,51.47092890739441,28177,2880,3406,,[],['resp_0b90c2e3de71b4bc006a739830bdd481a0870f12cad2ca6d61'],True
vote|reduce1|1|3,"[""{\n    \""circle entries report more safety/discipline problems together with administrative complicity, favoritism, nepotism, retaliation, or opaque governance than square entries\"": \""Captures the cluster of reviews documenting fights, bullying, drug/weapon incidents and linked claims that administrators protect favorites, play politics, or mishandle complaints—distinct from facility, program, or purely academic themes because it centers on student-safety incidents plus governance/response dynamics.\"",\n    \""circle entries report worse physical infrastructure, overcrowding, and resource shortfalls (maintenance, pests, HVAC, instructional materials, technology/crowding tradeoffs) than square entries\"": \""Groups the material complaints about buildings, pests, overcrowded classrooms, busing/transport gaps, and outdated tech/textbooks into a facility/resource bucket that is materially different from safety incidents, administrative favoritism, academic programming, or extracurricular prominence.\"",\n    \""circle entries describe stronger, more explicitly‑documented advanced academic, vocational, and college‑preparatory programs (IB, dual‑enroll, CTE, arts, internships) than square entries\"": \""Collects the numerous concrete programmatic claims—AP/IB/dual‑credit, vocational certifications, CTE pathways and measurable college outcomes—into one academic-program strength bucket that is separate from extracurricular culture, safety, or administration issues.\"",\n    \""circle entries report more administrative unresponsiveness, favoritism/cronyism, recordkeeping/grade‑manipulation and operational/financial mismanagement than square entries\"": \""Isolates governance and operational dysfunction (closed‑door policies, nepotistic hiring, fundraising/fee opacity, lost records, alleged grade or credit manipulation) as an organizational‑integrity theme distinct from on‑the‑ground facilities, student safety, or program-quality descriptions.\"",\n    \""circle entries report greater extracurricular breadth, athletics/band prominence, booster/fundraising visibility and community/alumni engagement (sometimes prioritized over academics) than square entries\"": \""Captures the many concrete statements about award‑winning bands, strong FFA/CTE competitions, state athletic titles, booster fundraising and alumni traditions into a single extracurricular/community prominence bucket that is not the same as academic rigor, facilities, safety, or governance complaints.\""\n}""]",,52.14548301696777,28022,2880,3345,,[],['resp_0abbae8eb7860ae6006a739830a084819f8dd38fe0df0a2703'],True
vote|reduce1|9|4,"[""{\n    \""circle entries emphasize small-school personalization, sustained teacher mentoring, alumni/community bonds and parent operational involvement more than square entries\"": \""This groups reviews that repeatedly describe small-enrollment, one‑on‑one teacher support, long multi‑generational ties, and formal parent/volunteer requirements — a distinct operational/community dynamic that is about staffing scale and family engagement rather than safety, governance, academic rigor, or extracurricular breadth, so it does not overlap with the other buckets.\"",\n    \""circle entries report pervasive safety, bullying, harassment, substance‑use, and discriminatory/toxic student‑climate problems with administrative inaction more than square entries\"": \""This isolates the large cluster of reports about fights, gangs, drug incidents, daily bullying, bias‑based harassment and staff/administration failure to protect or respond — a student‑safety/climate pattern that is conceptually separate from program offerings, extracurricular quality, or administrative procedural failures.\"",\n    \""circle entries describe stronger, more extensive advanced academic programs, specialized pathways, and measurable college‑prep outcomes than square entries\"": \""This captures reviews that cite plentiful AP/IB/dual‑enrollment, CTE/vocational pathways, documented college placements and transferable credits — an academic‑program/outcome axis distinct from extracurricular acclaim, small‑school personalization, safety incidents, or governance complaints.\"",\n    \""circle entries report more administrative and governance dysfunction plus operational failures in support services (turnover, secrecy, favoritism, misallocation, cover‑ups, counselor/scheduling/records breakdowns) than square entries\"": \""This groups accounts of leadership churn, nepotism/favoritism, grade/record manipulation, withheld information and logistics failures (buses, transfers, counseling), which are organizational and policy problems separate from student behavior/climate, classroom program strength, extracurricular offerings, or personalization.\"",\n    \""circle entries emphasize broader, higher‑achievement extracurricular arts and athletics programs than square entries\"": \""This groups reviews that specifically praise high‑quality bands, theater, championship sports, FFA/JROTC and booster activity — focused on breadth and competitive achievement in extracurriculars rather than academic course depth, school safety, governance dysfunction, or one‑to‑one personalization.\""\n}""]",,52.14513063430786,24301,2752,3244,,[],['resp_04f5f18a82f24c72006a73983115ac81a1b293fe25a03da802'],True
vote|reduce1|1|1,"[""{\n    \""circle entries report more pervasive student safety and behavior problems (bullying, fights, substance use, harassment) than square entries\"": \""This bucket groups the many raw items describing on‑campus violence, bullying, drugs/vaping, racial/sexual harassment and poor crisis response — it is focused strictly on student safety and peer‑misconduct incidents and deliberately excludes items about academics, governance, facilities, or community/parent engagement so it does not overlap with those other buckets.\"",\n    \""Circle entries describe stronger advanced academic programs and college-prep outcomes than square entries\"": \""This bucket captures reviews that describe concrete academic offerings and measurable postsecondary outcomes (AP/IB/dual‑enrollment, scholarships, high‑test scores, college matriculations) and is explicitly about curricular rigor and outcomes rather than safety, facilities, governance, or community culture, keeping it distinct from the other four buckets.\"",\n    \""circle entries report a stronger familylike community, visible school spirit, parental/alumni engagement, and personalized student support than square entries\"": \""This bucket groups evidence about small‑school personalization, active parent/alumni groups, faith/multigenerational identity, teacher mentorship and visible school spirit — it is limited to relational/community features and excludes discussion of academic program strength, safety incidents, governance corruption, or physical/operational resourcing.\"",\n    \""circle entries report more governance opacity, favoritism, and administrator misconduct (cover-ups, nepotism, PR manipulation) than square entries\"": \""This bucket groups administrative and governance problems — nepotism, favoritism in admissions/extracurriculars, billing/record errors, opaque board/district behavior and alleged cover‑ups — and is intentionally separated from safety, academics, community warmth, or facilities/operational breakdowns because it concerns decision‑making and power, not those other domains.\"",\n    \""circle entries report more facility, operational, and instructional-resource shortfalls (including overcrowding and technology gaps) than square entries\"": \""This bucket collects concrete operational and capital/resource issues (deteriorating buildings, sanitation, HVAC, overcrowding, busing/drop‑off logistics, scheduling, fees, outdated textbooks/tech) and is explicitly about physical and process capacity rather than student safety incidents, program quality, governance conduct, or community/relationship dynamics.\""\n}""]",,52.227659940719604,28437,2752,3245,,[],['resp_046d92f06d160de7006a73983091e8819fa571525452d1db91'],True
vote|reduce1|8|2,"[""{\n    \""circle entries describe stronger, broader academic and career‑technical programmatic offerings and measurable college‑prep outcomes more than square entries\"": \""Groups many raw terms about AP/IB/dual‑enrollment, CTE/academy pathways, measurable college matriculation and named-program breadth — this bucket is focused on institutional academic/program offerings and outcomes and is distinct from staff responsiveness, safety, governance, or community/tuition dynamics.\"",\n    \""circle entries report more pervasive student misconduct, bullying, harassment, and safety incidents (with ineffective or inconsistent staff response) than square entries\"": \""Captures the large cluster of reviews describing bullying, fights, racial/sexual harassment, substance use and violent incidents and weak protection — this bucket is explicitly about student safety and climate, not about academic programs, administrative governance, facilities, or individualized supports.\"",\n    \""circle entries report more administrative/governance dysfunction and operational/resource-management failures than square entries\"": \""Aggregates evidence about favoritism/nepotism, opaque/punitive financial or transcript policies, politicized boards, recordkeeping/transcript holds and leadership turnover — this bucket targets governance and mismanagement (distinct from physical facilities, student-safety, or classroom-level supports).\"",\n    \""circle entries report more proactive, personalized student supports and staff‑to‑family communication (tutoring, small classes, counselors, one‑on‑one remediation) than square entries\"": \""Groups instances of scheduled tutoring, small‑class individualization, counselor availability, morning help labs and proactive follow‑up — this bucket isolates frontline, instructional/counseling supports that differ from structural program offerings, governance failures, safety incidents, or community/tuition dynamics.\"",\n    \""circle entries depict stronger local community identity, extracurricular emphasis, and socioeconomic/clique dynamics (including faith identity and tuition pressures) than square entries\"": \""Collects reviews about tight alumni networks, strong school spirit/athletics/band, tuition/selection models, faith-based identity, and insider/wealth/clique gatekeeping — this bucket is about social/community culture and selection dynamics, separate from academics, safety, governance, or classroom-level supports.\""\n}""]",,52.250924825668335,27767,2752,3191,,[],['resp_0cd0bef324e20575006a73983147e481a0b5de19c6d637b495'],True
vote|reduce1|18|2,"[""{\n    \""circle entries describe stronger and more numerous structured academic pathways—AP/IB/STEM, dual‑enrollment, and vocational/career programs (and explicit college‑prep outcomes)—than square entries\"": \""Bundles numerous raw terms about AP/IB/dual‑credit, CTE/academy tracks, scholarships and documented college matriculation into a single ‘programmatic/college‑prep strength’ theme; this is distinct from staffing, safety, facility, or community culture topics because it specifically concerns curriculum pathways and measurable postsecondary outcomes.\"",\n    \""circle entries report more pervasive student safety and behavioral problems and ineffective disciplinary responses than square entries\"": \""Groups the many reports of fights, bullying, gang/drug activity, identity‑based harassment, and descriptions of punitive or inconsistent discipline into one safety/behavior climate bucket; this is clearly separable from administrative governance (policy/favoritism), physical facilities, teacher mentorship, or academic-program strength.\"",\n    \""circle entries report more administrative and operational dysfunction (records, front‑office rudeness, punitive credit/enrollment practices, fees, facilities, and logistics) than square entries\"": \""Collects all evidence of governance failures, withholding transcripts/fees, rude/unresponsive offices, scheduling/record mistakes, politicized board actions and related operational breakdowns into one administration/operations bucket that is distinct from safety incidents, physical building condition, curricular offerings, or community warmth.\"",\n    \""circle entries describe stronger, more personalized teacher/counselor involvement, extracurricular staff engagement, and multigenerational family/community bonds than square entries\"": \""Captures recurring raw items about small‑school personalization, named teacher/counselor mentoring, extensive parent/alumni volunteerism, long‑term family enrollment and community support as a single community/relationship bucket that is not about facilities, admin misconduct, safety incidents, or curricular depth.\"",\n    \""circle entries contain more specific, concrete facility and resource observations (either recent capital upgrades and modern tech or severe disrepair, cleanliness and security failures) than square entries\"": \""Aggregates all concrete, on‑the‑ground resource and facility details (renovations, 1:1 devices, infestations, broken HVAC, overcrowding, food safety, security infrastructure) into one physical‑resource bucket that is materially different from governance/fees, safety/discipline climate, academic program strength, or parent/teacher relationships.\""\n}""]",,52.4493408203125,27826,2880,3403,,[],['resp_0d22ba6e768151bd006a739831419c819ca646c0297f8038d2'],True
vote|reduce1|9|2,"[""{\n    \""circle entries report greater teacher accessibility, individualized support, and small‑school/closer community engagement than square entries\"": \""This bucket captures the many Circle reports of small class sizes, one‑on‑one tutoring, visible counselors/advisors, hands‑on mentorship and family‑style school ties—an operational pattern (teacher/counselor availability and personalization) that is substantively different from program breadth, discipline/safety incidents, facility problems, or governance/favoritism issues covered by the other buckets.\"",\n    \""circle entries report more systemic administrative governance problems and favoritism (nepotism, unethical finance/policy motives, transfer/athlete favoritism, obstruction of parent initiatives) than square entries\"": \""This bucket groups Circle claims about board/district/leadership corruption, nepotistic hiring, preferential treatment of athletes/alumni, opaque finances and recordkeeping failures—organizational/governance failures that are distinct from front‑line teacher support, student safety incidents, facility/resource shortfalls, or academic-program strength.\"",\n    \""circle entries report more pervasive student‑safety and behavioral problems (gangs, frequent fights, drug/vaping use, pervasive bullying and tolerated slurs) than square entries\"": \""This bucket consolidates raw terms documenting actual safety/discipline incidents, identity‑based harassment, substance and theft problems and frequent administrative failure to protect students—concrete climate and conduct issues that are separate from governance problems, curricular offerings, extracurricular prominence, or teacher mentorship.\"",\n    \""circle entries report greater extracurricular breadth, athletics/band prominence, facility investment, and visible community/fan engagement than square entries\"": \""This bucket groups Circle evidence about extensive clubs/arts/athletics, high‑profile band/FFA/ROTC achievements, booster/parent fundraising and visible game‑day spirit—program visibility and community engagement patterns that are operationally different from academic rigor, safety climate, facilities maintenance, or governance behaviors.\"",\n    \""circle entries report stronger advanced academic programs and measurable college‑prep outcomes than square entries\"": \""This bucket captures Circle statements about AP/IB/dual‑enrollment/CTE pathways, higher standardized‑test metrics, National Merit/college scholarship outcomes and explicit college‑prep counseling—academic program strength and measurable student outcomes that are distinct from teacher availability, extracurricular prominence, safety incidents, or administrative favoritism.\""\n}""]",,52.845170736312866,27935,2880,3406,,[],['resp_053b3f393770befc006a73983121f4819fb32cd4a271c942c5'],True
vote|reduce1|11|1,"[""{\n    \""circle entries contain more concrete facility/operational/resource detail—both positive investments and negative infrastructure/capacity problems—than square entries\"": \""Groups many raw items about physical plant, capital projects, technology, overcrowding, food/hygiene, scheduling logistics, buses, HVAC, pest problems and other operational breakdowns into a single resource/facility bucket that is distinct from governance, safety, instruction, or program-strength issues.\"",\n    \""circle entries report worse student safety and school‑climate problems (bullying, racial slurs, substance use, gangs/weapons, suicides) and inconsistent discipline enforcement than square entries\"": \""Captures all evidence about peer‑to‑peer harm, identity‑based harassment, fights/drugs/self‑harm and adult failure to intervene; this cluster is about student safety and climate and is intentionally separate from administrative governance, facility problems, teacher supports, or curricular strengths.\"",\n    \""circle entries document greater administrative dysfunction, unresponsiveness, instability, and governance/favoritism problems than square entries\"": \""Groups allegations of nepotism, cronyism, biased enforcement, recordkeeping/credit failures, adversarial parent relations, board/leadership churn and opaque fiscal/policy choices—organizational/governance failures that are distinct from classroom instruction, facility conditions, student‑safety incidents, or academic program descriptions.\"",\n    \""circle entries describe stronger organized academic/extracurricular programming, facility and technology investments, and measurable college/CTE pathways than square entries\"": \""Aggregates the many specific, positive programmatic signals (AP/IB/dual‑enrollment, academies, CTE certifications, award‑winning band/arts, alumni/college placements and explicit college outcomes) into a single ‘program strength/outcomes’ bucket that does not overlap with teacher availability, safety/climate, governance problems, or facilities/operational detail.\"",\n    \""circle entries report more consistent, proactive teacher‑level academic support and accessibility (after‑school tutoring, parent‑facing availability, counselors who follow up) than square entries\"": \""Isolates evidence about hands‑on instructional and counselor behaviors (small classes, teachers staying late, morning labs, parent communication, individual remediation) so it remains distinct from systemic governance issues, program breadth/outcomes, facilities, or safety/climate concerns.\""\n}""]",,53.49266982078552,28429,2688,3190,,[],['resp_09c8e024a82dbc41006a7398315ba08192b5f2b7d253efeef0'],True
vote|reduce1|20|0,"[""{\n    \""circle entries report more pervasive bullying, sexual/LGBT/race‑targeted harassment, violent safety incidents, and ineffective incident response than square entries\"": \""This groups all raw terms describing student‑safety failures (bullying, assaults, gangs, drugs, identity‑based harassment, sexual‑assault reports and stalkings) plus descriptions of inadequate or punitive adult responses — a discrete climate/safety pattern that is about student harm and incident handling and is conceptually distinct from administrative governance, instructional quality, facilities, or program‑offerings.\"",\n    \""square entries report more teacher disengagement, inconsistent instruction/remediation, and administrative neglect leading to poor academic support and college readiness than circle entries\"": \""This captures the cluster of raw terms where square reviews emphasize weak daily instruction, uncaring or unprofessional teachers, poor remediation/tutoring, and curricular under‑preparation for college — an instructional/support quality theme that is about classroom practice and student learning rather than safety, governance, facilities, or advanced programs.\"",\n    \""circle entries report stronger, broader advanced‑academic and college‑preparation offerings and measurable outcomes (AP, full AP catalogs, ECE/dual‑enrollment, rankings, tangible college matriculation) than square entries\"": \""This groups raw terms documenting concrete curriculum strength — extensive AP/IB/dual‑credit/CTE pathways, National Merit/college matriculation, internships and measurable postsecondary outcomes — a programmatic/outcome cluster that differs from safety, teacher day‑to‑day quality, admin favoritism, or physical resource problems.\"",\n    \""circle entries report more chronic facilities, resource, and operational shortfalls (overcrowding, HVAC/pests, missing materials, mandatory fees and opaque charges) than square entries\"": \""This bucket collects concrete physical and operational resourcing evidence (mold/roaches/heat/AC, overcrowding and parking, missing textbooks, 1:1 tech rollouts or lack thereof, tuition/fees/opague fundraising) — concrete capital/logistics/resource issues distinct from governance/favoritism, instructional quality, extracurricular program breadth, or safety incidents.\"",\n    \""circle entries report more administrative and staff dysfunction (poor responsiveness, disorganization, favoritism, turnover, low pay and morale) than square entries\"": \""This groups governance‑level evidence — nepotism/favoritism, coverups, recordkeeping/IEP failures, high principal turnover, rude/unresponsive administrators and politicized boards — a leadership/governance theme that is separate from facility shortages, direct safety incidents, classroom instruction quality, or the existence of advanced academic programs.\""\n}""]",,53.52863121032715,27911,3008,3601,,[],['resp_090a86437a5a2a5c006a739831445c81a290b6df35fb4bfafe'],True
vote|reduce1|3|2,"[""{\n    \""circle entries report more facility, capacity, and operational failures (crowding, maintenance, logistical breakdowns) than square entries\"": \""Many raw terms document concrete building, sanitation, overcrowding, scheduling, transportation, and budget‑allocation breakdowns at circle schools (e.g., locked/restroom/food problems, overcrowded classes, lost records) — this bucket is distinct from staff/discipline or programmatic strength because it focuses on physical/infrastructure and day‑to‑day operations rather than personnel behavior or curricular offerings.\"",\n    \""circle entries report more administrative unprofessionalism, favoritism/nepotism, punitive billing/withholding and opaque communication than square entries\"": \""Numerous circle reviews allege nepotism, protected staff, opaque fees/receipts, withheld information, and front‑office rudeness — this groups governance/office practice failures and is kept separate from facility issues, safety/bullying, instructional quality, or extracurricular/program descriptions.\"",\n    \""circle entries report more pervasive student safety, bullying, gang, drug and violent‑incident problems and more frequent ineffective enforcement than square entries\"": \""A large cluster of circle items documents fights, vaping/drug use, overdoses, racial harassment, police presence, and adults failing to protect victims — this safety/behavioral‑management theme is conceptually different from administrative corruption, infrastructure breakdowns, or academic/program strength.\"",\n    \""circle entries document stronger, concrete advanced academic and career‑pathway programming and measurable postsecondary outcomes (AP/IB/dual‑enrollment, career academies, internships, scholarship totals) than square entries\"": \""Many circle reviews list AP/IB/dual‑enrollment, named academies, vocational/CTE pathways and explicit college‑credit outcomes, distinguishing programmatic academic breadth/college‑prep from both small‑school personalization and from general claims about teacher responsiveness or administrative conduct.\"",\n    \""circle entries emphasize a smaller, close‑knit, family‑like community, higher personalized attention, and active alumni/parent involvement more than square entries\"": \""Multiple circle comments describe small‑school personalization, 1:1 help, strong alumni ties, and active parental fundraising/participation — this captures community intimacy and individualized supports and is intentionally separated from (a) formal advanced academic program strength and (b) operational, safety, or governance problems.\""\n}""]",,53.61504316329956,27948,2880,3420,,[],['resp_044d3ac1d45556ff006a7398314658819d982a2a68326547ed'],True
vote|reduce1|16|4,"[""{\n    \""circle entries report more student-safety incidents, bullying, substance use, gang fights and weak or inconsistent disciplinary responses than square entries\"": \""Groups of reviews cluster strongly around concrete safety/climate failures (bullying, fights, drugs, sexual harassment, staff-on-student abuse and administrators failing to protect) — a student‑safety theme that is about incident prevalence and response and does not overlap with resource, programmatic, governance, or extracurricular descriptions.\"",\n    \""circle entries report more institutional favoritism, nepotism, biased discipline, conflicts of interest, and governance failures than square entries\"": \""A distinct cluster documents adult‑level governance and equity breakdowns (protected students/staff, nepotism, biased punishments, cronyism and politicized board/district behavior) — this is about who gets power/protection and policy fairness, not about physical resources, curricular strength, extracurricular offerings, or isolated safety incidents.\"",\n    \""circle entries report more concrete facilities, funding, and resource shortfalls (outdated buildings/technology, missing textbooks, cafeteria/food issues, overcrowding) than square entries\"": \""Many reviews supply specific operational evidence (overcrowded classes, trailers, bad food, HVAC/cleanliness, bus and grading logistics and supply shortages) — an infrastructural/operational bucket focused on material shortages and maintenance, separate from governance, safety, academics, or extracurricular identity.\"",\n    \""circle entries report stronger advanced-academic programs, college-preparatory pathways, measurable postsecondary outcomes, and tech-enabled instruction than square entries\"": \""A large set of items consistently documents substantive academic offerings and outcomes (IB/AP/dual‑credit, college credits earned, measurable test/college placement, vocational pathways and tech integration) — this is a programmatic academic‑rigor and outcomes theme distinct from safety, governance, facilities, or extracurricular/community activity.\"",\n    \""circle entries report more robust extracurriculars, athletics success, alumni/booster engagement, and career/vocational pathways than square entries\"": \""Numerous reviews highlight organized extracurricular strength and community/alumni involvement (award‑winning arts/band, athletic prominence, boosters, JROTC and CTE pathways), capturing the school’s social identity and external support distinct from core academics, governance failures, safety incidents, or facility deficits.\""\n}""]",,53.86662983894348,24619,2880,3363,,[],['resp_05b685961bb73456006a73983136688191a76e96a01c13edcd'],True
vote|reduce1|16|2,"[""{\n    \""circle entries describe stronger advanced-academic offerings and measurable college/postsecondary outcomes than square entries\"": \""Many raw terms document AP/IB/dual‑enrollment, college credits, scholarship totals and measurable matriculation in circle reviews—this bucket is focused specifically on institutional academic program strength/outcomes and is distinct from buckets about facilities, safety, admin behavior, or community culture.\"",\n    \""circle entries report more pervasive student‑safety problems, bullying, racist incidents, substance use, and staff misconduct than square entries\"": \""A large cluster of circle items describe violence, frequent fights, bullying, racial/sexual harassment, drugs/overdoses and staff inaction—this bucket is about on‑campus safety and victimization and is not the same as administrative mismanagement, facilities deficits, academic programming, or community/parent engagement.\"",\n    \""circle entries report greater administrative/staff dysfunction, favoritism, nepotism, recordkeeping failures, and punitive/opaque governance practices than square entries\"": \""Many circle items allege nepotism, favoritism for athletes/donors, cover‑ups, lost records/credits, punitive/secretive policies and governance problems—this bucket captures personnel, governance and procedural misconduct distinct from physical facilities, student safety incidents, academic programs, or community culture.\"",\n    \""circle entries report more facility, maintenance, overcrowding, hygiene, technology and transportation/resource breakdowns than square entries\"": \""Numerous raw terms in circle note broken HVAC/plumbing, overcrowding, outdated textbooks, failed tech rollouts, cafeteria/food and busing failures and renovation/upgrade patterns—this bucket is confined to tangible infrastructure and operational resourcing problems separate from safety, governance, academics, or community/ extracurricular identity.\"",\n    \""circle entries report stronger small‑school/family‑style community, higher parental/alumni engagement, and broader extracurricular/arts/athletics prominence (often with attendant favoritism) than square entries\"": \""A clear cluster of circle reviews emphasizes familylike culture, multigenerational ties, visible school spirit, active boosters and rich extracurricular/arts/athletics programs (sometimes coupled with fundraising/athlete privilege), which is a community/engagement/program-identity dimension distinct from academic rigor, safety, administration, or facilities.\""\n}""]",,53.94863295555115,28442,3200,3698,,[],['resp_086f94a08e23ad9b006a7398314514819faaee9673d61c4437'],True
vote|reduce1|16|0,"[""{\n    \""circle entries describe more administrative and operational dysfunction (nepotism, unresponsiveness, record-keeping failures, punitive exclusion, and metric manipulation) than square entries\"": \""This groups the many reports of biased/hierarchical governance, protected staff, transcript/credit errors, opaque billing/fee practices, and adversarial parent–administration relations into a single governance/operations bucket that is distinct from facility problems, safety incidents, extracurricular strength, or academic-program claims (those are separate operational or programmatic issues, not governance/favoritism failures).\"",\n    \""circle entries report more pervasive bullying, racial harassment, student violence, and inconsistent or ineffective discipline enforcement than square entries\"": \""This captures all reviewer evidence about student-safety climate (bullying, fights, drugs/overdoses, racism, police involvement) and failures or unevenness in discipline/anti‑bullying responses — a distinct theme about safety and enforcement that is not the same as governance/recordkeeping, physical facilities, program breadth, or academic rigor.\"",\n    \""circle entries describe stronger advanced-academic programming and measurable postsecondary supports (AP/IB/dual-credit, active counselors, scholarships, college-credit outcomes) than square entries\"": \""This groups concrete, curricular/college‑prep evidence (AP/IB/dual-enrollment, documented matriculations, scholarship/college‑recruitment notes and counselor-driven pathways) into a single academic-programs/outcomes bucket that is conceptually distinct from extracurricular breadth, safety, facilities, or administrative malpractice.\"",\n    \""circle entries highlight broader, higher‑profile extracurriculars, fine arts/band excellence, and an athletics‑dominant culture (including booster/financial dynamics) more than square entries\"": \""This bucket collects descriptions of clubs, award‑winning arts/band, championship athletics, booster fundraising and athletics‑first prioritization — programmatic and cultural resource/prioritization evidence that differs from physical infrastructure problems, governance failures, safety incidents, or the school’s advanced academic offerings.\"",\n    \""circle entries report more acute facilities, infrastructure, and operational/logistics problems (overcrowding, trailers, HVAC/pest/sanitation, busing, scheduling) than square entries\"": \""This groups concrete, material/operational constraints (overcrowded classrooms, broken HVAC/bathrooms, transportation, scheduling/record errors viewed as logistics) into a facilities/logistics bucket that is separable from governance/favoritism issues, safety/climate incidents, programmatic strength, or extracurricular descriptions.\""\n}""]",,54.82077097892761,28045,2880,3435,,[],['resp_0ea90884e48cfe3b006a7398313c7481919d7fefca91a8aab0'],True
vote|reduce1|20|3,"[""{\n    \""circle entries report stronger advanced academic programs and measurable college‑prep outcomes than square entries\"": \""This groups reviews that describe concrete academic offerings, AP/IB/dual‑enrollment, documented college acceptances and measurable outcomes — a distinct theme about curricula and postsecondary results that does not overlap with safety, facilities, governance, or community/fundraising issues.\"",\n    \""circle entries report more pervasive bullying, harassment, discrimination, sexual‑assault allegations and ineffective institutional responses than square entries\"": \""This captures reviewer accounts of student‑safety and hostile climate incidents plus failures to protect victims — a distinct cluster about student harm and enforcement (not the same as resource shortages, academic program strength, admin favoritism, or parental engagement).\"",\n    \""circle entries report more facility, operational, and resource-allocation problems (crowding, sanitation, food safety, misallocated spending, and punitive fees) than square entries\"": \""This groups concrete, day‑to‑day operational and material complaints (overcrowding, broken tech, lunch/transport problems, sanitation and funding allocation concerns) which are materially different from governance/favoritism, safety incidents, extracurricular prestige, or curriculum strength.\"",\n    \""circle entries show stronger, more active parental/alumni/community engagement, fundraising and school traditions (including both supportive volunteerism and clique/elitist parental dynamics) than square entries\"": \""This groups evidence about community dynamics — boosters, multigenerational attendance, fundraising, faith traditions and social hierarchies — which is about external/community social capital and culture rather than internal operations, safety, governance misconduct, or academic program metrics.\"",\n    \""Circle entries report more staff/administration misconduct, governance dysfunction, favoritism, cover‑ups, and misallocation of resources than square entries\"": \""This isolates governance and staff‑misconduct patterns (nepotism, biased enforcement, recordkeeping/registration failures, punitive/secretive policies) that are organizational and policy‑level problems distinct from facilities/operations, student safety incidents, community engagement, or academic-program strength.\""\n}""]",,55.15213108062744,28187,2816,3279,,[],['resp_0ca21c1ea8a0b7e9006a73983168f081a09215aa21e86d0127'],True
vote|reduce1|23|2,"[""{\n  \""circle entries report more frequent and more severe student-safety, bullying, and discrimination incidents (and more accounts of administration dismissing or mishandling those incidents) than square entries\"": \""Groups all evidence of on-campus danger and hostile student climate (fights, bullying, sexualized misconduct, gang/drug activity, racial harassment) plus reviewers' claims that staff/admin fail or retaliate when incidents are reported; this is distinct from governance/favoritism (who runs the school) or facilities/resource problems (physical breakdowns) because it is about student safety, behaviors, and immediate incident-handling rather than finance, programming, or maintenance.\"",\n  \""circle entries report more administrative mismanagement, favoritism/nepotism, secrecy and operational failures (data manipulation, billing/records errors, selective enforcement) than square entries\"": \""Groups complaints about governance and procedural malpractice (grade/credit errors, nepotistic hiring, donor/athlete favoritism, opaque fees, retaliation, lost records), which is about how decisions and rules are administered rather than about physical facilities, curricular breadth, or student-safety incidents (these may overlap in anecdotes but the core evidence addresses governance/recordkeeping/fairness).\"",\n  \""circle entries report stronger advanced academic, vocational, and college/career-preparation programs than square entries\"": \""Captures the cluster of concrete academic-program strengths (AP/IB/dual‑enrollment, CTE pathways, measurable scholarship/college outcomes and deliberate college-prep supports) and is kept separate from extracurricular/athletics breadth and from teacher/counseling responsiveness because it focuses on formal curricular pathways and measurable postsecondary results.\"",\n  \""circle entries emphasize broader extracurricular offerings, athletics/facilities prominence, and visible resource allocation controversies more than square entries\"": \""Groups reports of wide arts/club/athletic rosters, high‑profile championships, new stadiums or flagship programs and linked complaints that funds/priority favor athletics or exclusory access—this is about program breadth and visible funding choices, not about facility breakdowns (maintenance) or governance misconduct (which are separate buckets).\"",\n  \""circle entries report more chronic facilities, health, and operational resource failures than square entries\"": \""Collects concrete, material/operational problems (no AC/boilers, unsanitary pools/restrooms, missing textbooks/supplies, overcrowding, late buses, tuition/fee burdens) and is distinct from governance/favoritism (why failures happen) and from academic/program strength (what programs exist) because it concerns the physical/operational condition and daily logistics experienced on campus.\""\n}""]",,55.433465003967285,27969,2880,3460,,[],['resp_0786e1dd69f191af006a739831431881a09671f424be37da5d'],True
vote|reduce1|2|4,"[""{\n    \""circle entries describe richer, better‑resourced extracurricular and performing‑arts programming with high student participation and alumni/parent continuity than square entries\"": \""Groups of raw terms clustered around named, high‑quality clubs/bands/arts, alumni continuity, booster/fundraising activity and program breadth—this is distinct from academic-program strength, safety, administration, and school size because it concerns extracurricular scope, community investment and program prominence rather than classroom rigor, discipline, governance, or personalization.\"",\n    \""circle entries report a smaller-school scale, lower student:teacher ratios, and more individualized, continuity-based attention (K–12 co-location, visible principal, long-term teacher relationships) than square entries\"": \""Many raw items describe ‘small school’ benefits—visible principals, low class sizes, one‑on‑one mentoring and multi‑generation ties—this captures personalization and scale effects and is intentionally separated from extracurricular breadth, academic-program strength, safety incidents, and administrative dysfunction which are different axes of school experience.\"",\n    \""circle entries describe stronger, more visible advanced-academic and career pathways (AP/IB/dual-enrollment/vocational), measurable college outcomes, and classroom technology integration than square entries\"": \""This bucket groups evidence about AP/IB/dual enrollment, CTE/vocational certifications, National Merit/college matriculation and tech/1:1 classroom integration—a program/outcomes‑oriented cluster that is conceptually distinct from extracurricular identity, small‑school personalization, safety/climate problems, or administrative/governance failures.\"",\n    \""circle entries report more frequent bullying, discrimination, violent incidents, and ineffective safety responses than square entries\"": \""Raw terms here consistently document peer abuse, assaults, drugs, identity‑based harassment and failures or cover‑ups in protective responses—a student‑safety and climate theme that is separable from program quality, personalization, facilities or governance issues.\"",\n    \""circle entries describe more administrative and operational dysfunction (nepotism, unresponsiveness, record-keeping failures, punitive exclusion, and metric manipulation) than square entries\"": \""This bucket groups governance‑level problems—favoritism, secrecy, poor recordkeeping, selective discipline and litigatory/retaliatory practices—distinct from curricular strength, extracurricular life, school size/personalization or student‑safety incidents because it targets leadership/operational accountability rather than frontline program or climate features.\""\n}""]",,55.76313495635986,24040,3136,3637,,[],['resp_06bd1b830bb5b3b3006a73983114b481a3b13dce1891db5c10'],True
vote|reduce1|14|4,"[""{\n    \""circle entries report more pervasive student-safety, bullying, and behavior‑management problems and classroom disruption than square entries\"": \""This bucket groups the many circle-item reports of fights, bullying, sexual/racial harassment, drugs/gangs, lockdowns and staff failure to protect students — it is focused on on-the-ground safety/behavior incidents and is distinct from governance, facilities, academics, or staff‑communication topics.\"",\n    \""circle entries report more administrative/governance dysfunction and operational/resource-management failures than square entries\"": \""This bucket captures circle-item allegations of favoritism, nepotism, cover‑ups, high turnover, politicized decision‑making and calls for investigations — a governance/leadership failure theme that is about institutional behavior and accountability rather than physical resources, classroom instruction, student safety, or academic program strength.\"",\n    \""circle entries report more operational and facility resource problems, staffing shortages, and instructional breakdowns (missing textbooks, hygiene, failed tech rollouts) than square entries\"": \""This bucket groups concrete, day‑to‑day material and logistical problems in circle entries (overcrowding, HVAC/bathroom/food/busing issues, missing tech/textbooks, scheduling chaos) and is separate from governance/favoritism, safety incidents, academic rigor, or staff communication behaviors.\"",\n    \""circle entries describe stronger advanced-academic programs, vocational/CTE options, technology integration, and measurable college‑preparation outcomes than square entries\"": \""This bucket aggregates circle-item evidence about AP/IB/dual‑credit/STEM/CTE offerings, named advanced teachers, national/state rankings, scholarship/college placement and measurable outcomes, and is focused on programmatic academic strength rather than safety, facilities, governance, or teacher responsiveness.\"",\n    \""square entries portray more consistently responsive, engaged, and professional staff and leadership (timely communication, counseling, accessible principals) than circle entries\"": \""This bucket captures the pattern in square entries of timely parent/teacher contact, accessible counselors/principals, and generally professional staff behavior — a staff‑responsiveness/operational openness theme that is distinct from student safety incidents, facility/resource problems, governance failures, or advanced academic programming.\""\n}""]",,56.26646590232849,24156,3072,3538,,[],['resp_0530c49efb3ea43f006a7398313468819eb2ae3589eab1be28'],True
vote|reduce1|3|3,"[""{\n    \""circle entries report more chronic student misconduct, bullying, gang/drug presence and weak disciplinary enforcement than square entries\"": \""This bucket groups all safety/climate evidence (frequent fights, drug/gang incidents, assaults, pervasive bullying and staff/administration failing to intervene), and is distinct from academic, facility, admin‑favoritism, or teacher‑support topics because it focuses specifically on student behavior and on‑the‑ground disciplinary response rather than programs, resources, or governance.\"",\n    \""circle entries report more accessible, individualized teacher/counseling support and parent communication systems than square entries\"": \""This bucket captures recurring evidence of one‑on‑one teacher availability, tutoring/after‑school help, proactive counselor/IEP supports and systematic parent outreach or volunteer structures, and is mutually exclusive from the other buckets because it describes frontline, person‑to‑person student support and family engagement rather than safety incidents, facility/resource allocation, academic program breadth, or governance/favoritism problems.\"",\n    \""circle entries describe stronger advanced academic offerings, college‑credit pathways, and measurable college‑prep outcomes than square entries\"": \""This bucket groups instances of IB/AP/dual‑enrollment, vocational/CTE pathways, scholarship/college‑acceptance evidence and measurable test/college outcomes, and is separate from facility or personnel issues because it concerns curricular/programmatic rigor and documented postsecondary results rather than behavior, facilities, governance, or individual teacher responsiveness.\"",\n    \""circle entries report more facility, funding, and instructional‑resource shortfalls (including overcrowding and technology gaps) than square entries\"": \""This bucket collects concrete physical and material evidence—overcrowding, broken HVAC/bathrooms, missing textbooks, fundraising/fee burdens and contested spending choices or reallocations to athletics—distinct from administrative favoritism (who benefits), safety incidents (student behavior), academic program quality, or teacher/counselor availability.\"",\n    \""circle entries allege more administrative favoritism, nepotism, corruption, retaliatory behavior, and institutional unaccountability than square entries\"": \""This bucket groups governance and personnel‑integrity complaints (nepotistic hiring, favoritism for athletes/insiders, secretive fee/records practices, cover‑ups, punitive/erratic discipline and poor follow‑up) and is exclusive because it targets leadership/governance failures and ethical misconduct rather than facilities, program offerings, student behavior, or day‑to‑day teacher support.\""\n}""]",,56.53534698486328,28352,3072,3595,,[],['resp_0358960aef5b1cb0006a7398309ca0819f9bc3f9d032b4dc5c'],True
vote|reduce1|17|4,"[""{\n    \""circle entries describe stronger, more explicitly-documented advanced academic pathways, AP/IB/Honors/Scholars programs and higher-profile college/career outcomes than square entries\"": \""Groups a large, coherent cluster of reviews that list named AP/IB/dual‑enrollment/CTE programs, measurable college credits/scholarships, and documented postsecondary outcomes; this bucket is strictly about programmatic academic strength and outcomes and does not overlap with safety, staff professionalism, extracurricular breadth, or governance/operational failures.\"",\n    \""circle entries report far more severe student-safety and bullying problems (including fights, drug/gang activity, sexual/physical abuse, and staff-perpetrated misconduct) than square entries\"": \""Captures the distinct set of reviews describing violence, gang/drug incidents, sexual/physical abuse, systemic bullying and staff failure to protect — a safety‑climate category that is qualitatively different from program quality, staff hiring issues, extracurricular offerings, or administrative logistics.\"",\n    \""circle entries report more staff unprofessionalism, favoritism, hiring/qualification concerns, and higher mid‑year turnover than square entries\"": \""Groups reviewer claims about teacher/coach/counselor incompetence, uncertified or inexperienced hires, absenteeism, favoritism by staff and rapid teacher churn — a micro‑level personnel/skillset theme that is separate from district governance or operational problems and distinct from overall academic program or extracurricular descriptions.\"",\n    \""circle entries report more administrative/governance dysfunction and obstructive leadership practices (poor communication, nepotism, protecting tenured staff, punitive/financial enforcement) than square entries\"": \""Collects complaints about front‑office and leadership failures — enrollment gatekeeping, withheld records/fees, opaque decision‑making, nepotistic protection at the governance level — which are organizational/governance problems distinct from individual teacher quality, campus safety incidents, curricular strength, or extracurricular resources.\"",\n    \""circle entries describe richer, better‑resourced extracurricular, competitive, and community engagement (broad clubs, award-winning arts/band, athletic championships, active parent/alumni fundraising, and external partnerships) than square entries\"": \""Groups reviews that emphasize broad, high‑visibility extracurriculars, award‑winning arts/athletics, strong FFA/band/parent/alumni involvement and external partnerships; this community/program resources bucket is clearly about extracurricular breadth and social capital and does not conflate with academic rigor, safety/climate, staff hiring problems, or governance dysfunction.\""\n}""]",,57.17654299736023,23414,3072,3607,,[],['resp_0be46c17bff34de4006a739831330c81a19033efa577759f30'],True
vote|reduce1|19|4,"[""{\n    \""square entries report more consistent, organized, and caring day-to-day staff/administrative responsiveness and instructional professionalism than circle entries\"": \""Captures the set of reviews that describe reliably accessible, communicative, and professional teachers/administrators and consistent in-class instruction (e.g., prompt callbacks, routine one‑on‑one counseling, teachers staying after to tutor) — this is distinct from governance/facility problems because it refers to everyday staff practice and classroom-level professionalism rather than district mismanagement, safety incidents, program breadth, or physical resources.\"",\n    \""circle entries report stronger advanced academic offerings and measurable college‑preparatory outcomes than square entries\"": \""Groups reviews that cite concrete programmatic strength (AP/IB/cambridge/STEM/CTE, dual‑enrollment, named scholarships and college placements, award‑winning arts) and measurable postsecondary outcomes — this theme is about curricular/program quality and outcomes and is therefore separate from safety/climate, administrative corruption, facilities, or routine staff responsiveness.\"",\n    \""circle entries report more pervasive student-safety and behavior problems (bullying, fights, drugs, open-campus skipping) and more frequent school failures to protect students than square entries\"": \""Collects the many reports of bullying, fights, sexual assault, drug distribution, gang activity and repeated staff/administration non‑intervention — this safety/climate cluster is focused on student harm and protective failure, not on curricular strength, facilities, or recordkeeping/favoritism.\"",\n    \""circle entries report more concrete operational and facility shortcomings (outdated curriculum/technology gaps, missing textbooks, overcrowding, cleanliness/food safety problems, parking/traffic hazards, and mixed renovation/funding narratives) than square entries\"": \""Covers the tangible, physical and resourcing problems reviewers cite (broken HVAC, pests, overcrowded halls, obsolete textbooks, limited labs, meal‑debt withholding) — these material/logistical breakdowns are distinct from program strength, personnel behavior, governance favoritism, or student safety incidents.\"",\n    \""circle entries report more administrative unresponsiveness, nepotism, recordkeeping and operational failures than square entries\"": \""Groups allegations about leadership and governance dysfunction (lost or manipulated records, withholding diplomas/grades, favoritism/nepotism, opaque budgeting, calls for investigation) — this governance/misconduct bucket is about managerial/legal/ethical failures and is intentionally separated from daily staff professionalism, physical resource problems, curricular quality, or frontline student‑safety complaints.\""\n}""]",,57.950512170791626,24647,3136,3659,,[],['resp_0416103a5b1527f5006a73983139f481a39bbec3178f11513b'],True
vote|reduce1|21|1,"[""{\n  \""circle entries describe stronger advanced-academic programming and measurable postsecondary supports (AP/IB/dual-credit, active counselors, scholarships, college-credit outcomes) than square entries\"": \""Groups reviews that repeatedly cite concrete, high‑level academic pathways and measurable college outcomes (AP/IB/dual‑enroll, A+ programs, scholarships, SAT/ACT/test metrics and named college matriculations); this is distinct from safety, facilities, governance, or local community descriptions because it focuses solely on formal academic/college‑prep program strength and outcomes.\"",\n  \""circle entries report more frequent and severe student safety/discipline problems (bullying, fights, gang/drug incidents) and ineffective on‑the‑ground intervention than square entries\"": \""Captures the cluster of reports about bullying, fights, drug/gang activity, racial/sexual harassment and administrators failing to protect students or enforce consistently; this is mutually exclusive from academic-program, governance/favoritism, community/engagement, and operational‑detail buckets because it is specifically about student safety/climate and front‑line disciplinary response.\"",\n  \""circle entries report more administrative dysfunction, favoritism, turnover, and operational/process failures (guidance, testing, transcripts, fees) than square entries\"": \""Groups allegations of governance-level problems—nepotism/favoritism, protected staff, contested leadership changes, opaque board behavior, transcript/fee/testing mishandling and high turnover—separate from (a) student safety incidents, (b) academic program strength, (c) community/teacher‑level support, and (d) concrete service/program descriptions because it concerns high‑level managerial and policy dysfunction.\"",\n  \""circle entries report stronger small‑school / multigenerational community engagement, volunteerism, school spirit and parent/alumni networks than square entries\"": \""Collects accounts of sustained parent/alumni involvement, multigenerational attendance, close teacher‑student bonds, mentorship and local pride/volunteer supports; this bucket is distinct from governance/favoritism (which is about unfair power dynamics) and from program/facility descriptions because it emphasizes relational community strength and localized social capital.\"",\n  \""circle entries give more specific operational and individualized student‑support program details (guidance, IEPs/LD supports, scheduling, transportation, admissions/lotteries) than square entries\"": \""Groups reviews that provide concrete, day‑to‑day operational details or examples of student supports (IEP/504 successes and failures, morning labs, bus/pickup problems, meal debt/record withholding, block schedules, construction/renovation timelines); this is separate from governance/favoritism (policy and corruption), safety/climate, academic program breadth, and community engagement because it focuses on explicit operational services and program mechanics.\""\n}""]",,58.078184843063354,27769,3648,4280,,[],['resp_018315f08dd31e5e006a7398315d5c819cbaefe54754948c91'],True
vote|reduce1|0|4,"[""{\n    \""circle entries describe stronger, organized advanced-academic programs and measurable college/career outcomes (AP, IB, STEM, CTE, National Merit, D‑1 matriculation) than square entries\"": \""This groups all evidence about formal, high‑level curricular pathways and measurable postsecondary outcomes (AP/IB/dual credit, career academies, documented college placements) found predominantly in circle reviews — a distinct programmatic/academic-strength axis that does not overlap with safety, facilities, governance, or community/personnel themes.\"",\n    \""circle entries report more frequent and severe safety, bullying, discrimination, substance‑use, and violence problems on campus than square entries\"": \""This captures the cluster of concrete student‑safety incidents (fights, drugs, weapons, shootings, staff‑enabled bullying, harassment of marginalized students) and insufficient protective response described in many circle reviews — a distinct safety/climate category separate from academic offerings, facilities reporting, administrative/process failures, or community/alumni strengths.\"",\n    \""circle entries report more administrative dysfunction, favoritism, turnover, and operational/process failures (guidance, testing, transcripts, fees) than square entries\"": \""This groups reports of governance and operational breakdowns (recordkeeping errors, favoritism/nepotism, leadership turnover, contested discipline, transcript/enrollment/counseling failures) — a management/governance axis clearly distinct from physical resource descriptions, safety incidents, academic-program strength, or community/personalization features.\"",\n    \""circle entries provide far more concrete detail about facilities, resource allocation, fundraising/tuition pressure, transportation, food service, and extracurricular investments or cuts (including athletics-first spending) than square entries\"": \""This bucket collects concrete, material resource and fiscal details (building condition, overcrowding, cafeteria/food, fees/tuition/mandatory fundraisers, targeted spending critiques) which are about tangible assets and allocations rather than governance processes, teacher/community relationships, safety incidents, or curricular program quality.\"",\n    \""circle entries report stronger small‑school personalization, multigenerational/alumni ties, parent engagement, and arts/extracurricular identity than square entries\"": \""This groups evidence of scale‑driven personalization, visible alumni/legacy ties, active parent volunteerism, close teacher–student relationships and vibrant arts/extracurricular cultures — a social/community/personnel dimension that is distinct from academic-program breadth, safety/climate problems, facility/funding reports, or administrative dysfunction.\""\n}""]",,58.315701961517334,24157,3520,4042,,[],['resp_02babb1211b44183006a7398307e20819e840e1eca43ca79f0'],True
vote|reduce1|4|2,"[""{\n    \""circle entries display higher parental/alumni/community engagement, small‑school intimacy, and multi‑generational loyalty than square entries\"": \""Many circle reviews point to active PTO/booster fundraising, multigenerational enrollment, small‑school/family atmospheres and sustained alumni loyalty—this captures community/volunteer/scale relationships distinct from teacher behavior, facilities, safety, or governance issues covered by other buckets.\"",\n    \""circle entries report more administrative dysfunction, cronyism, nepotism, fiscal/board-level mismanagement, and unresolved governance complaints than square entries\"": \""Numerous circle items allege favoritism, opaque board/leadership decisions, nepotistic hiring, misallocated funds and failed complaint‑handling—this governance/cronyism cluster is organizational (who runs and funds the school) and does not overlap with the separate topics of facilities, classroom supports, academic program strength, or student safety.\"",\n    \""circle entries describe stronger/formal academic programs and measurable college‑preparatory outcomes than square entries\"": \""A large set of circle reviews highlight IB/AP/dual‑enrollment, vocational/CTE pathways, awards and concrete college placement or test‑score evidence—this academic‑program/college‑prep cluster is about curricular offerings and measurable outcomes, which is conceptually distinct from community engagement, admin governance, facilities, or safety/discipline.\"",\n    \""circle entries report more pervasive student-safety problems (bullying, fights, drugs, weapons, sexual misconduct) and more frequent biased or ineffective disciplinary responses than square entries\"": \""Many circle reviews describe recurring bullying, fights, on‑campus substance use, sexual/privacy incidents and inconsistent or biased disciplinary handling—this safety/behavioral‑response topic focuses squarely on student conduct and protective responses, separate from facility descriptions, curricular strength, teacher tutoring, or governance corruption.\"",\n    \""circle entries contain far more concrete facility/operational/resource detail—both positive investments and negative infrastructure/capacity problems—(technology, textbooks, HVAC, food, busing, class sizes, security measures) than square entries\"": \""Circle reviews provide detailed, site‑level reports (overcrowding, trailers, new tech rollouts, sanitation/health violations, cafeteria/transport logistics and specific capital projects) which are operational/facility narratives distinct from administrative politics, academic program claims, teacher/counselor support, or student‑safety incidents.\""\n}""]",,58.43778991699219,28499,3648,4177,,[],['resp_0a93f94481d655e1006a7398314f588192a6695cf5b72e503c'],True
vote|reduce1|14|1,"[""{\n    \""circle entries report stronger advanced academic programs and measurable college-prep outcomes than square entries\"": \""Groups many raw terms describing AP/IB/dual‑credit, explicit college matriculation metrics, vocational/CTE pathways and documented postsecondary outcomes into one clear academic-program strength bucket that does not overlap with safety, facilities, governance, or day‑to‑day staff‑responsiveness themes.\"",\n    \""Circle entries report more frequent and severe student-safety and peer-behavior problems (bullying, fights, drugs, underage smoking, racial harassment) than square entries\"": \""Captures the distinct cluster of reviews alleging violence, gangs, pervasive bullying, substance use and ineffective adult intervention; this is a campus‑safety/climate theme and is intentionally separate from resource/facility complaints, governance/favoritism accusations, or academic-program strength.\"",\n    \""circle entries report more administrative favoritism, cronyism, and unprofessional governance failures than square entries\"": \""Aggregates allegations about nepotism, donor influence, selective enforcement, record/grade manipulation, opaque awards, and punitive/biased governance into a single governance/fairness bucket that is conceptually distinct from staff-level caring or physical resource problems.\"",\n    \""circle entries report more concrete facilities, funding, and resource shortfalls (outdated buildings/technology, missing textbooks, cafeteria/food issues, overcrowding) than square entries\"": \""Groups the operational, capital‑resource and logistical evidence—heating/cleanliness/overcrowding/transportation/fees/food quality and tech rollouts—into an infrastructure/resource bucket that is separate from academic-program strength, safety/climate, or governance issues.\"",\n    \""square entries portray more consistent, caring, and stable teacher/staff engagement and student support than circle entries\"": \""Collects reviews that emphasize steady, responsive, individualized teacher and counselor support, routine tutoring/help nights, and reliable parent communication as a contrasting staff‑support pattern distinct from administrative governance, facilities, student‑safety, or programmatic rigor differences.\""\n}""]",,59.921056032180786,28482,1792,2230,,[],['resp_018dfcf9e14eee76006a7398317db4819ca202f1b9735a7e2d'],True
vote|reduce1|24|2,"[""{\n  \""circle entries describe stronger, more extensive advanced academic programs, specialized pathways, and measurable college‑prep outcomes than square entries\"": \""This captures the repeated, concrete evidence that circle schools list formal AP/IB/Academy/dual‑enrollment/CTE pathways and measurable postsecondary results (college matriculation, awards) — a programmatic/academic‑offerings theme that is distinct from facility issues, safety problems, governance/favoritism, athletics prominence, or day‑to‑day teacher availability.\"",\n  \""circle entries portray an athletics‑ and extracurricular‑centered culture with visible funding priorities, athlete privilege, competitive success, and fundraising pressure more than square entries\"": \""This groups items describing sport/band/arts prominence, resource allocation toward athletics, athlete favoritism, booster/fundraising dynamics and trophy/competition outcomes — a co‑curricular funding/culture theme that is separate from academic programming, administrative corruption, building/resource deficits, or individualized teacher support.\"",\n  \""circle entries describe more hands‑on, individualized teacher support, parent–faculty communication, and small‑school personalized structures than square entries\"": \""This covers concrete reports of small classes, one‑on‑one counseling/registration help, proactive teacher outreach, named staff praise, and active parent communication — an interpersonal/support‑delivery cluster distinct from structural program strength, facilities/resource shortfalls, safety incidents, or governance/favoritism complaints.\"",\n  \""circle entries report more chronic facilities, resource, and operational shortfalls (overcrowding, HVAC/pests, missing materials, technology/crowding tradeoffs) than square entries\"": \""This groups concrete, material and operational problems — broken HVAC, pests, overcrowded rooms, missing computers/texts, cafeteria/maintenance failures and scheduling/registration breakdowns — a physical‑infrastructure and logistics theme clearly different from academic program quality, teacher responsiveness, student safety/climate, or nepotistic governance.\"",\n  \""circle entries report more pervasive bullying, student substance use, violent/safety incidents, and either punitive or ineffective discipline/administrative protection than square entries\"": \""This bucket captures recurring safety‑and‑climate evidence (bullying, fights, drugs/vaping, hate/identity‑based attacks, self‑harm risk) plus failures or punitive mismanagement of incidents — a student‑safety/climate category that is conceptually distinct from administrative corruption, facility/resource shortages, extracurricular prominence, or individualized teacher support.\""\n}""]",,60.205398082733154,28010,3456,3999,,[],['resp_01a2aab58265cc0a006a739832e96c819ca514bca4c19b4562'],True
vote|reduce1|8|0,"[""{\n    \""circle entries document more concrete advanced-academic programs, measurable outcomes, and college-prep pathways than square entries\"": \""Many circle reviews name AP/IB/dual‑enrollment, CTE academies, internships, awards and explicit graduation/college statistics—this captures program breadth and measurable postsecondary outcomes and is distinct from (a) small‑school personalization (teaching style/mentorship), (b) safety/climate issues, (c) governance/favoritism complaints, and (d) square’s reported staff caring/community tone.\"",\n    \""circle entries report more pervasive student-safety, bullying, drug/gang incidents and special‑education/mental‑health accommodation failures than square entries\"": \""Numerous circle reviews document fights, threats, gang/drug allegations, sexual/racial harassment and failures or inconsistencies in bullying/IEP/mental‑health responses—this safety/climate cluster is about student conduct and protection (not program offerings, not class size/personalization, and not general governance critiques).\"",\n    \""circle entries report more administrative and staff dysfunction, favoritism, and poor communication than square entries\"": \""Circle reviews repeatedly cite nepotism/favoritism, opaque discipline/hiring, misused funds, cover‑ups and unresponsive or hostile office/staff behavior—this governance/operational dysfunction cluster is about leadership/policy problems, distinct from safety incidents (though related) and separate from program strength or instructional personalization.\"",\n    \""circle entries report smaller enrollment, smaller class sizes, and more individualized teacher‑student mentorship and hands‑on support than square entries\"": \""Many circle reviews emphasize small‑school intimacy, high teacher availability, one‑on‑one remediation and special‑education successes—this is an instructional/scale feature (class size and mentorship) that is different from program breadth, safety/climate, or governance/favoritism.\"",\n    \""square entries report more consistently positive, caring, and responsive classroom-level staff and counseling support (teachers/counselors who mentor and communicate) than circle entries\"": \""Square reviews more often describe uniformly helpful, communicative teachers and guidance staff who mentor students and respond to parent requests—this captures a consistent, building‑level pastoral/counseling reliability that is conceptually distinct from circle’s program breadth, safety problems, governance failures, or circle’s small‑school mentorship evidence.\""\n}""]",,60.84655809402466,27977,3392,3889,,[],['resp_07125ef256ee08af006a73983134f8819dbd3b862c8c588a5f'],True
vote|reduce1|5|2,"[""{\n    \""circle entries report more acute facility, resource and operational deficits and family financial burdens than square entries\"": \""This groups reviews describing concrete material and service shortfalls (overcrowding, HVAC/pest/cleanliness issues, busing/meal failures, explicit fees/tuition/refund problems) that are about physical resources or household cost — distinct from governance choices, safety incidents, academics, or extracurricular prominence.\"",\n    \""Circle entries describe far worse student safety and peer‑abuse climate (bullying, gangs, drug/alcohol use, sexualized/hate‑speech incidents) than square entries\"": \""This captures reviews focused on on‑campus safety, peer harassment, substance/violence incidents and ineffective bullying responses or mental‑health harms — a behavioral/safety cluster that is substantively different from facility shortfalls, governance/favoritism, academic program strength, or community/extracurricular life.\"",\n    \""circle entries report stronger, specific college-preparatory & advanced-academic programs and measurable postsecondary outcomes than square entries\"": \""This groups evidence about formal academic rigor and outcomes (AP/IB/dual‑enrollment/CTE pathways, scholarship and matriculation data, structured tracking) that describe program quality and student results — distinct from safety, facilities, governance, or extracurricular emphasis.\"",\n    \""circle entries report greater extracurricular breadth, athletics/band prominence, facility investment, and visible community/fan engagement than square entries\"": \""This covers reviews that highlight broad, high‑profile extracurricular ecosystems (championship teams, award‑winning band, FFA/CTE shops, alumni support, stadium investments and fundraising) — a community/identity and programmatic-resource pattern separate from academic rigor, safety, facilities failure, or administrative corruption.\"",\n    \""circle entries report more administrative and governance dysfunction, favoritism, policy inconsistency, poor governance/board responsiveness, and special‑education follow‑through failures than square entries\"": \""This captures complaints about leadership, nepotism/favoritism, opaque or punitive policies, recordkeeping and counseling/case‑handling failures — governance/decision‑making and accountability problems that are conceptually and evidentially distinct from facility/resource shortages, student safety incidents, academic program strength, or extracurricular prominence.\""\n}""]",,61.10401511192322,28396,3264,3736,,[],['resp_0e5061eb23f494e4006a7398318070819d9da843d29201a15d'],True
vote|reduce1|7|2,"[""{\n    \""circle entries report more administrative and staff unprofessionalism, biased enforcement, and favoritism that undermine student supports than square entries\"": \""This groups reviews that allege nepotism, protected/tenured staff misconduct, biased discipline, cover‑ups, and hostile or retaliatory governance—distinct from safety incidents (which are student‑facing), extracurricular prominence (which is about program culture/funding), academic-program strength (which is curricular/outcome focused), and operational failures (which are recordkeeping/facility logistics).\"",\n    \""circle entries report more severe student safety, bullying, gang and violence problems (and corresponding security failures) than square entries\"": \""This captures all evidence about fights, pervasive bullying/harassment, substance use, violent assaults, and inadequate security or law‑enforcement responses—a concrete safety/behavioral‑climate category that is separate from governance/favoritism, curricular strength, extracurricular prominence, or administrative/records breakdowns.\"",\n    \""circle entries report stronger advanced academic programs and measurable college‑prep outcomes than square entries\"": \""This groups concrete curricular and outcome evidence (IB/AP/dual enrollment, scholarship totals, higher test scores, AA/college credit pathways and documented alumni success) and is conceptually distinct from staff professionalism, safety climate, extracurricular prominence, and logistical/facility problems.\"",\n    \""circle entries report broader extracurricular breadth and arts/athletics prominence but also unequal access and athletic/parental favoritism compared with square entries\"": \""This bucket contains programmatic descriptions of strong band/arts/FFA/athletics, booster/field investments, D‑1 placements, plus explicit claims of athlete/parent favoritism or pay‑to‑play exclusion—focusing on program visibility and access rather than curriculum quality, safety, staff misconduct, or operational breakdowns.\"",\n    \""circle entries report more concrete operational, facilities, and administrative breakdowns (records, credit/transfer denial, overcrowding, fees, scheduling) than square entries\"": \""This groups logistical, facilities and recordkeeping failures—lost credits, counselor scheduling errors, HVAC/renovation/overcrowding, activity fees and registration problems—which are tangible operational failures distinct from governance favoritism, student safety incidents, extracurricular prioritization, or academic program strength.\""\n}""]",,63.20947885513306,27601,1984,2500,,[],['resp_07aca184042f2391006a7398314194819fb7586092432a0387'],True
vote|reduce1|22|4,"[""{\n    \""circle entries describe stronger advanced academic programs, measurable college outcomes, and more AP/IB/dual‑credit opportunities than square entries\"": \""This groups the many circle reviews that cite concrete AP/IB/dual‑enrollment offerings, scholarship counts, high AP pass rates, and measurable college matriculation successes — a distinct programmatic/outcome cluster that is about academic opportunity and postsecondary results (not about safety, facilities, personalization, or governance), so it remains separate from the other buckets.\"",\n    \""circle entries report more chronic student safety problems, violence, bullying, drugs, and hostile peer climates than square entries\"": \""This captures the repeated circle evidence of fights, gang bullying, daily harassment, substance use, lockdowns and weak/failed discipline — a clear student‑safety / school‑climate theme that is substantively different from administrative favoritism, academic program strength, facilities shortages, or small‑school personalization.\"",\n    \""circle entries report more systemic favoritism, cronyism, opaque governance, and donor-driven resource politics than square entries\"": \""This bucket groups circle reviews that allege nepotism, protected ‘favorites’ (athletes/donors), board/faith‑based governance capture, retaliation, and politicized resource decisions — a governance/favoritism pattern distinct from operational facility problems, safety incidents, academic program descriptions, or individualized supports.\"",\n    \""circle entries report more concrete facilities, funding, and resource shortfalls (outdated buildings/technology, missing textbooks, cafeteria/food issues, overcrowding) than square entries\"": \""This collects circle reports about building maintenance, broken toilets/fountains, outdated equipment, supply shortages, cafeteria hygiene, overcrowded scheduling and budget/tuition pressure — a material/resources theme that is separable from governance/favoritism, safety climate, academic programming, or small‑school personalization.\"",\n    \""circle entries emphasize greater small‑school personalization, teacher/coach mentorship, and individualized supports than square entries\"": \""This groups circle evidence describing small class sizes, one‑on‑one teacher/counselor attention, coach/mentor advocacy, successful special‑needs anecdotes and close community ties — a people‑centered personalization/support theme that is conceptually and empirically distinct from the buckets on academics/outcomes, safety, governance, or facility/resource deficits.\""\n}""]",,64.01700496673584,23920,2048,2526,,[],['resp_07030440e50d51a9006a73983261bc819faa73368524466efe'],True
vote|reduce1|13|1,"[""{\n    \""circle entries report more frequent severe student safety, harassment, and violence incidents combined with inconsistent or highly punitive discipline and law‑enforcement involvement than square entries\"": \""This bucket captures the many circle reports of bullying, assaults, gang/drug activity, sexual/identity‑based harassment and either harsh or ineffective disciplinary/police responses — a distinct, safety‑and‑incident oriented pattern that is about on‑campus harm and enforcement, not about facilities, academics, extracurriculars, or governance (so it stays separate from the other buckets).\"",\n    \""circle entries report stronger advanced academic programs and measurable college/postsecondary outcomes than square entries\"": \""This groups the repeated circle evidence about AP/IB/dual‑enrollment, clear college‑credit partnerships, rankings and concrete matriculation/scholarship outcomes — a programmatic academic‑rigor/college‑prep signal that is substantively different from extracurricular breadth, facility conditions, teacher behavior, or governance issues.\"",\n    \""circle entries report broader, better‑organized extracurricular offerings, stronger athletics/arts programs and more private‑funding or tuition-driven resource dynamics than square entries\"": \""This bucket collects circle reports of expansive clubs, award‑winning arts, high sports participation, booster/donation/tuition pressures and athlete favoritism — a distinct theme about out‑of‑class programming and resourcing that is separable from internal governance, physical plant problems, safety incidents, or classroom instruction.\"",\n    \""circle entries report more concrete facility, operational, and logistical problems (deferred maintenance, overcrowding, no AC, transportation/drop‑off failures, high direct fees) than square entries\"": \""This groups the specific, materially‑focused complaints in circle reviews (pests, broken bathrooms, overcrowded classes, late buses, food quality, tech failures, renovation vs. shortfalls) into an operations/facilities bucket that does not conflate with pedagogy, extracurricular strength, safety incidents, or governance/favoritism.\"",\n    \""circle entries report more administrative and governance failures, favoritism, legal/compliance problems, and resource‑prioritization conflicts than square entries\"": \""This bucket gathers circle allegations about nepotism/cronyism, selective admissions/discipline, misallocated spending (athletics vs academics), IEP/504 noncompliance, cover‑ups and board/district dysfunction — a governance/accountability cluster distinct from safety incidents, physical facilities, extracurricular offerings, or academically rigorous program descriptions.\""\n}""]",,64.69754815101624,28184,2176,2721,,[],['resp_036711c8ebc5ef44006a739831d140819e8445f856bfc6019d'],True
vote|reduce1|0|1,"[""{\n    \""circle entries report more severe student safety incidents, substance use, and ineffective adult intervention than square entries\"": \""This groups all evidence about on-campus violence, fights, bullying, drugs/vaping, racial/sexual harassment and staff/counselor failure to protect — a concrete safety/behavioral‑climate domain distinct from administrative governance, academic offerings, teacher mentorship, or extracurricular breadth.\"",\n    \""circle entries report stronger advanced academic programs and measurable college/career outcomes than square entries\"": \""This captures the repeated, concrete claims about AP/IB/honors, dual‑credit/academy pathways, measurable college placement and scholarship outcomes — a program‑quality and postsecondary‑outcomes cluster that is conceptually separate from safety, staff behavior, extracurriculars, or governance complaints.\"",\n    \""circle entries report broader, higher‑quality extracurricular/arts/athletics offerings and visible school spirit—but also more fee‑based barriers to access—than square entries\"": \""This groups all concrete descriptions of many clubs, award‑winning teams/bands/theatre, facility/fundraising investments and explicit activity/tuition/fee burdens — an extracurricular/funding access theme distinct from academic program strength, teacher availability, safety, or administrative mismanagement.\"",\n    \""circle entries report more administrative and staff dysfunction, favoritism, and poor communication than square entries\"": \""This collects allegations about nepotism, opaque governance, selective enforcement, fee coercion, recordkeeping/scheduling failures and unreturned parent communications — a governance/operations cluster that is separable from classroom instruction, extracurricular programming, or student safety incidents.\"",\n    \""circle entries describe higher teacher engagement, individualized mentoring, after-hours academic help, and teacher-led program development than square entries\"": \""This groups the ground‑level instructional and mentorship evidence (small classes, named exemplary teachers, routine tutoring/after‑school support, coach/advisor enforcement of academic standards) that focuses on teacher accessibility and student supports, which is distinct from systemwide admin dysfunction, extracurricular breadth, safety climate, or formal advanced‑program listings.\""\n}""]",,64.87339115142822,28058,2176,2645,,[],['resp_0e641a77a6ef077e006a7398307748819c8197851f7ca0eafc'],True
vote|reduce1|13|3,"[""{\n    \""circle entries report more explicit advanced-program breadth and measurable college-prep outcomes (AP/IB, named academies, vocational pathways, dual‑enrollment, and documented college metrics) than square entries\"": \""This captures all evidence about formal, named academic pathways and measurable postsecondary outcomes (AP/IB/dual‑enrollment, career academies, scholarship/test metrics) and is distinct from support/teacher behavior, safety, governance, or community-spirit issues (which are handled by other buckets).\"",\n    \""circle entries report more proactive, personalized student supports and staff‑to‑family communication (tutoring, small classes, counselors, one‑on‑one remediation) than square entries\"": \""This groups descriptions of individualized academic and counseling interventions, small-class/tutor regimes and parent–staff responsiveness into a single people‑level support dimension that does not overlap with program breadth, safety incidents, governance/favoritism, or extracurricular/community pride.\"",\n    \""circle entries report more pervasive student safety problems, bullying, and disorder than square entries\"": \""This bucket groups all reviewer reports about student-on-student harm, substance use, fights, vaping, racial/identity harassment and ineffective discipline/incident response — a discrete operational/safety climate theme separate from academic programming, individualized supports, governance, or community engagement.\"",\n    \""circle entries report more administrative dysfunction, cronyism, nepotism, fiscal/board-level mismanagement, and unresolved governance complaints than square entries\"": \""This captures governance- and leadership‑level problems (favoritism, grade/record manipulation, opaque decision‑making, board/finance controversies and punitive/biased enforcement) and is kept distinct from front‑line teacher supports, student-safety incidences, program offerings, or alumni/parent spirit.\"",\n    \""circle entries report stronger small‑school / multigenerational community engagement, volunteerism, school spirit and parent/alumni networks than square entries\"": \""This groups the social/community evidence (multigenerational ties, boosters/foundations, active alumni, game‑day spirit, parent volunteerism and pride) as an extracurricular/community dimension that is meaningfully different from academic-program strength, individualized supports, safety problems, or governance dysfunction.\""\n}""]",,65.84422707557678,28059,2176,2681,,[],['resp_011ca478d9febd0e006a7398313d9881919267a16c4d071143'],True
vote|reduce1|14|2,"[""{\n    \""circle entries allege more administrative favoritism, nepotism, corruption, retaliatory behavior, and institutional unaccountability than square entries\"": \""Groups every review claim about biased hiring/discipline, protected staff, donor/athlete favoritism, revenge-driven personnel decisions, gerrymandering and cover‑ups into a single governance/fairness theme that is about who runs the school and how decisions are made (distinct from facility, safety, instructional or community/support topics).\"",\n    \""circle entries report more facility, capacity, sanitation, and funding problems (overcrowded classes, dirty/unsanitary buildings, budget cuts) than square entries\"": \""Captures the concrete infrastructure, resourcing and logistics failures (broken bathrooms, pest infestations, overcrowding, lost busing, expired food, budget cuts and uneven capital projects) that are operational/resource issues rather than personnel favoritism, student misconduct, program strength, or community culture.\"",\n    \""circle entries report more pervasive student-safety and behavioral problems (bullying, fights, gangs, drugs) and inadequate / punitive security or discipline than square entries\"": \""Groups all allegations about bullying, racial/LGBTQ harassment, fights, gang/drug problems, sexual‑assault mishandling, and failures or punitive inconsistencies in discipline into a single safety/climate bucket that is distinct from structural (facilities) problems or governance favoritism.\"",\n    \""circle entries describe broader, stronger advanced academic & career programs and measurable college/job outcomes than square entries\"": \""Collects every report of AP/IB/dual‑enrollment/CTE/NJROTC/early‑college, measurable scholarship/college placement stats and named program successes into one academic‑programs/outcomes bucket separate from teacher accessibility, safety, facilities, or governance claims.\"",\n    \""circle entries report greater teacher accessibility, individualized support, and small‑school/closer community engagement than square entries\"": \""Groups reviewer claims about one‑on‑one tutoring, named teachers/counselors, small class sizes, strong parental/alumni involvement, faith‑oriented ‘family’ identity and hands‑on mentoring into a single personalization/community/mentorship theme that is about day‑to‑day relational supports (distinct from program breadth, facilities, governance, or safety problems).\""\n}""]",,66.31186366081238,27697,3584,4118,,[],['resp_0bc247ac020b18b7006a7398314ae481929084d118bafa7f30'],True
vote|reduce1|18|0,"[""{\n    \""circle entries report more pervasive student safety problems, bullying, substance use, and ineffective or punitive disciplinary responses than square entries\"": \""This groups all reports of fights, gang/drug activity, daily bullying, harassment (racial/sexual/LGBTQ), and administrators failing to protect or enforcing inconsistent/punitive discipline — a distinct safety/climate theme that does not overlap with programmatic strengths, facilities, parent/alumni engagement, or governance/favoritism issues.\"",\n    \""circle entries report more administrative and governance dysfunction plus operational failures in support services (turnover, secrecy, favoritism, misallocation, cover‑ups, counselor/scheduling/records breakdowns) than square entries\"": \""This clusters evidence of nepotism, secretive or politicized board actions, transcript/records holds, mass staff turnover, misallocation of funds, and cover‑ups or arbitrary enforcement — a governance/management category separate from facility logistics, safety incidents, academic offerings, or community warmth.\"",\n    \""circle entries describe stronger academic program rigor, advanced-course access, and measurable college/scholarship outcomes than square entries\"": \""This captures all concrete descriptions of AP/IB/dual‑credit/CTE/STEM/NJROTC pathways, measurable outcome claims (scholarships, rankings, matriculation), and explicitly rigorous coursework — an academic-programs/outcomes cluster that is conceptually distinct from safety, administration, facilities, or community culture.\"",\n    \""circle entries emphasize a smaller, close‑knit, family‑like community, higher personalized attention, and active alumni/parent involvement more than square entries\"": \""This groups all reports of small‑school personalization, high parental/alumni volunteerism, multigenerational loyalty, faith‑linked identity, and strong school‑spirit traditions — a social/community cohesion theme that is separate from facility problems, governance dysfunction, safety breakdowns, or academic-program descriptions.\"",\n    \""circle entries report more concrete operational/facility and logistics details and complaints (transportation punctuality, pickup delays, lunch/food quality, bathrooms, trailers, device rollouts, overcrowding) than square entries\"": \""This buckets specific, site‑level operational and infrastructure evidence (HVAC, overcrowding, bus reliability, lunch/fees, locked bathrooms, construction/upgrades) that is materially different from governance/favoritism problems, safety/climate incidents, programmatic rigor, or the school’s community culture.\""\n}""]",,67.37555480003357,28397,2304,2849,,[],['resp_0005741679b99f6e006a73983143fc819ca26cd038327fc384'],True
vote|reduce1|15|0,"[""{\n    \""circle entries report more frequent safety/climate problems — bullying, overt racism/sexism, sexualized misconduct, gang/violence incidents — and weaker effective anti‑bullying responses than square entries\"": \""Groups all reviewer evidence about student safety, violence, harassment, discrimination, and schools' failure to remediate those incidents; this is clearly about student conduct and safety climate (not governance, facilities, academics, or teacher variability), so it is distinct from the other buckets.\"",\n    \""circle entries document more administrative dysfunction, favoritism/nepotism, record/fee misuse, IEP violations and unresponsiveness than square entries\"": \""Captures complaints about governance, biased hiring/awards, financial/recordkeeping abuses, and official nonresponse (including special‑ed compliance), which are administrative/governance failures rather than student-safety incidents, facility shortages, academic program strength, or variability in individual teacher behavior.\"",\n    \""circle entries describe stronger, more structured academic & career pathways and measurable college/career outcomes than square entries\"": \""Collects concrete programmatic evidence (IB/AP/dual‑enrollment/CTE, scholarships, college credit, measurable postsecondary placements) describing the school's curricular strengths and pathways; it is focused on program content and outcomes and thus separate from safety, facilities, administrative misconduct, or staff variability.\"",\n    \""circle entries report more facility, capacity, sanitation, and funding problems (overcrowded classes, dirty/unsanitary buildings, budget cuts) than square entries\"": \""Groups all concrete physical‑resource problems—HVAC/health hazards, overcrowding, renovations, missing materials and budget shortfalls—which are infrastructure/resource issues distinct from school governance behavior, safety/climate, academic program quality, or staff/teacher variability.\"",\n    \""circle entries exhibit more polarized and explicitly named staff behaviors (both strong caring/mentorship and hostile/unprofessional conduct) and higher intra‑school variability than square entries\"": \""Captures the pattern of sharply mixed staff portraits—named exemplary mentors alongside allegations of unprofessionalism, turnover and uneven teaching—focusing on variability in personnel performance and relationships rather than on systemwide governance, facility conditions, safety incidents, or the presence of advanced programs.\""\n}""]",,70.23216390609741,28466,2624,3082,,[],['resp_0c3340283b51843f006a7398314c1481a18c9b0fe44fcd7fde'],True
vote|reduce1|24|0,"[""{\n    \""circle entries report more administrative favoritism, monetization, and punitive/secretive governance practices than square entries\"": \""Groups reviews alleging nepotism, athletic/wealth-based favoritism, pay‑to‑play or hidden fees, withheld records/transcripts and secretive or punitive governance — a distinct pattern of unfair, priority‑driven decisionmaking separate from routine operational errors, safety incidents, academic offerings, or facility descriptions.\"",\n    \""circle entries report more administrative and operational dysfunction (records, front‑office rudeness, punitive credit/enrollment practices, fees, facilities, and logistics) than square entries\"": \""Captures concrete, procedural breakdowns — credit/transfer mistakes, rude front‑office behavior, scheduling/transportation failures, enrollment holds and logistical mismanagement — which are operational failures distinct from deliberate favoritism/monetization, safety/climate problems, curricular strength, or extracurricular breadth.\"",\n    \""circle entries report more pervasive student-safety and behavior problems (bullying, fights, substance use, gang activity, identity‑based harassment) and more frequent staff inaction or biased discipline than square entries\"": \""Collects every review about fights, bullying (including racial/sexual/LGBTQ targeting), drug/vaping incidents, ignored self‑harm and inconsistent or biased disciplinary responses — a school climate/safety cluster that is separable from administrative paperwork, program offerings, facilities, or extracurricular descriptions.\"",\n    \""circle entries report stronger advanced-academic programs and measurable college-prep outcomes than square entries\"": \""Groups comments about AP/IB/dual‑enrollment, specialty academies, test‑score/ranking claims, scholarships and documented college matriculation — an academic‑program/outcome dimension that is conceptually distinct from safety, governance/favoritism, daily operations, or extracurricular/facility resources.\"",\n    \""circle entries describe broader physical resources, extracurricular breadth, facilities/upgrades and community/alumni engagement (and associated funding/fee debates) more than square entries\"": \""Aggregates mentions of facility condition and capital projects, 1:1 tech and labs, award‑winning arts/band, many clubs/travel/opportunities and active alumni/booster involvement — a tangible‑resource and program‑breadth cluster that is different from administrative misconduct, operational breakdowns, school safety, or academic rigor.\""\n}""]",,70.89656090736389,28396,3136,3645,,[],['resp_00c4aa9e737e6180006a739831e41081a3b415f0259d367693'],True
vote|reduce1|0|2,"[""{\n    \""circle entries report more pervasive student-safety and behavioral crises (bullying, fights, gangs, severe mishandling of self-harm and criminal incidents) than square entries\"": \""This bucket groups all concrete reports of violence, drug arrests, repeated bullying/harassment, sexual assaults, police involvement, and failures to protect students—distinct from governance or resourcing issues because it centers on student-safety events and adult failure to remediate those harms rather than budgets, programs, or staffing quality.\"",\n    \""circle entries document more extensive formal advanced academic and career pathways and measurable postsecondary outcomes (AP/IB/dual‑enrollment, career academies, internships, scholarship totals) than square entries\"": \""This bucket captures explicit, programmatic academic strength (named AP/IB/dual‑credit, CTE/magnet pathways, scholarship/college‑placement evidence) and measurable outcomes, and is mutually exclusive from extracurricular or teacher‑support themes because it focuses on curricular credentials and postsecondary metrics rather than community life or day‑to‑day mentoring.\"",\n    \""Circle entries report broader, higher‑profile extracurricular, arts, athletics and CTE offerings and competitive success than square entries\"": \""This bucket groups concrete descriptions of rich extracurricular ecosystems—state championships, award‑winning band/arts, FFA/JROTC/trips, alumni/booster activism—and is separate from academic-pathway evidence because it refers to co‑curricular programs, community spirit, and visible competition/awards rather than classroom/course offerings or college outcomes.\"",\n    \""circle entries report administrative dysfunction, poor communication, favoritism/nepotism, fiscal mismanagement and even legal/cover‑up allegations more than square entries\"": \""This bucket aggregates complaints about opaque governance, nepotistic hiring, favoritism/athlete or donor protection, alleged embezzlement/financial misuse and cover‑ups, which is conceptually distinct from facility/resource shortages (tangible shortages) and from safety incidents (student harms) because it targets institutional decision‑making, ethics and accountability.\"",\n    \""circle entries report more chronic facilities, resource, and operational shortfalls (overcrowding, HVAC/pests, missing materials, mandatory fees and opaque charges) than square entries\"": \""This bucket groups concrete, day‑to‑day operational failures—overcrowding, no textbooks/AC, limited buses, cafeteria/food complaints, fee shifts and scheduling/records errors—distinct from governance/favoritism (who runs the school) and from instructional/program quality (what is offered) because it focuses on physical, logistical, and material deficits that affect schooling.\"" \n}""]",,71.24461603164673,27702,2688,3228,,[],['resp_08f297131e8b7fa9006a739830799481a089b6b04cc2f3a455'],True
vote|reduce1|10|1,"[""{\n    \""circle entries describe broader, more formalized academic/program offerings and measurable college/career outcomes (academies, AP/IB, dual‑enrollment, vocational/CTE, and rich extracurriculars) than square entries\"": \""This groups all evidence about concrete curricular pathways, AP/IB/dual‑credit, named academies, vocational/CTE, and documented college or certification outcomes into a single 'program strength/outcomes' theme that is distinct from safety, facilities, governance, or day‑to‑day staffing issues.\"",\n    \""circle entries report more frequent and severe student safety, bullying, substance‑use, and violence incidents combined with inadequate disciplinary response than square entries\"": \""This captures reports of fights, gang/drug activity, assaults, threats/lockdowns, and failed or inconsistent discipline/anti‑bullying enforcement, which is a distinct operational climate issue unlike program quality, facilities, administrative favoritism, or personalized supports.\"",\n    \""circle entries report greater administrative/staff dysfunction characterized by favoritism, nepotism, retaliation, protection of problematic staff, grade manipulation, and weak accountability than square entries\"": \""This bucket collects allegations about governance, nepotistic hires, protected staff/athletes, retaliatory behavior, biased enforcement, and record/grade/IEP mishandling, which is organizational/ethical dysfunction separate from physical resources, safety incidents, curricular breadth, or teacher mentorship.\"",\n    \""circle entries report more concrete facility, operational, and logistical problems (deferred maintenance, overcrowding, no AC, transportation/drop‑off failures, high direct fees) than square entries\"": \""This groups tangible, site‑level resource and operational failures—HVAC, mold, trailers/overcrowding, busing/lunch/food, and fee/transport logistics—distinct from program offerings, safety climate, governance behavior, or individualized teacher supports.\"",\n    \""circle entries report more accessible, individualized staff support, proactive parent/alumni involvement, and community/partnership resources than square entries\"": \""This bucket covers consistent evidence of one‑on‑one teacher attention, responsive counselors/mentors, active parent/alumni fundraising and partnerships (breakfasts, tutoring, running‑start shuttles), a people‑centered support ecosystem that is meaningfully different from curriculum strength, facility problems, safety issues, or governance malpractice.\""\n}""]",,71.901358127594,27803,2752,3283,,[],['resp_068252ff1985ece5006a7398312728819cb3ded5eba06e790c'],True
vote|reduce1|2|0,"[""{\n    \""circle entries report more administrative dysfunction, lack of accountability, staff turnover, nepotism, and recordkeeping failures than square entries\"": \""This captures the cluster of reviews alleging favoritism, nepotistic hiring, cover‑ups, high teacher turnover, lost credits/scheduling errors and bureaucratic unresponsiveness in circle entries — a distinct governance/operational failure theme that does not overlap with safety, facilities, academic-program, or community/personalization themes.\"",\n    \""circle entries report more pervasive student safety, bullying, gang, drug and violent-incident problems and more frequent ineffective enforcement than square entries\"": \""This groups all concrete allegations about fights, drugs, gang issues, violent or sexual incidents, police involvement, targeted harassment/bias, and administrators failing to address them — a student‑safety/climate cluster separate from governance, facilities, academics, or small‑school community strengths.\"",\n    \""circle entries report more concrete facilities, funding, and resource shortfalls (outdated buildings/technology, missing textbooks, cafeteria/food issues, overcrowding) than square entries\"": \""This bucket groups tangible material/resource problems (underfunding, overcrowding, food/cleanliness, broken HVAC, outdated texts, transportation failures) described in circle reviews — a facilities/resource category distinct from safety, governance, instructional quality, or community culture.\"",\n    \""circle entries report stronger small‑school personalization, multigenerational/alumni ties, parent engagement, and arts/extracurricular identity than square entries\"": \""This captures circle reviews emphasizing small‑school intimacy, family/alumni continuity, high parental involvement, named staff praise, mentoring and a visible arts/activities identity — a community/personalization strength that is conceptually separate from program rigor, operations, safety, or material resourcing.\"",\n    \""square entries describe more consistent, stable, and supportive teacher quality, staff responsiveness, and school‑level student supports than circle entries\"": \""This isolates the contrasting pattern where square reviews repeatedly praise steady, accessible teachers, reliable counselors, one‑on‑one help and day‑to‑day responsiveness — a staff‑support/instructional stability signal that is analytically distinct from circle’s governance failures, safety issues, facilities shortfalls, or small‑school community attributes.\""\n}""]",,72.53783702850342,27890,2688,3157,,[],['resp_0e50ce6a9c6d998b006a739830728c8191a08f3518b2486a5b'],True
vote|reduce1|24|1,"[""{\n    \""circle entries describe stronger advanced academic, vocational, and extracurricular program offerings and measurable college‑preparation outcomes than square entries\"": \""This bucket groups all evidence about curricular breadth, AP/IB/dual‑credit/CTE/STEM/arts magnet pathways and concrete postsecondary results (scholarships, college matriculation); it is expressly about programmatic academic strength and outcomes and is kept distinct from facility, governance, safety, or community/relationship claims.\"",\n    \""circle entries report more pervasive student-safety and bullying problems (fights, gang/drug activity, sexual/racial harassment) coupled with ineffective or biased adult responses than square entries\"": \""This bucket collects all incidents and patterns of student misconduct, harassment/assault, weapons/drug problems and the school’s failure or bias in responding — a safety/behavioral climate theme that is separate from academic offerings, physical facilities, governance/favoritism, or community engagement.\"",\n    \""circle entries report more administrative and district‑level dysfunction, politicized governance, recordkeeping failures, and adversarial parent‑administration relations than square entries\"": \""This bucket captures complaints about leadership instability, nepotism/favoritism, lost credits/IEP/record errors, opaque policies, hidden fees and politicized board/district behavior — governance and operational mismanagement distinct from physical facilities, classroom-level instruction, safety incidents, or community ties.\"",\n    \""circle entries report more concrete facility, material, and operational resource failures (mold, no heat/AC, inedible food, outdated books, bus/attendance errors) than square entries\"": \""This bucket groups tangible infrastructure, maintenance, sanitation, overcrowding, transportation, food and technology rollout problems — material/operational resource deficits that are materially different from program quality, governance, safety climate, or social/community dynamics.\"",\n    \""circle entries report stronger local community cohesion, familylike staff–parent relationships, faith integration, alumni loyalty, and on‑campus wraparound supports than square entries\"": \""This bucket captures close‑knit school identity signals — small‑school personalization, active parent/alumni involvement, faith/spiritual programming, and wraparound mentoring/support — a social/community cohesion theme kept separate from academic program strength, safety failures, governance malpractice, or physical facility issues.\""\n}""]",,72.7630341053009,28032,2432,2962,,[],['resp_02f6ff826c0e6d4b006a7398319ccc819c83e55338c4d8b4e8'],True
vote|reduce1|4|0,"[""{\n    \""circle entries report more administrative dysfunction, politicized governance, favoritism/nepotism, and operational/recordkeeping failures than square entries\"": \""Groups all reviews that describe governance-level problems (nepotism, grade/transfer manipulation, recordkeeping, leadership churn and cover‑ups); this is distinct from safety incidents, facilities faults, extracurricular strengths, or academic-program descriptions which are separate school domains.\"",\n    \""circle entries report more pervasive student-safety, bullying, violence, drugs, and ineffective/biased disciplinary responses than square entries\"": \""Captures on‑the‑ground safety and climate evidence (fights, bullying, substance use, suicidality, staff-protected perpetrators and weak discipline); this focuses on student harm and adult response and is separate from governance mechanics, physical infrastructure, program offerings, or academic rigor.\"",\n    \""circle entries report stronger advanced academic programs, college‑prep pathways, and measurable post‑school outcomes than square entries\"": \""Groups concrete programmatic academic strengths (AP/IB/dual‑enrollment, specialized academies, documented college matriculation and measurable outcomes); this is about curricular offerings and outcomes rather than safety, governance, facilities, or extracurricular/spirit.\"",\n    \""circle entries describe broader, year‑round extracurricular breadth, visible school spirit, and active alumni/community support more than square entries\"": \""Collects reviews describing wide extracurricular portfolios, strong arts/band/teams, booster/parent engagement, and multi‑generational ties or spirit; this bucket is about community/program life beyond classroom academics and is distinct from athlete favoritism/governance or facilities problems.\"",\n    \""circle entries report more acute facilities, infrastructure, and operational/logistics problems (overcrowding, trailers, HVAC/pest/sanitation, busing, scheduling) than square entries\"": \""Focuses on tangible material and logistical constraints (overcrowding, trailers, sanitation, tech/devices, bus/schedule failures and renovation projects); this operational/resource cluster is separable from governance choices, safety incidents, extracurricular breadth, or academic-program strength.\""\n}""]",,72.97405409812927,28219,2944,3369,,[],['resp_059a2d0582034d83006a7398312adc81a18bfd87dce11de234'],True
vote|reduce1|23|4,"[""{\n    \""circle entries report more pervasive student-safety problems (bullying, fights, gang/drug threats) and more frequent adult nonresponse or ineffective intervention than square entries\"": \""This groups all concrete reports of peer violence, bullying, gang/drug incidents and repeated accounts that staff/administrators fail to intervene — a distinct safety/climate cluster that does not describe academic programming, facilities, governance, or routine teacher‑support practices covered by the other buckets.\"",\n    \""circle entries describe stronger advanced academic programs, specialized pathways, instructional technology, and measurable college/scholarship outcomes than square entries\"": \""This captures the many concrete claims about AP/IB/dual‑enrollment, early‑college/CTE pathways, 1:1 tech rollouts and measurable postsecondary results — a distinct programmatic/outcomes theme separate from safety, facilities, governance, or day‑to‑day staff responsiveness.\"",\n    \""circle entries report more systemic administrative misconduct, favoritism, and retaliation (nepotism, crony hires, suppressed referrals, protected tenured staff, and punitive/parochial enforcement) than square entries\"": \""This isolates governance and ethics problems (board/principal favoritism, nepotism, selective discipline and retaliation) that are about decision‑making and power, not about facilities, instructional program strength, student safety incidents, or routine teacher/counselor support.\"",\n    \""circle entries report more concrete facility, material, and operational resource failures (mold, no heat/AC, inedible food, outdated books, bus/attendance errors) than square entries\"": \""This bucket groups tangible infrastructure, supply, and service breakdowns (building condition, technology/devices, textbooks, transportation, cafeteria, fees/charges) that are operational/material issues distinct from governance/favoritism, safety incidents, academic programming, or interpersonal staff supports.\"",\n    \""square entries report more consistent, caring, and communicative staff and better personalized supports (including special‑education accommodation and parent communication) than circle entries\"": \""This collects reviewer evidence that square schools tend to have reliably accessible, mentoring teachers and counselors and clear parent communication/IEP supports — a people‑level responsiveness and individualized‑support pattern that is conceptually distinct from facility problems, governance failures, student‑safety crises, or advanced‑program availability.\""\n}""]",,73.52688527107239,23628,4672,5153,,[],['resp_0e9c26fac0b877cd006a7398313af881a3a69b8cf885d8224a'],True
vote|reduce1|8|3,"[""{\n    \""circle entries report more frequent student-safety problems, bullying/assaults, and inadequate school responses than square entries\"": \""This bucket groups the many Circle reports of fights, bullying, drugs, sexual/racial harassment, student deaths/unsafe incidents and failures to intervene — a discrete safety/behavioral-climate domain distinct from facility condition, administrative governance, program breadth, or teacher/counselor warmth covered by other buckets.\"",\n    \""circle entries report more administrative unprofessionalism, favoritism/nepotism, punitive billing/withholding and opaque communication than square entries\"": \""This bucket captures Circle allegations about corrupt or biased governance (nepotism, favoritism, retaliation, cover‑ups), punitive fees/opaque billing, recordkeeping/credit-transfer errors and hostile parent relations — a governance/operational‑misconduct theme that is separable from student-safety, physical facilities, program offerings, or classroom-level teacher support.\"",\n    \""circle entries report broader and better-documented academic and extracurricular program offerings and college/career pathways than square entries\"": \""This bucket groups Circle evidence of extensive, named academic pathways and extracurricular strengths (IB/AP/dual‑enroll, CTE/ROTC, award‑winning band/arts, vocational majors and documented scholarship/college outcomes), a program‑portfolio and measurable‑outcomes domain distinct from safety, governance, facilities, or everyday teacher responsiveness.\"",\n    \""circle entries report worse physical infrastructure, overcrowding, and resource shortfalls (maintenance, pests, HVAC, instructional materials, technology/crowding tradeoffs) than square entries\"": \""This bucket covers Circle descriptions of building condition, overcrowding, sanitation/septic problems, HVAC/AC shortages, cafeteria/linen/maintenance failures and renovation timing — a concrete facilities/resource category distinct from governance practices, student‑behavior problems, program breadth, or interpersonal staff support.\"",\n    \""square entries report more consistently engaged, caring, and accessible teachers and counselors, plus clearer parent–school communication and volunteer involvement, than circle entries\"": \""This bucket groups Square reviewers' repeated claims of reliable, caring classroom instruction, responsive counselors and clearer parent communication/volunteer community — a people‑and‑support-services strength that is conceptually separate from the other buckets about safety incidents, governance misconduct, program portfolios, or physical infrastructure.\""\n}""]",,85.17707896232605,27987,1408,1882,,[],['resp_0d5f475635987974006a7398309ab481a295d8709c955af659'],True
vote|reduce1|5|4,"[""{\n    \""circle entries report stronger advanced academic programming, college‑preparatory partnerships, and measurable postsecondary outcomes than square entries\"": \""This bucket groups all reviews that name formal advanced‑course offerings (AP/IB/dual‑enrollment), vocational academies, internships and concrete college/career outcomes (acceptances, credits, scholarships) — a program/outcome axis that is substantively different from safety incidents, governance/operational breakdowns, facilities/extracurricular breadth, or staff‑quality variability covered by the other buckets.\"",\n    \""circle entries report more pervasive student bullying, discrimination, substance use, self‑harm incidents, and inadequate staff/administrative responses than square entries\"": \""This bucket captures reviews describing student‑safety and peer‑behavior crises (bullying, fights, hazing, drugs, sexual harassment) and failures of adult intervention, which is a distinct school‑climate/supervision topic separate from academic program strength, governance/finance problems, facilities/program breadth, or mixed teacher quality.\"",\n    \""circle entries document more operational, facility, staffing, and governance shortfalls (budget/tech shortages, facility deterioration, nepotism, turnover, and administrative misconduct) than square entries\"": \""This bucket covers concrete governance and operational failures — opaque leadership, nepotism, withheld records/fees, high turnover, budget and tech shortfalls — a management/accountability category that is not the same as descriptive accounts of extracurricular assets, classroom instruction quality, student safety, or formal advanced academics.\"",\n    \""circle entries describe broader physical resources, extracurricular breadth, facilities/upgrades and community/alumni engagement (and associated funding/fee debates) more than square entries\"": \""This bucket groups reviews that emphasize tangible assets and program breadth (new gyms/tracks, 1:1 devices, strong music/band/CTE offerings, fundraising/tuition issues and alumni involvement) — a resource/extracurricular/asset focus distinct from governance failures, safety problems, academic‑rigor claims, or teacher‑quality variability.\"",\n    \""circle entries exhibit greater variability and extreme splits in teacher/staffing quality and stability than square entries (simultaneous reports of highly supportive individualized teachers and of many uncertified, high‑turnover, or poorly performing staff)\"": \""This bucket captures the polarized staffing pattern found in reviews — concrete examples of outstanding one‑on‑one mentoring and universal after‑school help alongside accounts of unprofessional teachers, credential concerns, and churn — a personnel‑quality/consistency axis that is meaningfully different from governance/operational dysfunction, student safety, facility/resource descriptions, or programmatic academic outcomes.\""\n}""]",,90.64713287353516,23926,3904,4467,,[],['resp_0af3cfba3f9c3c45006a7398310020819db05e7b2d78a50221'],True
vote|reduce1|2|2,"[""{\n    \""circle entries describe stronger, more extensive academic programs and measurable college-preparatory outcomes than square entries\"": \""This groups reviews that highlight concrete advanced‑course offerings, AP/IB/dual‑enrollment/CTE/STEM/ROTC pathways and documented postsecondary results—distinct from teacher availability, safety, facilities, or governance complaints which are covered by other buckets.\"",\n    \""circle entries report more pervasive student-safety problems (bullying, fights, gang/drug threats) and more frequent adult nonresponse or ineffective intervention than square entries\"": \""This captures reports of physical assaults, sexual‑assault allegations, death threats, gang/drug incidents, severe bullying and staff/administration failing to protect victims—a safety/climate cluster kept separate from program strength, facilities, teacher mentorship, or governance failures.\"",\n    \""circle entries report more administrative/operational dysfunction tied to record‑keeping errors, favoritism/nepotism, resource misallocation, and contested discipline than square entries\"": \""This groups complaints about biased discipline, nepotism, opaque governance, cover‑ups, legal/policy breaches and mismanaged records—administrative/governance failures that are conceptually distinct from facility/resource detail, classroom instruction, or student safety incidents.\"",\n    \""circle entries contain more concrete operational and resource claims about facilities, funding, and classroom technology (1:1 devices, renovations, textbook shortages) than square entries\"": \""This bucket organizes the many specific, tangible facility and logistics items (overcrowding, pests, cafeteria/transport problems, capital projects, underused labs, device rollouts, fees) and is kept separate from administrative favoritism, instructional quality, safety, or programmatic rigor.\"",\n    \""circle entries document more consistently available, caring, individualized instruction and student supports (including IEP/accommodation responsiveness and tutoring) than square entries\"": \""This groups evidence of hands‑on teacher availability, after‑school tutoring, small‑school one‑on‑one mentorship and (when present) effective IEP/504 responsiveness, distinguishing direct classroom/counseling supports from systemwide governance, safety, facilities, or program‑offering themes.\""\n}""]",,133.10838723182678,28501,2880,3351,,[],['resp_0a5c9ef63f72b8c8006a739831d70481a38008f02b74b4280f'],True
