Identifier,Response,Web Search Sources,Time Taken,Input Tokens,Reasoning Tokens,Output Tokens,Reasoning Effort,Error Log,Response IDs,Successful
vote|reduce2|3|1,"[""{\n    \""circle entries report pervasive safety, bullying, harassment, substance‑use, and discriminatory/toxic student‑climate problems with administrative inaction more than square entries\"": \""This bucket groups all raw terms about student safety, bullying, drug/sex/violence incidents and reviewers' accounts that staff fail to protect students—distinct from governance/fiscal failures (which are systemic leadership issues) and from resource/academic-program claims (which concern facilities or curriculum rather than immediate student‑safety harms).\"",\n    \""circle entries report more administrative dysfunction, cronyism, nepotism, fiscal/board-level mismanagement, and unresolved governance complaints than square entries\"": \""This bucket captures the governance-level allegations (board/district misconduct, nepotism, cover‑ups, withheld records/fees, politicized hiring) and is kept separate from 'safety' (operational incident response) and from 'resources' (budget-driven program cuts or facility deficits) because it centers on leadership, policy and accountability failures.\"",\n    \""circle entries depict stronger local community cohesion, multi‑generational enrollment, active parent/alumni mobilization and pronounced school pride than square entries\"": \""This bucket groups terms about multi‑generational loyalty, alumni/parent activism, town traditions and buoyant community support—a social/cohesion dimension that is conceptually distinct from school safety, leadership dysfunction, resource constraints, or academic-program strength.\"",\n    \""circle entries report more operational and facility resource problems, staffing shortages, and instructional breakdowns (missing textbooks, hygiene, failed tech rollouts) than square entries\"": \""This bucket aggregates concrete, on‑the‑ground operational failures—overcrowding, poor building condition, missing materials, inconsistent technology deployments and staffing shortages—which are about capacity and day‑to‑day resourcing rather than governance politics, safety incidents, community pride, or programmatic rigor.\"",\n    \""circle entries describe stronger, more organized college‑preparatory academics and measurable postsecondary/CTE outcomes than square entries\"": \""This bucket collects the many raw terms pointing to explicit academic program strength (IB/AP/CTE pathways, measurable outcomes, college‑credit/placement, vocational pipelines and named academies) and is intentionally separated from 'resources' (which are about facilities) and from 'community' or 'governance' because it focuses on curriculum, programs and measurable student academic/career outcomes.\""\n}""]",,18.89470601081848,22006,576,1085,,[],['resp_0f7f08afee27138c006a7398bbc55081a29cd3f6b3e2e9c18c'],True
vote|reduce2|9|0,"[""{\n    \""circle entries report more pervasive student safety problems, bullying, and disorder than square entries\"": \""Groups reviews documenting violent incidents, bullying, gang/drug/weapon threats, sexual assaults, vaping/fights and inconsistent or punitive responses—distinct from facilities, governance, academic-program, or community‑support claims which focus on physical resources, leadership behavior, curriculum, or small‑school ties respectively.\"",\n    \""circle entries report administrative dysfunction, poor communication, favoritism/nepotism, fiscal mismanagement and even legal/cover‑up allegations more than square entries\"": \""Captures governance and personnel misconduct evidence (cover‑ups, cronyism, unequal discipline, unethical billing/record errors, board-level failures) which is about decision‑making and accountability rather than student safety incidents, physical facilities, curriculum strength, or community closeness.\"",\n    \""circle entries report more acute facilities, infrastructure, and operational/logistics problems (overcrowding, trailers, HVAC/pest/sanitation, busing, scheduling) than square entries\"": \""Groups concrete building, capacity and day‑to‑day operational failures (overcrowded classes, broken bathrooms, transportation and scheduling breakdowns, food/tech shortages) that are clearly about physical and logistical resources rather than governance choices, safety/climate incidents, program offerings, or small‑school culture.\"",\n    \""circle entries describe stronger advanced-academic programming and measurable postsecondary supports (AP/IB/dual-credit, active counselors, scholarships, college-credit outcomes) than square entries\"": \""Aggregates evidence of formal academic pathways, AP/IB/dual enrollment, documented matriculation and scholarship outcomes and counselor/college supports—a programmatic/outcome theme that is separate from safety, facilities, governance, or community/mentorship descriptions.\"",\n    \""circle entries report stronger small‑town / faith‑oriented community ties, parental/alumni involvement, and more personalized one‑on‑one support than square entries\"": \""Groups descriptions of small/class-size intimacy, faith/mission integration, sustained alumni/parent volunteerism and hands‑on teacher/counselor mentorship that are about community and personalization rather than physical infrastructure, governance misconduct, severe safety incidents, or formal advanced‑academic programming.\""\n}""]",,22.87602210044861,28276,1088,1548,,[],['resp_09e1a58518960d4a006a7398bbccd0819fa38cef128ecf3ea2'],True
vote|reduce2|10|0,"[""{\n    \""circle entries report more facility, funding, and instructional‑resource shortfalls (including overcrowding and technology gaps) than square entries\"": \""This bucket groups concrete, on‑the‑ground asset and logistics problems (overcrowded halls, broken HVAC/tech, sanitation, missing textbooks, parking/food/transport failures and contested capital spending) that are operationally distinct from staff behavior, safety incidents, program offerings, or individualized supports described in the other buckets.\"",\n    \""circle entries describe more administrative and operational dysfunction (nepotism, unresponsiveness, record-keeping failures, punitive exclusion, and metric manipulation) than square entries\"": \""This bucket captures governance, personnel‑practice and record/ policy failures (crony hires, suppressed referrals, withheld records/credits, secretive board actions, punitive enrollment/fee practices) that are about institutional decision‑making and accountability rather than physical resources, student safety incidents, classroom support, or academic-program strength.\"",\n    \""circle entries report more pervasive student-safety and behavioral-crisis problems (bullying, gangs, violence, sexual harassment, drugs) than square entries\"": \""This bucket groups recurring evidence of student‑to‑student and student‑adult safety breakdowns (fights, drugs, weapon/sexual incidents, racialized harassment and ineffective or biased discipline) which are discrete from facility deficits, administrative governance failures, teacher availability, or the presence/strength of advanced academic programs.\"",\n    \""circle entries describe stronger advanced-academic and college-prep programs and measurable postsecondary outcomes than square entries\"": \""This bucket aggregates concrete programmatic academic strengths (broad AP/IB/dual‑credit/CTE offerings, measurable college acceptances/credits, National Merit/awards) and outcomes that are programmatic and curricular in nature and not captured by safety climate, facilities, administrative behavior, or routine student supports.\"",\n    \""circle entries describe more proactive, organized student supports and teacher availability (counseling, mentoring, tutoring) than square entries\"": \""This bucket isolates accounts of classroom‑level and student‑centered responsiveness (accessible teachers, after‑school tutoring, counseling/IEP advocacy, small‑school personalization and outreach) which are distinct from systemic governance faults, physical resource shortfalls, safety incidents, or high‑level academic-program breadth.\""\n}""]",,24.540447235107422,28738,1664,2193,,[],['resp_078d6dcf2628a4a4006a7398bbeac08192b6b4f11db2957e62'],True
vote|reduce2|17|1,"[""{\n    \""circle entries report more pervasive student safety and behavioral problems and ineffective disciplinary responses than square entries\"": \""Groups reviews describing bullying, fights, drugs/theft, self‑harm, weapons, tolerated slurs and weak incident response; this is distinct from administrative/facility failures because it focuses on student conduct and frontline safety outcomes rather than governance, budgets or maintenance.\"",\n    \""circle entries report more administrative mismanagement, favoritism/nepotism, secrecy and operational failures (data manipulation, billing/records errors, selective enforcement) than square entries\"": \""Captures allegations about cronyism, shielding staff, legal/confidentiality breaches, recordkeeping/billing errors and deliberate non‑transparency; it is mutually exclusive from facilities or student behavior buckets because it centers on leadership/governance and policy misconduct rather than physical conditions, logistics, or student misbehavior.\"",\n    \""circle entries report more concrete operational/facility and logistics details and complaints (transportation punctuality, pickup delays, lunch/food quality, bathrooms, trailers, device rollouts, overcrowding) than square entries\"": \""Groups the many concrete, material problems—late buses, poor lunches, pest/cleanliness claims, overcrowding/parking, HVAC, devices and parking—that affect daily operations; this is separate from administrative misconduct (process/governance) and from safety/behavior (student incidents) because it concerns built environment and logistics.\"",\n    \""circle entries report stronger advanced academic programs, higher teacher qualifications, and more proactive individualized academic supports than square entries\"": \""Aggregates assertions of robust AP/IB/dual‑enrollment pathways, measurable college outcomes, higher‑credential teachers, tutoring/after‑school help and documented scholarship/credit gains; this bucket is distinct from extracurricular prominence (program visibility/funding/favoritism) and from operational or safety complaints because it pertains to curricular rigor and instructional support.\"",\n    \""circle entries report broader extracurricular breadth and arts/athletics prominence but also unequal access and athletic/parental favoritism compared with square entries\"": \""Groups accounts of wide-ranging clubs/band/drama excellence and athletic awards alongside complaints that athletes or connected families receive preferential treatment and that some programs are neglected; it is distinct from academic-program strength (curriculum/college prep) and from facility/logistics issues because it focuses on program visibility, recognition and access/equity within extracurriculars.\""\n}""]",,27.09328532218933,22423,1152,1679,,[],['resp_0bd77de7ea6f6d66006a7398bbcda881a2a68dc4137dc23486'],True
vote|reduce2|0|0,"[""{\n    \""circle entries report more pervasive bullying, harassment, discrimination, sexual‑assault allegations and ineffective institutional responses than square entries\"": \""This bucket groups all reviewer evidence about student safety and climate (fights, gang/drug activity, theft, racial/sexual harassment, sexual‑assault reports and the school's failure or punitive/inconsistent handling), and is distinct from other buckets because it focuses on incidents and protective/disciplinary outcomes rather than governance, program offerings, facilities, or everyday teacher‑level support.\"",\n    \""circle entries report more administrative and operational dysfunction (records, front‑office rudeness, punitive credit/enrollment practices, fees, facilities, and logistics) than square entries\"": \""This bucket captures governance and operational failures—lost/manipulated records, scheduling/credit errors, opaque fees, office unresponsiveness, parking/shuttle/food/logistics breakdowns—and is mutually exclusive because it addresses institutional processes and recordkeeping rather than student safety incidents, academic program strength, extracurricular prominence, or classroom/student‑level personalization.\"",\n    \""circle entries describe stronger formal advanced‑academic and college‑prep programming (AP/IB/honors, dual‑enrollment, vocational pathways, and measurable postsecondary outcomes) than square entries\"": \""This bucket groups concrete programmatic academic strength—AP/IB/dual‑credit, academies, measurable scholarship/college placement, higher test/AP success—and is separate from extracurricular or facility claims because it is specifically about curricular rigor, pathways and documented postsecondary outcomes rather than arts/athletics prominence, safety, or admin/operational issues.\"",\n    \""circle entries highlight broader, higher‑profile extracurriculars, fine arts/band excellence, and an athletics‑dominant culture (including booster/financial dynamics) more than square entries\"": \""This bucket captures reviewer claims about visible, high‑achieving extracurricular life—marching band/state athletic programs, ROTC/JROTC/competitive teams, booster funding and sport‑first prioritization/favoritism—and is distinct from academic program strength or small‑school supports because it concerns co‑curricular prominence, awards, and resource allocation toward extracurriculars.\"",\n    \""circle entries describe a small, family‑like, personalized community with consistently caring teachers and one‑on‑one supports more than square entries\"": \""This bucket groups evidence of small‑school intimacy and hands‑on student support (low student:teacher ratios, universal after‑school help, proactive teacher/counselor outreach, strong parent/alumni engagement and individualized IEP/tutoring success) and remains mutually exclusive by focusing on classroom/relationship‑level personalization rather than governance failures, safety incidents, academic program catalogs, or extracurricular prominence.\""\n}""]",,27.137901782989502,28897,1088,1680,,[],['resp_0842d8054c8a668c006a7398bbc8dc819e9bafca9ee4a97fa3'],True
vote|reduce2|15|1,"[""{\n    \""circle entries report more frequent serious student safety and discipline failures (bullying, drugs, fights) combined with inconsistent or ineffective staff responses than square entries\"": \""Groups all reviews that call out concrete safety/behavior crises (fights, gang/drug incidents, pervasive bullying, students leaving campus) and parallel claims that staff or policy responses are absent/ineffective; this is distinct from resource/facility, academic-program, community/parental, or purely instructional-quality themes because it centers on on‑campus safety incidents and enforcement failures rather than staffing, programs, buildings, or extracurricular strengths.\"",\n    \""circle entries document more extensive formal advanced academic and career pathways and measurable postsecondary outcomes (AP/IB/dual‑enrollment, career academies, internships, scholarship totals) than square entries\"": \""Captures the cluster of reviews that list named advanced programs (IB, AP, dual credit, academies, CTE pathways) and concrete outcomes (scholarships, college matriculations, awards), which is qualitatively different from complaints about teacher responsiveness, facilities, safety, or small‑school culture because it describes formal program offerings and measurable post‑secondary results rather than operational or climate issues.\"",\n    \""circle entries report more concrete facility, capacity, and resource statements (both investments and shortages)—including overcrowding, cleanliness problems, PE/wait‑lists, renovations, and targeted spending critiques—than square entries\"": \""Collects all evidence about physical plant, space/capacity, technology/HVAC, overcrowding, pest/cleanliness, fundraising demands and targeted spending choices; this is mutually exclusive from academic-program strength, safety/climate incidents, community personalization, and teacher instructional quality because it concerns tangible infrastructure and resourcing rather than pedagogy, behavior, or social culture.\"",\n    \""circle entries emphasize a small, family‑like, community‑integrated school environment with close staff‑student relationships and high parent/alumni involvement more than square entries\"": \""Groups reviews describing small‑school personalization, active parent/alumni networks, multigenerational ties, strong teacher–student bonds, and an arts/club identity—distinct from programmatic/quantitative academic offerings, facility/resource issues, safety incidents, or teacher‑instruction failures since it focuses on relational/community dynamics and volunteer/alumni engagement.\"",\n    \""square entries report more pervasive teacher disengagement, inconsistent classroom instruction, poor grading/feedback and lack of academic follow‑through than circle entries\"": \""Isolates the body of reviews that highlight unmotivated or unqualified teachers, inconsistent instruction, grading/crediting failures, and counseling/guidance breakdowns—a staff‑instruction/casework quality problem that is conceptually separate from on‑campus safety, physical resources, formal advanced‑program availability, or community/personalization characteristics.\""\n}""]",,32.5715389251709,21792,1408,2035,,[],['resp_0a11110c6c8ec305006a7398bbcc648191a39e08358c67cb75'],True
vote|reduce2|14|0,"[""{\n    \""circle entries report more pervasive student-safety, bullying, and behavior‑management problems and classroom disruption than square entries\"": \""Captures the many circle reports of fights, drugs, frequent bullying, sexual/racial harassment, teacher/staff‑led harassment and ineffective or biased disciplinary responses (distinct from administrative governance, facilities or program strength), and is kept separate from administrative‑misconduct or facilities buckets because it focuses on on‑the‑ground student safety/behavior incidents and their immediate handling rather than recordkeeping, favoritism, or material/resource failures.\"",\n    \""circle entries report more administrative and district‑level dysfunction, politicized governance, recordkeeping failures, and adversarial parent‑administration relations than square entries\"": \""Groups specific allegations about favoritism/nepotism, withheld records/tuition disputes, IEP/504 noncompliance, counselor scheduling/credit errors and politicized school‑board behavior that are organizational/governance problems (distinct from physical facilities, classroom-level safety incidents, or academic program descriptions).\"",\n    \""circle entries describe stronger advanced-academic programs, vocational/CTE options, technology integration, and measurable college‑preparation outcomes than square entries\"": \""Aggregates the concrete, programmatic strengths in circle reviews (AP/IB/dual‑enrollment, career academies, CTE success, scholarship/college‑placement metrics, and tech-equipped labs) and is exclusive from the personalization/community bucket by focusing on formal curricular pathways and measurable outcomes rather than small‑school culture or parent/alumni bonds.\"",\n    \""circle entries report more concrete operational/facility and logistics details and complaints (transportation punctuality, pickup delays, lunch/food quality, bathrooms, trailers, device rollouts, overcrowding) than square entries\"": \""Groups tangible resource and operational problems and upgrades documented in circle reviews (outdated textbooks, overcrowding, locked bathrooms, inclement‑weather closures, device provision disparities, hidden fees) and is kept distinct from administrative dysfunction because it concerns material conditions and logistics rather than governance/favoritism or legal/IEP compliance.\"",\n    \""circle entries emphasize a small, family‑like, community‑integrated school environment with close staff‑student relationships and high parent/alumni involvement more than square entries\"": \""Collects repeated circle claims of small‑school intimacy, multigenerational alumni loyalty, hands‑on teacher mentorship, volunteer/parent engagement and local fundraising/sisterhood dynamics, which are cultural/community characteristics separate from measurable academic program strength, physical facilities, operational failures, or safety/discipline incidents.\""\n}""]",,33.5752911567688,28614,1408,1944,,[],['resp_072d7f84bc011128006a7398bbf46081a0acbac6ce387f4af6'],True
vote|reduce2|20|0,"[""{\n    \""circle entries report greater administrative dysfunction, favoritism, leadership turnover, governance problems, and resource/operational mismanagement than square entries\"": \""This bucket groups all governance‑level problems reviewers attribute to district or school leaders (nepotism, cover‑ups, politicized boards, retaliatory staff protection and chronic unresponsiveness), and is distinct from facility problems, safety incidents, academic program strength, or community cohesion because it names decision‑making, policy and personnel accountability failures rather than physical or programmatic outcomes.\"",\n    \""circle entries report more pervasive student-safety problems (bullying, fights, gang/drug threats) and more frequent adult nonresponse or ineffective intervention than square entries\"": \""This bucket captures reviewer reports about threats to student safety and climate (systemic bullying, weapons/fights, drugs, harassment and staff failure to protect/intervene) and is kept separate from administrative mismanagement (which is about governance and favoritism), facilities/resource issues (physical conditions), academic program quality, and community warmth.\"",\n    \""circle entries report more concrete operational and facility shortcomings (outdated curriculum/technology gaps, missing textbooks, overcrowding, cleanliness/food safety problems, parking/traffic hazards, and mixed renovation/funding narratives) than square entries\"": \""This bucket groups tangible, on‑the‑ground infrastructure and logistics failures or investments (building condition, lunch/health issues, bus/parking, tech rollouts, scheduling, material shortages and capital spending choices), and is mutually exclusive from governance problems (who runs the place), safety/climate incidents (student behavior), academic-program strength, and social/community bonds.\"",\n    \""circle entries describe stronger, more extensive advanced academic programs, specialized pathways, and measurable college‑prep outcomes than square entries\"": \""This bucket groups evidence of higher‑level academic offerings and outcomes (AP/IB catalogs, dual‑enrollment, vocational/CTE pathways, test/college matriculation metrics and scholarship results), keeping it separate from operational/facility detail, safety/climate problems, governance dysfunction, or local community intimacy.\"",\n    \""circle entries depict stronger local community cohesion, multi‑generational enrollment, active parent/alumni mobilization and pronounced school pride than square entries\"": \""This bucket captures the small‑school / hometown / faith‑oriented dynamics reviewers describe (multi‑generational loyalty, booster/volunteer activity, visible school spirit and close parent–teacher ties) and is distinct from programmatic academic strength, physical resource conditions, governance failures, or student safety incidents.\""\n}""]",,34.103132009506226,29074,1408,1958,,[],['resp_079c63a5a9a5c6e2006a7398bc19248191a9bde03f17afc277'],True
vote|reduce2|22|1,"[""{\n    \""circle entries emphasize expansive extracurricular ecosystems and show both higher‑quality arts/academic teams and frequent athletic centrality/favoritism (award‑winning bands, many clubs, but athletics sometimes prioritized) more than square entries\"": \""Groups reviews that praise robust clubs/band/competitive teams and also call out athletics-first budgeting or favoritism—distinct from facility/resource issues (this is about program breadth and prestige) and distinct from academic-program strength (this is about co/extra‑curricular life and visible team/arts achievements).\"",\n    \""circle entries report more frequent severe student safety, harassment, and violence incidents combined with inconsistent or highly punitive discipline and law‑enforcement involvement than square entries\"": \""Collects accounts of fights, assaults, sexual activity on campus, rampant vaping/drugs, law‑enforcement responses and either overly punitive or ineffective discipline—separating outright safety/behavior crises from staff favoritism, program strength, or physical infrastructure problems covered in other buckets.\"",\n    \""circle entries describe stronger advanced-academic programs, vocational/CTE options, technology integration, and measurable college‑preparation outcomes than square entries\"": \""Captures concrete programmatic academic strengths (IB/AP/dual-credit, CTE pathways, tech/devices, internships, measurable test/college outcomes), which is about curriculum and student outcomes rather than extracurricular prestige, safety incidents, administrative conduct, or physical resource conditions.\"",\n    \""circle entries reveal more staff/administration patterns of favoritism, nepotism, discriminatory or unprofessional conduct, inconsistent responsiveness, grade‑manipulation, and turnover than square entries\"": \""Aggregates reports of biased discipline/privilege for athletes/donors, nepotistic hiring, IEP violations, rude/unprofessional staff, and unstable leadership—focused on human governance and conduct distinct from program offerings, safety incidents, or building/resource conditions.\"",\n    \""circle entries report more concrete facility, capacity, and resource statements (both investments and shortages)—including overcrowding, cleanliness problems, PE/wait‑lists, renovations, and targeted spending critiques—than square entries\"": \""Groups all tangible operational and material issues (overcrowding, cleanliness, construction/expansion, food quality, misallocated budgets, device rollouts) which are physical/operational and do not overlap with curricular strength, extracurricular quality, safety incidents, or staff behavior patterns.\""\n}""]",,34.44417691230774,21805,1408,1925,,[],['resp_0f64c67e0752ff9e006a7398bbf9948192b8d7c065b506c017'],True
vote|reduce2|21|1,"[""{\n    \""circle entries contain far more concrete facility, operational and resource details — both positive and negative — (technology, textbooks, HVAC, food, busing, class sizes, security measures) than square entries\"": \""Many reviews about circle supply specific, actionable operational facts (bus times, vendor/uniform complaints, 1:1 tech, overcrowding, building condition) — this is distinct from behavior/safety incidents, academic-program claims, staff conduct, or governance issues and therefore groups logistics/facilities evidence only.\"",\n    \""circle entries report more pervasive student safety, bullying, drug and theft incidents and often describe ineffective enforcement or inconsistent discipline compared with square entries\"": \""A large cluster of circle reviews documents concrete safety incidents (fights, sexual assaults, drugs, identity‑based harassment) and inconsistent/ineffective enforcement — this theme is about student behavior and immediate disciplinary response, not about facilities, curricular offerings, named staff, or high‑level governance.\"",\n    \""circle entries report stronger, more concrete advanced/college‑preparatory and career/vocational programming and measurable postsecondary outcomes than square entries\"": \""Numerous circle reviews list AP/IB/dual‑credit, academies, CTE/FFA, certifications and explicit college admissions/scholarship outcomes — this groups curricular/programmatic breadth and measurable postsecondary results separate from operational problems, safety/climate, staff variability, or governance.\"",\n    \""Circle entries report more administrative unprofessionalism, favoritism, nepotism, governance failures, and poor responsiveness (coverups, selective discipline, leadership instability) than square entries\"": \""Several circle reviews allege systemic governance problems (coverups, transcript withholding, manipulated data, nepotism, repeated firings) — this bucket isolates institutional/governance failures at the leadership/board level, distinct from individual teacher behavior, facilities, safety incidents, or program offerings.\"",\n    \""circle entries exhibit more polarized and explicitly named staff behaviors (both strong caring/mentorship and hostile/unprofessional conduct) and higher intra‑school variability than square entries\"": \""Circle reviews frequently name standout mentors or accuse specific teachers/staff of hostility, boundary violations or favoritism, showing a high variance in staff conduct — this groups person‑level staff variability and named mentorship/abuse separate from leadership/governance complaints, safety incident frequencies, facilities detail, or programmatic strength.\""\n}""]",,34.69867730140686,22111,3136,3648,,[],['resp_02d3fb5e6816058b006a7398bbe104819cb7bea63aba2e2086'],True
vote|reduce2|24|1,"[""{\n    \""circle entries report stronger, better‑documented advanced academic programs and measurable college readiness/outcomes than square entries\"": \""Groups many circle claims about AP/IB/dual‑credit, national rankings, National Merit, college placement and measurable outcome metrics into a single academic‑programs/college‑readiness theme; this is distinct from governance, safety, facilities, and community because it specifically captures curricular rigor and demonstrated student outcomes rather than operational, behavioral, or social features.\"",\n    \""circle entries report greater administrative instability, favoritism, bias, punitive management and resource mismanagement (turnover, budget cuts, program losses, nepotism) than square entries\"": \""Collects the governance‑level patterns in circle reviews (nepotism, board indifference, expulsions/weeding, program cuts, punitive exclusions, turnover and misallocated spending) into one management/governance bucket that is conceptually separate from safety incidents, physical infrastructure issues, academic-program strength, and community cohesion.\"",\n    \""circle entries report more frequent and severe student-safety, bullying, drug/violence incidents and ineffective disciplinary responses than square entries\"": \""Aggregates circle evidence about fights, assaults, gang/drug activity, pervasive bullying, racism‑targeted harassment and adult inaction/biased responses into a single safety/climate bucket that is clearly about student behavior and incident response rather than facilities, academics, governance, or parental/community involvement.\"",\n    \""circle entries report more concrete facility, operational, and logistical problems (deferred maintenance, overcrowding, no AC, transportation/drop‑off failures, high direct fees) than square entries\"": \""Captures the tangible, day‑to‑day operational constraints and infrastructure complaints in circle reviews (HVAC, pests, parking, overcrowding, scheduling, technology rollouts, tuition/fees) as an operational/facilities bucket distinct from governance decisions, academic program quality, student safety, and community culture.\"",\n    \""circle entries depict stronger local community cohesion, multi‑generational enrollment, active parent/alumni mobilization and pronounced school pride than square entries\"": \""Groups circle statements about tight‑knit hometown atmosphere, repeat/family enrollment, active parent communication and fan/supporter culture into a single community/cohesion bucket that is separate from curricular strength, facility problems, safety issues, and administrative dysfunction.\""\n}""]",,35.35641312599182,22181,1472,2005,,[],['resp_0f305657416d745c006a7398bbdbd08191a50addfdf91caf96'],True
vote|reduce2|11|0,"[""{\n    \""circle entries describe stronger, more specialized advanced-academic programs and measurable college-prep outcomes (AP/IB/dual-credit/Early College, rankings, college placement) than square entries\"": \""This groups all evidence about formal academic pathways, AP/IB/dual‑enrollment, external rankings and concrete college/career metrics reported by circle reviewers; it is kept distinct from facilities, safety, governance, teacher availability, and community/cohesion buckets because it concerns programmatic academic offerings and measurable post‑secondary outcomes only, not operational, behavioral, governance, or relational features.\"",\n    \""circle entries report more frequent serious student safety and discipline failures (bullying, drugs, fights) combined with inconsistent or ineffective staff responses than square entries\"": \""This bucket captures concrete reports of fights, bullying, drug/vaping, harassment, lockdowns/metal detectors and descriptions of adults failing to protect or inconsistently disciplining students; it is separate from administrative/governance dysfunction (which covers board/HR/cover‑ups/favoritism) and from facilities/resource problems (which are about physical/operational failures), because it focuses on on‑the‑ground student safety and behavior climate and immediate adult responses.\"",\n    \""circle entries report more administrative and district‑level dysfunction, politicized governance, recordkeeping failures, and adversarial parent‑administration relations than square entries\"": \""This groups allegations of nepotism/crony hiring, cover‑ups, selective discipline, record/credit errors, board politics and poor complaint handling into a governance/leadership bucket; it is mutually exclusive from the safety bucket (which is about student incidents and immediate responses), the facilities bucket (physical/resource issues), the academic‑program bucket (curriculum/AP/dual‑credit outcomes), and the community/cohesion bucket (parent/alumni faith and volunteer engagement).\"",\n    \""circle entries report more concrete facility, material, and operational resource failures (mold, no heat/AC, inedible food, outdated books, bus/attendance errors) than square entries\"": \""This groups all tangible infrastructure, cleanliness, food/meal, transportation, scheduling, technology and material‑resourcing complaints or upgrades described by circle reviewers; it excludes programmatic academic strength, safety/discipline incidents, governance/favoritism issues, and community/parental relational strength because it is focused on material and logistical/operational capacity and maintenance only.\"",\n    \""circle entries report stronger local community cohesion, familylike staff–parent relationships, faith integration, alumni loyalty, and on‑campus wraparound supports than square entries\"": \""This bucket consolidates evidence of small‑school personalization, active parent/alumni volunteerism, faith-based routines, strong school spirit and community wraparound supports (mentoring, para‑support) reported by circle reviewers; it is intentionally distinct from teacher/program quality or academic outcomes (which are in the academic bucket), from safety incidents, from material/facility problems, and from governance/favoritism issues (which are organizational rather than relational/community features).\""\n}""]",,35.535473108291626,28081,1792,2446,,[],['resp_043b1ce3d78aeb16006a7398bbcb6481a2b0d3c54c8a9c09c6'],True
vote|reduce2|24|0,"[""{\n    \""circle entries report more pervasive student‑safety, bullying, violence, drugs, and ineffective/biased disciplinary responses than square entries\"": \""Groups all raw items about fights, substance use, on‑campus harassment/identity‑based victimization and failures of discipline/anti‑bullying response into a single ‘safety & climate’ theme; this is distinct from admin/funding or facilities topics because it centers on student victimization and on‑the‑ground disciplinary outcomes rather than governance, budgets, or building condition.\"",\n    \""circle entries report more administrative dysfunction, favoritism, nepotism, opaque governance, and financial misallocation than square entries\"": \""Presents the governance/favoritism/cover‑up/recordkeeping and parent‑relations failures described in many reviews as a unified ‘administration & governance’ bucket; it is exclusive of the safety bucket because it focuses on leader behavior, policy abuse and opaque decision‑making rather than incidents among students or material conditions.\"",\n    \""circle entries report more operational and facility resource problems, staffing shortages, and instructional breakdowns (missing textbooks, hygiene, failed tech rollouts) than square entries\"": \""Captures concrete, physical and operational failures (overcrowding, HVAC/cleanliness, missing materials, bus/scheduling, front‑office logistics, tech rollouts and staffing shortages) as a single facilities/operations theme that is materially different from programmatic academic strength or community culture.\"",\n    \""circle entries report stronger advanced academic programming, college‑preparatory partnerships, and measurable postsecondary outcomes than square entries\"": \""Groups the numerous concrete descriptions of AP/IB/dual‑enrollment, vocational/CTE pathways, internships, awards, and documented college/scholarship outcomes into an ‘academic & college‑prep program strength’ bucket that is separate from facilities, safety, admin dysfunction, and community/personalization.\"",\n    \""circle entries report stronger small‑school personalization, multigenerational/alumni ties, parent engagement, and arts/extracurricular identity than square entries\"": \""Aggregates items about small‑school scale, family‑like culture, active parent/alumni volunteerism, teacher accessibility and concentrated arts/athletics identity into a single ‘community & personalization’ bucket distinct from safety events, governance failures, physical resource problems, or formal academic programming.\""\n}""]",,36.49222993850708,28879,1792,2297,,[],['resp_0c8c9f6559b659e6006a7398bbde0c81a19772dddb77494fb5'],True
vote|reduce2|19|0,"[""{\n    \""circle entries report more concrete operational/facility and logistics details and complaints (transportation punctuality, pickup delays, lunch/food quality, bathrooms, trailers, device rollouts, overcrowding) than square entries\"": \""Groups all raw items about physical infrastructure, maintenance, scheduling, meal/health and rollout logistics into one theme—this is mutually exclusive because it focuses on tangible building/operations problems rather than governance/favoritism, student safety incidents, academic-program strength, or relational/community supports.\"",\n    \""circle entries describe stronger, more specialized advanced-academic programs and measurable college‑preparatory outcomes (AP/IB/dual-credit/Early College, rankings, college placement) than square entries\"": \""Collects every raw term about AP/IB/dual‑enrollment, STEM/CTE academies, measurable test/graduation/college outcomes and academic rigor into a single curricular/program strength bucket, which is distinct from facility/logistics, safety/discipline, governance/favoritism, and personalized support themes.\"",\n    \""circle entries report more accessible, individualized staff support, proactive parent/alumni involvement, and community/partnership resources than square entries\"": \""Captures all evidence of one‑to‑one teacher/counselor help, tutoring, parent/alumni engagement, and community partnerships—a relational, people‑centric support theme kept separate from institutional governance failures, physical/logistical issues, safety/crisis incidents, and formal academic-program descriptions.\"",\n    \""circle entries report more pervasive student-safety and behavioral-crisis problems (bullying, gangs, violence, sexual harassment, drugs) and describe administrative tolerance or ineffective response than square entries\"": \""Aggregates the numerous concrete reports of fights, bullying, drugs, weapons, sexual/racial harassment and the school's failure to protect students into a single safety/discipline bucket that is conceptually separate from governance/favoritism, facilities/logistics, curricular strength, and individualized support.\"",\n    \""circle entries report greater administrative/staff dysfunction characterized by favoritism, nepotism, retaliation, protection of problematic staff/athletes, grade manipulation, and weak accountability than square entries\"": \""Groups items about governance, opaque decisions, nepotistic hiring, selective enforcement, recordkeeping/credit manipulation and legal/cover‑up allegations into one governance/misconduct bucket that is clearly distinct from student‑safety incidents, facilities/logistics problems, academic program strength, and community/teacher-level supports.\""\n}""]",,38.55030703544617,28218,2048,2601,,[],['resp_0e40fed7c714c3e1006a7398bbe020819dbdf1ceac2c7e23d2'],True
vote|reduce2|0|1,"[""{\n    \""circle entries report stronger, better‑documented advanced academic programs and measurable college readiness/outcomes than square entries\"": \""Groups raw terms that document AP/IB/dual‑enrollment offerings, named college matriculations, honor‑roll/awards and measurable postsecondary outcomes in circle schools — this is a curriculum/outcomes axis (program breadth & college readiness) distinct from facilities, safety incidents, governance, or day‑to‑day staff communication covered by other buckets.\"",\n    \""circle entries report more operational and facility resource problems, staffing shortages, and instructional breakdowns (missing textbooks, hygiene, failed tech rollouts) than square entries\"": \""Captures evidence about crowded classrooms, outdated/building‑maintenance and sanitation issues, missing textbooks/tech rollouts, teacher shortages and scheduling failures in circle schools — this physical/operational/resources cluster is about infrastructure and logistics, not academic program strength, safety crises, governance issues, or interpersonal teacher/counselor support.\"",\n    \""circle entries report more pervasive student safety and behavioral-crisis problems (bullying, gangs, violence, sexual harassment, drugs) and describe administrative tolerance or ineffective response than square entries\"": \""Groups the many concrete incidents of bullying, assaults, gang/drug problems, lockdowns/bomb threats and failures to protect or effectively discipline students in circle schools — this safety/behavioral‑crisis theme is about student conduct and immediate wellbeing and is separate from facility/resource complaints, curricular strength, governance/favoritism, or routine teacher/counselor communication.\"",\n    \""circle entries report more administrative dysfunction, favoritism, policy inconsistency, poor governance/board responsiveness, and special‑education follow‑through failures than square entries\"": \""Aggregates reports of nepotism, opaque decision‑making, politicized boards, selective discipline, poor complaint handling and failures in special‑education compliance in circle schools — this governance/leadership axis concerns organizational behavior and policy enforcement distinct from physical resources, safety incidents, curricular offerings, or classroom‑level teacher support.\"",\n    \""circle entries report stronger, more consistent teacher/counselor hands‑on support and parent communication than square entries\"": \""Groups raw terms that describe proactive, individualized teacher outreach, engaged counselors, daily progress reporting and family‑level communication in circle schools — this people‑level, frontline instructional and counseling support theme is specifically about caregiver/student relational responsiveness and is distinct from governance/facility/safety/curriculum categories above.\""\n}""]",,38.554405212402344,21597,2112,2655,,[],['resp_0044f17e90f143d1006a7398bbb0a8819faa03dca87efd171f'],True
vote|reduce2|12|1,"[""{\n    \""circle entries report more chronic student safety problems, violence, bullying, drugs, and hostile peer climates than square entries\"": \""Groups all item-level evidence about frequent fights, gang/drug activity, pervasive bullying, threats, theft, and ineffective on‑the‑ground intervention into a single safety/behavior climate bucket; this is distinct from governance or facilities issues because it centers on student conduct and immediate safety incidents rather than leadership, funding or infrastructure causes.\"",\n    \""circle entries report more pervasive staff and governance dysfunction—favoritism, nepotism, unprofessional conduct, poor responsiveness, punitive/inconsistent discipline, high turnover, and district/board mismanagement—than square entries\"": \""Captures allegations about board/administrative corruption (nepotism, favoritism), cover‑ups, retaliatory hires, staff harassment, nonstop turnover and managerial failures; it is kept separate from student‑safety (peer behavior) and from facilities or curriculum because it focuses on institutional decision‑making, personnel practices and accountability.\"",\n    \""circle entries describe stronger advanced academic programs, clearer college‑preparatory pathways, and more documented college outcomes than square entries\"": \""Aggregates the many concrete claims of AP/IB/dual‑enrollment/CTE, early graduation, college credit, awards and alumni college success into one academic‑program/outcomes bucket; this is distinct from teacher‑support/community because it emphasizes program offerings, credentialing and measurable postsecondary results rather than day‑to‑day pastoral care.\"",\n    \""circle entries report more acute facilities, infrastructure, and operational/logistics problems (overcrowding, trailers, HVAC/pest/sanitation, busing, scheduling) than square entries\"": \""Groups concrete, physical and operational complaints (overcrowded classes, pests, bad HVAC, lost records, schedule/bussing failures, construction disruption) into an infrastructure/operations bucket distinct from governance (which names corruption) and distinct from student safety (which names violence/harassment).\"",\n    \""circle entries describe a small, family‑like, personalized community with consistently caring teachers and one‑on‑one supports more than square entries\"": \""Collects evidence of small‑school intimacy, high teacher accessibility, proactive counselor outreach, strong parent engagement and individualized supports into a single community/support bucket; this focuses on relational and instructional responsiveness and is intentionally separate from formal program strength, governance failures, safety incidents, and facility/operational problems.\""\n}""]",,38.72649812698364,22134,2112,2655,,[],['resp_02afced5a0da5e48006a7398bbd9a08191a6d8359e951a65a5'],True
vote|reduce2|20|1,"[""{\n    \""circle entries describe stronger, more numerous advanced-academic and college-prep programs and measurable postsecondary outcomes than square entries\"": \""Many circle reviews catalogue AP/IB/AICE offerings, dual‑enrollment/Running Start, academies (biotech/criminal justice), higher SAT/ACT/test awards and documented college matriculation; this bucket is explicitly about formal curricular rigor and measurable postsecondary outcomes (not about facilities, discipline, governance, or extracurricular trophies), so it is distinct from the other four buckets.\"",\n    \""circle entries report more pervasive student safety and discipline failures (bullying, frequent fights, drugs, sexual/physical assaults) and ineffective school responses than square entries\"": \""Numerous circle reviews describe repeated bullying, fights, lockdowns, police involvement, harassment and staff/administration failing to protect victims or disciplining unevenly; this bucket is focused on on‑the‑ground student safety and behavioral/disciplinary climate rather than program offerings, physical resources, governance, or extracurricular strength.\"",\n    \""circle entries report more administrative dysfunction, cronyism, nepotism, fiscal/board-level mismanagement, and unresolved governance complaints than square entries\"": \""Circle reviews frequently allege favoritism, 'good ole boy' hiring, donor-driven leniency, swept‑under‑the‑rug complaints, board/superintendent mismanagement and efforts to suppress negative reviews; this bucket captures governance/power dynamics and accountability failures (separate from material resource shortfalls, safety incidents, academic program strength, or extracurricular achievements).\"",\n    \""circle entries report more operational, facility, and instructional-resource failures (including staff turnover, poor special-ed support, tech/ HVAC breakdowns, absenteeism, and low test/dropout rates) than square entries\"": \""Many circle entries detail broken toilets, no AC, expired food, outdated textbooks, heavy reliance on online classes/non‑specialist coaches, uncertified teachers, special‑education noncompliance and high teacher turnover—concrete service, staffing, and infrastructure problems that are about capacity and operations rather than governance, student safety climate, curricular prestige, or extracurricular success.\"",\n    \""circle entries report more extensive and higher‑achieving extracurriculars and athletics (award‑winning music, robotics, theater, broad club/sports rosters) than square entries\"": \""Circle reviews repeatedly cite award‑winning band/drama/robotics, statewide/national athletic rankings, travel opportunities, ROTC success and very broad club rosters; this bucket isolates non‑academic program breadth and competitive achievement (distinct from academic program rigor, safety/discipline issues, governance, or facility/staff resourcing).\""\n}""]",,39.480945110321045,22053,1536,2082,,[],['resp_0517e4b3fced6708006a7398bc0b34819296108ad62f86e38e'],True
vote|reduce2|2|0,"[""{\n    \""circle entries report stronger/expanded formal advanced academic programs, measurable college‑preparation outcomes, and external partnerships than square entries\"": \""Groups all raw items about AP/IB/Cambridge/dual‑enrollment/CTE pathways, measurable test/scholarship/college matriculation outcomes, internships and explicit programmatic partnerships — distinct from safety, facilities, governance, or community‑culture evidence and therefore mutually exclusive from the other buckets.\"",\n    \""circle entries report more frequent and severe student-safety, bullying, drug/violence incidents and ineffective disciplinary responses than square entries\"": \""Captures the cluster of raw items describing bullying, fights, sexual assault, on‑campus drug use, police/lockdowns and poor or biased adult interventions — a student‑safety/climate domain that is substantively different from academic programming, facilities/resource shortfalls, administrative process failures, or small‑community personalization.\"",\n    \""circle entries report more administrative dysfunction, favoritism, turnover, and operational/process failures (guidance, testing, transcripts, fees) than square entries\"": \""Groups review evidence about nepotism/cronyism, selective enforcement, punitive or retaliatory governance, recordkeeping/billing/IEP failures, frequent leadership turnover and adversarial parent‑relations — operational/governance problems that are not the same as physical resource shortages, student safety incidents, programmatic academic strength, or community cohesion.\"",\n    \""circle entries report more operational and capacity constraints (overcrowding, budget‑driven program cuts, lunch/busing failures, and inconsistent technology provisioning) than square entries\"": \""Collects raw items about concrete facility and logistics problems — overcrowding, broken/unsanitary buildings, food/transport issues, tech rollouts and budget cuts — a distinct infrastructure/resource category separate from administrative favoritism, safety/climate, academic program quality, or small‑school social dynamics.\"",\n    \""circle entries emphasize a smaller, close‑knit, family‑like community, higher personalized attention, and active alumni/parent involvement more than square entries\"": \""Groups items describing multigenerational enrollment, small‑school personalization, strong parent/alumni volunteerism and local pride/mentorship — a people/community relational pattern that is clearly different from facilities, governance/process failures, safety incidents, or formal advanced‑academic program strength.\""\n}""]",,40.32099103927612,28330,1856,2342,,[],['resp_0099f6f423e9fe4d006a7398bbaa6481a2b3146e88ba96c6a6'],True
vote|reduce2|9|1,"[""{\n    \""circle entries report more administrative and district‑level dysfunction, politicized governance, recordkeeping failures, and adversarial parent‑administration relations than square entries\"": \""Many circle reviews describe concrete governance and operational breakdowns (lost records, bus cuts with one‑day notice, levy‑first board motives, admins who are unresponsive or politicized), and this bucket is focused on system‑level, policy and records failures — distinct from student safety incidents, classroom instructional quality, community pride/volunteerism, or programmatic academic offerings covered by the other buckets.\"",\n    \""circle entries report more pervasive student safety and discipline failures (bullying, frequent fights, drugs, sexual/physical assaults) and ineffective school responses than square entries\"": \""Numerous circle items recount repeated bullying, fights, drug incidents, even sexual assaults and lockdowns coupled with poor administrative intervention; this bucket is explicitly about on‑campus safety/behavior and staff response, not about governance paperwork, academic program strength, parent/alumni engagement, or routine teacher professionalism.\"",\n    \""circle entries describe stronger, programmatic academic rigor and measurable college‑prep pathways (IB/AP/dual‑credit, specialized academies, exam prep and documented college placements) than square entries\"": \""Circle reviews repeatedly name IB/AP/dual‑credit, magnet tracks, CTE/early‑college opportunities and concrete college/scholarship placements — a programmatic academic/rigor cluster that is separable from safety issues, governance failures, community volunteerism, or day‑to‑day teacher responsiveness.\"",\n    \""circle entries document greater community/parent/alumni/business engagement and multi‑generational continuity than square entries\"": \""Many circle reviews highlight active parent committees, alumni involvement, local business internships, high school spirit and multi‑generational ties — a distinct community/engagement signal that is about local social capital and volunteerism rather than administrative recordkeeping, student safety incidents, or curricular rigor.\"",\n    \""square entries report more consistent, organized, and caring day-to-day staff/administrative responsiveness and instructional professionalism than circle entries\"": \""Square reviews more often praise reliably supportive teachers, accessible counselors, visible/practical school leadership and classroom‑level professionalism; this bucket captures routine, operational adult responsiveness and instructional practice, which is separate from the systemic governance failures, episodic safety crises, large academic program offerings, or community/alumni engagement described in the other buckets.\""\n}""]",,40.97806406021118,21334,2304,2833,,[],['resp_0f9530443847f89c006a7398bbcdf0819fae4b4d625660b817'],True
vote|reduce2|15|0,"[""{\n    \""circle entries report more administrative and governance dysfunction, opacity, nepotism, and poor complaint-handling than square entries\"": \""This bucket groups the many raw items describing record-keeping/scheduling/transcript failures, leadership turnover, cronyism, donor‑driven favoritism, cover‑ups and unresponsive governance — a governance/administration cluster that is conceptually distinct from facilities, safety, academics or extracurricular programming because it centers on how decisions, accountability, and bureaucratic processes are run (not on buildings, student safety incidents, curricular strength, or program breadth).\"",\n    \""circle entries report more pervasive bullying, sexual/LGBT/race‑targeted harassment, violent safety incidents, and ineffective incident response than square entries\"": \""This bucket captures the repeated concrete accounts of bullying, racial/identity harassment, fights, drug/weapon incidents, sexual/physical abuse and administrators failing or protecting perpetrators — a student‑safety / climate cluster that is about interpersonal harm and the school's failure to protect students, which is separable from administrative governance failures, facilities deficits, curricular offerings, or extracurricular prominence.\"",\n    \""circle entries report more acute facilities, infrastructure, and operational/logistics problems (overcrowding, trailers, HVAC/pest/sanitation, busing, scheduling) than square entries\"": \""This bucket groups complaints about physical plant and day‑to‑day operational breakdowns — overcrowding, mobile classrooms, pests, no AC, lunch/bus/accounting errors, and scheduling/credit logistics — which are tangible resource/operational problems distinct from governance choices, safety incidents, academic program quality, or extracurricular emphasis.\"",\n    \""circle entries describe stronger formal advanced-academic and college-prep programming (AP/IB/honors, dual-enrollment, vocational pathways, and measurable postsecondary outcomes) than square entries\"": \""This bucket aggregates the many specific reports of AP/IB/dual‑credit offerings, vocational/CTE pathways, measurable college acceptances and scholarship outcomes — a curricular/college‑prep strength cluster that is about program quality and outcomes rather than safety, facilities, admin malpractice, or extracurricular/athletic prominence.\"",\n    \""circle entries highlight broader, higher‑profile extracurriculars, fine arts/band excellence, and an athletics‑dominant culture (including booster/financial dynamics) more than square entries\"": \""This bucket groups the repeated references to award‑winning music/theatre, large club/CTE rosters, high‑level sports, athlete favoritism and booster/donor funding battles — programmatic and funding patterns in extracurricular life that are about prominence, access and resource allocation, and which are distinct from academic rigor, building conditions, safety climate, or governance failures.\""\n}""]",,41.04359984397888,28944,1920,2487,,[],['resp_0888fabee8dcb490006a7398bbe224819c8f0cd55b1d590ddf'],True
vote|reduce2|10|1,"[""{\n    \""circle entries portray more consistent, personalized teacher/staff engagement and family/community supports (small classes, tutoring, after‑school help, parent organizations) than square entries\"": \""Groups reviews that describe hands‑on, small‑school mentorship, active tutoring/AVID/IEP supports and engaged parent/alumni networks; this is about people-level, wraparound relational support and is distinct from facility shortages, safety incidents, administrative paperwork, or governance/cronyism issues covered by other buckets.\"",\n    \""square entries report more pervasive teacher disengagement, inconsistent classroom instruction, poor grading/feedback and lack of academic follow‑through than circle entries\"": \""Captures SQ-focused evidence about low instructional quality, missing or opaque grading, uneven standards and teachers failing to follow up academically; this bucket is explicitly instructional and assessment‑focused and does not overlap with physical facilities, bullying/safety, or administrative recordkeeping/fiscal governance.\"",\n    \""circle entries report more frequent bullying, discrimination, violent incidents, and ineffective safety responses than square entries\"": \""Groups accounts of fights, threats, gang/drug problems, targeted racial/LGBTQ harassment and systematic failure or punitive mis‑responses by staff; this safety/climate theme is about student conduct and protection (or lack thereof) and is separate from teacher instructional quality, facilities/resource shortfalls, or bureaucratic/board dysfunction.\"",\n    \""circle entries report more administrative and operational failures (records, scheduling, credits, counselor shortages) and poor parent notification than square entries\"": \""Covers concrete bureaucratic/process breakdowns—lost transcripts, mis‑placed records, scheduling/credit placement errors, counselor non‑responsiveness and broken parent‑notification systems—and is distinct from facility conditions, classroom instruction, safety/climate problems, or governance/cronyism (which deals with hiring/fiscal corruption rather than day‑to‑day operational errors).\"",\n    \""circle entries report more chronic facilities, resource, and operational shortfalls (overcrowding, HVAC/pests, missing materials, mandatory fees and opaque charges) than square entries\"": \""Collects reviews about physical infrastructure and material shortages—crowding, HVAC/pest/cleanliness issues, textbook shortages, fees and underfunding—and is explicitly about tangible facility/resource constraints rather than staff relational support, instructional practice, safety/climate incidents, or administrative/governance misconduct.\""\n}""]",,41.9161102771759,22220,1920,2425,,[],['resp_0b4a608b2575393a006a7398bbccec819eb5702e98669d10f4'],True
vote|reduce2|18|1,"[""{\n    \""circle entries report more administrative dysfunction, favoritism, turnover, and operational/process failures (guidance, testing, transcripts, fees) than square entries\"": \""This bucket groups all governance- and process-level failures (nepotism, unresponsive admin, mismanaged records/fees, testing/transcript problems and staff churn) and is distinct from other buckets because it focuses on institutional operations and leadership choices rather than facilities, safety, teacher-level supports, or curricular offerings.\"",\n    \""circle entries report more proactive, personalized student supports and staff‑to‑family communication (tutoring, small classes, counselors, one‑on‑one remediation) than square entries\"": \""This bucket captures reports of teacher- and staff-driven individualized supports (advisors, small class attention, counselors, after‑school help and parent communication) and is mutually exclusive from the admin-failure bucket because it concerns classroom/counseling practice and outreach rather than leadership/operational breakdowns.\"",\n    \""circle entries report more frequent bullying, discrimination, violent incidents, and ineffective safety responses than square entries\"": \""This safety/bullying bucket groups all claims about student-on-student and student-on-staff violence, drugs, gang activity and the school’s failure to control or remediate those threats, and it is separate from facilities, admin-process, teacher-support, and academic-program buckets because it concerns physical/behavioral safety and incident response rather than resources, governance, pedagogy, or curricular strength.\"",\n    \""circle entries report more concrete facilities, funding, and resource shortfalls (outdated buildings/technology, missing textbooks, cafeteria/food issues, overcrowding) than square entries\"": \""This bucket collects tangible infrastructure and resourcing problems (overcrowded classes, broken labs, pests, outdated texts, hidden fees and custodial shortfalls) and is distinct from the admin or safety buckets because it describes material/space/funding deficits rather than governance decisions, interpersonal safety, or instructional practices.\"",\n    \""circle entries document more extensive formal advanced academic and career pathways and measurable postsecondary outcomes (AP/IB/dual‑enrollment, career academies, internships, scholarship totals) than square entries\"": \""This bucket groups substantive programmatic strengths — advanced/AP/IB offerings, dual‑enrollment, career academies, internships and documented college/scholarship outcomes — and is mutually exclusive from the other buckets because it addresses curriculum and measurable postsecondary pathways rather than safety, facilities, operations, or individualized staff responsiveness.\""\n}""]",,42.538169860839844,21791,2112,2623,,[],['resp_0d8a3269b68c5668006a7398bbdd0c819fb91eff2327545fca'],True
vote|reduce2|4|1,"[""{\n    \""circle entries report worse governance, accountability, and policy failures (administrative unresponsiveness, unequal discipline, nepotism, IEP noncompliance, zoning/gerrymandering) than square entries\"": \""This groups all reviewer evidence about leadership, policy and accountability breakdowns (unresponsive principals, favoritism/nepotism, IEP non‑compliance, district/board culpability) and is distinct from safety, facilities, individual teacher supports, or academic-program strength because it targets system-level governance and policy failures rather than classroom, campus condition, or program offerings.\"",\n    \""circle entries report more pervasive student safety, bullying, gang, drug and violent‑incident problems and more frequent ineffective enforcement than square entries\"": \""This captures the cluster of concrete safety and climate problems (fights, weapons/shots/bomb threats, gang/drug activity, pervasive bullying and staff inaction) and is mutually exclusive from governance (which is about policy/accountability), facilities (which is about space/materials), individualized supports, or program breadth.\"",\n    \""circle entries report more chronic facilities, resource, and operational shortfalls (overcrowding, HVAC/pests, missing materials, mandatory fees and opaque charges) than square entries\"": \""This groups tangible infrastructure and operational deficiencies (crowding, leaking ceilings, trailers, poor food service, missing textbooks, budget/fee issues) and is separate from governance (policy misconduct), safety (student misconduct), individualized supports, and academic/program descriptions.\"",\n    \""circle entries report more accessible, individualized staff support, proactive parent/alumni involvement, and community/partnership resources than square entries\"": \""This bucket covers reviewer evidence of hands‑on, person‑level supports (after‑school tutoring, intervention specialists, proactive teacher/counselor communication, active parent/fundraising/alumni engagement and partnerships) and is explicitly different from formal program breadth, campus facilities, governance failures, or safety/discipline issues.\"",\n    \""circle entries describe broader, more formalized academic/program offerings and measurable college/career outcomes (academies, AP/IB, dual‑enrollment, vocational/CTE, and rich extracurriculars) than square entries\"": \""This groups structured programmatic strength and outcome evidence (academy/dual‑enrollment, AP/IB/STEM/CTE offerings, certifications, college matriculation and AP passes) and is distinct from one‑on‑one supports, facility conditions, governance problems, or campus safety concerns.\""\n}""]",,42.72833776473999,22136,2112,2641,,[],['resp_080a5c9c3591c355006a7398bba91081a297064b8a0ff0a833'],True
vote|reduce2|18|0,"[""{\n    \""circle entries report more administrative dysfunction, nepotism, and poor institutional governance than square entries\"": \""Captures all reviews alleging favoritism, crony hires, corruption, cover‑ups, punitive or monetized policies and unresponsive boards — a governance/fairness cluster that is about who runs the school and how decisions are made, and is intentionally distinct from (a) concrete operational/facility problems, (b) student safety/bullying incidents, (c) academic program strength, and (d) classroom‑level staff responsiveness.\"",\n    \""circle entries report more pervasive student-safety and behavior problems (bullying, fights, drugs, open-campus skipping) and more frequent school failures to protect students than square entries\"": \""Groups reviews describing physical/psychosocial harm and failed protection (bullying, assaults, sexual incidents, gangs, vaping/drugs and inadequate intervention) — a safety/climate cluster separated from governance (who runs the school), facilities/logistics (e.g., buses/food/credits), and academic-program or teacher‑support claims.\"",\n    \""circle entries describe stronger, more extensive academic programs and measurable college-preparatory outcomes than square entries\"": \""Collects mentions of AP/IB/dual‑enrollment/CTE, quantifiable college/scholarship outcomes and advanced‑course rigor — programmatic evidence about curricular pathways and student outcomes that is conceptually distinct from safety/climate, governance/favoritism, operational logistics, and day‑to‑day teacher responsiveness.\"",\n    \""circle entries contain more specific, concrete operational and facilities details (parent‑communication systems, portals, scheduling/credit transfer errors, textbook shortages, cafeteria/facilities notes, technology programs and enrollment logistics) — both praise and complaints — than square entries\"": \""Groups the granular, infrastructure and process evidence (recordkeeping, scheduling/credit errors, overcrowding, food quality, bus punctuality, fees, renovations and tech rollouts) — tangible operational/resource items that are about capacity and logistics and not about governance intent, student‑safety incidents, curricular rigor, or teacher‑student support behaviors.\"",\n    \""square entries portray more consistent, caring, and stable teacher/staff engagement and student support than circle entries\"": \""Collects reviews emphasizing reliable, responsive classroom‑level personnel (accessible counselors, mentoring teachers, timely communication and hands‑on remediation) — a people‑and‑service cluster focused on staff behavior and family communication that is intentionally separated from institutional governance, safety incidents, facilities/logistics, and formal academic‑program strength.\""\n}""]",,42.84270095825195,29254,1920,2496,,[],['resp_01107de0e3dd8166006a7398bbddf881918bda31b3547fdb9e'],True
vote|reduce2|8|1,"[""{\n    \""circle entries report more systemic administrative dysfunction, favoritism/nepotism, punitive or revenue-driven policies, and poor parent communication than square entries\"": \""Groups numerous reviews alleging governance failures (nepotism, misallocated funds, punitive residency/enrollment enforcement, and unresponsive leadership); this bucket is about leadership/policy/governance problems and is distinct from facility, safety, instructional‑support, or curricular/program evidence.\"",\n    \""circle entries report more pervasive student‑safety problems, bullying, racist incidents, substance use, and staff misconduct than square entries\"": \""Collects the safety‑and‑climate incidents (physical assaults, bullying, discrimination, drug pressure, stalking, and staff‑on‑student misconduct); this bucket is focused on student safety and climate and is separate from governance/policy, physical facilities, teacher academic supports, or formal academic programming.\"",\n    \""circle entries describe stronger, programmatic academic rigor and measurable college‑prep pathways (IB/AP/dual‑credit, specialized academies, exam prep and documented college placements) than square entries\"": \""Groups concrete curricular/programmatic strengths and measurable postsecondary outcomes (AP/IB/dual credit, early‑college, documented matriculation/scholarships); this bucket addresses institutional academic offerings and outcomes, not classroom‑level tutoring, safety, facilities, or governance issues.\"",\n    \""circle entries document more consistently available, caring, individualized instruction and student supports (including IEP/accommodation responsiveness and tutoring) than square entries\"": \""Captures teacher‑ and staff‑level service evidence (after‑school tutoring, individual outreach, IEP responsiveness, counselors who follow up) and is explicitly about day‑to‑day instructional/support practices, distinct from high‑level programs, physical resources, governance, or campus safety incidents.\"",\n    \""circle entries report worse physical facilities, overcrowding, and resource constraints (mobile units, sewage/cleanliness issues, overcrowded classes, budget cuts) than square entries\"": \""Groups the tangible infrastructure and resourcing problems (overcrowding, outdated/out-of-service HVAC, lack of books/supplies, funding shortfalls); this bucket is about physical/operational capacity and material resources and does not overlap with governance, climate/safety, classroom supports, or curricular offerings.\""\n}""]",,44.29861092567444,22182,2112,2587,,[],['resp_0a3d9d2faa8c6b00006a7398bbf96c81a1a8d61bc710d7228e'],True
vote|reduce2|1|0,"[""{\n    \""circle entries report more administrative dysfunction, favoritism/corruption, poor incident handling, exclusionary policies, and inconsistent responsiveness than square entries\"": \""Many circle reviews describe governance problems (nepotism, opaque boards, protected staff, punitive/retaliatory policies and IEP non‑compliance), which is distinct from student-safety incidents, facility/resource complaints, academic-program strength, or teacher accessibility because it specifically names governance/favoritism and complaint‑handling failures rather than operational, instructional, safety, or curricular topics.\"",\n    \""circle entries report more pervasive student misconduct, bullying, harassment, and safety incidents (with ineffective or inconsistent staff response) than square entries\"": \""Numerous circle reviews recount fights, gang/drug activity, bullying, sexual/racial harassment and either staff inaction or inconsistent/punitive responses, a theme focused on on‑campus safety and behavioral climate that is separate from governance faults, facilities/logistics, academic program quality, or claims about routine teacher availability.\"",\n    \""circle entries report stronger advanced academic programs and measurable college‑prep outcomes than square entries\"": \""Circle reviews repeatedly cite AP/IB/dual‑enrollment, measurable test/college outcomes and formal college‑prep pathways, a programmatic/academic‑rigor cluster that differs from safety, governance, facilities, or interpersonal staff responsiveness.\"",\n    \""circle entries report more concrete facility, capacity, and resource statements (both investments and shortages)—including overcrowding, cleanliness problems, PE/wait‑lists, renovations, and targeted spending critiques—than square entries\"": \""Many circle items give specific operational/facility details (overcrowded classes, HVAC/cleanliness, food/meal problems, capital upgrades or shortfalls and budget‑driven program cuts), a logistics/resource category distinct from governance behavior, safety incidents, curricular rigor, or teacher/counselor accessibility.\"",\n    \""square entries portray more consistently responsive, engaged, and professional staff and leadership (timely communication, counseling, accessible principals) than circle entries\"": \""Square reviews more often describe dependable, accessible teachers/counselors and timely school communication and volunteer engagement, which is an interpersonal/support quality that is conceptually different from governance/favoritism issues, safety crises, facility/resource conditions, or advanced‑program prevalence.\""\n}""]",,45.182109117507935,28981,2496,3003,,[],['resp_0551ee9267e5b406006a7398bbc9088191ac4b8c4b5efc3192'],True
vote|reduce2|8|0,"[""{\n    \""circle entries report more frequent and more severe student safety and climate failures (bullying, physical assaults, racism, drugs) combined with inadequate or punitive administrative responses than square entries\"": \""This groups all reports about on‑campus violence, pervasive bullying/harassment, substance use and related safety incidents together with the reviewers' recurring claim that adults either ignore, cover up, or respond punitively — distinct from governance/favoritism (which is about corruption and hiring) and from facilities or academic-program claims.\"",\n    \""circle entries report more pervasive staff and governance dysfunction—favoritism, nepotism, unprofessional conduct, poor responsiveness, punitive/inconsistent discipline, high turnover, and district/board mismanagement—than square entries\"": \""This captures governance- and staff‑level pathology (cronyism, biased enforcement, cover‑ups, HR/board failures and churn) as a cohesive theme that is about who runs the school and how decisions are made, separate from physical resources, student safety incidents, academics, or parental/community support.\"",\n    \""circle entries report more acute facilities, infrastructure, and operational/logistics problems (overcrowding, trailers, HVAC/pest/sanitation, busing, scheduling) than square entries\"": \""This groups concrete, on‑the‑ground resource and maintenance failures (crowding, broken HVAC/AC, pest/cleanliness, lunch/bus problems, scheduling/credit logistics) into a single operational/facilities bucket distinct from governance, safety incidents, curricular strength, or teacher/counselor personalization.\"",\n    \""circle entries describe stronger advanced-academic programs, vocational/CTE options, technology integration, and measurable college‑preparation outcomes than square entries\"": \""This gathers all evidence of formal academic rigor and program breadth (AP/IB/dual‑enrollment, career/CTE pathways, college credit/results, STEM/technical electives and realized outcomes) into one theme focused on curricular offerings and postsecondary results, clearly separate from teacher responsiveness, facilities, or safety.\"",\n    \""circle entries emphasize consistent, personalized teacher/counselor engagement, small‑school/family‑style supports, and active parent/alumni/community involvement more than square entries\"": \""This bucket covers one‑on‑one tutoring, proactive counselors, small‑class intimacy, parent organizations, alumni pipelines and community volunteerism as an integrated relational/support environment distinct from institutional governance problems, physical infrastructure, student‑safety incidents, or formal advanced‑academic program descriptions.\""\n}""]",,45.18206000328064,28507,2240,2793,,[],['resp_021cd5360a4a3b5a006a7398bbcc44819e8ac1457c1febc12f'],True
vote|reduce2|16|0,"[""{\n    \""circle entries describe stronger, more extensive advanced academic programs, specialized pathways, and measurable college‑prep outcomes than square entries\"": \""Captures all programmatic evidence (AP/IB/dual‑credit, vocational academies, scholarships, measurable college outcomes) and is distinct from other buckets because it focuses on curricular pathways and postsecondary metrics rather than safety, facilities, governance, or community culture.\"",\n    \""circle entries report more administrative dysfunction, favoritism, turnover, and operational/process failures (guidance, testing, transcripts, fees) than square entries\"": \""Groups governance/recordkeeping/favoritism and parent‑administration process failures (e.g., withheld transcripts, credit/transfer errors, opaque fees) and is mutually exclusive because it refers to institutional decision‑making and paperwork rather than physical plant, student behavior, curricular strength, or community warmth.\"",\n    \""circle entries report more pervasive student safety, bullying, and behavior‑management problems and classroom disruption than square entries\"": \""Encapsulates incidents and climate issues (fights, assaults, gangs, threats, theft, harassment) and ineffective or punitive adult responses, and is separate from facilities, academic program strength, administrative recordkeeping, or community/teacher support themes.\"",\n    \""circle entries report more concrete facility, operational, and logistical problems (deferred maintenance, overcrowding, no AC, transportation/drop‑off failures, high direct fees) than square entries\"": \""Covers tangible infrastructure and daily operations (overcrowded classes, HVAC/pest/cleanliness, food/lunch timing, pick‑up logistics, classroom locations) and is distinct because it addresses physical and logistical resourcing rather than curricula, safety incidents, governance behavior, or social/community dynamics.\"",\n    \""circle entries report a stronger familylike community, visible school spirit, parental/alumni engagement, and personalized student support than square entries\"": \""Groups small‑school personalization, visible school spirit, active alumni/fundraising, teacher accessibility and counselor/tutoring supports into one social/community bucket and is mutually exclusive because it focuses on relational/climate strengths (belonging, mentorship, volunteerism) rather than programs, safety incidents, facilities, or administrative governance.\""\n}""]",,45.237035036087036,28326,2112,2617,,[],['resp_015104dcd8fddabe006a7398bbee08819facdc4d4d861a4922'],True
vote|reduce2|3|0,"[""{\n    \""circle entries report more frequent and severe student safety/discipline problems (bullying, fights, gang/drug incidents) and ineffective on‑the‑ground intervention than square entries\"": \""This groups every raw term describing fights, thefts, drug/gang activity, sexual/racial harassment, pervasive bullying, and weak or biased discipline into a single safety‑and‑climate bucket distinct from other operational or programmatic issues (it focuses on student behavior and immediate protective response rather than governance, facilities, or academics).\"",\n    \""circle entries report more administrative unresponsiveness, nepotism, recordkeeping and operational failures than square entries\"": \""This captures the governance and office‑level failure evidence (lost transcripts, opaque boards, favoritism/nepotism, punitive/exclusionary policies, billing/fee practices and withheld records) and is kept separate from physical resource complaints or teacher‑level support because it centers on leadership, policy, and process breakdowns.\"",\n    \""circle entries report stronger advanced academic programs and measurable college-prep outcomes than square entries\"": \""This groups concrete programmatic strength claims (AP/IB/dual‑enrollment, CTE/CTE credentials, early‑college partnerships, measurable college admissions/credit outcomes) into a single academic‑program/outcome bucket distinct from individualized pastoral support or extracurricular descriptions.\"",\n    \""circle entries describe a small, family‑like, personalized community with consistently caring teachers and one‑on‑one supports more than square entries\"": \""This captures reviewers’ accounts of small class sizes, accessible teachers/counselors, mentoring/onboarding, sustained alumni/parent bonds and individualized accommodations — a personnel/community personalization theme that is conceptually distinct from systemwide governance failures, physical resources, safety incidents, or formal academic program strength.\"",\n    \""circle entries contain far more concrete facility, operational and resource details — both positive and negative — (technology, textbooks, HVAC, food, busing, class sizes, security measures) than square entries\"": \""This groups all specific, on‑the‑ground infrastructure, maintenance, capacity, and resourcing evidence (renovations, no‑AC, cleanliness, tech rollouts, program funding tradeoffs, overcrowding, transportation) into a single bucket separated from governance/process failures, student safety climate, teacher/mentor personalization, and the school’s academic program offerings.\""\n}""]",,45.57689809799194,28354,2176,2696,,[],['resp_0cdb8595125293cd006a7398bbc92081929062ec11078f1ac1'],True
vote|reduce2|7|1,"[""{\n    \""circle entries report more administrative/governance dysfunction and operational/resource-management failures than square entries\"": \""Groups many reviews documenting school/district mismanagement (unresponsive offices, billing/record errors, politicized board actions, staffing churn and opaque decisions) into a single governance/operations bucket distinct from staff conduct, safety, facilities, academics or community engagement.\"",\n    \""circle entries report more pervasive student-safety and behavioral problems (bullying, fights, gangs, drugs) and inadequate / punitive security or discipline than square entries\"": \""Collects all evidence about student misbehavior, identity‑based harassment, violence/drug incidents and weak or punitive disciplinary responses into a specific safety/behavior climate bucket that is separate from governance, facilities, academic programs, or parental/community dynamics.\"",\n    \""circle entries contain more specific, concrete facility and resource observations (either recent capital upgrades and modern tech or severe disrepair, cleanliness and security failures) than square entries\"": \""Captures the many concrete, on‑the‑ground facility and resource notes (new buildings, tech rollouts, overcrowding, HVAC/toilet problems, cafeteria/busing, misallocated athletics spending) as an infrastructure/resources bucket rather than folding them into governance, safety, academics or community themes.\"",\n    \""circle entries describe stronger, more visible advanced-academic and career pathways (AP/IB/dual-enrollment/vocational), measurable college outcomes, and classroom technology integration than square entries\"": \""Groups reviews that report concrete academic program strength (AP/IB/dual credit/CTE), measurable postsecondary outcomes and classroom tech adoption into an academic-programs-and-outcomes bucket distinct from facilities, governance, safety, or parent/community aspects.\"",\n    \""circle entries report a stronger familylike community, visible school spirit, parental/alumni engagement, and personalized student support than square entries\"": \""Aggregates mentions of tight-knit community, active parental/alumni involvement, individualized tutoring/counseling and visible school spirit into a single community/engagement/support bucket which is clearly different from governance failures, safety issues, facility conditions or formal academic offerings.\""\n}""]",,45.61116981506348,21800,2240,2680,,[],['resp_0a56ecc1fa3c3561006a7398bbd8d88192a8fba08a2fdbbdb1'],True
vote|reduce2|5|1,"[""{\n    \""circle entries report more systemic administrative dysfunction, favoritism/nepotism, punitive or revenue‑driven policies, and poor parent communication than square entries\"": \""Groups governance- and policy-level failures (e.g., nepotism, contested discipline, pay-to-play or punitive revenue practices, broken communications) into a single theme about how leadership and rules operate — distinct from safety incidents (student harm), programmatic academic strength, community/alumni dynamics, or building/material failures.\"",\n    \""circle entries document more pervasive student safety, bullying, substance‑use, weapons incidents and related administrative inaction than square entries\"": \""Captures incident‑level school climate and student-harm patterns (bullying, assaults, substance use, weapons) and the specific failure of adults to intervene — which is a safety/climate category separate from governance/policy dysfunction, extracurricular/community identity, academic programming, or facility/resource issues.\"",\n    \""circle entries report stronger small‑town / faith‑oriented community ties, parental/alumni involvement, and more personalized one‑on‑one support than square entries\"": \""Groups the social identity and relational strengths of a school (faith identity, small/family feel, active alumni and parent organizations, individualized teacher care) that are about community and social capital, not about safety incidents, governance malpractice, facility deficiencies, or academic-program rigor.\"",\n    \""circle entries describe stronger advanced academic programming, AP/IB/dual‑enrollment pathways, and measurable college outcomes — and the attendant high‑pressure workload/stress — than square entries\"": \""Isolates curricular and outcome strength (AP/IB/dual-credit, elite matriculation, heavy homework/college-prep pressure) as a programmatic academic theme distinct from community culture, safety/climate incidents, administrative governance problems, or physical/resource shortcomings.\"",\n    \""circle entries report more concrete facility, material, and operational resource failures (mold, no heat/AC, inedible food, outdated books, bus/attendance errors) than square entries\"": \""Groups the tangible infrastructure and operational service failures (building maintenance, food/sanitation, HVAC, technology rollouts, attendance/record errors) into an infrastructure bucket that is clearly separate from leadership/governance, student-safety incidents, community/alumni dynamics, and curricular rigor.\""\n}""]",,46.77617383003235,22232,2432,2948,,[],['resp_07e936ac88df77b3006a7398bbbf9c81a18f13337d73aa6540'],True
vote|reduce2|14|1,"[""{\n    \""circle entries document more pervasive safety, bullying, discrimination, substance/gang incidents, and related student‑victimization than square entries\"": \""Groups all raw items that describe direct threats to student safety—fights, stabbing, bullying, racist/sexist/sexual‑harassment incidents, gang/drug presence and failed discipline—which is distinct from facilities, academic-program, staff‑governance, or community‑cohesion evidence (those buckets describe resources, programming, personnel behavior, or social ties rather than incidents of victimization).\"",\n    \""circle entries report broader, higher‑level academic and extracurricular offerings (advanced courses, dual‑enrollment, specialized STEM/CTE, award‑winning arts, vocational/FFA) than square entries\"": \""Collects statements about substantive program breadth and measurable postsecondary outcomes (AP/IB, Running Start/dual enrollment, vocational certifications, award‑winning arts/athletics) and is kept separate from teacher/administrative conduct, campus safety incidents, facility/logistics problems, or local community/alumni ties which are different kinds of evidence about the school.\"",\n    \""circle entries report greater variability and operational/resource issues in facilities, funding, and logistics (renovations or severe shortages, overcrowding, cleanliness, tech, meal/transport problems) than square entries\"": \""Covers concrete infrastructure and operational constraints—overcrowding, unsanitary buildings, roaches, broken facilities, meal/denial policies, busing, tech rollouts and budget tradeoffs—which is categorically about physical capacity and resource logistics and therefore distinct from programmatic strength, interpersonal safety incidents, governance/favoritism, or community cohesion.\"",\n    \""circle entries report more pervasive staff and governance dysfunction—favoritism, nepotism, unprofessional conduct, poor responsiveness, punitive/inconsistent discipline, high turnover, and district/board mismanagement—than square entries\"": \""Groups reviews alleging systemic personnel and leadership failures (nepotism, biased enforcement, staff misconduct, absent/defensive administration, lawsuits, accreditation/board controversies), which are about how adults and systems are run and are conceptually separable from student safety events, facility resourcing, program offerings, or local family/alumni culture.\"",\n    \""circle entries report stronger small‑town / faith‑oriented community ties, parental/alumni involvement, and more personalized one‑on‑one support than square entries\"": \""Captures descriptions of family‑style culture, religious/faith integration, alumni returning, active parent volunteerism, and individualized teacher/counselor attention—community and relational strengths that are about social cohesion and supports rather than physical resources, formal programs, safety incident rates, or governance/favoritism problems.\""\n}""]",,47.20652914047241,21705,1664,2283,,[],['resp_0f863129e99dfed4006a7398bbf94481a0a8f9224e349d2012'],True
vote|reduce2|21|0,"[""{\n    \""circle entries report stronger advanced-academic and college-preparation offerings and measurable outcomes (AP, full AP catalogs, ECE/dual-enrollment, rankings, tangible college matriculation) than square entries\"": \""Groups reviews that describe concrete programmatic strength (AP/IB/dual‑enrollment, specialty academies, credits, rankings and documented college admissions); this is distinct from facility, safety, governance, or personalization evidence because it specifically captures curriculum, pathway availability, and measurable postsecondary outcomes.\"",\n    \""circle entries report more chronic facilities, resource, and operational shortfalls (overcrowding, HVAC/pests, missing materials, mandatory fees and opaque charges) than square entries\"": \""Captures the cluster of concrete infrastructure, material and budget/fee problems (no AC, overcrowding, missing textbooks, cafeteria/food/hygiene issues, trailer classrooms, hidden charges) that are about physical and logistical resourcing rather than pedagogy, governance, safety climate, or teacher–family relationships.\"",\n    \""circle entries report more administrative and governance dysfunction plus operational failures in support services (turnover, secrecy, favoritism, misallocation, cover-ups, counselor/scheduling/records breakdowns) than square entries\"": \""Groups governance- and process-level failures (board/ superintendent coverups, nepotism, transcript/fee withholding, counselor/scheduling/IEP mismanagement and retaliatory leadership) that are organizational and legal/administrative in nature and therefore separate from facilities, classroom programs, safety incidents, or individual teacher supports.\"",\n    \""circle entries report more pervasive student-safety and bullying problems (fights, gang/drug activity, sexual/racial harassment) coupled with ineffective or biased adult responses than square entries\"": \""Collects all reviews documenting violent/harassing student behavior, substance/weapon incidents, racial/sexualized victimization and persistent failures or biased responses by staff/security, which is a distinct school‑climate/safety domain separate from resourcing, governance, curricula or individualized supports.\"",\n    \""circle entries emphasize a smaller, close‑knit, family‑like community, higher personalized attention, and active alumni/parent involvement more than square entries\"": \""Groups evidence of small‑school personalization (small classes, named caring teachers, universal after‑school help, active boosters/alumni, multigenerational enrollment and visible parent engagement) that is a people‑level relational pattern distinct from institutional governance, physical resources, academic-program strength, or safety/climate issues.\""\n}""]",,47.60745906829834,28881,2240,2786,,[],['resp_01e57ee726306f58006a7398bbfb0c81a18d9c72785c3a74fe'],True
vote|reduce2|6|1,"[""{\n    \""circle entries report greater administrative/staff dysfunction characterized by favoritism, nepotism, retaliation, protection of problematic staff/athletes, grade manipulation, and weak accountability than square entries\"": \""This bucket groups many raw items alleging cover‑ups, selective enforcement, nepotism/family favoritism, protected athletes, grade inflation/manipulation and weak district accountability — a distinct cluster about governance/staff misconduct that is operationally different from facility, safety, extracurricular or curricular‑strength issues.\"",\n    \""circle entries report more pervasive student safety problems, bullying, substance use, and ineffective or punitive disciplinary responses than square entries\"": \""This captures the large set of reports about bullying, fights, drugs/vaping/tobacco, unsafe student behavior and either absent or punitive/mismanaged discipline — a clear, safety‑and‑climate cluster that is conceptually separate from administrative favoritism, physical facilities, extracurricular breadth, or academic program descriptions.\"",\n    \""circle entries report broader extracurricular breadth, stronger local/alumni community engagement, and an athletics‑centered culture (sometimes funded at the expense of other programs) more than square entries\"": \""This bucket groups items emphasizing many clubs, award‑winning arts and band, strong alumni/parent networks and an athletics‑dominant social life (including athlete privilege and budget choices) — a programmatic/community/identity cluster distinct from facility deficits, governance failures, safety incidents, or core academic rigor.\"",\n    \""circle entries report more acute facility, resource and operational deficits and family financial burdens than square entries\"": \""This groups the concrete infrastructure and resourcing items — aging buildings, overcrowding, pest problems, lost credits/records, school fees/tuition pressures and inequitable resource allocation — a physical/operational/resource cluster that is not the same as governance favoritism, student safety/climate, extracurricular abundance, or curricular strength.\"",\n    \""circle entries report broader and better-documented academic and extracurricular program offerings and college/career pathways than square entries\"": \""This bucket gathers the distinct evidence about organized advanced academics (AP/IB/dual credit/specialized academies), documented college placements, vocational/CTA pathways and well‑specified program outcomes — a curricular/program‑quality and measurable‑outcome cluster separated from safety, facilities, governance, and purely extracurricular/community claims.\""\n}""]",,50.22000503540039,22079,2752,3242,,[],['resp_018660e4c02e9203006a7398bbdbe4819d97de6a0a72ee1063'],True
vote|reduce2|7|0,"[""{\n    \""circle entries report more administrative and governance failures, favoritism, legal/compliance problems, and resource-prioritization conflicts than square entries\"": \""This groups all reports of nepotism, cover‑ups, selective enforcement, board/leadership dysfunction, metric manipulation and contested funding decisions into one governance/favoritism bucket; it is distinct from facilities (material problems) and distinct from teacher-level support or student‑safety issues because it centers on leadership/governance actions and policy-level misconduct rather than physical conditions, pedagogy, or student behavior.\"",\n    \""circle entries report more pervasive student-safety problems (bullying, fights, gang/drug activity, sexual/racial harassment) combined with inadequate or punitive administrative responses than square entries\"": \""This captures the many concrete incidents of violence, drugs, assault, racism/homophobia, systematic bullying and the documented failure or punitive mishandling by staff—separating climate/safety failures from governance mismanagement (which is about leadership/policy) and from facilities/resource complaints (which are material/logistical).\"",\n    \""circle entries document more extensive formal advanced academic and career pathways and measurable postsecondary outcomes (AP/IB/dual‑enrollment, career academies, internships, scholarship totals) than square entries\"": \""This groups evidence of structured academic rigor, AP/IB/dual‑credit, vocational/CTE academies, scholarship/college‑placement outcomes and related exam/prep supports into one academic-programs bucket; it is distinct from claims about teacher availability or small‑school intimacy (which are about delivery) and from facilities (which are about physical resources).\"",\n    \""circle entries provide far more concrete operational and facility detail (budget cuts, funding allocations, maintenance, tech rollouts, renovations, program cuts, busing, food and sanitation, overcrowding) than square entries\"": \""This groups all material, infrastructure and logistical evidence—both investments and deficits (renovations, HVAC, buses, cafeterias, overcrowding, missing textbooks, technology rollouts and explicit budget transparency questions)—and keeps physical/operational issues separate from governance accountability, safety/climate, academic-program strength, and community/personalization.\"",\n    \""circle entries report stronger small‑school / multigenerational community engagement, volunteerism, school spirit and parent/alumni networks and more personalized teacher/counselor hands‑on support than square entries\"": \""This bucket consolidates repeated claims about small/classic hometown or faith‑based intimacy—close parent/alumni involvement, sustained volunteer programs, long‑term family ties, and hands‑on teacher/counselor availability (tutoring, after‑school help)—and keeps those interpersonal/community dynamics distinct from governance failures, safety incidents, academic program listings, and physical/resource conditions.\""\n}""]",,51.79080295562744,28860,2368,2973,,[],['resp_0c5700f1ed0f1e5a006a7398bbd31481a1b22eca79b74ebec0'],True
vote|reduce2|11|1,"[""{\n    \""circle entries report more pervasive student safety problems, bullying, substance use, and ineffective or punitive disciplinary responses than square entries\"": \""This bucket groups all accounts of fights, theft, gang/drug/vaping incidents, bullying (including racial/sexual harassment) and descriptions of ineffective or overly punitive discipline; it is distinct from staff/governance dysfunction because it focuses on student behavior and safety outcomes rather than who runs or manages the school.\"",\n    \""circle entries report more pervasive staff and governance dysfunction—favoritism, nepotism, unprofessional conduct, poor responsiveness, punitive/inconsistent discipline, high turnover, and district/board mismanagement—than square entries\"": \""This bucket collects complaints about administrators/teachers/boards (favoritism, corruption, retaliation, name-calling, turnover and refusal to work with authorities); it is mutually exclusive from safety (student incidents) and from teacher-accessibility (positive staff support) because it targets institutional and personnel dysfunction rather than student climate or individualized help.\"",\n    \""circle entries report more extensive programmatic strength and measurable college‑preparatory outcomes (AP/IB/dual‑enrollment, awards, and documented college matriculation) than square entries\"": \""This bucket captures explicit, concrete academic-program advantages—AP/dual‑enrollment/IB offerings, measurable test/scholarship outcomes and college-credit pathways—and is separate from facilities/resource issues or extracurricular breadth because it is about curricular rigor and documented postsecondary results.\"",\n    \""circle entries report more concrete operational and facility shortcomings (outdated curriculum/technology gaps, missing textbooks, overcrowding, cleanliness/food safety problems, parking/traffic hazards, and mixed renovation/funding narratives) than square entries\"": \""This bucket groups physical-plant, supply and operational failures (broken tech, pests, missing texts, cafeteria/food-safety, space/traffic problems and contested budgets), keeping facilities/operations distinct from programmatic quality, safety/climate, governance, or teacher accessibility.\"",\n    \""circle entries report greater teacher accessibility, individualized support, and small‑school/closer community engagement than square entries\"": \""This bucket groups consistent evidence of proactive, one‑on‑one teacher outreach, mentoring/advisory relationships, strong parental volunteering and small-school personalized support, and is intentionally distinct from staff/governance dysfunction (systemic problems) and from curricular/extracurricular breadth (program offerings) because it focuses on relational, day‑to‑day student support.\""\n}""]",,52.197110176086426,21594,2880,3418,,[],['resp_00bd222ad591680d006a7398bbca14819187aac36df7147093'],True
vote|reduce2|23|0,"[""{\n    \""circle entries report more pervasive student safety, bullying, drug and theft incidents and often describe ineffective enforcement or inconsistent discipline compared with square entries\"": \""This groups all evidence about on‑campus harm and climate (bullying, fights, drugs, assaults, sexual/racial harassment, and descriptions of ineffective or arbitrary discipline); it’s distinct from governance or facilities problems because it concerns direct student safety and behavioral outcomes rather than who runs the school or its material condition.\"",\n    \""Circle entries report more administrative unprofessionalism, favoritism, nepotism, governance failures, and poor responsiveness (coverups, selective discipline, leadership instability) than square entries\"": \""This clusters complaints about staff/board conduct, opaque governance, patronage, selective enforcement, retaliation and broken promises — organizational and accountability failures — and is kept separate from facility/resource shortfalls or student‑safety outcomes because it targets decision‑making and personnel behavior rather than physical resources or student incidents.\"",\n    \""circle entries report stronger advanced academic programs and measurable college-prep outcomes than square entries\"": \""This groups all references to AP/IB/dual‑enrollment/CTE/STEM pathways, scholarship/college matriculation metrics and measurable academic rigor or workload; it is explicitly programmatic and outcome‑focused, not about climate, governance, facilities, or community ties.\"",\n    \""circle entries report more chronic facilities, resource, and operational shortfalls (overcrowding, HVAC/pests, missing materials, mandatory fees and opaque charges) than square entries\"": \""This captures building condition, sanitation, technology rollouts, overcrowding, hidden fees and other operational resource failures — material/ logistical deficits that are separable from administrative misconduct (who made decisions) and from the school’s curricular/program strengths.\"",\n    \""circle entries depict stronger local community cohesion, multi‑generational enrollment, active parent/alumni mobilization and pronounced school pride than square entries\"": \""This groups evidence of small‑school intimacy, sustained alumni/family ties, booster/volunteer activity, school‑spirit traditions and parent mobilization — a social/community dynamic distinct from academic program strength, governance misconduct, facilities problems, or student safety incidents.\""\n}""]",,52.43041920661926,28634,2816,3258,,[],['resp_082ec6e67e927f6d006a7398bbed5c81a181f56ae878248df3'],True
vote|reduce2|1|1,"[""{\n    \""circle entries portray an athletics/ROTC‑dominated culture with favoritism, resource diversion, and coach misconduct more than square entries\"": \""Groups reviews that single out sports/ROTC as a dominant cultural force (booster money, preferential treatment, nepotistic selection for teams/leadership and even coach/staff misconduct) — explicitly about programmatic favoritism and coach behavior rather than building condition, governance processes, student-safety incident rates, or academic breadth, so it is distinct from the other buckets.\"",\n    \""circle entries report more administrative dysfunction, inconsistent policy enforcement, poor recordkeeping/communication, and politicized or adversarial governance than square entries\"": \""Captures comments about governance breakdowns (board politics, missing documentation, unanswered parent communications, policy inconsistency and adversarial parent‑district relations) — focused on managerial and procedural failures at the district/school leadership level, not on student safety incidents, physical facilities/resource shortages, athletic culture, or the presence/quality of academic pathways.\"",\n    \""circle entries report more facility, operational, and resource-allocation problems (crowding, sanitation, food safety, misallocated spending, and punitive fees) than square entries\"": \""Groups concrete operational/physical problems and family financial burdens (overcrowded classrooms, HVAC/maintenance failures, dirty/unsafe food service, opaque fees and misallocated spending) — this bucket is about tangible infrastructure and resource shortfalls (and their direct effects), which is conceptually separate from administrative politics, student‑safety/climate incidents, athletic favoritism, or programmatic academic strength.\"",\n    \""circle entries describe stronger and more numerous structured academic pathways—AP/IB/STEM, dual‑enrollment, and vocational/career programs (and explicit college‑prep outcomes)—than square entries\"": \""Collects reviews that document concrete, organized academic offerings and measurable postsecondary outcomes (robust AP/IB/STEM tracks, dual‑credit, career academies and college matriculations) — explicitly an academic-program strength theme and therefore not conflated with facility problems, governance dysfunction, athletics culture, or behavioral/safety issues.\"",\n    \""circle entries report pervasive safety, bullying, harassment, substance‑use, and discriminatory/toxic student‑climate problems with administrative inaction more than square entries\"": \""Bundles accounts of student‑facing harm and toxic climate (frequent fights, gang/drug incidents, bias‑motivated harassment, sexual misconduct) together with descriptions of ineffective adult intervention — focused on incidence and climate around student safety and discrimination rather than on high‑level governance paperwork, physical facilities, athletics resource debates, or the existence of advanced academic pathways.\""\n}""]",,52.47403883934021,22265,2560,3162,,[],['resp_076d1e506ea84fd7006a7398bbc29481929d41b8e77df3876a'],True
vote|reduce2|2|1,"[""{\n    \""circle entries report more pervasive student safety and bullying problems (fights, theft, gang activity, drug/vaping incidents, and staff‑on‑student harassment) than square entries\"": \""Groups of reviews describing frequent violence, theft, gang/drug incidents, and staff-inaction form a distinct safety/bullying climate cluster that is about student safety and incident handling, and does not overlap with buckets focused on academics, extracurricular assets, administrative governance, or individualized supports.\"",\n    \""circle entries report stronger, broader advanced‑academic and college‑preparation offerings and measurable outcomes (AP, full AP catalogs, ECE/dual‑enrollment, rankings, tangible college matriculation) than square entries\"": \""This cluster groups concrete, measurable academic-program strengths and postsecondary outcomes (AP/IB/dual‑enrollment, National Merit, college acceptances), and is conceptually separate from safety, extracurricular/facility visibility, administrative mismanagement, or teacher/counselor accessibility.\"",\n    \""circle entries describe more proactive, individualized student support and accessible counseling/mentorship (responsive counselors, small classes, teacher outreach) than square entries\"": \""Many reviews describe hands‑on, personalized supports (tutoring, mentors, responsive counselors, small‑school attention) that are about day‑to‑day student support practices and stakeholder responsiveness, which is distinct from institutional governance, facility/resourcing debates, extracurricular scale, or academic-program breadth.\"",\n    \""circle entries describe broader physical resources, extracurricular breadth, facilities/upgrades and community/alumni engagement (and associated funding/fee debates) more than square entries\"": \""This bucket groups visible investments and program prominence — wide extracurriculars, athletic/band visibility, new campuses or alumni/community engagement and fundraising debates — which is about public-facing resources and program footprint rather than internal mismanagement, classroom supports, safety incidents, or curricular rigor.\"",\n    \""circle entries report more administrative mismanagement, favoritism/nepotism, and operational or facility failures than square entries\"": \""Reviews alleging governance failures, nepotistic hiring, withholding records, budget-driven service cuts, maintenance/food/IEP implementation breakdowns form an operational/governance cluster distinct from student-safety incident reporting, academic-program strength, extracurricular visibility, or individualized teacher/counselor support.\""\n}""]",,53.466691970825195,22044,2816,3325,,[],['resp_04e87daea7960f09006a7398bbd4a0819d9ade86cda8550609'],True
vote|reduce2|17|0,"[""{\n    \""circle entries report more administrative dysfunction, favoritism, turnover, and operational/process failures (guidance, testing, transcripts, fees) than square entries\"": \""This groups all governance/management problems (nepotism, recordkeeping errors, opaque fees, counselor/scheduling failures and high turnover) into a single operational‑leadership bucket that is distinct from teacher supports, student safety, facilities, or academic-program strength.\"",\n    \""circle entries report more pervasive student safety, bullying, gang, drug and violent‑incident problems and more frequent ineffective enforcement than square entries\"": \""This captures all climate- and safety‑related evidence (bullying, assaults, drugs, racist/sexual harassment, weapons, police/code‑reds and weak or punitive/biased responses) and is intentionally separate from administrative mismanagement, which is about governance and processes rather than direct student harm.\"",\n    \""circle entries report more concrete operational resource and logistics problems (overcrowded classes, outdated/broken facilities and materials, staffing shortages, attendance/recordkeeping and scheduling failures, and budget-driven program cuts) than square entries\"": \""This groups physical‑plant, capacity, technology and day‑to‑day logistics/resource failures (including both chronic maintenance and recent capital projects) and is kept distinct from governance (who runs the school), pedagogy/program strength, and school‑climate/safety issues.\"",\n    \""circle entries describe stronger, more organized advanced‑academic and college‑prep programming and measurable postsecondary outcomes (AP/IB/dual‑enrollment/STEM/CTE, documented college matriculation and scholarships) than square entries\"": \""This bucket isolates academically substantive differences—formal advanced courses, career/CTE pathways, dual‑credit/IB results and measurable college placements—separating programmatic academic strength from staffing responsiveness, facilities, or safety/climate topics.\"",\n    \""circle entries emphasize a smaller, close‑knit, family‑like community, higher personalized attention, and active alumni/parent involvement more than square entries\"": \""This captures the interpersonal/community dimension (small‑school intimacy, named teacher mentorship, active parent/alumni support and local traditions) as its own theme, distinct from individual teacher availability (operational tutoring), formal academic programs, governance failures, or facility/logistics problems.\""\n}""]",,54.82836723327637,28687,3072,3579,,[],['resp_00167288d8893f94006a7398bbdee88192b1edccaeec94934c'],True
vote|reduce2|13|0,"[""{\n    \""circle entries report more administrative dysfunction, nepotism, and poor institutional governance than square entries\"": \""Many raw items describe favoritism, opaque board/leadership behavior, recordkeeping errors, fee/metric manipulation and retaliatory or unprofessional administrators—this bucket isolates governance/operations failures and is distinct from (a) safety incidents, (b) academic-program strength, (c) extracurricular/athletics culture, and (d) facility/resource problems, which are separate phenomena in the reviews.\"",\n    \""circle entries report more frequent and more severe student safety, bullying, gang/drug, and violent‑incident problems (often coupled with staff inaction) than square entries\"": \""Numerous entries document bullying, assaults, gang/drug presence, police/lockdowns, and administrators or staff failing to protect students—this safety/discipline cluster is clearly about on‑the‑ground student risk and response and does not overlap with governance, program quality, community spirit, or physical resource complaints.\"",\n    \""circle entries report more extensive programmatic strength and measurable college‑preparatory outcomes (AP/IB/dual‑enrollment, awards, and documented college matriculation) than square entries\"": \""A large subset of circle reviews explicitly list AP/IB/dual‑enrollment, scholarship/Ivy admits, internships and concrete college matriculation—this academic/programmatic excellence bucket focuses on curricular offerings and measurable postsecondary results, separate from extracurricular prominence, safety climate, governance, or facility issues.\"",\n    \""circle entries emphasize a small, family‑like, community‑integrated school environment with close staff‑student relationships and high parent/alumni involvement more than square entries\"": \""Many circle reviews describe small‑school intimacy, hands‑on teachers/counselors, strong alumni/parent networks, visible principal presence and spirited community ties—this social/community personalization cluster is about closeness and engagement and is distinct from program rigor, safety incidents, governance failures, or facility/resource conditions.\"",\n    \""circle entries report more concrete facilities, funding, and resource shortfalls (outdated buildings/technology, missing textbooks, cafeteria/food issues, overcrowding) than square entries\"": \""Multiple circle items call out overcrowding, missing textbooks, lunch/nurse shortages, transportation failures and tech/textbook gaps—this operational resource/facilities bucket captures material/logistical problems and is separable from governance decisions, safety incidents, academic program strength, and community or extracurricular culture.\""\n}""]",,55.22216987609863,28767,2880,3392,,[],['resp_04625543da73087e006a7398bbd0b081a0922a8c4b9b024f59'],True
vote|reduce2|5|0,"[""{\n    \""circle entries describe stronger and more numerous structured academic pathways—AP/IB/STEM, dual‑enrollment, and vocational/career programs (and explicit college‑prep outcomes)—than square entries\"": \""Groups many raw items about formal coursework, AP/IB/dual‑credit, CTE/academy offerings and documented college placements into one academic-programs bucket; it is distinct from safety, facilities, admin, and personalization because it captures program content and measurable postsecondary outcomes rather than staffing, discipline, infrastructure, or family/community dynamics.\"",\n    \""circle entries report more frequent and more severe student safety, bullying, gang/drug, and violent‑incident problems (often coupled with staff inaction) than square entries\"": \""Collects all concrete reports of fights, assaults, gangs, drugs, sexual/racial harassment and failures to protect students into a single safety/climate bucket; this is mutually exclusive from administrative-record or facilities complaints because it centers on student‑on‑student harm and security outcomes rather than governance, logistics, or curricular strength.\"",\n    \""circle entries report more administrative dysfunction, inconsistent policy enforcement, poor recordkeeping/communication, and politicized or adversarial governance than square entries\"": \""Groups governance‑level failures (favoritism/nepotism, cover‑ups, lost records, selective discipline, board/politics) into one administrative/governance bucket that is conceptually separate from facility deficits, safety incidents, academic programming, and teacher/counselor personalization.\"",\n    \""circle entries report more chronic facilities, resource, and operational shortfalls (overcrowding, HVAC/pests, missing materials, mandatory fees and opaque charges) than square entries\"": \""Captures all concrete infrastructure and operational problems (overcrowded classes, pests, broken HVAC, parking/shuttle, technology rollouts, pay‑to‑play fees) that affect daily logistics and resource availability; this cluster is distinct from governance (who runs the school), safety (violent incidents), program offerings, and personalized support.\"",\n    \""circle entries report more proactive, personalized student supports and staff‑to‑family communication (tutoring, small classes, counselors, one‑on‑one remediation) than square entries\"": \""Groups evidence of teacher/counselor accessibility, tutoring/help nights, small‑school/house structures, and active parent/alumni outreach into a single personalization/supports bucket; it is explicitly different from academic-program breadth (courses and credentials), facility conditions, safety incidents, and governance/recordkeeping issues.\""\n}""]",,55.487998962402344,29140,3008,3566,,[],['resp_083dbda59b0e2bd3006a7398bbc8c081a098be814237854edc'],True
vote|reduce2|19|1,"[""{\n    \""circle entries report stronger, more concrete advanced/college‑preparatory and career/vocational programming and measurable postsecondary outcomes than square entries\"": \""This groups all raw terms about formal academic pathways (AP/IB, dual‑enrollment, early‑college, CTE/technical programs, measurable college/scholarship outcomes) and is distinct because it focuses on program offerings and student postsecondary results rather than facilities, safety, governance, or community feel.\"",\n    \""circle entries report more facility, operational, and resource-allocation problems (crowding, sanitation, food safety, misallocated spending, and punitive fees) than square entries\"": \""This collects reviews that document concrete building/operational/resource issues (overcrowding, toilets/food, cafeteria strikes, lost records, fees/misallocation) and is mutually exclusive because it describes physical and budgetary resource conditions rather than academic program strength, safety incidents, administrative culture, or local community ties.\"",\n    \""circle entries report more pervasive student safety and discipline failures (bullying, frequent fights, drugs, sexual/physical assaults) and ineffective school responses than square entries\"": \""This bucket captures reports of student safety incidents, substance use, frequent fights, theft/assaults and the school’s inadequate or punitive disciplinary responses; it is separate from governance/favoritism or facilities because its primary focus is on student‑safety events and disciplinary outcomes.\"",\n    \""circle entries report more pervasive staff and governance dysfunction—favoritism, nepotism, unprofessional conduct, poor responsiveness, punitive/inconsistent discipline, high turnover, and district/board mismanagement—than square entries\"": \""This groups reviewer claims about leadership and staff behavior (nepotism, favoritism in staffing/extracurriculars, rude/unaccountable office staff, high turnover, administrative mismanagement) and is distinct since it characterizes institutional behavior and decision‑making rather than physical resources, direct safety incidents, academic program offerings, or community intimacy.\"",\n    \""circle entries emphasize a small, family‑like, community‑integrated school environment with close staff‑student relationships and high parent/alumni involvement more than square entries\"": \""This clusters claims about personalization, small‑school mentorship, multigenerational/alumni ties, active parent involvement and pastoral care; it is mutually exclusive because it describes relational/community structure and social cohesion rather than program breadth, facility problems, safety incidents, or governance misconduct.\""\n}""]",,55.64508318901062,22140,3072,3579,,[],['resp_040db19b4be2573d006a7398bbe0fc81a3890dab1558468511'],True
vote|reduce2|22|0,"[""{\n    \""circle entries report more student-safety incidents, bullying, substance use, gang fights and weak or inconsistent disciplinary responses than square entries\"": \""This bucket groups all concrete reports of student-safety and peer‑behavior breakdowns (bullying, fights, gangs, drugs, sexual/physical assault) plus failures to protect or enforce discipline — it is distinct from administration/governance problems (which describe who runs the school) and from facilities, academic-program, or community/personalization themes (which focus on resources, coursework, or small‑school culture).\"",\n    \""circle entries report more administrative unresponsiveness, nepotism, recordkeeping and operational failures than square entries\"": \""This bucket captures pervasive governance and operational dysfunction (nepotism, favoritism, cover‑ups, poor transcripts/credit handling, counselor/records failures and front‑office rudeness) and is separated from student‑safety (incidents themselves), from facilities/resource shortages, from academic program strength, and from community/personalization (which are about relationships and local cohesion).\"",\n    \""circle entries report stronger advanced-academic programs and measurable college-preparation outcomes than square entries\"": \""This bucket groups concrete, programmatic academic strengths (AP/IB/dual‑enrollment, scholarships, documented college matriculation, measurable test/award outcomes) and deliberately excludes operational/facilities complaints, governance/favoritism issues, safety incidents, and small‑school personalization themes that are different dimensions of the school experience.\"",\n    \""circle entries emphasize a small, family‑like, community‑integrated school environment with close staff‑student relationships and high parent/alumni involvement more than square entries\"": \""This bucket captures the small‑school personalization, multigenerational alumni/parent ties, visible school spirit, and hands‑on mentorship/volunteerism described by reviewers and is intentionally distinct from advanced academic offerings (formal programs), facility/operational problems, safety incidents, or governance/favoritism complaints.\"",\n    \""circle entries report more facility, operational, and resource‑allocation problems (crowding, sanitation, food safety, misallocated spending, and punitive fees) than square entries\"": \""This bucket groups concrete, day‑to‑day operational/resource issues (HVAC, overcrowding, food quality/safety, fees, scheduling, missing textbooks, renovation vs. cuts) and is kept separate from administrative/governance dysfunction (cause and policy), student‑safety incidents (behavioral), academic program strength, and small‑school community characteristics.\""\n}""]",,56.567333936691284,28655,2944,3483,,[],['resp_0a4129ceae549cb7006a7398bbe910819d99a32a67818527dd'],True
vote|reduce2|12|0,"[""{\n    \""circle entries report more pervasive student-safety and behavior problems (bullying, fights, drugs, open-campus skipping) and more frequent school failures to protect students than square entries\"": \""This groups all evidence about threats to student safety, bullying, violent/drug incidents and staff/administration failure to protect—distinct from governance/facility/academic topics because it centers on student harm and incident response rather than budgets, programs, or pedagogy.\"",\n    \""Circle entries report more administrative unprofessionalism, favoritism, nepotism, governance failures, and poor responsiveness (coverups, selective discipline, leadership instability) than square entries\"": \""This clusters reports of corrupt/biased leadership, opaque governance and abusive or retaliatory administrative behavior—clearly separable from classroom instruction, facilities shortfalls, community intimacy, or academic-program strength.\"",\n    \""circle entries report more concrete facilities, funding, and resource shortfalls (outdated buildings/technology, missing textbooks, cafeteria/food issues, overcrowding) than square entries\"": \""This captures all tangible resourcing and building/operational failures (maintenance, overcrowding, supply/tech shortages, budget-driven program cuts) and is kept distinct from personnel/governance problems or curricular/programmatic quality.\"",\n    \""circle entries report stronger advanced academic programs, college‑prep pathways, and measurable post‑school outcomes than square entries\"": \""This groups comments about AP/IB/dual‑enrollment, CTE/CTE certifications, measurable scholarship/college matriculation outcomes and specialized academic pathways, which are about programmatic academic strength rather than safety, governance, resources, or community intimacy.\"",\n    \""circle entries emphasize small‑school personalization, sustained teacher mentoring, alumni/community bonds and parent operational involvement more than square entries\"": \""This covers close‑knit/community/faith identity, high parental/alumni engagement, low student:teacher ratios and intensive one‑on‑one supports—a distinct social/community/scale characteristic separate from safety incidents, administrative corruption, facilities problems, or advanced‑academics.\""\n}""]",,56.6172571182251,28928,3072,3547,,[],['resp_0ea77f2a260167b3006a7398bbe5548192942db52cd1504bac'],True
vote|reduce2|16|1,"[""{\n    \""circle entries describe better facilities, broader extracurricular/athletics/fine-arts offerings and stronger community/parent engagement while square entries report underfunding, broken equipment and fewer clubs\"": \""Groups reviews that focus on tangible assets, program variety, and visible community/parent support (facility condition, number/quality of clubs, arts/band/athletics, fundraising/tuition dynamics) belong here; this is distinct from academic rigor, safety climate, governance failures, or small‑school relational supports because it concerns program/facility resource and community-engagement outcomes rather than instruction, discipline, or board behavior.\"",\n    \""circle entries report stronger academic program offerings, advanced coursework, and measurable college/career outcomes than square entries\"": \""This bucket collects claims about curricular depth and measurable academic outcomes (AP/IB/dual enrollment, CTE pathways, college placement, test/credit totals) and is mutually exclusive from facility/extracurricular evidence, safety/discipline incidents, governance/favoritism allegations, or purely relational/small‑school supports because it addresses program content and postsecondary results specifically.\"",\n    \""circle entries report more pervasive student-safety and behavioral problems (bullying, fights, gangs, drugs) and inadequate / punitive security or discipline than square entries\"": \""All reviewer evidence describing prevalence and severity of misconduct, substance/gang incidents, bullying/harassment (including race/LGBT-targeted) and the school’s punitive, inconsistent, or ineffective responses is grouped here; it is kept separate from resource/program claims, academic-program evidence, governance/favoritism issues, and reports of close teacher mentorship because it centers on safety and behavioral climate.\"",\n    \""circle entries report more administrative dysfunction, cronyism, nepotism, fiscal/board-level mismanagement, and unresolved governance complaints than square entries\"": \""This bucket captures governance- and operations-level problems (board/leadership turnover, favoritism, scholarship/funding politics, opaque policy enforcement, mismanaged facilities projects) and is exclusive from facility/program outcomes, classroom instruction/college-prep quality, student-safety incidents, or community/teacher relational supports because it refers to who runs the school and how resources/policies are allocated rather than the direct classroom or social experience.\"",\n    \""circle entries describe a small, family‑like, personalized community with consistently caring teachers and one‑on‑one supports more than square entries\"": \""Reviews that emphasize small-school scale, mentor/advisor systems, individualized tutoring/IEP responsiveness, tight alumni/parent networks and sustained teacher follow‑up are grouped here; this relational, scale-driven support theme is distinct from claims about academic program rigor, physical resources/extracurricular breadth, safety/discipline problems, or governance/favoritism issues.\""\n}""]",,58.71600008010864,21787,3008,3581,,[],['resp_0c43d37a27613f9a006a7398bbeec081a1bce1e181272bd677'],True
vote|reduce2|4|0,"[""{\n    \""circle entries report more administrative and governance dysfunction plus operational failures in support services (turnover, secrecy, favoritism, misallocation, cover‑ups, counselor/scheduling/records breakdowns) than square entries\"": \""This cluster captures the many reports of nepotism, selective enforcement, withheld records/fees, cover‑ups, high turnover and front‑office/board failures in Circle reviews; it is distinct from the student‑safety bucket (which is about on‑the‑ground bullying/violence) and from facilities/resource or academic‑program buckets (which focus on physical/academic assets rather than governance and recordkeeping).\"",\n    \""circle entries report more pervasive student‑safety, bullying, violence, drugs, and ineffective/biased disciplinary responses than square entries\"": \""This bucket groups the repeated, concrete incidents of bullying, fights, drug use, assaults, racial/sexual harassment and adult inaction or biased discipline in Circle reviews; it is mutually exclusive from administrative‑governance dysfunction (institutional misconduct) and from academic/program strength or facility/resource reports (which do not primarily describe physical harm or peer victimization).\"",\n    \""circle entries document more extensive formal advanced academic and career pathways and measurable postsecondary outcomes (AP/IB/dual‑enrollment, career academies, internships, scholarship totals) than square entries\"": \""Many Circle reviews name IB/AP/dual credit, STEM/CTE academies, scholarship/college matriculation data and structured career pathways; this theme is about programmatic academic rigor and measurable outcomes and is separate from buckets about safety, governance, facilities, or small‑school personalization. \"",\n    \""circle entries contain more specific, concrete operational and facilities details (parent‑communication systems, portals, scheduling/credit transfer errors, textbook shortages, cafeteria/facilities notes, technology programs and enrollment logistics) — both praise and complaints — than square entries\"": \""This bucket captures the wealth of granular operational evidence in Circle reviews (food safety, HVAC, locker/theater needs, lost transcripts, bus/pickup logistics, device rollouts and funding allocation complaints) and is distinct from governance/favoritism (who runs things) and from academic/program descriptions (what is offered and outcomes).\"",\n    \""circle entries emphasize a smaller, close‑knit, family‑like community, higher personalized attention, and active alumni/parent involvement more than square entries\"": \""This grouping covers Circle reviewers' recurring claims of small classes, strong one‑on‑one teacher mentoring, multigenerational loyalty, active PTAs and volunteer requirements — a community/personalization pattern clearly different from reports about facilities/resources, program rigor, safety incidents, or governance failures.\""\n}""]",,58.958078145980835,28944,3456,4060,,[],['resp_0cf801beebb4f882006a7398bbcde481a1a5cce8583b382a00'],True
vote|reduce2|13|1,"[""{\n    \""circle entries contain more concrete facility/operational/resource detail—both positive investments and negative infrastructure/capacity problems—than square entries\"": \""This bucket captures reviews that enumerate tangible building, logistics, funding, fee, enrollment‑size and service details (renovations, overcrowding, food, transportation, fee waivers), and is distinct from the other buckets because it concerns granular physical/resource descriptions rather than governance behavior, student-safety incidents, curricular rigor, or classroom-level staff support.\"",\n    \""circle entries report more pervasive student misconduct, bullying, harassment, and safety incidents (with ineffective or inconsistent staff response) than square entries\"": \""This bucket groups items focused on peer violence, fights, gangs, drug use, bullying/discrimination and the schoolyard safety climate (including whether staff intervene), and is mutually exclusive because it centers on student behavior and on-campus harms rather than administrative governance, facility/logistics detail, curricular offerings, or uniformly praised teacher/counselor support.\"",\n    \""circle entries report stronger advanced academic and college‑preparatory programming and measurable outcomes (IB/AP/STEM/dual‑enrollment, college partnerships, test metrics) than square entries\"": \""This bucket covers explicit evidence of programmatic academic strength and measurable outcomes (AP/IB/dual‑enrollment, test/college metrics, scholarship totals), and is distinct from facilities, safety, governance, and teacher‑care themes because it addresses curricular offerings, pathways, and documented student achievement.\"",\n    \""circle entries report more administrative dysfunction, favoritism/corruption, poor incident handling, exclusionary policies, and inconsistent responsiveness than square entries\"": \""This bucket collects reviews that describe governance failures—nepotism/favoritism, billing/records problems, broken complaint resolution, trapped insider politics, and exclusionary or inconsistent policy enforcement—and is exclusive because it focuses on leadership and policy/accountability breakdowns rather than building conditions, student misconduct prevalence, curricular strength, or classroom‑level staff warmth.\"",\n    \""square entries report more consistently positive, caring, and responsive classroom-level staff and counseling support (teachers/counselors who mentor and communicate) than circle entries\"": \""This bucket groups reviews that emphasize steady, personal teacher and counselor support, timely parent communication, mentoring and student advocacy, and is exclusive because it describes frontline instructional/counseling relationships and reliability rather than facilities, safety incidents, district governance, or the presence/absence of advanced academic programming.\""\n}""]",,62.64558005332947,22209,3392,3948,,[],['resp_0e6d8accdbd798d9006a7398bbe9b081a385471da413436b82'],True
vote|reduce2|6|0,"[""{\n    \""circle entries report more administrative dysfunction, opaque governance, and favoritism (incl. nepotism, corruption, punitive policy misuse) than square entries\"": \""This groups the many reports about governance problems (nepotistic hires, board/PR coverups, selective enforcement, billing/record errors and opaque budget choices) into a single governance/favoritism theme; it is about decision‑making, hiring and fiscal/board behaviour (not physical plant, student safety incidents, curricular strength, or extracurricular prominence), so it is mutually exclusive from the other four buckets.\"",\n    \""circle entries report more pervasive student‑safety, bullying, and behavior‑management problems and classroom disruption than square entries\"": \""This collects the threads about bullying, fights, drugs, assaults, racial/sexual harassment and chronic ineffective or punitive discipline into a single safety/climate category focused on student conduct and incident response, which is conceptually distinct from governance, facilities, curricular rigor, or extracurricular emphasis.\"",\n    \""circle entries report more acute facilities, infrastructure, and operational/logistics problems (overcrowding, trailers, HVAC/pest/sanitation, busing, scheduling) than square entries\"": \""This bucket captures concrete, physical and operational resource failures (pests, food safety, broken HVAC, overcrowding, missing labs/textbooks, scheduling/credit errors and fee policies) and is specifically about the building, services and logistics rather than governance choices, safety incidents, teacher support, or program offerings.\"",\n    \""circle entries describe stronger, more extensive advanced academic programs, specialized pathways, and measurable college‑prep outcomes than square entries\"": \""This groups evidence about AP/IB/dual‑enrollment/CTE pathways, teacher qualifications, measurable matriculation/scholarship outcomes and explicit college‑prep rigor into one academic‑program/outcomes theme, which is separate from safety, facilities, governance, or extracurricular/athletics prominence.\"",\n    \""circle entries emphasize stronger extracurricular/athletic/arts prominence, awards, and program visibility (sometimes tied to funding choices and exclusivity) than square entries\"": \""This bucket aggregates references to high‑profile sports/band/arts success, booster/donor backing, athlete privilege and exclusive audition/admissions in extracurriculars — a cultural/programmatic prominence axis distinct from facility conditions, governance/favoritism (decision‑level), classroom/college programs, or student‑safety incidents.\""\n}""]",,65.28605008125305,28208,3584,4105,,[],['resp_0f4b761c3c7a6cc3006a7398bbdcbc819d973554e5541dac1f'],True
vote|reduce2|23|1,"[""{\n    \""Circle entries report more personalized, accessible, and community‑embedded teacher/staff support than square entries\"": \""Many Circle reviews describe small‑school one‑on‑one help, principals and coaches personally mentoring students, active alumni/parent involvement and routine teacher availability (e.g., teachers coming in early, principals knowing students by name); this is distinct from other buckets because it captures direct day‑to‑day relational supports rather than governance, safety incidents, facility condition, or formal program offerings.\"",\n    \""circle entries report more governance opacity, favoritism, and administrator misconduct (cover-ups, nepotism, PR manipulation) than square entries\"": \""Circle reviews repeatedly allege cronyism, hiring favoritism, cover‑ups, PTA secrecy and board‑level complaints (e.g., 'good ol' boy system', lawsuits, 'circle the wagons' behavior), which is about leadership and policy integrity and therefore separate from classroom support, physical facilities, safety incidents, or curricular strength.\"",\n    \""circle entries report more frequent, severe student safety and disciplinary breakdowns (drugs, fights, gang activity, theft, assaults) than square entries\"": \""Numerous Circle entries document fights, drug dealing, sexual/physical assaults, theft, racialized violence and ineffective or punitive responses by staff, a discrete category focused on student safety/climate distinct from governance malpractice, program quality, staffing relationships, or building logistics.\"",\n    \""circle entries describe stronger advanced academic, vocational, and extracurricular program offerings and measurable college‑preparation outcomes than square entries\"": \""Circle reviews often list concrete advanced programs (AP/IB/dual‑enrollment, vocational shops, award‑winning arts and athletics, scholarship/college matriculation figures), signaling programmatic breadth and outcomes that are a curricular/programmatic attribute rather than an operational, safety, or governance issue.\"",\n    \""circle entries report more facility, capacity, and operational failures (crowding, maintenance, logistical breakdowns) than square entries\"": \""Circle reviews include repeated accounts of overcrowding, sanitation/pest issues, deferred maintenance, broken HVAC, late buses, and confusing front‑office logistics, which concern physical plant and daily operations and are therefore distinct from staffing culture, governance, student safety, or program richness.\""\n}""]",,84.21162295341492,22053,4992,5478,,[],['resp_087b9e4855dc7cb2006a7398bbe26081a38a7d6130a5e2ee63'],True
