Identifier,Response,Web Search Sources,Time Taken,Input Tokens,Reasoning Tokens,Output Tokens,Reasoning Effort,Error Log,Response IDs,Successful
gen|3|49,"[""{\n  \""square entries report more frequent and severe student-safety incidents, bullying, substance use, and unaddressed violence than circle entries\"": \""This bucket captures reports of bodily harm, harassment, and safety failures concentrated in square reviews — e.g., recurring hallway fights, bomb/gun threats, gangs, sexual assault allegations, pervasive racial harassment, students self‑harm, easy access to drugs/vaping, and administrators not intervening in bullying — contrasts with circle entries that seldom describe violent incidents and often call the school safe.\"",\n  \""square entries describe broader, deeper, and more measurable advanced academic programs and college‑preparation outcomes than circle entries\"": \""This groups items where square reviewers list concrete advanced offerings and outcomes (IB, extensive AP catalogs, STEM/STEAM magnets, dual‑credit/college credit transfer, vocational/CTE tracks, high SAT/ACT/graduation rates, Ivy/Johns Hopkins/Georgetown placements) while circle reviews rarely cite that program breadth or high-profile measurable placement.\"",\n  \""square entries report more administrative and district‑level governance failures, resource mismanagement, and opaque or punitive policies than circle entries\"": \""This covers allegations of poor leadership, cover‑ups/manipulation of metrics, ignored parent communications, textbook/asbestos or facility crises, diverted budgets (e.g., funding football over academics), inconsistent discipline rules, and opaque scheduling/hiring decisions that square reviewers recount but circle reviewers do not emphasize.\"",\n  \""square entries document a wider array of extracurricular, arts, vocational and athletic offerings while also reporting stronger athletic prioritization and favoritism than circle entries\"": \""Square reviews frequently enumerate many clubs, arts magnets, marching‑band legacy, travel trips, technical certifications and career tracks, yet simultaneously accuse the school of prioritizing athletes (funding/favoritism, pay‑to‑play, hazing); circle reviews, by contrast, mention far fewer extracurricular/arts options and focus relatively more narrowly on athletics participation.\"",\n  \""square entries report weaker or more inconsistent student support services (counseling, special education, college advising, and remediation) and greater parental burden than circle entries\"": \""This bucket includes complaints from square reviewers about counselors who are hard to reach or provide poor advising, mishandled or ignored IEPs/special‑education protections, lack of tutoring/college guidance, and a recurring expectation that parents must advocate or fundraise — while circle reviews more often describe available counseling/helpful remedial supports and less chronic breakdown of these services.\""\n}""]",,17.81310200691223,19530,896,1455,,[],['resp_018d0713281af211006a7256d8ac3c819cafe890dc6ecc8cdd'],True
gen|0|44,"[""{\n  \""square entries report more frequent serious student safety/behavior incidents and lax enforcement than circle entries\"": \""This bucket covers concrete accounts of bullying, daily fights, gang presence, drug and alcohol use, stabbings, bomb/gun threats, sexual harassment, police lockdowns, and examples where staff/admins 'turn a blind eye' or fail to protect students (e.g., 'fist fights... occasional stabbing', 'drugs run wild', 'sex harassment and racism is rampant', 'police were called', 'bullying... daily'). It groups reviews that describe campus danger and inadequate incident response rather than the relatively safer/accepting snapshots found in circle entries.\"",\n  \""square entries describe broader and more measurable advanced academic pathways, AP/IB/dual‑enrollment and career/vocational programs than circle entries\"": \""This bucket groups reviews that list named, structured academic routes and measurable outcomes — IB/AP participation and pass rates, dual‑enrollment college credit, academies (STEM, Engineering, Health), career centers, JR/ROTC, and concrete college matriculation stories (e.g., '22 AP and 8 dual‑credit classes', 'South‑Western Career Academy', 'students accepted to Ivy/UNC/MIT'). These contrast with circle entries that rarely enumerate formal advanced tracks, college‑credit programs, or specific postsecondary outcomes.\"",\n  \""square entries report larger, more developed extracurricular/athletics/facilities ecosystems and visible program success than circle entries\"": \""This bucket contains reviews that emphasize a wide range of arts, music, drama, competitive teams, feeder systems, and physical infrastructure (auditorium, pool, stadium, marching band, award‑winning theater, 'top notch' athletic facilities and varsity achievements), often with recognition or wins (e.g., 'award winning Band', 'performing arts school', 'varsity letters in multiple sports'). It captures program breadth and facility investment contrasts versus circle entries, which offer fewer or less-detailed extracurricular/facility claims.\"",\n  \""square entries report greater variability and contradiction in teacher quality, classroom management, and instructional effectiveness than circle entries\"": \""This bucket groups reviews describing uneven staffing — a mix of highly dedicated, overworked teachers and many ineffective or absent instructors, poor classroom management that harms learning, inconsistent grading/remediation, and reliance on outside tutoring (e.g., 'some excellent teachers and a few not so good', 'teachers can't control their students', 'had to reteach Alg1–Precalc myself', 'retakes always offered' vs. circle's more uniformly described teacher behavior). It captures instructional inconsistency and classroom‑level implementation differences.\"",\n  \""square entries report more concrete administrative/governance and operational policy failures (communication, counseling, punitive or politicized policies, and resource allocation) than circle entries\"": \""This bucket groups reviews citing admin unresponsiveness, counselor understaffing or poor college advising, politicized discipline or favoritism, punitive policies (bathroom/exit bans, lunch charging, graduation ticket limits), withheld documentation, budget cuts and nonreplacement of staff, and school‑board or district priority complaints (e.g., 'assistant principal doesn't return phone calls', 'NO bathroom usage', 'charging is not allowed so you won't eat', 'district focuses on graduation rate over literacy', 'board is inept'). These concrete governance and policy problems differentiate square entries from circle entries that seldom report this level of operational dysfunction.\""\n}""]",,20.91856575012207,19622,640,1343,,[],['resp_0bee10c2f9a243c6006a7256d7b634819f8b932bbb1396bfab'],True
gen|0|24,"[""{\n  \""square entries exhibit more routine student safety incidents, pervasive bullying, and substance/violence problems than circle entries\"": \""These reviews report frequent physical fights, daily incidents, gangs, on‑campus drug dealers/vaping, smoke‑bombs, sexual‑assault neglect, and repeated unaddressed bullying (e.g., “fights nearly every day,” “drugs run rampant,” “vapes in restrooms,” “HUGE bullying problems… teacher let it slide”), whereas circle entries do not document this level of routine safety or substance problems.\"",\n  \""square entries exhibit more concrete advanced-academic, college-prep, dual‑enrollment, internship and measurable outcome programs than circle entries\"": \""Square reviews list formal AP/IB/honors breadth, dual‑enrollment and college‑credit courses, internship/research pipelines and quantified outcomes (e.g., “junior/senior internship program… at IU,” “Naviance,” “earned 12 college credits,” AP and SAT success, college placements), while circle reviews lack these programmatic details and measurable college‑prep evidence.\"",\n  \""square entries exhibit more administrative and operational failures, unresponsiveness, recordkeeping errors, and punitive financial/disciplinary practices than circle entries\"": \""Square reviewers describe missed/late grades, lost assignments, PSAT/portal failures, inaccurate transcripts, withheld transcripts/fee collections, retaliation against parents, uneven suspension outcomes and poor parent communication (e.g., “inaccurate transcript,” “no returned e‑mails,” “they will hold your transcripts if you don't pay”), whereas circle reviews contain far fewer such concrete administrative breakdowns.\"",\n  \""square entries exhibit more teacher/staffing problems, instructional-resource shortages, and inconsistent special‑education supports than circle entries\"": \""Square documents underqualified or overstretched staff, high turnover, coaches teaching academics, language‑barrier teachers, lack of textbooks/desks/AC, and IEP mistakes (e.g., “teachers who can't teach their own subject,” “no textbooks… desks missing,” “found numerous mistakes on my children's IEP”), while circle reviews generally do not report these systemic instructional‑resource failures.\"",\n  \""square entries exhibit more community and equity issues tied to favoritism, socioeconomic privilege, racial/ethnic discrimination, and pay‑to‑play dynamics than circle entries\"": \""Square reviewers allege nepotism, legacy/local social networks, athlete favoritism, fundraising/pay‑to‑play pressure, and explicit race/color barriers or discrimination (e.g., “parent's income determines student treatment,” “color barrier,” “if you go to church or hunting with the right teacher… you can bully”), whereas circle entries do not report this pattern of entrenched favoritism and inequitable access.\""\n}""]",,21.043301820755005,19424,768,1364,,[],['resp_0da46730c679bc6e006a7256d7a234819eb1e6ba8520e279f4'],True
gen|3|24,"[""{\n  \""square entries describe stronger, concrete advanced‑academic, vocational and college‑prep offerings than circle entries\"": \""These reviews report abundant, named AP/honors courses, measurable outcomes, dual‑enrollment/college partnerships, career/technical academies and device programs (e.g., “AP English, AP World…almost every AP,” MacBook 1:1, Francis Tuttle, Miami Univ. partnership, Yale/Dartmouth matriculations), whereas circle reviews give only generic statements about electives or basic college prep and lack program names or outcomes.\"",\n  \""square entries report more frequent, severe, and unresolved student safety problems (bullying, fights, substance use, sexual/assault incidents) than circle entries\"": \""Multiple square reviews cite concrete safety incidents and norms — repeated bullying left unaddressed, drug/alcohol prevalence, arrests, fights, sexual acts and self‑harm mentions — and examples of perpetrators being reinstated or never disciplined; circle reviews rarely mention fights/drugs/assault and frame peer issues as occasional drama instead.\"",\n  \""square entries document more specific staff misconduct, uneven teacher professionalism, and administrative inaction or cover‑ups than circle entries\"": \""Square reviewers give named, detailed staff incidents (mocking, throwing objects, grabbing students, false accusations, cheating teachers), describe wide variation in teacher quality and cite administrators who are unapproachable, rude, or who conceal problems; circle reviews by contrast rarely provide detailed staff‑misconduct anecdotes and emphasize generally caring teachers.\"",\n  \""square entries show greater variability in facilities, maintenance, tech and resource allocation (big capital/tech investments alongside serious interior maintenance, overcrowding and athletic funding biases) than circle entries\"": \""Square contains both reports of new campuses, fully outfitted science/technology buildings and 1:1 devices, and concurrent interior problems — mold, rats, exposed wires, broken bathrooms, extreme classroom temperatures, overcrowding — plus repeated claims of disproportionate spending on athletics (million‑dollar fields) while academics lack textbooks/AC; circle reviews do not report this extreme mix of high capital plus serious degradation or athletic funding imbalances.\"",\n  \""square entries surface more explicit equity, accommodation, and favoritism problems and structural social divides than circle entries\"": \""Square reviews repeatedly allege IEP/504 implementation failures or strong special‑ed services (both positive and negative), racial bias in discipline and dress‑code enforcement, favoritism toward athletes/connected families, socioeconomic/clique segregation, and district transfer/attendance policy manipulation — themes largely absent from circle, which does not discuss special‑education implementation, racialized discipline, or who‑you‑know favoritism.\""\n}""]",,19.734857082366943,19183,1280,1871,,[],['resp_0952234c73969508006a7256d8921081a382d917fd530f8929'],True
gen|4|26,"[""{\n  \""square entries emphasize concrete college‑preparatory programs, measurable academic outcomes, and advanced-course/dual-enrollment pathways more than circle entries\"": \""This bucket captures reviews that describe explicit college-prep structures and results (IB diplomas, many AP/Honors courses, AVID, National Merit counts, tuition‑free dual‑enrollment/engineering partnerships, measurable ACT/AP/college acceptances, and claims like 'helped students get to Harvard' or '12 National Merit Semifinalists') — items that tie school practice directly to documented postsecondary outcomes and rigorous curricular pathways, which are far more frequent in square than circle.\"",\n  \""square entries describe broader, higher-quality extracurricular, vocational, technical, and athletic offerings and facilities than circle entries\"": \""This groups reviews that enumerate extensive extracurricular/CTE assets (full aviation hanger, robust band/arts programs, robotics, FFA, strong athletics with state finishes, volunteering clubs, many named magnets) and note facility/program capacity for hands‑on training — a resource- and program‑breadth pattern repeatedly asserted in square but absent or limited in circle.\"",\n  \""square entries report more frequent and severe student-safety incidents, bullying, fights, substance use, weapons, and discrimination than circle entries\"": \""This bucket captures concrete safety and culture problems—regular fights, on‑campus vaping/drug sales, weapons/guns on campus, cyberbullying, pervasive homophobia/transphobia/racism, gang-related issues, and descriptions of students returning 'with bruises'—patterns that reviewers attribute to the school climate in many square reports but not in circle.\"",\n  \""square entries document more administrative and operational failures (incompetence, paperwork errors, counselor understaffing, missed deadlines, secrecy/cover‑ups) than circle entries\"": \""This groups reviews that describe process breakdowns and leadership failures (grade tampering, missed scholarship deadlines, unreturned calls, front‑office paperwork errors, counselors with 500:1 caseloads, open‑records evidence of toxic communications, asbestos/textbook mismanagement) — operational dysfunctions framed as directly harming student opportunities, far more common in square than circle.\"",\n  \""square entries describe greater unequal enforcement and access—favoritism, inconsistent discipline, parent/wealth-driven outcomes, and uneven special‑needs supports—than circle entries\"": \""This bucket collects reports of biased application of rules and unequal student access (athlete/JROTC/band favoritism, selective dress‑code enforcement, 'private‑school' dynamics where engaged/wealthy parents get better outcomes, canceled AP courses for low enrollment, and both praised and failed special‑education cases), i.e., variability and inequity in who benefits from school resources that square reviewers emphasize more than circle.\""\n}""]",,18.664870977401733,19339,1088,1718,,[],['resp_032ecbfa100f9fd2006a7256d97ff881a0b4fe34cde1efc9b2'],True
gen|3|2,"[""{\n  \""square entries report more frequent and severe student-safety and discipline crises (bullying, drugs, gangs, police/armed security, hate incidents) than circle entries\"": \""These reviews describe concrete safety failures and hostile student conduct: multiple square reviewers cite pervasive bullying, widespread drug use, gang presence, hate vandalism (Nazi graffiti), on-campus fights/arrests, and routine police/armed-guard involvement — incidents circle reviews do not report or report far less of.\"",\n  \n  \""circle entries describe more consistently supportive, student-centered administration and counseling while square entries more often report punitive, adversarial, or unresponsive administrators (including withheld documentation and nepotism)\"": \""Circle reviews repeatedly name beloved principals/counselors and describe responsive, caring leadership and restorative practices, whereas square reviews frequently allege rude/dictatorial leadership, punitive labeling/expulsions, refusal to provide incident records, nepotism/overpayment, and counselors who are unavailable or ineffective — a pattern of personnel behavior and policy toward students and families.\"",\n  \n  \""square entries document broader and deeper academic and college-prep programming (AP/IB/Honors, dual-credit, STEAM/Vocational academies, specialized tracks) than circle entries\"": \""Many square reviewers enumerate concrete course breadth and outcomes — wealth of AP/honors/IB options, dual-credit and college-credit programs, STEAM/robotics/biotech academies, vocational shops, and measurable college placements/scholarships — while circle reviews rarely list comparable programmatic depth or sustained college-placement evidence.\"",\n  \n  \""square entries report richer, higher-profile extracurricular and athletics programs (performing arts, competitive teams, championships, many clubs) than circle entries\"": \""Square reviews often highlight robust band/theatre programs, nationally ranked teams, many clubs and arts offerings, and broad student participation (and sometimes parental politics around athletics); circle entries instead note shrinking or limited extracurriculars, especially in music and some sports.\"",\n  \n  \""square entries report more concrete facility/operational and administrative management problems (overcrowding, maintenance failures, traffic/parking, budget/legal impacts, transcript/communication errors, inconsistent grading) than circle entries\"": \""These are tangible, building- and process-level issues raised in square reviews — overcrowded classes, A/C/heating/infestation problems, parking and traffic pain, recent expansions/renovations, tight budgets tied to litigation, plus administrative errors (mis-sent failing notices, transcript mishandling), poor communication and inconsistent grading/placement — problems circle reviews mention far less.\""\n}""]",,21.013025999069214,19136,1344,1876,,[],['resp_07fb4206505f2097006a7256d823e081a0ac7a845255d2657d'],True
gen|4|47,"[""{\n  \""Square entries report substantially stronger and more numerous advanced academic programs and measurable college‑preparatory outcomes than circle entries\"": \""These reviews describe concrete, school‑level academic offerings and outcomes (not tone)—examples include formal IB programs with above‑average diploma rates, broad AP/honors curricula, dual‑enrollment and Associates‑degree pathways, STEM academy partnerships, documented AP credit totals (30+ hours), college counseling supports (FAFSA, free SAT, TSI) and measurable matriculation/award data; circle entries rarely name comparable programs or provide outcome metrics.\"",\n  \""Square entries report a broader and/or better‑supported set of extracurriculars, fine arts, and athletic offerings (and district athletic funding emphasis) than circle entries\"": \""Many square reviews list extensive clubs, sports, music/theater programs, leadership opportunities and external awards (state championships, award‑winning choir/ensemble, theater, speech & debate, powderpuff, robotics, JROTC), and sometimes call out district‑level athletic funding priorities—features that circle reviews do not document or that circle describes as limited.\"",\n  \""Square entries report more frequent and severe student safety, bullying, substance‑use, hazing and physical violence incidents — and more staff nonintervention — than circle entries\"": \""Square reviewers report concrete safety problems (daily fights, stabbings, teacher assaulted, sexual harassment, pervasive bullying, hazing, growing drug/alcohol use, unsupervised bullying hotspots) and repeated claims that staff/administration fail to intervene; circle reviews generally lack these recurring, severe safety allegations.\"",\n  \""Square entries report greater administrative/staff operational problems (turnover, counselor shortages, poor parent communication, recordkeeping and policy noncompliance) than circle entries\"": \""Concrete operational failures in square reviews include high principal/administrator/teacher turnover, counselors hard to reach or inconsistent, lost transcripts, IEP non‑compliance, robo‑call/email misuse, arbitrary or escalating discipline, misuse of funds and front‑office dysfunction—practical, actionable dysfunctions that circle reviews seldom describe.\"",\n  \""Square entries report more explicit inequalities in access and favoritism (socioeconomic/racial/athletic nepotism, pay‑to‑play, tracking/segregation in advanced classes) than circle entries\"": \""Square reviewers document structural access problems—honors/AP classes dominated by white/wealthy students, favoritism toward athletic/connected families, pay‑to‑play or coach favoritism, nepotism, racialized exclusion and tolerated discriminatory displays—systemic equity issues that circle entries do not raise with the same frequency or specificity.\""\n}""]",,19.36769413948059,19156,1280,1856,,[],['resp_0ddc7be4795e53e2006a7256da184c819d9a15497be6f24c05'],True
gen|2|39,"[""{\n  \""square entries report more acute and pervasive on‑campus safety and student‑misconduct incidents than circle entries\"": \""This bucket captures reviews that describe concrete safety breakdowns in and around the school — e.g., frequent fights, gang presence, on‑campus drug dealing and prostitution, guns, repeated police calls and shelter‑in‑place events, student fatalities, threats, vaping in bathrooms, and severe sexual/substance behavior — complaints that appear across many square reviews but are absent or far less frequent in circle reviews.\"",\n  \""square entries highlight more extensive formal advanced academic pathways and measurable college/career outcomes than circle entries\"": \""This groups square reviews that enumerate structured academic offerings and documented outcomes — AP/IB/dual‑enrollment, magnet/vo‑tech/CTE tracks, specialized programs (G‑Squared, C4, programming teams), award‑winning arts/teams, and concrete elite college admits or heavy dual‑credit accumulation — material that circle reviews rarely document or emphasize.\"",\n  \""square entries report more material/facility deficits, overcrowding, and visible resource/funding misallocation than circle entries\"": \""Includes reports of physical‑plant neglect and tangible resource shortages found in many square reviews (unusable bathrooms, falling ceilings, no books/printing, major repairs needed, overcrowded halls and lunch lines, dangerous bus stops) and also allegations that funds are misallocated (athletics/music prioritized, levy pressures), contrasts that circle reviews generally do not raise.\"",\n  \""square entries show greater inconsistency and polarization in teacher/instructional quality, grading practices, and workload expectations than circle entries\"": \""Covers square complaints and praise that appear side‑by‑side — wide variability in teacher competence and professionalism, favoritism/bullying by staff, confusing/slow grading policies, hugely disparate homework loads (4–7+ hours nightly) and inconsistent rigor or leniency — a pattern of contradictory instructional experiences that is far more pronounced in square reviews than in circle.\"",\n  \""square entries report more failures or shortfalls in student support, special‑education/IEP/504 accommodations, and counseling/guidance services than circle entries\"": \""Groups square items detailing systemic support breakdowns — denied IEP/504 accommodations, long bus placements for special needs students, ineffective guidance/college counseling, unmet mental‑health supports, and limited outreach from paid support staff — specific operational harms to vulnerable students that circle reviews do not commonly describe.\""\n}""]",,22.60293197631836,19792,1088,1649,,[],['resp_0855acab0bf3754e006a7256d82338819f926077a680035e43'],True
gen|3|38,"[""{\n  \""square entries describe broader, multi-tiered advanced-academic pathways and measurable college-prep outcomes more than circle entries\"": \""This bucket groups raw items where reviewers say the school offers many AP/IB/honors/STEM/BioMed academies, dual‑enrollment and documented AP/SAT/college matriculation or scholarship outcomes (examples: named IB/STEM/BioMed academies, many AP classes and 5s, dual‑enrollment credits, alumni Ivy/MIT/major scholarship stories). It also captures reviewers who contrast that breadth/intensity with tradeoffs (e.g., intense AP/IB workload or gatekeeping), because these comments all treat ‘advanced pathway availability and college outcomes’ as the central academic characteristic.\"",\n  \""square entries report more administrative dysfunction, procedural errors, favoritism/nepotism, and governance instability than circle entries\"": \""This bucket groups items describing concrete managerial failures and governance problems: lost/misposted grades, incorrect attendance/zone assignments, cancelled classes, covering code violations at inspections, created paid administrative posts for coaches, superintendent/principal turnover and accusations of favoritism or nepotism (examples: district failed to inform family about zoning, assistant principal called wrong parent, newly-created admin post for coach, repeated superintendent criticisms). These are operational/governance features of the school/district rather than classroom instruction.\"",\n  \""square entries report more frequent and severe student-safety problems, bullying, racial/sexual harassment, and criminalization of student conduct than circle entries\"": \""This bucket covers repeated reports of physical fights, violence/drugs/gangs, racial slurs and harassment, sexualized or sexist administrator misconduct, Title IX filings, and cases where administration involved police or punished victims (examples: 'every other week a fight', 'racial slurs reported and ignored', 'principal called police on the victim', sexualized comments by an administrator). These items are about student safety, targeted harassment, and how discipline/criminal responses are applied in practice.\"",\n  \""square entries emphasize visible resource/facility priorities for athletics and/or overcrowding and facility neglect more than circle entries\"": \""This bucket groups claims about budget and facility allocation and their consequences: repeated investment in football/baseball stadiums and athletic facilities at the expense of textbooks, arts, or classroom resources; overcrowded classrooms, cramped/unsafe hallways, pest infestations, and construction-displaced events (examples: new stadiums while classes lack books, 'crammed like sardines', mouse traps in classrooms, graduation moved because of construction). These are concrete resource, facilities, and capacity patterns described by reviewers.\"",\n  \""circle entries portray smaller, community-oriented schools with more consistent teacher/counselor responsiveness, inclusive special-education supports, and orderly student behavior than square entries\"": \""This bucket captures reviews that emphasize a family atmosphere, small class sizes, caring/dedicated teachers, systematic counseling/college guidance, functioning IEP/504 support and fewer safety incidents (examples: 'small school—family atmosphere', counselors spending time on college planning, IEP looping staff, teachers who tutor and engage). It groups concrete, inside‑the‑building practices of supportive staffing and organized student supports that reviewers attribute more to circle schools than square schools.\""\n}""]",,21.851316928863525,19245,1152,1834,,[],['resp_0621fee97299175b006a7256d8ad2c81a3b10be9de9a31b588'],True
gen|2|15,"[""{\n  \""square entries report more pervasive bullying, safety incidents, and unaddressed student harm than circle entries\"": \""This bucket groups raw terms where reviewers of square describe frequent, sometimes severe student-on-student and race-targeted harassment, fights, vaping/drug odor, physical threats, and examples of administrators/staff failing to intervene (e.g., “bullying goes unchecked,” “She was threatened multiple times,” special‑needs child withdrawn after bullying, reports of fights and bomb threats). Circle entries lack these sustained safety/bullying accounts and instead emphasize effective safety or no bullying reports.\"",\n  \""square entries document broader, named advanced-academic and vocational programs and measurable college-prep outcomes more than circle entries\"": \""This captures explicit catalogs of academic pathways, AP/IB/dual-enrollment/CTE/vocational programs and concrete postsecondary metrics in square reviews (e.g., “IB program,” many AP/Honors classes, dual enrollment, CTE, students accepted to UNC/Brown, SAT/AP scores). Circle reviews usually give only generic academic praise or note missing rigorous options without the same program specificity or outcome evidence.\"",\n  \""square entries show more explicit teacher/counselor unprofessionalism, certification/PD gaps, absenteeism, turnover, or targeted staff misconduct than circle entries\"": \""This groups items about inconsistent teacher quality, many teachers not certified or behind on PD, frequent midyear departures and coach turnover, absenteeism, staff gossip/harassment, language‑barrier teachers, and unresponsive/understaffed counseling (e.g., “Many teachers aren't even certified,” “teachers leave during the school year,” “Counselors are unresponsive,” staff spreading rumors). Circle reviews instead primarily describe generally supportive or adequately professional teachers and counselors.\"",\n  \""square entries describe more inconsistent or biased administrative governance, poor communication, and uneven discipline/accountability than circle entries\"": \""Includes complaints that administration ignores or blames parents, protects staff, refuses investigations, applies discipline by social status, enacts unstable policies (attendance fines, lenient homework deadlines), and suffers repeated leadership turnover or communication breakdowns (e.g., “administration sides with teachers,” “phones never work,” “most recent of 3 principals in four years,” surveillance/searches). Circle entries typically report steadier leadership, clearer follow‑through, or fewer examples of administrative favoritism or communication collapse.\"",\n  \""square entries emphasize richer extracurricular/athletics offerings and visible facility investments but also more crowding, resource‑allocation controversies, and maintenance problems than circle entries\"": \""This bucket groups terms where square reviewers both praise a wide array of clubs, strong marching band/athletics and capital improvements (new gym, renovated campus) and simultaneously report overcrowding, poor maintenance, food complaints, or complaints that money is diverted to athletics (e.g., “great sports and many clubs,” “recently renovated,” alongside “severely overpacked,” “inflated lunch prices,” “finds money for the huge football program”). Circle reviews typically lack this combined pattern of extensive extracurricular breadth plus the same scale of facility/crowding or athletic‑funding controversy.\""\n}""]",,23.712694883346558,19511,1088,1769,,[],['resp_09305625802c8425006a7256d8230481a3b34cb632275a1d6e'],True
gen|0|31,"[""{\n  \""square entries report more on-campus safety incidents and pervasive student behavioral problems than circle entries\"": \""These reviews describe concrete safety failures—drugs in the building, frequent fights, weapon lockdowns, arson/vandalism, sexual harassment, arrests, chronic bullying, and student-targeted self-harm reports—whereas circle reviews largely omit weapon/drug/arson incidents and serious bullying (examples: 'massive problem with kids using drugs IN THE BUILDING,' 'there have been several lockdowns for guns and weapons,' 'I was sexually harassed... and bullied to the point where I wanted to commit suicide').\"",\n  \""square entries document stronger advanced-academic offerings and measurable college-preparation/outcomes than circle entries\"": \""Many square reviews list extensive AP/honors courses, dual‑enrollment and PSEO options, high AP exam scores, scholarships, and alumni matriculation to prestigious colleges (examples: 'they offer almost every AP there is,' 'college junior by the end of his first semester,' '$4 million in scholarships,' 'rated as one of the best schools... Red Quill awards for high ACT scores'), while circle reviews typically do not provide comparable AP breadth, college-credit programs, or systematic alumni outcome evidence.\"",\n  \""square entries describe a broader, higher-quality extracurricular ecosystem (athletics, fine arts, competitive teams, many clubs) than circle entries\"": \""Square reviews repeatedly enumerate large, well‑supervised extracurricular portfolios—marching band, orchestra, all‑state chorus, theater, debate, robotics, UIL/FFA success, 'over 60/80/100 clubs' and competitive sports—whereas circle reviews often report limited or narrow offerings or loss of programs (examples: 'All State Band and Chorus students,' 'A million groups / clubs,' vs. 'Millington don't have much to offer,' 'Extracurricular activities are extremely limited').\"",\n  \""square entries report more administrative dysfunction, inconsistent discipline, favoritism, staff unprofessionalism, teacher absenteeism, and cover‑ups than circle entries\"": \""These reviews allege leadership failures and policy/process breakdowns—administrative secrecy, 'fudged' suspension numbers, favoritism toward affluent/athlete students, punitive or arbitrary discipline, chronic teacher absenteeism, abrupt teacher dismissals, and reported cover‑ups—whereas circle reviews more often describe responsive or improving administration and named supportive staff (examples: 'Lies and cover ups seem to be the status quo,' 'teachers are chronically absent,' 'many staff members who show favoritism' vs. 'The administration has really stepped up,' 'Mr. Wright... really cares').\"",\n  \""square entries report more facilities, capacity, maintenance, and resource-allocation problems than circle entries\"": \""Square reviewers document overcrowding, unsafe traffic/parking, HVAC and pest problems, mold and dirty restrooms, poor lunch quality/food safety, and perceived misallocation of funds (e.g., facilities/football over books), while circle reviews rarely report these building-level or capacity failures (examples: 'too many students and stuffy halls,' 'no air condition... mice in cafeteria,' 'Lunch needs to be upgraded,' 'Quit spending money on football fields and spend money on books').\""\n}""]",,24.026487112045288,19682,768,1468,,[],['resp_03e44609c168c48c006a7256d77ba8819c8ce07f42bbcd9b54'],True
gen|3|48,"[""{\n  \""square entries report more frequent and severe student safety, bullying, substance, and police incidents than circle entries\"": \""This bucket captures raw terms describing concrete safety breakdowns in square schools—frequent fights, gang activity, lockdowns, pervasive bullying, widespread drug use/vaping, sexual‑misconduct allegations, student fatalities, K‑9 drug searches and police escorts—while circle reviews rarely report these incidents and often describe the school as safe (examples: “2–3 fights minimum every day,” “almost everyone does drugs,” teacher sexually touched student, police involvement vs. Circle: “very safe school”).\"",\n  \""square entries report more specialized advanced academic, vocational, and college‑prep programs and measurable postsecondary outcomes than circle entries\"": \""This groups descriptions where square schools enumerate structured offerings (full IB diploma, many AP/Pre‑AP courses, Early/dual‑enrollment, CTE/vo‑tech, career academies, experiential programs) and cite concrete college acceptances/scholarships, whereas circle reviews omit or report reductions of such pathways (examples: “IB program…accepted to 7/8 schools,” “CTE classes…jobs waiting” vs. Circle: no IB/AP/early‑college outcomes mentioned).\"",\n  \""square entries report more administrative dysfunction, favoritism, and operational failures than circle entries\"": \""This bucket covers systemic leadership and office problems tied to policy and operations in square reviews—administrators failing to resolve complaints, transcript/credit mismanagement, superintendent/board unresponsiveness, nepotism and favoritism toward wealthy/athletic students, arbitrary discipline, and cover‑ups—while circle reviews report fewer or different administrative failures (examples: “they will say they will take care of it but never do,” lost transcript requiring state intervention, “if you are white, wealthy and athletic…”) .\"",\n  \""square entries report broader, better‑resourced extracurricular and athletic breadth but also conspicuous athletics‑first favoritism more than circle entries\"": \""This groups claims that square schools offer wide extracurricular breadth and high‑quality athletics/music (marching band, many clubs, championship teams, booster involvement and fundraising) yet simultaneously concentrate resources and favoritism on athletes or magnet tracks, whereas circle reviews describe fewer activities and do not report comparable scale or athletics‑centric patronage (examples: “hundreds of sport and extracurricular activities,” “good sports programs” and “athletics are run by the 'good ol’ boy' club” vs. Circle: limited clubs, fewer sports).\"",\n  \""circle entries report more consistently experienced, stable, and responsive teachers while square entries report greater variability in teacher quality and classroom practice (including misconduct and indifference)\"": \""This bucket captures contrasts in classroom/staff reports: circle reviewers emphasize stable, experienced, caring teachers and consistent parent communication, whereas square reviewers present wide teacher quality variance—from highly committed, available teachers to slow graders, disengaged instructors, and instances of misconduct—illustrated by Circle: “experienced faculty…teachers are outstanding,” vs. Square: “you are going to find good and bad teachers,” “teachers watch movies/are slow at grading,” and sexual‑misconduct allegations.\""\n}""]",,22.591899156570435,19567,1408,2067,,[],['resp_0cf1fbb4f5ceb36e006a7256d8b640819dbaf3e58becc6f66b'],True
gen|3|54,"[""{\n  \""square entries report stronger advanced academic programs and measurable college‑preparatory outcomes than circle entries\"": \""Covers references to AP/IB/honors/accelerated curricula, documented college placements and scholarships, external recognition, and allegations of policies that both raise and (separately) depress academic standards (e.g., “Plenty of opportunities for honors, gifted and AP classes,” Department of Education recognition, full academic scholarships, versus claims the superintendent is “juicing the graduation rates”); circle entries lack comparable evidence of broad advanced coursework, AP/IB depth, or concrete college‑prep outcomes.\"",\n  \""square entries report more severe facility, hygiene, and day‑to‑day operational problems than circle entries\"": \""Groups specific infrastructure and logistics issues—broken A/C, sewage leaks, mold, missing ceiling panels, unsanitary bathrooms, overcrowded classes, scheduling errors, and restrictive restroom/passing/time policies that interfere with lunch or class breaks (e.g., “sewage pipes burst...”, “half the ceiling panels are missing,” and “teachers don't normally let anyone use the restroom during class”); circle entries do not contain these kinds of concrete facility or daily‑operations failures.\"",\n  \""square entries describe more frequent and acute student misconduct, targeted bullying, and safety threats than circle entries\"": \""Encompasses student behavior and safety incidents such as pervasive bullying (including racial/sexuality targeting), physical threats (“said he was going to stab my child”), sex/drug use on campus, roaming unsupervised halls, rampant cheating and stimulant/drug use tied to academic pressure; circle entries report far fewer or only seasonal/limited discipline concerns.\"",\n  \""square entries report more harmful staff/administrative behavior and personnel instability than circle entries\"": \""Captures faculty misconduct and administrative inaction (teachers bullying students, administrators admitting inability to provide safety, staff neglect during incidents), high teacher turnover/absenteeism and district layoffs replacing veterans with inexperienced hires, plus pandemic-era overwork and poor remote‑teaching preparation (e.g., “Had to remove my children due to bullying by a faculty member,” “district has laid off the most experienced teachers”); circle entries do not document comparable systemic staff harm or staffing instability.\"",\n  \""square entries document richer extracurricular, arts/athletics/vocational offerings and proactive student supports than circle entries\"": \""Includes award‑winning music and drama programs, extensive sports/coaching and vocational/Ag pathways, 1:1 technology and electives, plus responsive counseling and hands‑on administrative support and visible school pride (e.g., national‑award music dept., “I play football and we have a great program,” counselors who “return my emails with rapid speed”); circle entries lack similarly detailed or broad extracurricular, vocational, and student‑support descriptions.\""\n}""]",,22.54285717010498,5235,1408,1984,,[],['resp_0de2ec69d832ac08006a7256d8bb48819d8fbf01c7c91a8bf6'],True
gen|1|35,"[""{\n  \""square entries describe far broader and deeper specialized/advanced academic programs and college‑credit pathways than circle entries\"": \""These reviews name concrete programmatic offerings (IB/magnet, many AP courses, dual enrollment, AVID, Quantum Leap, academy tracks, specialized career/CTE programs, early college compression) and measurable college outcomes (scholarships, college credit, selective admissions), while circle entries rarely mention IB/magnet or comparable breadth of advanced‑course pathways. Falling in this bucket means the school narrative centers on program variety, AP/IB/academy depth, and structured routes to college credit or honors placement (e.g., ‘IB magnet…many AP classes,’ ‘dual enrollment,’ ‘students started college with 20+ credits’).\"",\n  \n  \""square entries report more frequent and severe student safety, bullying, substance, and violent‑incident problems (with often limited effective response) than circle entries\"": \""Square reviews repeatedly document fights, bomb scares, weapons on campus, drug/alcohol use at school and games, gang activity, sexualized/assaultive behavior and pervasive bullying — often paired with accounts that administration/security did not effectively intervene or minimized incidents. Content in this bucket focuses on recurring safety crises and student harm (e.g., ‘fights every other day,’ ‘student had a gun on campus,’ ‘drugs are a huge problem,’ ‘bullied mercilessly…administration turns a blind eye’).\"",\n  \n  \""square entries report more systemic special‑education and accommodation failures (IEP/504 noncompliance, exclusion from honors, aide misuse) than circle entries\"": \""Many square reviewers give specific examples of IEP/504 or ADA neglect, students being denied honors/AP placements despite qualifying, aides not supporting instruction, and battles over individualized plans or removal to homebound; circle reviews lack parallel reports. Material assigned to this bucket centers on legal/accommodation breakdowns and instructional neglect for students with disabilities (e.g., ‘no help with IEP,’ ‘they will not allow them into honors though they qualify,’ ‘aide took notes for student and didn’t assist’).\"",\n  \n  \""square entries report more acute facility, capacity, and resourcing problems (overcrowding, sanitation, budget cuts, transportation barriers) than circle entries\"": \""Square reviewers frequently mention overcrowded campuses and trailers, high class sizes, pest and sanitation problems, flooded bathrooms or poor ventilation, visible austerity and program cuts, and transportation barriers; circle reviews seldom describe these operational capacity or funding crises. Items in this bucket concern physical plant and resourcing constraints that affect student experience (e.g., ‘way over crowded…not even enough bathrooms,’ ‘rats/cockroaches/bedbugs,’ ‘massive budget cut…afterschool tutoring cancelled,’ ‘no public transportation to this school’).\"",\n  \n  \""square entries describe more administrative favoritism, inconsistent discipline, communication failures, and operational/ethical governance problems than circle entries\"": \""Square reviews contain repeated claims that administration and staff show favoritism (athletes/NJHS/connected families), inconsistently enforce rules, back teachers over students, blacklist complainers, mishandle grading/scheduling, and maintain unresponsive or rude front‑office and district practices. This bucket groups reviews focused on leadership, accountability, and process breakdowns rather than pedagogy or facilities (e.g., ‘they favor NJHS kids,’ ‘administration always backs the teacher,’ ‘phones never work…voicemails unanswered,’ ‘teachers exempt finals then give zeros,’ ‘district people are heartless’).\""\n}""]",,24.27783513069153,19211,768,1519,,[],['resp_09ac554a96866187006a7256d7de6881a1a787cabed097d2dd'],True
gen|4|37,"[""{\n  \""square entries report more frequent and severe student-safety incidents and pervasive misbehavior than circle entries\"": \""These reviews describe concrete threats and recurrent student misconduct (gang violence, fights, bathroom assaults, in-class drug sales, bomb threats, regular thefts and visible bullying) that circle reviews do not recount — e.g., “gang violence… a lot of fights… selling 'weed' in class,” “bomb threat and sweep,” and “there are fights almost every week.” This bucket captures content that signals an active safety/crime problem or normalized student misbehavior inside the school.\"",\n  \""square entries document broader and more measurable advanced academic, vocational, and postsecondary programs/outcomes than circle entries\"": \""Many square reviews enumerate AP/IB/Pre‑AP counts, dual‑enrollment partnerships, robust CTE/vocational shops, and scholarship/college-acceptance metrics (e.g., “I have taken around 8 AP Classes,” “tie in with Frank Phillips… graduate with an Associates,” “my graduating class received over 4.1 million in scholarships”), whereas circle reviews lack or downplay such concrete program breadth and measurable outcomes. This bucket groups descriptors of substantive curriculum offerings and documented college/career results.\"",\n  \""square entries contain more concrete facility, operational and infrastructure descriptions (both deficiencies and capital investments) than circle entries\"": \""Square reviewers repeatedly report tangible facility and operations details — aging buildings, sanitation/pest problems, construction/relocation plans, one‑to‑one device programs, HVAC/power issues, security hardware or metal detectors, and new athletic/academic building investments (e.g., “roaches… leaking ceilings… new facilities are phenomenal,” “every student is given an iPad,” “power goes out in the middle of the school day”). This bucket collects statements about the physical plant, maintenance, technology provisioning, and day‑to‑day operational systems.\"",\n  \""square entries describe more extensive, conflicted, or inconsistent special-education and accommodation experiences than circle entries\"": \""Square reviews contain both strong success stories and explicit failures around IEPs, disability accommodations, and mistreatment (e.g., long-term IEP support and successful college transitions, but also denial of medically recommended accommodations, derogatory staff comments to parents, and calls to involve advocates/attorneys). This bucket captures narratives focused specifically on special‑education services, compliance, and individualized accommodation outcomes.\"",\n  \""square entries report greater administrative/governance dysfunction, inconsistent staff quality, punitive or uneven policy enforcement, and parental withdrawal actions than circle entries\"": \""Across square reviews there are repeated claims about board/principal incompetence, favoritism (especially toward athletes), opaque or rude communications, harsh attendance/discipline policies, counselor unresponsiveness, and families transferring out (e.g., “Board keeps unworthy teachers,” “they only like your kid if he's on the football team,” “They doNot return phone calls,” and parents moving children to other districts). This bucket groups critiques of leadership, governance decisions, staff variability, communication breakdowns, and policy-driven family actions.\""\n}""]",,21.855722904205322,19264,1024,1712,,[],['resp_042aba89f68920b0006a7256d9d7d4819da301c20b1b4999ce'],True
gen|2|33,"[""{\n  \""square entries report more severe, frequent student safety and disciplinary crises (bullying, large fights, drugs, assaults) than circle entries\"": \""This bucket captures reports of concrete safety incidents and failed disciplinary responses in square reviews — e.g., gang activity, multi‑student brawls, arson, overdoses, repeated bullying (including of students with disabilities), faculty‑perpetrated bullying, delayed parent notification of assaults, and administrators who fail to act — whereas circle reviews rarely describe such pervasive violent/drug incidents or large brawls and typically report lower incidence or isolated behavior issues.\"",\n  \""square entries describe broader/higher-level academic programming and measurable college‑prep outcomes (AP/IB/dual enrollment, honors, test scores) more than circle entries\"": \""This groups descriptions in which square schools list concrete advanced offerings and outcomes — AP/IB courses, dual‑enrollment and transcripted college credit, early‑college academies, honors pathways, standardized test gains, and named college matriculations (Yale, Northwestern, etc.) — while circle reviews lack detailed advanced‑course inventories and rarely cite such measurable postsecondary outcomes.\"",\n  \""square entries document more administrative dysfunction and operational mismanagement (turnover, miscommunication, cover‑ups, scheduling failures) than circle entries\"": \""Includes reviews reporting chronic governance problems in square: principal turnover and destabilizing leadership changes, conflicting automated communications about times/fees, counselors or services unavailable, allegations of district cover‑ups/manipulation, mishandled safety incidents, and adversarial parent‑administration interactions — circle reviews seldom allege systemic cover‑ups or this level of operational failure.\"",\n  \""square entries report greater extracurricular/facility breadth and visible resource choices (arts, vocational/ROTC, athletic championships, new stadiums) than circle entries\"": \""Square reviews frequently enumerate many clubs, strong performing‑arts and vocational offerings, JROTC/ROTC, multiple state‑level competition wins, facility investments (new performing arts center, stadiums) and detailed program accessibility (no tryouts vs audition caps), while circle reviews provide far fewer named program details and less evidence of sustained competitive/extracurricular achievements or major facility projects.\"",\n  \""square entries describe more socioeconomic/racial stratification and inequitable student supports (favoritism, tracking, discrimination, inadequate mental‑health/special‑ed help) than circle entries\"": \""This bucket groups accounts of unequal treatment in square: favoritism toward affluent or athlete students, grade‑bias and selective enforcement, programmatic segregation/tracking, explicit allegations of racial discrimination and harassment, and either understaffed or absent mental‑health and special‑education supports — circle reviews generally do not report this combination of systemic inequity and targeted exclusion.\""\n}""]",,24.619904041290283,19279,1472,2082,,[],['resp_0cf5f0807be6a10c006a7256d8219c81a3b593dc23beb0debf'],True
gen|3|31,"[""{\n  \""square entries report stronger specialized academic programs and measurable college‑preparatory outcomes than circle entries\"": \""These reviews repeatedly name IB, many AP/honors courses, dual‑enrollment and college credit, documented test/GPA/outcome evidence and elite matriculation (e.g., IB Diploma strength, AP offerings, dual enrollment saving tuition, ACT/SAT/GPA anecdotes), while Circle reviews lack comparable program detail or measurable outcomes.\"",\n  \""square entries report more administrative dysfunction, governance problems, and poor school‑home communication than circle entries\"": \""Many Square reviews describe leadership turnover, board‑level blame, bureaucratic/recordkeeping errors, unresponsive principals/counselors, and punitive or inconsistent accountability (e.g., transcript mistakes, unreturned parent emails, Kafka‑esque bureaucracy), whereas Circle reviews more often describe improving or responsive leadership and fewer district‑level governance complaints.\"",\n  \""square entries report more safety, bullying, substance‑use, and race/harassment incidents and ineffective disciplinary responses than circle entries\"": \""Square reviews document frequent fights, drug use/vaping, racial harassment, sexual boundary incidents, pervasive bullying and claims that discipline is uneven or inadequate (e.g., daily fights, social‑media bullying, allegations of racism/homophobia, staff apathy), while Circle reviews rarely report comparable safety crises.\"",\n  \""square entries describe broader extracurricular, vocational, arts, and community engagement than circle entries\"": \""Square reviews list extensive non‑academic offerings—award‑winning band/theater, ag/FFA, robotics, JROTC, ROP/vocational labs, high extracurricular participation and strong football/community turnout—whereas Circle reviews tend to note fewer or weaker club/arts/STEM offerings.\"",\n  \""circle entries describe more consistent individualized support, small‑school attention, and counseling responsiveness than square entries\"": \""Circle reviews emphasize personalized attention, dedicated teachers/staff, and supportive guidance (e.g., individualized help, staff understanding, parent‑teacher partnership), whereas Square reviews more often report inconsistent or uneven counseling and special‑education supports (mixed reports of strong programs but many accounts of neglected struggling students).\""\n}""]",,23.450419902801514,19088,832,1287,,[],['resp_0c93984242822ee8006a7256d8a71081a0ba83417e9dc09678'],True
gen|3|40,"[""{\n  \""square entries document far stronger/broader advanced academic and college‑preparation programs than circle entries\"": \""This bucket groups raw terms where square reviews list many APs, IB, dual‑enrollment, CTE/STEM certification paths, internships and measurable college outcomes (e.g., 'many AP classes,' 'IB program,' '60 college credit hours,' 'almost all Science and IT students do interns,' '3.9 GPA and accepted to 8 universities'), while circle reviews lack comparable advanced‑course evidence or outcomes and often criticize academic challenge.\"",\n  \n  \""square entries report a wider, deeper, and higher‑quality extracurricular/arts/athletics ecosystem and active parent/PTA support than circle entries\"": \""Includes items where square reviewers list dozens of clubs, standout band/theatre/music programs, state championship teams, JROTC/culinary/technical projects, and engaged PTSA/boosters (e.g., 'marching band, honor society, wellness fair,' 'music program is first rate,' 'parent involvement and PTA is extraordinarily committed'), whereas circle reviews provide few program details and no comparable breadth or booster involvement.\"",\n  \n  \""square entries describe more frequent, severe student safety and behavioral crises (bullying, fights, drugs, weapons, suicide risk) and related administrative inaction than circle entries\"": \""Covers reports of violent incidents, pervasive bullying and racialized harassment, substance abuse, attempts at suicide, and claims administrators ignored or dismissed complaints (e.g., 'bullet found in bathroom,' 'bullied to the point of attempting suicide,' 'drugs are a prevalent issue,' 'we brought this to the principal and were told they can't do anything'), while circle reviews do not report this level of safety crises and sometimes describe better enforcement or counselor support.\"",\n  \n  \""square entries allege more staff/administrative politicization, favoritism, misconduct, and wildly inconsistent teacher quality than circle entries\"": \""Groups allegations of nepotism, teacher‑family favoritism in extracurricular selection, leadership protecting ineffective staff, staff bullying/misconduct, grade manipulation, and big variance in teacher competence (e.g., 'political school run by the teachers pets,' 'principal protecting the teacher,' 'teachers curse at students,' 'ranges from subpar to great teachers'), whereas circle reviews rarely describe organized staff politics or the same scale of misconduct.\"",\n  \n  \""square entries report greater operational/facility/funding constraints and logistical rigidity (budget cuts, facility disrepair or renovation swings, overcrowding, scheduling inflexibility, staffing shortages, problematic tech rollouts) than circle entries\"": \""Encompasses terms about acute budget crises and program cuts, storm damage or renovations, overcrowded classes and hallways, blocked schedule changes, teacher vacancies, punitive attendance policies and problematic 1:1 device deployments (e.g., 'levy failing, ceiling panels missing,' 'all classes are packed,' 'Try and change a class the first day...it won't happen,' 'teacher shortages,' 'iPad policy with misuse'), while circle reviews provide far fewer or different facility/resource reports.\""\n}""]",,23.487913131713867,19686,1152,1829,,[],['resp_0951f3553b03e4b9006a7256d8a678819293c6ea56e859a06e'],True
gen|1|48,"[""{\n  \""Square entries report more advanced/structured academic programming and measurable college-preparatory outcomes than Circle entries\"": \""This bucket captures claims that Square schools offer formal, high‑rigor tracks (IB, abundant AP and Honors, dual enrollment, academies/STEM/medical pathways, Gear Up/NHS tutoring) and cite measurable outcomes (test scores, college matriculation) — e.g., ‘Both were full IB candidates… dual enrolling,’ ‘State standardized test scores are far above,’ and ‘went straight to a four year college.’ Circle reviews lack comparable mentions of IB/AP breadth, dual enrollment, or concrete placement metrics.\"",\n  \n  \""Square entries report more frequent and severe student-safety problems and substance/peer‑behavior issues than Circle entries\"": \""This bucket groups recurring reports of bullying, daily fights, gang/drug activity, vaping-triggered fire drills, stalking/physical assaults and suicidal harm in Square — e.g., ‘two fights a day,’ ‘lots of drug use,’ ‘Bullying goes on in every nook & cranny,’ and ‘pushed off the stairs.’ Circle reviews do not describe pervasive violence, gang/drug problems, or routine physical fights.\"",\n  \n  \""Square entries describe more punitive, inconsistent, or politically‑motivated administrative/disciplinary practices and cover‑ups than Circle entries\"": \""This bucket covers administrative behavior and policies: harsh punishments for minor infractions, inconsistent enforcement, alleged concealment of code/safety violations, nepotism/corruption, and leadership inaction or blame‑shifting — e.g., ‘suspended for 5 days because I used the vending machine,’ ‘teachers cover up hazards when the fire marshalls come,’ and ‘run by irresponsible adults… create positions for friends.’ Circle reviews lack these allegations and generally do not depict systemic administrative cover‑ups or such punitive policy patterns.\"",\n  \n  \""Square entries show greater variability in instructional quality and weaker/uneven student‑support services (including special education and counseling) than Circle entries\"": \""This bucket captures reports of widely mixed teacher competence (from 'diamonds' to 'downright awful'), poor or inconsistent counseling, special‑education noncompliance, and gaps in help for struggling students — e.g., ‘Some teachers’ English was so bad…’, ‘our daughter’s IEP was not followed,’ and ‘Guidance for college is very mediocre.’ Circle reviews more often describe consistent, supportive teachers and functioning special‑needs support.\"",\n  \n  \""Square entries report both broader extracurricular offerings/community engagement and more visible facility/resource & capacity problems than Circle entries\"": \""This bucket groups tangible, on‑the‑ground resource and community motifs: Square reviewers frequently name extensive extracurriculars (strong band/music, many clubs, performing‑arts/athletics, parent/alumni fundraising) alongside concrete facility/capacity issues (overcrowding, ancient buildings, food/pest complaints, outdated textbooks, long bus rides) — e.g., ‘The Stylemarchers (band) is incredible,’ ‘3000 students… I couldn’t walk in the hallways,’ and ‘rooms have technology… but books are 10 years old.’ Circle reviews rarely report comparable extracurricular breadth or the same mix of infrastructure strain.\""\n}""]",,25.097921133041382,19094,960,1619,,[],['resp_02cbdca6b138bc00006a7256d7e09081a294ac40047067d0e3'],True
gen|0|5,"[""{\n  \""square entries report more extensive advanced academic programs and measurable college‑prep outcomes than circle entries\"": \""These reviews describe concrete, structured academic pathways (AP/IB, dual‑enrollment, transcripted college credit, governors/engineering magnets, strong AP/ACT/SAT scores and college placements) and repeatable outcome metrics (rankings, scholarships, above‑average test scores) that circle reviews do not. Example signals: repeated claims of dual‑enrollment, ‘34 on my ACT,’ Silver/Top‑rank listings, AP/IB program strength, and documented alumni college success.\"",\n  \""square entries report broader and stronger extracurricular, athletics, and arts programs and community support than circle entries\"": \""Square reviews enumerate a wide roster of clubs, competitive athletics, award‑winning band/arts, JROTC/ROTC, robotics, career/CTE offerings, booster/PTA activity and visible community voting/backing, whereas circle reviews largely omit or limit extracurricular detail. Representative evidence: long lists of sports/music/theatre/robotics, outstanding JNROTC and marching band, active PTA/PTSA and community fundraising or volunteer leadership.\"",\n  \""square entries report more frequent and severe student safety, bullying, substance‑use, and mental‑health crises than circle entries\"": \""Many square reviews describe concrete safety incidents and threats (frequent fights, drug busts and K‑9 searches, on‑campus substance use, racial hate‑crimes, suicides, unprotected special‑needs students), while circle reviews rarely document such extreme safety or mental‑health events. Examples include reports of multiple suicides, weekly drug busts, racial harassment at games, repeated bullying and failed law‑enforcement response.\"",\n  \""square entries report more administrative dysfunction, favoritism, counselor unhelpfulness, communication failures, and leadership turnover than circle entries\"": \""Square entries often name or describe systemic leadership problems—unresponsive superintendents/principals, cronyism/favoritism (donor/PTA influence, athlete favoritism), rude front‑office/counseling staff, scheduling/counselor failures and frequent principal/teacher turnover—claims less common in circle entries. Concrete examples: ‘counselor dropped the ball causing late graduation,’ ‘administrators had favorites,’ unanswered superintendent emails, and repeated leadership replacements.\"",\n  \""square entries report more concrete facility, operational, and logistical problems (and explicit fee/resource issues) than circle entries\"": \""Reviewers in square cite specific physical and operational shortcomings or changes—unsanitary/restroom shortages, overcrowding, bus/transportation unreliability, food‑service problems, pay‑to‑play/extracurricular fees, scheduling/pandemic policy shifts and detailed technology/device programs—whereas circle reviews give few such operational specifics. Illustrative items: ‘only one girls’ bathroom open,’ frozen milk/run‑out lunches, bus drivers not arriving, high parking pass fees and school loaner‑netbook programs.\""\n}""]",,25.14619779586792,19538,832,1473,,[],['resp_040f565c4c312847006a7256d7a1048192a03c65b7666fe854'],True
gen|3|20,"[""{\n  \""square entries report substantially broader, named academic and extracurricular programs and stronger measurable college outcomes than circle entries\"": \""These reviews list many concrete, high‑level offerings (AP, IB, Dual Enrollment, medical magnets, ROTC, vocational shops, extensive arts and athletic teams) and cite measurable outcomes (highest SAT averages, National Merit Scholars, Ivy/elite acceptances, AP growth); by contrast circle reviews rarely name programs or outcomes. Example evidence: square mentions 'IB program,' '24 AP and Honors,' 'Blue Ribbon Performing Arts,' 'many accepted to top tier universities' while circle sticks to general praise of teachers and transition support without named programmatic breadth or alumni data.\"",\n  \""square entries document more frequent, specific safety, bullying, substance‑use and campus security incidents than circle entries\"": \""Square reviews contain repeated concrete reports of fights, unaddressed bullying (including targeted homophobic/racist incidents), vaping/drug presence and random drug testing, outsiders sneaking in, metal detectors and security camera failures; circle reviews contain little or none of these claims and more often report students feeling safe and supported. Example evidence: square says 'fights often occur... students fight practically everyday,' 'constant vaping in the bathrooms,' 'students sneak other people in the school,' and reports of sexualized behavior and drug overdoses—claims absent from circle.\"",\n  \""square entries describe greater administrative dysfunction, nonresponse, favoritism, secrecy, and poor staff accountability than circle entries\"": \""Square reviews repeatedly allege operational and leadership failures—administrators who ignore complaints, protect underperforming teachers, change grades or erase credits, with poor recordkeeping and accusations of cover‑ups—whereas circle reviews emphasize accessible, accountable staff and visible oversight. Example evidence: square notes 'superintendent does not return phone calls,' 'principal screams at kids and turns on teachers,' 'principal protects teachers,' 'they erased all his credits,' and claims administrators avoid bad press; circle instead cites administrative responsiveness and teacher support.\"",\n  \""square entries report worse facilities, environmental health hazards, overcrowding, and chronic understaffing or substitute coverage than circle entries\"": \""Square reviewers give concrete facility and resourcing complaints—rats/cockroaches/mold/asbestos, rundown buildings and missing stadium/pool, severe overcrowding (thousands of students), and prolonged substitute/uncertified staffing—while circle reviews do not describe such pervasive infrastructure or staffing failures. Example evidence: square includes 'roaches in the halls and rats in the kitchens,' 'over 3000 students... no where near enough staff,' 'been having subs for over a semester,' and calls for new athletic facilities.\"",\n  \""circle entries report more consistent, nurturing teacher support, inclusive student accommodation, and smoother student transitions/college‑preparation supports than square entries\"": \""Circle reviews emphasize caring, involved teachers, improved parent communication, inclusive attitudes (acceptance/genuine inclusion), administrative oversight that handles student needs, and help with transitions to/from school or college guidance—attributes that square reviews often dispute or report inconsistently. Example evidence: circle notes 'great support for my child... being supported by the faculty,' 'parent communication has improved,' 'students accept each other' and 'teachers pay attention to help students where there's need,' contrasting with many square accounts of staff indifference or punitive exclusion.\""\n}""]",,24.818814039230347,19735,896,1612,,[],['resp_0947c8daa111810f006a7256d88a38819ca893880f30c452b7'],True
gen|0|52,"[""{\n  \""square entries report more frequent and severe safety, bullying, and discipline failures than circle entries\"": \""These reviews describe concrete safety breakdowns and inadequate disciplinary follow‑through at square schools — e.g., repeated fights, stabbings, weapons on campus, gang activity, extreme bullying (attempted suicides), and administrators who 'do nothing' or inconsistently enforce rules — problems that circle reviews do not report or that circle attributes to isolated issues with response.\"",\n  \""square entries report broader advanced academic pathways and measurable college‑prep outcomes than circle entries\"": \""Square reviews repeatedly name extensive AP/IB/dual‑enrollment/ACT‑prep programs and cite tangible outcomes (SLU 1818, high SAT averages, Ivy/West Point recruits, alumni in med school) and AP/college‑credit successes, whereas circle reviews generally lack claims of broad advanced tracks or stacked, measurable postsecondary outcomes.\"",\n  \""square entries document a wider array of extracurricular, vocational, and competitive programs and high‑profile program achievements than circle entries\"": \""Square reviewers list many specialized offerings and external competitive experiences — marching band/Stylemarchers, JROTC/NJROTC, BPA/Model UN travel, vocational tracks (culinary, cosmetology, automotive, agriscience), numerous clubs and sports with postseason success — features that circle reviews rarely detail.\"",\n  \""square entries allege more administrative and staff favoritism, inequitable treatment, and toxic workplace culture than circle entries\"": \""Square reviews contain repeated claims of favoritism and exclusion (principals favor star athletes/wealthy families, pay‑to‑play sports, rigged student government, blacklisting reinstated students), plus staff bullying/sexual misconduct allegations and high teacher turnover tied to leadership — a pattern of inequitable treatment and workplace toxicity not present in circle accounts.\"",\n  \""square entries report more visible facilities, resource, and operational problems (or austerity‑driven constraints) than circle entries\"": \""Square reviews document tangible operational deficits — unsanitary bathrooms and mold, overcrowding and congested halls, broken/old buildings or construction odors, removed vending machines/allergy bans, poor transportation, outdated websites, lack of COVID mitigation, and austerity/misused funds — whereas circle reviews emphasize stable facilities or do not raise comparable operational shortfalls.\""\n}""]",,25.664722204208374,19770,1152,1681,,[],['resp_015175313dcf5364006a7256d7bb9c8191a23ae8e9961880cb'],True
gen|3|39,"[""{\n  \""square entries report far more severe and frequent student-safety/behavior crises (violence, drug use, sexual assaults, daily fights, heavy security/police presence and extreme disciplinary measures) than circle entries\"": \""This bucket captures concrete safety and behavior incidents described as routine or acute in square reviews (e.g., 'fights every week/daily', 'students high in class', 'trash can fire, stabbing, gun problem', sexual assaults, 'metal detectors…lines outside for up to two hours', 'police are at this school almost everyday', many security guards) versus circle reviews, which do not describe this pattern of pervasive violent incidents or constant law‑enforcement/security interventions.\"",\n  \""square entries describe a much broader, more formalized set of advanced academic pathways and high‑achievement extracurricular programs (IB/AP/magnet/STEM/business academies, state/national awards, vocational pathways) than circle entries\"": \""This bucket groups mentions of structured, credentialed programs and measurable successes present in square (e.g., 'International Baccalaureate program', '22 AP and 8 dual‑credit classes', 'STEM and Business academies', 'state champions', 'nationally recognized Student Council', 'Career Center pathway') while circle reviews generally lack comparable catalogs of specialized academies, multiple advanced tracks, or competitive awards.\"",\n  \""square entries report greater operational scale and resource‑strain issues (severe overcrowding, multi‑floor lunch logistics, worn/decayed facilities, pest problems, shifted cafeterias, block scheduling constraints) than circle entries\"": \""This bucket captures facility and logistics problems emphasized in square reviews—large enrollments and overcrowded classes/cafeterias ('roughly 3,000 students', 'cafeteria on the 7th floor', 'closed one cafeteria'), aging/decaying buildings and pests ('roaches, mold, rat'), and scheduling/space tradeoffs (block schedule preventing participation, trailer classrooms)—whereas circle reviews do not report comparable systemic crowding or pervasive facility failures.\"",\n  \""square entries report systemic failures or inconsistencies in individualized student supports and college/career advising (special‑education/IEP/504 mishandling, counselor shortages, poor scholarship/college guidance, parents forced to fight or homeschool) more than circle entries\"": \""This bucket groups operational and programmatic failures affecting vulnerable students in square reviews—examples include 'IEP is a joke', 'you will have to fight to make sure your special needs kid gets services', counselor capacity problems and poor college advising ('poor when it comes to scholarship information', 'counselors are not proactive') and punitive absentee/discipline processes that forced homeschooling—issues that circle reviews do not raise at this scale or specificity.\"",\n  \""square entries report more administrative favoritism, inconsistent discipline, staff misconduct and governance choices that prioritize athletics/staff/finance over equitable student welfare than circle entries\"": \""This bucket captures claims about governance and personnel practices in square reviews—examples: 'athletics run the whole system' and athletes get special treatment, coach favoritism, 'teachers cover for each other', intimidation tactics by leadership, admin prioritizing budgets/raises or buildings over textbooks and student needs, and alleged staff misconduct or cover‑ups—patterns that circle reviews generally do not describe.\""\n}""]",,24.38479495048523,19160,1472,2165,,[],['resp_0c103799c4977fd1006a7256d8add881a399d004203def07a7'],True
gen|1|7,"[""{\n  \""square entries describe substantially more formal advanced/college-preparatory and specialized academic programming (AP, IB, STEM, dual‑enrollment, formal remediation) than circle entries\"": \""This bucket captures concrete programmatic depth and pathways: square reviews repeatedly name IB/DP, many AP/pre‑AP offerings, STEM magnets, dual‑enrollment/college‑credit courses, structured remediation (CORE/FLEX) and formal alternative/technical centers — e.g., “IB is the most prominent,” “Tons of AP offerings,” “able to dual enroll,” and “CORE/FLEX…decreased failing students.” Circle reviews lack these named, formal advanced pathways and outcome evidence.\"",\n  \""square entries report more frequent, severe, and unresolved safety/discipline incidents (bullying, assaults, gangs, drugs, weapon incidents) than circle entries\"": \""This bucket groups concrete accounts of student safety breakdowns and disciplinary failures that square reviewers describe: physical assaults, gang fights, weapons on campus, pervasive drug use and vaping, and administrative inaction — e.g., “people doing drugs in the bathroom,” “I got punched in the face…superintendent did nothing,” and “Gang fights in the hallways.” Circle reviews either omit such incidents or emphasize prompt handling/caring staff instead.\"",\n  \""square entries document greater variability of staff performance combined with more explicit examples of individualized teacher support and hands‑on student accommodations than circle entries\"": \""Square reviews frequently include both polarized critiques of teaching (some teachers ‘terrible’, others ‘exceptional’) and concrete evidence of teachers/counselors going above and beyond (after‑class help, responsive IEP implementation, support after injury) — e.g., “Some teachers are better than others…most teachers are dedicated,” “teachers are willing to work with you if you reach out,” and “first school I have not had to fight to get teachers to follow the IEP.” Circle reviews tend to offer less of this internal variability and fewer concrete support examples.\"",\n  \""square entries report more tangible facility, capacity, and operational shortfalls (overcrowding, outdated/unsanitary buildings, lack of buses/tutoring, broken equipment) than circle entries\"": \""This bucket captures concrete, operational constraints and building-condition complaints in square: severe lunch overcrowding and fire‑marshal concerns, portable classrooms and 3,000+ enrollment, archaic textbooks, unsanitary restrooms, no after‑school bus or tutoring and construction disruptions — e.g., “classes too big,” “mold on food,” “NO after school bus,” and “text books archaic.” Circle reviews generally describe renovated, well‑kept facilities and fewer operational service failures.\"",\n  \""square entries allege more systemic favoritism, inequity, and politicized resource/discipline decisions (athlete/wealth favoritism, pay‑to‑play, program‑segregation, staff protection) than circle entries\"": \""This bucket groups reports of institutional bias and politicized choices: administration favoring athletes or wealthy donors, pay‑to‑play accusations, segregation of elite programs (IB) from mainstream students, staff protection/forced retirements and district resource skewing toward STEM — e.g., “athletes get to pick their classes,” “You pay to play,” “They LITERALLY divide the school in 1/2. IB kids and non‑IB,” and “school board keeps protecting and defending the school.” Circle reviews rarely describe such entrenched favoritism or politicized program protection.\""\n}""]",,25.98352813720703,19600,704,1442,,[],['resp_00a943ad49fe4d8e006a7256d7d9d881a2a6e6d65257b94435'],True
gen|1|16,"[""{\n  \""square entries describe more extensive advanced academic and specialized program offerings than circle entries\"": \""These reviews emphasize concrete program breadth and depth—AP/IB/dual-enrollment, engineering/STEM/media academies, career‑technical shops, JROTC/ROTC, paid AP exams, and vocational pathways—while circle reviews rarely list or document comparable specialized offerings; examples include dozens of AP classes, dedicated Media and Physics/Technology academies, paid AP exam support, and named career-technical tracks in square entries versus Circle's lack of program detail.\"",\n  \""square entries report more safety, violence, bullying, and security lapses than circle entries\"": \""Square reviews contain repeated concrete incidents and systemic safety failures (multiple fights, drug use in bathrooms, ethnic slurs, ongoing bullying ignored by staff, security bias/lax visitor checks, bomb threats), whereas circle entries do not describe comparable violence or chronic security lapses and usually emphasize student safety or only minor behavior issues.\"",\n  \""square entries report more administrative dysfunction, governance scandal, and opaque or punitive policy decisions than circle entries\"": \""Square reviewers cite district/board scandals, calls for state takeover, unresponsive or dishonest administrators, politicized hiring/nepotism, lost state aid, opaque grading/placement policy changes, and rigid scheduling/enforcement, while circle reviews describe professional, transparent district leadership and only isolated personnel complaints.\"",\n  \""square entries report more facility, maintenance, and resource allocation problems (pests, overcrowding, HVAC, limited tech, uneven funding) than circle entries\"": \""Square reviews repeatedly document physical and resourcing problems—roach and rodent infestations, no central heating/AC, severe overcrowding and many portables, too few computers, underfunded shops/arts while money spent on turf/fields—whereas circle entries typically report well‑maintained or improved facilities and do not raise pervasive pest/overcrowding/tech shortages.\"",\n  \""square entries report more problematic staff behaviors and inconsistent instructional practices than circle entries\"": \""Square accounts focus on day‑to‑day staff misconduct and uneven teaching—teacher insults/bullying of students, favoritism (athletes/wealthy), teachers on phones, slow grade reporting, punitive or inflexible make‑up policies, and inconsistent enforcement—while circle reviews more often depict caring, professional teachers and do not report the same scale of staff unprofessionalism or instructional inconsistency.\""\n}""]",,26.0377299785614,19587,1216,1715,,[],['resp_07d5a52a673afcf1006a7256d81d5c81a19038fdb11193a4eb'],True
gen|1|29,"[""{\n  \""square entries report more severe and frequent on-campus safety, violence, and substance problems than circle entries\"": \""These reviews describe concrete safety incidents and criminalized behavior much more often for square schools — e.g., repeated hallway fights, stabbings/arson threats, daily drug use and open drug deals, sexual harassment incidents, police/SRO presence, and reports of suicidal/eating‑disorder crises — while circle reviews rarely escalate beyond occasional bullying or discipline complaints.\"",\n  \""square entries report more explicit advanced-academic offerings and measurable college outcomes than circle entries\"": \""Square reviews commonly enumerate AP/dual-enrollment/magnet programs and cite concrete metrics and elite matriculations (e.g., dozens of AP courses, students admitted to MIT/Stanford/IVY, ACT/SAT results, percent-to-college figures), whereas circle reviews tend to make only general claims about preparing students or note weak college readiness without school-level outcome data.\"",\n  \""circle entries report more administrative favoritism, inconsistent discipline, and punitive enrollment/record practices than square entries\"": \""Circle reviews disproportionately accuse leadership of uneven enforcement, favoritism in honors/athletics, punitive actions toward families (students taken off the roll), and arbitrary punishments, contrasting with square reviews which more often emphasize either strict enforcement or concrete safety responses.\"",\n  \""square entries report stronger facilities, extracurricular breadth, and capital investment (and related parent-fundraising pressure) than circle entries\"": \""Square reviewers frequently describe recent capital projects, high-quality athletic/arts facilities, extensive clubs/sports, and prominent championship success — and sometimes critique prioritizing stadiums/gear over textbooks or reliance on booster fundraising — while circle reviews rarely document the same level of facility upgrades, championships, or extracurricular breadth.\"",\n  \""square entries report more granular staffing and student‑support variability (teacher competence, turnover, counseling/special‑ed supports) than circle entries\"": \""Square reviews give detailed, mixed accounts of instructional quality — citing high-performing AP/honors teachers alongside widespread unprofessional/inexperienced staff, chronic turnover, long-term substitutes, grading delays, ineffective or discouraging counselors, and uneven special‑education accommodations — whereas circle reviews offer fewer program-level details and focus more narrowly on generalized staff or leadership complaints.\""\n}""]",,26.064484119415283,19322,1408,1875,,[],['resp_019a739ca3267f71006a7256d7ef8481a2ae9e59e82b3d50eb'],True
gen|2|51,"[""{\n  \""square entries emphasize formal advanced academic pathways (AP/IB/STEM/dual-credit) and measurable college‑prep outcomes more than circle entries\"": \""This bucket captures reviews that name schoolwide, credentialed academic tracks and quantified outcomes — e.g., explicit IB Diploma Programme and AP breadth, STEM course restrictions or expansions, dual‑credit/college‑credit anecdotes, US News/ACT rankings, and alumni college placements (exempted Calc1 at GT, scholarships, dozens of college credits). Circle entries typically mention general rigor or honors without the same programmatic detail or measurable post‑secondary evidence.\"",\n  \""square entries document broader and more numerous extracurricular, arts, and vocational/CTE opportunities (clubs, band, CTE, internships, ROTC) than circle entries\"": \""Includes reviews that enumerate extensive out‑of‑class programs and pathways (100+ clubs, state‑renowned music/band, drama/theater, detailed CTE programs like cosmetology/auto/welding, internship and career center offerings, JROTC) and note strong traditions or capital for extracurriculars; Circle entries rarely list this level of program breadth or named vocational offerings.\"",\n  \""square entries report more safety, bullying, and student‑misconduct incidents and hostile inclusion climates than circle entries\"": \""Groups explicit accounts of fights, weapons and lockdowns, suicides and suicide‑prevention efforts, gang activity, racial/sexual harassment, routine bullying and claims of institutional tolerance, or hostile environments for marginalized students — phenomena Circle reviews largely do not describe (Circle emphasizes safety, acceptance, or no systemic bullying).\"",\n  \""square entries describe greater administrative dysfunction, inconsistent policy enforcement, favoritism/retention‑driven leniency, and poor parent/incident communication than circle entries\"": \""Covers critiques of leadership and school governance such as district/administration mismanagement, last‑minute/absent communication, cover‑ups, nepotistic extracurricular selection, discipline leniency tied to enrollment or athletes, random searches, arbitrary dress‑code enforcement, and policy reversals that Circle reviews do not portray at the same scale or specificity.\"",\n  \""square entries show more polarized staffing and instructional execution issues — higher turnover, uneven teacher quality, morale and labor problems, grading/counseling failures — than circle entries\"": \""Encompasses reports of substantial variability in teacher effectiveness (some exceptional named teachers vs many under‑prepared), chronic grading delays, absent or overwhelmed guidance/counseling, teacher shortages/turnover/tenure protection, protests or low morale, and reliance on self‑teaching or outside tutors; Circle reviews present more consistent teacher support and fewer systemic staffing breakdowns.\""\n}""]",,25.983201026916504,19322,1088,1690,,[],['resp_0adb77c7aa973c39006a7256d82aa481919cc82bfaee9f2d41'],True
gen|3|30,"[""{\n  \""square entries describe stronger, more numerous formal advanced‑academics and college‑preparation pathways than circle entries\"": \""This bucket groups reviews where square schools explicitly list and quantify AP/IB/honors/dual‑enrollment/Early College programs and measurable college outcomes (e.g., “15 AP classes…30% enrolled,” “IB program…Early College…88% attend college,” SAT/AP credit, Ivy/UC/mit matriculations), whereas circle reviews omit or only vaguely mention advanced offerings and outcomes.\"",\n  \""square entries report far more student safety, bullying, substance‑use, weapons, fights, and administrative inaction than circle entries\"": \""Includes raw items describing pervasive interpersonal harm and campus crises at square schools (guns, gang violence, weekly fights, severe bullying, vaping epidemics, suicides/attempts, hit‑by‑car incidents, police involvement) and critiques of administration covering up or failing to respond; circle reviews generally lack these concrete safety incidents.\"",\n  \""square entries emphasize broader extracurricular breadth and stronger athletics/arts prominence — often coupled with athletic favoritism or participation barriers — more than circle entries\"": \""Covers mentions of many clubs/academies, award‑winning band/arts, championship sports, internship pathways and trade programs at square schools (e.g., ‘best band in the state,’ ‘tons of AP classes and endless clubs,’ ‘powerhouse in athletics’) as well as complaints about athletics‑first prioritization, tryout/fee barriers, or favoritism; circle reviews rarely enumerate this breadth or depict the same sports/arts prominence.\"",\n  \""square entries document greater facility and capacity volatility — both visible capital investment and severe maintenance/overcrowding/health problems — compared with circle entries\"": \""Groups reviews that report simultaneous extremes at square schools: new performing‑arts centers, pools, renovated gyms and also asbestos/mold, chronic bad odors, unsanitary bathrooms, severe overcrowding, parking/drop‑off chaos and construction impacts; circle reviews rarely present this same mix of large capital projects together with acute health or overcrowding failures.\"",\n  \""square entries show more polarized staff, counseling, and leadership behaviors — from highly individualized support and reorganized teacher‑leadership to unresponsive administration, counselor failures, favoritism, and staffing instability — than circle entries\"": \""This bucket captures concrete personnel and policy patterns at square schools: teachers who coordinate with outside tutors and stay after school, teacher leadership teams and principal visibility, alongside reports of counselor incompetence, administrative opacity/retaliation, selective truancy enforcement, teacher turnover and uneven teacher quality; circle reviews generally report steadier, uniformly caring staff and fewer of these extreme contrasts.\""\n}""]",,24.989409923553467,18894,960,1554,,[],['resp_0033c8f59af8da95006a7256d89d6081a3800c87ed4a62ca90'],True
gen|4|39,"[""{\n  \""square entries exhibit far broader and deeper academic/extracurricular pathways and measurable college‑prep infrastructure than circle entries\"": \""These reviews describe many concrete, high‑level offerings in square schools—AP/IB, named STEM/engineering academies, dual‑enrollment and certification programs, award‑winning band/JROTC, extensive clubs and booster support, and explicit college matriculation metrics (e.g., Ivy/major‑university acceptances)—whereas circle reviews rarely list comparable specialized pathways or school‑level college‑prep infrastructure.\"",\n  \""square entries report more frequent and severe student safety, substance, and behavior incidents than circle entries\"": \""Square reviewers repeatedly describe daily fights, weapons threats, widespread drug/alcohol use, sexual activity in restrooms, repeated lockdowns, suicides and pervasive bullying/cyberbullying; circle reviews, by contrast, more often emphasize a safe, small‑community environment and do not document this level of safety crises.\"",\n  \""square entries contain more allegations of administrative/staff misconduct, favoritism, and leadership instability than circle entries\"": \""Square reviews include specific claims of corruption, auditing irregularities, nepotistic hires, retaliation, principal turnover, adult staff verbal abuse and unqualified personnel in counseling/leadership roles, while circle reviews generally report more stable, responsive administration and fewer systemic governance complaints.\"",\n  \""square entries describe larger scale, overcrowding, facilities/logistics strain and contested resource allocation (often athletics vs academics) more than circle entries\"": \""Square reviewers report very large enrollments, overcrowded classes and staggered lunches, bussing gaps, scheduling/device distribution failures, high‑cost athletic facilities or stadium spending and complaints that money is prioritized for sports over remediation; circle reviews do not emphasize these size/capacity or high‑stakes resource allocation conflicts.\"",\n  \""circle entries describe more small‑community, relational support and prompt school‑home responsiveness than square entries\"": \""Circle reviewers more often emphasize caring, proactive teachers and counselors, prompt communication, community/parent engagement and a family‑like, safe school climate (e.g., teachers who 'bend over backwards,' guidance counselors 'always available,' 'It’s a safe school'), whereas square reviews more often emphasize institutional scale, program breadth, or conflict rather than uniformly relational supports.\""\n}""]",,23.622658014297485,19302,1280,1759,,[],['resp_0dd0a341b275aff1006a7256d9e41c819db00793f661a2036a'],True
gen|0|41,"[""{\n  \""square entries describe more extensive specialized academic pathways, AP/IB/dual-credit and measurable college outcomes than circle entries\"": \""This bucket groups raw terms where square reviews enumerate concrete advanced-academic offerings (AP classes, IB, HPA/Health Academy, engineering/STEM academies, Dual Credit/College-in-the-Schools, Career Technical credentials like CNA/EMT), cite AP/IB/college matriculation metrics and elite admits or full-ride scholarships, while circle reviews lack comparable program depth or outcome evidence (examples: “over half of the state's perfect scores on AP European History,” “only IB school in Knoxville,” “full ride to USC,” vs Circle’s general praise without program/outcome detail).\"",\n  \""square entries report more frequent and specific student safety, substance-use, bullying and disciplinary incidents than circle entries\"": \""This bucket captures terms where square reviews describe concrete on-campus safety and behavior problems—drug use and vaping in classrooms, fights, bomb threats, violent threats, theft/vandalism, police interviews, expulsions/suspensions—whereas circle reviews do not document this level of incidents (examples: “I see tobacco products being used... in almost every class,” “students... said he was going to stab my child,” “suspended and may expel 2 students for a Facebook picture,” vs Circle’s silence on such events).\"",\n  \""square entries document more concrete operational, facilities and administrative failures (or alleged misconduct) than circle entries\"": \""This bucket covers complaints about day‑to‑day operations and leadership practice found in square reviews—broken lunch/pay systems and long lunch lines, unanswered phones, delayed grading/scheduling errors, aging or renovated facilities, levy/funding disputes, alleged cover‑ups, nepotism and poor registrar service—while circle lacks comparable operational specificity (examples: “calling the office is a lesson in patience,” “bathrooms constantly smell of marijuana,” “do not vote this levy in!”, “hiring friends and family”).\"",\n  \""square entries show greater internal variability and polarized experiences across campuses, programs, staff and student outcomes than circle entries\"": \""This bucket groups references to contradictory or heterogeneous accounts contained in square reviews—campus-level contrasts, coexisting praise and severe complaints, uneven special-ed outcomes, inconsistent administration/staff competence and large variance in student achievement—whereas circle reviews are far more uniform (examples: “Milburn was a success... Smiley Campus smells weird,” “some say administration is excellent, others say it’s the worst,” mixed reports on IEP support).\"",\n  \""square entries emphasize broader, higher‑profile extracurriculars, athletics, arts achievements and evident favoritism/prioritization of athletes or specialty-program students more than circle entries\"": \""This bucket contains raw terms where square reviews list abundant clubs, award‑winning music/theater programs, extensive athletics, specialty studios (e.g., pottery), and claims of preferential treatment for athletes or magnet students, while circle mentions fewer or less-detailed extracurricular accomplishments (examples: “phenomenal pottery program,” “band has won many state awards,” “students in sports receive special treatment,” vs Circle’s limited extracurricular detail).\""\n}""]",,26.609598875045776,19160,896,1549,,[],['resp_080325674666b8ff006a7256d7b66c81a0bac61b9f938bec58'],True
gen|3|41,"[""{\n  \""square entries report more on-campus safety incidents, bullying, fights, drug use and bus safety problems than circle entries\"": \""This bucket captures concrete reports of student-on-student and campus safety crises that appear repeatedly in square reviews—e.g., “constant fights,” “drugs run rampant… drug dealers in every grade,” bus‑specific safety concerns (“It’s even worse on the bus”), repeated unaddressed harassment and suicidal ideation—while circle reviews more often describe a healthy/safe environment or omit such incidents.\"",\n  \""square entries describe broader and stronger advanced academic offerings and measurable college-prep outcomes than circle entries\"": \""Square entries frequently list AP/Honors/IB/dual-enrollment programs, high AP/SAT results, elite college acceptances and quantified scholarship totals (examples: ‘28 AP credits,’ ‘USC, UCLA, Harvard…’, ‘over 1.2 million dollars in scholarships’), whereas circle entries tend to emphasize general program access or note lack of preparation without the same concrete advanced-course breadth or outcome metrics.\"",\n  \""square entries document greater extracurricular breadth and visible capital investments in arts, athletics, and campus facilities than circle entries\"": \""Many square reviews enumerate a wide range of clubs, strong music/theatre programs, no‑cut sports, and facility projects (Olympic pool, new track, renovated buildings, smart boards), e.g. ‘band, choir, orchestra…brand new aquatic facility,’ while circle reviews rarely name comparable arts/facilities investments and often describe fewer traditions or extracurriculars.\"",\n  \""square entries allege more administrative dysfunction, poor communication, recordkeeping failures, cover‑ups and arbitrary discipline than circle entries\"": \""This groups reports about management problems—lost records, counselor/registration failures, principals who ignore complaints, cover‑ups of incidents, capricious rule enforcement and inconsistent discipline (e.g., ‘Principal and Assistant Principal cover up complaints’, ‘listed as a 9th grader though credits earned’)—contrasted with circle reviews that more often note responsive staff or do not report systemic administrative concealment.\"",\n  \""square entries report more systemic exclusion and inequity (denial of accommodations, disability/504/IEP failures, class- and athlete-based favoritism, and racial/social cliques) than circle entries\"": \""Square reviews repeatedly describe denial of honors/AP to students with disabilities, diversion of special-ed funds to sports, administrative favoritism toward athletes or wealthy families, and racial or socioeconomic cliquishness (examples: ‘they will not allow… into honor class…’, ‘most of the money goes to sports’, ‘students with rich families segregate themselves’), whereas circle entries seldom allege these structural exclusionary practices.\""\n}""]",,25.293009996414185,19274,1344,1898,,[],['resp_02ca86990bedb025006a7256d8a78481a3865ddd85c55a72a6'],True
gen|2|48,"[""{\n  \""square entries report more pervasive student-safety and hostile-climate incidents than circle entries\"": \""These reviews describe frequent, concrete safety problems in square schools (daily fights, gang activity, widespread drug/alcohol use, sexual assaults, bomb threats, multiple suicides/attempts, persistent racial/homophobic harassment and bullying) with examples like “There are fights every day,” “drug and alcohol problem is widespread,” and “3 suicides in 3 yrs,” while circle reviews contain few or no comparable violent/safety incidents.\"",\n  \""square entries describe a richer set of advanced/specialized academic pathways and measurable postsecondary outcomes than circle entries\"": \""Square reviews repeatedly list AP/PreAP, IB, dual‑enrollment, STEM rankings, academies, vocational tracks, pre-apprenticeships and concrete college/scholarship placement (National Merit, Ivy admits, 100% job placement in trades), e.g., “pre-AP and AP track classes,” “IB Diploma…one of two schools in the county,” and multiple alumni college outcomes, which circle reviews do not similarly document.\"",\n  \""square entries report more administrative dysfunction, favoritism, nonresponsiveness and policy‑driven concealment than circle entries\"": \""Many square reviews allege leadership problems and biased/opaque governance—administrators who ignore bullying, conceal incidents, show nepotism/favoritism, mishandle records, and fail to communicate (e.g., “principal hid things,” “front office incompetence,” “administration wouldn’t help”), whereas circle reviews more often describe approachable staff and engaged leadership without systemic concealment or nepotism claims.\"",\n  \""square entries report broader and higher‑visibility extracurricular, arts, athletics and vocational offerings and leadership opportunities than circle entries\"": \""Square schools are frequently described as offering abundant, organized extracurriculars and program excellence—award‑winning band/choir, strong athletics tradition, robust vocational shops, ROTC, robotics, many clubs and student leadership that produce visible achievements (e.g., “music program second to none,” “athletics department is AWESOME,” “chef training…beautiful restaurant”), while circle reviews mention fewer such programmatic strengths.\"",\n  \""square entries report more tangible facility, operational and resource problems (and budget/implementation disruptions) than circle entries\"": \""Square reviews contain operational complaints and resource variability—power outages, HVAC/thermostat failure, sanitation shortages, overcrowding and busing issues, botched technology rollouts, program/athletics cuts and pandemic-era cancellations (e.g., “power goes out,” “no nurse,” “iPads implemented but not used,” “$20mil capital improvements” alongside cutbacks), whereas circle reviews rarely document comparable facility or systemic operational failures.\""\n}""]",,26.902790784835815,19414,1216,1784,,[],['resp_0bf9ce062289113b006a7256d82904819f887bc7039ab6cf33'],True
gen|4|44,"[""{\n  \""square entries report more severe safety, bullying, substance and violent‑incident problems than circle entries\"": \""This bucket captures reports about student safety and conduct: square reviews repeatedly allege unaddressed bullying, sexual harassment, physical assaults, vandalism, drug use, gangs, hazing, and party cultures (e.g., “sexual abusers list written on a bathroom wall,” frequent fights, “rampant drug use”), whereas circle reviews rarely mention those incidents and instead emphasize inclusion or isolated discipline issues.\"",\n  \""square entries describe stronger and more numerous advanced academic pathways and measurable post‑secondary outcomes than circle entries\"": \""This groups programmatic academic differences: square reviews list IB/AP/honors/dual‑enrollment, specialized academies and elite matriculation (IB diplomas, large AP offerings, alumni at Ivy/MIT/Caltech, substantial AP credits), while circle reviews lack comparable detailed advanced program breadth or elite outcome claims.\"",\n  \""square entries contain more explicit descriptions (positive and negative) of individualized student supports and counseling/IEP practices than circle entries\"": \""This bucket encompasses concrete mentions of remediation, tutoring, college counseling, special‑education (IEP/504) practices and outcomes: square reviews include after‑school tutoring, late‑bus retesting, detailed IEP compliance failures and successes, and variable college‑counseling quality (e.g., ignored IEPs, scheduled IEP paperwork errors, or successful remediation raising a student to top of class), whereas circle reviews seldom discuss these individualized support systems.\"",\n  \""square entries report broader extracurricular breadth and competitive athletics/arts plus explicit funding/prioritization issues (including pay‑to‑play) more than circle entries\"": \""This captures extracurricular resource patterns: square reviews often list extensive band/choir/theater, competitive sports, JROTC, FFA, and booster‑funded upgrades alongside complaints about pay‑to‑play fees and athletics‑first resourcing (e.g., award‑winning music programs and also charges for sports/band), while circle reviews generally report fewer or under‑supported extracurricular offerings.\"",\n  \""square entries document more operational, facility, staffing and governance failures (or turnover) than circle entries\"": \""This bucket covers administration, operations, and physical resources: square reviews cite administrative unresponsiveness, leadership turnover/cronyism, budgeting/staffing cuts, overcrowding, sanitation and technology failures, scheduling/grading errors and requests for district‑level intervention (e.g., abysmal admin communication, mold/roof leaks, teachers with 190+ students), whereas circle reviews rarely report such comprehensive operational breakdowns.\""\n}""]",,24.251116037368774,19504,1344,1942,,[],['resp_046411819edf9f0c006a7256da09e8819d999d0bb77a23137b'],True
gen|3|5,"[""{\n  \""square entries report more student-safety and pervasive behavior problems than circle entries\"": \""These reviews describe concrete on-campus safety incidents and routine student misconduct (bullying, fights, sexual assault, hospitalizations, drug use/vaping, gangs) that circle reviews largely do not; examples include repeated fights posted online, students hospitalized after a jump, pervasive vaping/drug-dealing in hallways, and administrators allegedly ignoring rape/harassment reports.\"",\n  \""square entries report more administrative dysfunction, favoritism, and communication failures than circle entries\"": \""Square reviews repeatedly document leadership unresponsiveness, chaotic policy enforcement, board/meeting politicization, alleged protection of staff, retaliatory actions, and front-office rudeness—e.g., principals who don't respond to emails, deleted critical reviews, last-minute IB/graduate communications, and claims that the board defends problematic staff—whereas circle reviews contain few or none of these systemic governance complaints.\"",\n  \""square entries document a wider set of concrete academic pathways and measurable postsecondary outcomes than circle entries\"": \""Square reviews list named academic programs and outcomes (AP/IB, dual-enrollment/Early College, CTE/ROP, academies) and cite test/college results (perfect SATs, ACT 33, Ivy/UCLA/Stanford placements, state rankings), whereas circle reviews generally lack this level of program detail or specific measurable college/test achievements.\"",\n  \""square entries emphasize richer extracurricular, arts, and athletics offerings and associated resource/prioritization issues more than circle entries\"": \""Square reviews enumerate extensive extracurricular breadth (award-winning band/orchestra, theater, many clubs, Marching Band, ROTC, new pools/tracks) and note resource dynamics (large football budgets, athlete favoritism, heavy rehearsal/fundraising demands), while circle reviews rarely list comparable program breadth or high-profile arts/athletics accomplishments.\"",\n  \""square entries show greater variability in classroom instruction and explicit evidence about student support services (including special education and counseling) than circle entries\"": \""Square reviews contain both reports of individualized teacher support and praise for tutorials and small classes as well as allegations of poor instruction, grade inflation, and mishandled special-education placements and counseling (e.g., isolated improper SPED placement, 504 accommodation failures, counselor shortages or 'counselors are awful'), whereas circle reviews provide far fewer detailed, concrete accounts of classroom-level instructional variability or specialized student-support operations.\""\n}""]",,26.973441123962402,19607,1280,1815,,[],['resp_03cafe2d24dd793b006a7256d827c08192b0f475ab108cd97c'],True
gen|4|51,"[""{\n  \""square entries report more structured, advanced academic programs and college‑preparatory pathways than circle entries\"": \""This bucket captures concrete curricular depth in the reviews: square texts cite IB/magnet programs, many AP/Pre‑AP options, dual‑enrollment/college‑credit opportunities, Project Lead The Way, internships/research pipelines and explicit college outcomes (e.g., earning 12 college credits, MIT alumni), while circle reviews generally lack such school‑run advanced program descriptions and sometimes describe only basic or substandard academics.\"",\n  \""square entries report broader, higher‑quality extracurricular, arts, and in‑school athletics than circle entries\"": \""Square reviewers frequently list extensive clubs, championship marching band/JROTC/theatre, strong music and competitive sports, and well‑equipped vocational shops, whereas circle reviewers repeatedly note a lack or narrowing of in‑school sports/performing arts and far fewer clubs or specialized extracurricular achievements.\"",\n  \""square entries report more frequent safety, discipline, substance‑use, and student‑misconduct incidents than circle entries\"": \""Square reviews contain numerous concrete safety claims — weekly fights, assaults, weapon lockdowns, pervasive drug/alcohol access, self‑harm, bullying not addressed — while circle reviews rarely report violence/substance problems and often omit bullying or weapon incidents.\"",\n  \""square entries report more administrative and operational mismanagement, unresponsiveness, and policy failures that harm students than circle entries\"": \""This groups operational problems (office rudeness, testing‑day chaos, lost transcripts, schedule/grade policy changes, alleged grade‑manipulation, cover‑ups, high turnover, unaddressed complaints) which square reviewers report frequently; circle reviews more often portray responsive or supportive administrators and do not describe the same systemic office/operational failures.\"",\n  \""square entries report more inequitable or inconsistent support for vulnerable groups (special education, racial/LGBTQ minorities, low‑income families, and non‑elite students) than circle entries\"": \""Square reviewers repeatedly allege IEP failures, poor special‑education enforcement, race‑based disciplinary disparities, lack of LGBTQ support, favoritism toward wealthy/staff/athlete families, and tracked gatekeeping that limits access — problems that are largely absent or far less prominent in circle reviews.\""\n}""]",,24.21355175971985,19607,1088,1577,,[],['resp_09bd1702c46bfa5e006a7256da3fc4819e84f6e5c9ef71013e'],True
gen|3|29,"[""{\n  \""square entries report more extensive advanced academic and extracurricular programs and high‑achievement pockets than circle entries\"": \""These reviews repeatedly enumerate concrete program breadth and elite pathways (AP/IB, specialized academies, engineering/biomed/CTE tracks, early‑college/PSEO, award‑winning robotics/band/theater, state championships and National Merit counts) — e.g., “the AP/IB programs… huge list of AP classes,” “LISA program… performing at the fabulous auditorium,” and “national award winning robotics team” — while Circle reviews rarely list comparable advanced programs or selective options.\"",\n  \""square entries report more frequent and severe student safety, bullying, drug, sexual‑abuse, cyberharassment, and mental‑health crisis incidents than circle entries\"": \""Multiple Square reviews provide concrete, grave safety incidents (fights/riots, OD deaths, felony cyber‑hacks, sexual harassment by staff, PTSD and suicidal ideation tied to school response), e.g. “two kids OD… died,” “felony per girl” email hacks, and “I was sexually harassed and bullied every day,” whereas Circle reviews do not document this level of acute safety or criminal incidents.\"",\n  \""square entries report more administrative instability, unresponsiveness, favoritism/nepotism, and misconduct than circle entries\"": \""Square reviewers frequently describe leadership turnover, absent or unprofessional admins, opaque/changed policies, favoritism and even alleged grade‑tampering or fabricated disciplinary charges (e.g. “VP changing the teachers grades,” “principal plays favorites,” “Good 'Ole Boy' system,” “new principal promised more than he delivered”), contrasting with Circle’s comparatively stable or approachable‑described leadership.\"",\n  \""square entries report more teacher disengagement, instructional inconsistency, and inadequate counseling / special‑education support than circle entries\"": \""Square reviews more often allege widespread teacher burnout, poor instruction (teachers who ‘assign work and don’t teach,’ lost grades, slow gradebook updates), and failing guidance/special‑ed services (e.g. “Most teachers simply do not care,” “If you have special needs children do NOT come here,” “the counselor is a joke”), while Circle reviews more often praise consistently supportive teachers and counseling.\"",\n  \""square entries provide more concrete operational facility, resource, and logistical detail and report more overcrowding, maintenance, and communication failures than circle entries\"": \""Square reviews include granular operational complaints and assets — overcrowding and navigation problems, short lunches, outdated desks/books, unsanitary bathrooms, delayed communications/grade updates, ChromeBook/filter issues, scheduling/registration breakdowns and capital improvements — e.g. “we have 20 minutes for lunch,” “desks are older than me,” “attendance you will hear about it three weeks later,” and also occasionally note renovations; Circle rarely supplies this level of facility/logistics detail.\""\n}""]",,26.079825162887573,19302,1600,2227,,[],['resp_01e62aadc50beb64006a7256d8931c819c9f13d75fb0bb4b30'],True
gen|3|52,"[""{\n  \""square entries emphasize advanced academic programs, college‑prep pathways, and documented postsecondary outcomes more than circle entries\"": \""This bucket captures reviews that describe concrete advanced offerings and measurable college success—AP/IB/honors, AVID and dual‑enrollment, tutoring/counseling for college, and named alumni admissions (e.g., 'IB track', 'AVID can graduate your student as a sophomore in college', 'tuition‑free dual enrollment', 'students went on to MIT/Columbia/DePaul'). Falling here means the review foregrounds institutional college‑prep structures and explicit credit/placement outcomes rather than only generic teacher care or extracurriculars.\"",\n  \""square entries report more student safety, substance‑use, bullying, and severe student‑wellbeing incidents than circle entries\"": \""This bucket groups reviews documenting on‑campus threats to student safety and mental health—frequent fights, gangs, drugs sold/used in bathrooms/classrooms, sexual assault reports, suicides, pervasive bullying, and related therapy/medication consequences (e.g., 'Drugs are a huge problem', 'fights 1–2 a week', 'sexually violated with a broomstick', 'ended up in therapy and on psychiatric medications'). Reviews in this bucket emphasize concrete safety incidents and their impact on students.\"",\n  \""square entries report more administrative instability, unresponsiveness, biased enforcement, and nepotistic/favoritism practices than circle entries\"": \""This grouping covers complaints about leadership turnover and behavior, front‑office hostility, unreturned parent/counselor callbacks, selective discipline or dress‑code enforcement, favoritism toward athletes or influential families, and alleged nepotism (e.g., 'administration inconsistent', 'didn't return calls for 9 months', 'only pay attention to high GPAs and athletes', 'rules do not apply to those with influential parents'). Membership means the review foregrounds governance, equity, and responsiveness failures rather than program inventories or instructional detail.\"",\n  \""square entries describe broader extracurricular breadth, competitive achievement, and leadership/opportunity availability more than circle entries\"": \""This bucket includes reviews that enumerate many clubs/teams/arts competitions, district/state athletic and performing‑arts successes, vocational electives and leadership roles, and abundant student‑leadership opportunities (e.g., 'award winning orchestra and bands', 'robotics, journalism, band, FFA, culinary, aviation program', 'numerous club activities', 'state champs'). Reviews here emphasize a wide and accomplished co‑curricular ecosystem and student participation options.\"",\n  \""square entries report more physical‑plant, operational, and resource constraints (cleanliness, overcrowding, transportation, facilities, materials) than circle entries\"": \""This captures concrete facility and logistics problems: pest infestations and dirty bathrooms, overcrowded lunches and capacity issues, no public transportation or activity buses, outdated textbooks/poor labs, uneven renovation (new field but old buildings), and technology/connectivity rollout problems (e.g., 'cockroaches and mice', 'no public transportation to this school', 'outdated science labs', 'laptops given but poor home Wi‑Fi', 'long lunch lines and fire‑marshal concerns'). Reviews in this bucket focus on material/operational barriers that affect day‑to‑day schooling.\""\n}""]",,25.951849937438965,19706,1088,1820,,[],['resp_01f4b5bde4e2f97f006a7256d8b150819ca3961621ebb7c8f7'],True
gen|4|40,"[""{\n  \""square entries report more severe on-campus safety, discipline, and student-conduct problems (fights, assaults, drugs, bullying) than circle entries\"": \""This bucket covers concrete incidents and ongoing safety breakdowns (frequent fights, assaults, in‑building drug/alcohol availability, bullying, police presence/threats) reported in square but absent or far less detailed in circle (examples: 'massive problem with kids using drugs IN THE BUILDING DURING SCHOOL', repeated fight/assault accounts, 'Bullying runs rampant', teachers threatening to call cops). Entries in this bucket describe direct harms, threats to wellbeing, and routine enforcement failures rather than abstract culture critiques.\"",\n  \""square entries document more concrete advanced academic programming and measurable postsecondary outcomes (AP/IB/magnet, test scores, college placements) than circle entries\"": \""This bucket groups mentions of specific advanced coursework, magnet tracks, measurable metrics and alumni/college outcomes that square reviewers provide but circle largely omits (examples: 'AP and honors courses', 'Engineering Magnet', state rankings and AIMS/AP scores, 'accepted early at the top-ranked military academy', National Merit and elite college matriculations). Items here are about curricular breadth/depth and documented academic outcomes rather than teacher behavior or day‑to‑day supports.\"",\n  \""square entries describe broader, higher-profile extracurricular programs and documented competitive achievements and facility investments (award‑winning music, athletics, specialty studios) than circle entries\"": \""This bucket collects detailed accounts of extracurricular breadth and high‑level achievements and facilities in square reviews (marching band invites to Carnegie Hall, 'phenomenal pottery program', award‑winning choir/band, varsity letters, large sport/band facilities), whereas circle typically lacks such program detail. It focuses on extracurricular program existence, competitive success, and specialty facility investments rather than instructional rigor or governance.\"",\n  \""square entries report more evidence of administrative dysfunction, politicized favoritism, governance problems, and poor parent‑school trust/communication than circle entries\"": \""This bucket captures reports about leadership failures, favoritism/nepotism, politicized discipline or board interference, frequent principal turnover, refusal to work with parents, and loss of trust (examples: 'administration turned a blind eye', 'Nepotism galore', 'refused to let me observe', 'I have no trust or faith in this school anymore'). These items are about management, policy fairness, and parent/staff relations rather than programs or student supports.\"",\n  \""square entries report more detailed student‑support and special‑education services (and documented variation/failures) — tutoring, math labs, study halls, IEPs, counseling caseloads — than circle entries\"": \""This bucket groups concrete descriptions of formal support systems and special‑education practice in square reviews (math labs, study hall, tutoring, mentoring, active special‑ed inclusion, plus counterexamples of inadequate IEP handling or counselor overload such as 'guidance counselors responsible for over 300 students' and 'refused to accommodate 504 plan'). It captures both the presence of structured supports and documented breakdowns in those supports, a set of observations largely missing from circle.\""\n}""]",,24.799636840820312,19204,1152,1854,,[],['resp_06ee73de9dd27e93006a7256d9e4f481a3a6fdc9997109603a'],True
gen|3|33,"[""{\n  \""square entries describe stronger, more numerous specialized academic and extracurricular programs and measurable college outcomes than circle entries\"": \""These reviews emphasize concrete program breadth and outcomes—AP/dual‑credit rosters, IB and named academies (e.g., STEM, Culinary, Arts), extensive clubs, and high‑level performing‑arts/sports achievements—plus explicit college matriculation and scholarship claims (examples: “30+ AP courses,” “IB program,” students accepted to Cornell/Northeastern/UNC and many scholarship recipients). Circle reviews lack comparable program detail or measurable postsecondary outcomes, instead offering generic curricular comments.\"",\n  \""square entries report more pervasive student-safety, discipline, and substance-use incidents (including severe outcomes) than circle entries\"": \""Many square reviews document on‑campus fights, robberies, frequent drug use, police involvement, weapon incidents, and even suicides or suicide attempts (examples: “a kid had a gun in the parking lot,” “2 suicides in past couple of years,” “dogs are sent monthly to check for drugs,” “fights every other day”). Circle reviews do not raise comparable recurring violence, weapon, or severe mental‑health incidents.\"",\n  \""square entries describe more active, visible leadership and stronger parent/community engagement and turnaround narratives than circle entries\"": \""Square reviews more often name principals and credit leadership for improvements or school turnarounds (e.g., “new principal is a rock star,” “recognized as a ‘Turn Around School’”) and report robust parent/PTA/booster involvement and families moving to the district for the school. Circle reviews rarely provide this leadership‑driven improvement narrative and more often depict distant or antagonistic administration without the same community mobilization.\"",\n  \""square entries report more concrete operational, facility, and scheduling constraints and failures than circle entries\"": \""Square reviewers detail logistics and infrastructure problems—overcrowded lunch lines, single drop‑off roads and traffic delays, unsafe intersections, two‑campus overcrowding, poor websites, long bus rides, counselor overload and scheduling/credit errors—that directly disrupt student experience and graduation prospects. Circle reviews do not present this same cluster of operational breakdowns.\"",\n  \""square entries report more systemic inequity, favoritism, and discriminatory or biased practices than circle entries\"": \""Square reviews contain repeated allegations of unequal discipline and favoritism toward wealthier/popular students, racial and anti‑LGBTQ abuse (Confederate flags, slurs, refusal to support trans students), misuse of special‑education placements as dumping grounds, and socioeconomic exclusion (examples: “upper middle class kids treated like kings,” “racism and homophobia is rampant,” “special education is a glorified study hall”), complaints not routinely raised in Circle.\""\n}""]",,26.443791151046753,19160,1152,1747,,[],['resp_028f8e9d3405930a006a7256d8a654819d9c11a0ade3e12d15'],True
gen|4|45,"[""{\n  \""square entries describe more extensive, rigorous, and varied advanced‑academic and career pathways (AP/IB/honors/STEM/CTE) than circle entries\"": \""This bucket captures programmatic breadth and measurable college/career outcomes: square reviews repeatedly name IB and AP programs, 'over 21 AP courses', magnet/STEM and Science & Engineering tracks, CTE/technical center partnerships, dual‑credit/college credits and concrete matriculations (Harvard, UT Austin, Business Honors), whereas circle reviews rarely list comparable program detail or college‑placement evidence.\"",\n  \""square entries report more frequent and severe student safety, bullying, substance‑use, and violent incidents with ineffective disciplinary responses than circle entries\"": \""Reviews in this group describe pervasive fights, bullying (bathroom cliques), vaping/drug epidemics, weapons/knife incidents, sexual harms and PTSD, recurring lockdowns and daily violence with little or no corrective action—claims absent or far less frequent in circle entries which emphasize safer/orderly environments.\"",\n  \""square entries document more administrative dysfunction, favoritism, policy instability, gatekeeping, retaliation, and district cover‑ups than circle entries\"": \""This bucket groups reports of top‑heavy leadership, constant turnover, administrators avoiding parents, waivers/gatekeeping into honors, alleged blacklisting/retaliation for complaints, favoritism toward athletes/alumni, contested superintendent/district behavior and claims of hiding incidents or creating fake accounts — patterns that circle reviews do not consistently allege.\"",\n  \""circle entries describe poorer classroom instruction, lower academic prioritization, and less proactive teacher support than square entries\"": \""Circle reviews more often characterize teachers and staff as overworked, disengaged or ineffective, claim academics are deprioritized for extracurriculars, and describe weak remediation or lack of teacher help—contrasting with many square reviews that repeatedly report accessible, engaged teachers, routine retakes, tutoring and remediation practices.\"",\n  \""square entries provide many concrete operational, facility, and resource details (scheduling, overcrowding, transportation, fees, capital projects, sanitation) more than circle entries\"": \""This bucket includes claims about logistical failures and physical resources—detailed scheduling/registration breakdowns, overcrowding and changed lunch periods, bus timing problems, mandatory student fees (laptops, graded‑project purchases), facility issues (flooded bathrooms, poor Wi‑Fi), and also capital investments/new buildings—topics that circle reviews rarely enumerate with equivalent specificity.\""\n}""]",,24.90371608734131,19438,1280,1814,,[],['resp_0025b08fb00164b2006a7256da21508192bb7dd98b026806a3'],True
gen|4|46,"[""{\n  \""square entries report more pervasive student safety problems, bullying, hate‑based harassment, substance abuse, and violent incidents than circle entries\"": \""These reviews describe concrete, repeated safety failures (daily fights, drug busts, gang activity, sexual‑assault mishandling), rampant student racism/homophobia and even staff‑perpetrated bullying or biased security (e.g., “I saw at least one fight a day,” “Kids come to school high…drug busts every week,” “Students boast white supremacy,” “Bullying…by teachers and parents”), whereas circle reviews rarely report systemic violence or hate‑based harassment and often describe safety as addressed.\"",\n  \""square entries describe more formalized advanced academic pathways and measurable college‑prep outcomes (IB/AP/dual‑enrollment/CTE/JROTC) than circle entries\"": \""Many square reviews name specific programs and outcomes—IB diplomas, 10+ AP classes, Running Start/dual enrollment, CTE credentials, college scholarships and Ivy/elite matriculation—detailing college counselors and measurable credits (e.g., “IB Diploma (1 year college credit)”, “received 12 college credits through dual enrollment”, “full paid scholarship to SDSU”), while circle reviews rarely report that level of structured advanced‑course breadth or explicit college‑matriculation evidence.\"",\n  \""square entries report more concrete operational, facility, capacity, and budget/policy problems (overcrowding, traffic/transportation, aging facilities, funding priorities, scheduling constraints) than circle entries\"": \""Square reviews frequently cite logistical breakdowns and resource choices that affect daily life—overcrowded cafeterias, single drop‑off road and dangerous intersections, pay‑for‑bus policies, archaic textbooks/technology, canceled trips versus new TVs, and rigid six‑period schedules—whereas circle reviews rarely enumerate such operational/facility failures.\"",\n  \""square entries show greater variability in teacher/staff behavior and student support—including both strong individualized rescue support and explicit reports of neglect, rudeness, favoritism, grading abuse, absenteeism, and counseling inconsistency—than circle entries\"": \""Square content contains many concrete accounts of teachers/counselors who either transformed students’ lives or who were rude/neglectful (examples: sustained verbal demoralization, forced passing, frequent subs, after‑school tutoring, counselors who secured scholarships, or counselors who ignored students), illustrating wide within‑school contrasts; circle reviews generally present more uniform teacher helpfulness and fewer detailed accounts of such extremes.\"",\n  \""square entries report more extensive, higher‑profile extracurricular breadth, athletic prominence, and community/booster engagement (specialized arts, championships, Cirque/JROTC, large club rosters, strong school spirit) than circle entries\"": \""Square reviewers enumerate numerous and sometimes elite extracurriculars—music/drama programs, unique Cirque program, award‑winning sports, dozens/hundreds of clubs, boosters and traditions, and strong game‑night spirit—often also noting athletics’ dominance or favoritism, whereas circle reviews seldom provide this level of extracurricular detail or championship/booster evidence.\""\n}""]",,25.03673481941223,19328,1088,1762,,[],['resp_022cf3b15ad828a9006a7256da1b88819d9defd9e2bd73e2fd'],True
gen|0|26,"[""{\n  \""square entries report broader advanced academic and extracurricular offerings and stronger measurable outcomes than circle entries\"": \""These reviews describe concrete, institution-level program breadth and high‑end accomplishments (AP/IB/dual enrollment catalogs, many AP/honors sequences, explicit IB programs, vocational pathways, expansive club rosters, state championships and national band rankings, and documented college/athletic/arts placements) that circle reviews do not list (Circle often lacks AP/IB mentions and offers few program lists). Examples: square cites IB and long AP lists, dual‑credit transfers, national band rankings and many sports scholarships while Circle mostly omits advanced program details or lists few APs.\"",\n  \""square entries report more acute facility, capacity and maintenance problems than circle entries\"": \""These entries document physical and operational infrastructure issues — overcrowded classrooms, over‑capacity buildings, deteriorating/aging facilities, unsanitary bathrooms and pest infestations, broken desks/locks, lunch overcrowding, and construction/logistics breakdowns — complaints largely absent from circle. Examples: square reviewers mention bathrooms with no soap, cockroaches, 'classes with 40+ students', run‑down buildings and fire‑marshal lunch crowding whereas Circle more often praises or does not mention such facilities problems.\"",\n  \""square entries document greater administrative dysfunction, inconsistent enforcement, and poor parent communication than circle entries\"": \""This bucket captures leadership and process failures: unreturned parent emails/calls, ineffective complaint resolution, inconsistent/sexist or arbitrary discipline and dress‑code enforcement, favoritism/nepotism in staffing and athletics, questionable budgeting/tenure protection, and routine miscommunication about incidents. Examples: square quotes 'no email communication from the school', 'principal doesn't take care of complaints', favoritism toward athletes, and alleged misuse of funds — features Circle reviews do not repeatedly assert.\"",\n  \""square entries report higher prevalence of student safety and conduct crises than circle entries\"": \""These reviews emphasize on‑campus behavioral and safety incidents — frequent fights/lockdowns, pervasive drug use and gang presence, recurring bullying and peer‑clique exclusion, repeated police/security involvement and acute safety events — whereas Circle contains few or no reports of drugs, gangs, regular fights, or near‑weekly lockdowns. Examples: square claims 'drugs run rampant', 'every other week a fight', 'armed guards on campus' and 'lock downs nearly weekly.'\"",\n  \""square entries report more organized individualized student supports, remediation and college/career services than circle entries\"": \""This group highlights concrete support structures and interventions: active counselors reaching out, advocacy teachers, peer tutoring and evening test‑prep, formal remediation classes, parent‑run college & career centers, flexible individualized scheduling and formal transitional programs — services Circle reviews rarely describe. Examples: square mentions 'peer tutoring and Tutoring University before math tests', 'advocacy teacher saved my student', 'parent‑run College and Career Center' and explicit remediation for state tests.\""\n}""]",,28.159772872924805,19262,1152,1800,,[],['resp_053e2cf0263c2ff3006a7256d7a1c4819cb24bcff869046947'],True
gen|1|53,"[""{\n  \""square entries describe substantially broader and measurable advanced academic, vocational, and postsecondary outcomes than circle entries\"": \""These reviews emphasize concrete program breadth (AP/IB, magnet/STEM and performing‑arts academies, dual‑enrollment, CNA/EMT/trades, extensive language offerings) and quantified college placements/scholarships (e.g., 'sending kids to 135 colleges', 'AP credits', 'students to Northeastern, Cornell', 'CNA and EMT certifications'), while circle reviews rarely list comparable program detail or measurable postsecondary outcomes.\"",\n  \""square entries report more frequent and severe safety, bullying, substance‑use, and violent‑incident problems than circle entries\"": \""Many square reviewers document explicit safety breakdowns—bullying, drug use/vaping, weapons/violent incidents, hate/racist attacks and mishandled responses (examples: 'big drug problem', 'security guards high fiving kids in fights', 'knife pulled on him', 'white supremacist symbols')—whereas circle reviews contain little to no parallel accounts of repeated violence, drugs, or enduring bullying.\"",\n  \""square entries portray greater administrative unresponsiveness, favoritism, policy noncompliance and governance problems than circle entries\"": \""Square reviews repeatedly allege administrators ignore parents/students, show favoritism or nepotism, mishandle discipline or IEPs, misuse funds, or reverse punishments (examples: 'The administration doesn’t respond to parents', 'favoritism is rampant', 'showed I was in Manhattan' to prove innocence, 'charged $10,000 to finish senior year'), whereas circle reviewers do not report the same pervasive governance failures.\"",\n  \""square entries describe more acute facility, resource, and capacity problems (overcrowding, maintenance, supply shortages) than circle entries\"": \""Square reviewers cite aging buildings, broken HVAC, leaking roofs, rats, lack of textbooks/supplies, insane student‑to‑teacher ratios and overcrowding (e.g., 'no air conditioning', 'roof leaked', 'students get lost in the mix'), while circle entries generally do not raise these recurring infrastructure and resource shortages.\"",\n  \""square entries show larger internal variability in teacher/classroom quality and individualized supports than circle entries\"": \""Square reviews commonly describe a polarized mix—both highly dedicated, hands‑on teachers and many ineffective or abusive instructors, inconsistent classroom management, and conflicting special‑education experiences (examples: 'some teachers were fantastic' vs 'some awful ones', 'teachers play games instead of instructing', '504s not enforced'), whereas circle reviews present a more uniform account of teacher quality and fewer extremes of classroom dysfunction.\""\n}""]",,28.14400601387024,19695,1216,1773,,[],['resp_046ae7cffe100c62006a7256d7f328819faeff63f68668fb4b'],True
gen|0|15,"[""{\n  \""square entries report more administrative dysfunction, favoritism, turnover, and governance failures than circle entries\"": \""These reviews describe leadership- and policy-level problems inside the school building and district — e.g., claims of unresponsive or hostile principals, ‘pick-and-choose’ favoritism, contested raises despite poor outcomes, rapid administrative turnover, chaotic office management, and ‘rage-filled’ meetings — issues Circle reviews do not raise and that reflect governance breakdowns rather than isolated teacher conduct.\"",\n  \""square entries report more pervasive student-safety and behavior problems (bullying, fights, drugs, unchecked misconduct) and weaker or inconsistent discipline enforcement than circle entries\"": \""Many Square reviews document frequent physical fights, daily bullying, on-campus drug use, students sleeping in cars, police/sheriff incidents, and teacher/administrator inaction or enabling of harassment; Circle reviews lack these systemic safety claims and instead report resolved or rare bullying and better monitoring.\"",\n  \""square entries describe substantially broader formal advanced/magnet/STEM/AP/IB/CTE academic programs and clearer college-prep pathways — but also stronger intra-school academic tracking and stratification between advanced and regular courses — more than circle entries\"": \""Square reviewers repeatedly list AP/IB/magnet/STEM/CTE offerings, dual‑credit/AP outcomes and college matriculation examples while also noting a two-tier experience (excellent AP/IB classes vs. ‘joke’ regular classes and concentrated top teachers), a pattern not present in Circle’s accounts.\"",\n  \""square entries report more extensive extracurriculars, athletics, arts programs, facilities, and visible community/parental support — plus more explicit athletics-oriented resource prioritization — than circle entries\"": \""Square narratives cite numerous clubs, state championships, top performing-arts centers, Olympic‑sized pools, marching band tradition, active PTSA/parent fundraising and relocation-to-district behavior, while also complaining that funds disproportionately favor football/athletics — whereas Circle mentions little comparable program breadth or high-end facilities.\"",\n  \""square entries report more inconsistent or inadequate counseling, special-education practice, accessibility, and targeted student-support failures (and occasional legal/noncompliance accusations) than circle entries\"": \""Square reviews include allegations of misused special education (passing failing students), ADA noncompliance, discouraged IEP help, ineffective or delayed counselors, need for external advocates, and physical accessibility hazards — concrete deficits in supports for vulnerable students that Circle reviews do not allege.\""\n}""]",,28.21309804916382,19588,1152,1699,,[],['resp_0540130bc7cff8f5006a7256d79f5c819dbae917fdb7f6d9b3'],True
gen|4|41,"[""{\n  \""Square entries exhibit stronger, broader college-preparatory curricula and measurable post‑secondary outcomes than circle entries\"": \""This bucket captures claims about advanced academic pathways, course breadth, and concrete outcomes — e.g., Square reviewers repeatedly cite many AP/honors offerings, IB programs, AVID/dual‑credit options, specialized academies, structured tutoring and college counselors, and lists of selective university acceptances and rising API/ACT scores; Circle reviews either lack AP/IB breadth, emphasize only dual credit or report weak college readiness and few documented outcomes.\"",\n  \""Square entries report more frequent and severe student safety, substance‑use, and violence incidents than circle entries\"": \""This groups reports of tangible on‑campus safety crises: Square reviews detail repeated fights, bathroom fires, overdoses, pervasive drug dealing/vaping, near‑weapon incidents and food‑poisoning events and lockdowns, whereas Circle reviews contain no comparable chronic safety/overdose/drug‑dealer claims.\"",\n  \""Square entries document greater social segregation, favoritism, and discriminatory or nepotistic practices in access and discipline than circle entries\"": \""This bucket covers systemic social inequity claims — e.g., Square reports discipline and awards given by social status or parental booster/booster influence, racial and homophobic harassment, elitist tracking in AP classes, nepotistic hiring/‘good‑ol’ boys’ networks, and wealthy students getting preferential treatment — issues Circle reviews do not raise.\"",\n  \""Square entries describe more administrative instability, governance conflict, and accountability failures than circle entries\"": \""This groups governance and operational failures (or contested improvements) — Square reviewers cite union/board battles, frequent principal turnover, administrative unresponsiveness, mishandled transcripts, manipulation of testing participation, retaliatory treatment of complaining parents, and complaints about misallocated district spending; Circle reviews rarely describe these systemic governance dysfunctions.\"",\n  \""Circle entries describe more consistent, personalized teacher support and daily student-level responsiveness while square entries report larger scale variability and uneven instructional support\"": \""This bucket captures classroom‑level experience differences — Circle reviewers emphasize one‑on‑one help, steady teacher availability, family‑like staff support and consistent classroom rigor, whereas Square reviews show polarized accounts: many named teachers who ‘go above and beyond’ but also frequent claims of huge class sizes, hit‑or‑miss teachers, inconsistent differentiation, and students forced to self‑advocate.\""\n}""]",,25.47948718070984,19187,1152,1673,,[],['resp_061e7893dac016d7006a7256d9f028819fbca8b64f3f45e914'],True
gen|2|17,"[""{\n  \""square entries report far more on-campus safety/behavior crises than circle entries\"": \""This bucket captures reports of pervasive student misconduct and safety incidents (drugs, vaping, fights, gang presence, a gun incident, recorded assaults, bullying, sexual harassment) and administrators’ inconsistent or punitive responses; examples include 'Vape epidemic', 'A STUDENT was the one with the gun', 'bullying was terrible', and filmed assaults that administrators would not release — claims largely absent from circle.\"",\n  \""square entries emphasize extensive advanced/selection academic programming and college‑prep pressure more than circle entries\"": \""This groups mentions of broad AP/IB/dual‑enrollment/STEM/vocational offerings and related outcomes or burdens (many AP courses, IB Diploma workload, dual credit totals, PLTW, Math & Science/ STEM academies, college acceptances and rejections), often paired with commentary on heavy workload and selective gatekeeping — items repeatedly stated for square and not described in circle.\"",\n  \""square entries describe more explicit administrative dynamics, policy enforcement, and communication failures than circle entries\"": \""Includes named leadership turnover, principals being praised or blamed, firing/blaming of teachers, restrictive policy changes (senior privileges removed, dress‑code enforcement), poor teacher–administrator communication, transcript/fee withholding, and calls for leadership overhaul (e.g., 'new principal is great' vs 'administration does not return phone calls'), patterns emphasized in square but largely unreported in circle.\"",\n  \""square entries report larger extremes in facilities, resourcing, and operational capacity than circle entries\"": \""Covers concrete accounts of overcrowding or very small class sizes, major facility upgrades or dilapidation (new buildings, yellow water, roaches, bars on windows), food/cafeteria service problems, technology investments (take‑home laptops) and budget/funding complaints or misallocation (athletics funding, unpaid contractors); square reviews contain both positive and severe facility/resource anecdotes missing from circle.\"",\n  \""square entries mention student support services and special‑education processes (and their failures) far more than circle entries\"": \""This groups explicit descriptions of counseling, 504/IEP implementation, special‑education services, tutoring/remediation and mental‑health/anti‑bullying programs — including both praised counselors and procedural neglect or retaliation (e.g., ignored 504 meetings, counselors who 'ignore parent emails', 'wonderful services' yet bullied special‑needs students) — a cluster of concrete support‑service evidence concentrated in square.\""\n}""]",,28.501167058944702,19423,1152,1719,,[],['resp_0cd45b28250d10fa006a7256d82740819da6b4c9138646613d'],True
gen|2|31,"[""{\n  \""square entries report broader, stronger advanced-academic and measurable college-prep programs and outcomes than circle entries\"": \""This bucket captures concrete programmatic claims that square reviews name many AP/Pre‑AP/IB/dual‑credit/Early‑College tracks, SAT/GRE supports and explicit college placements (e.g., 'many AP and Honors courses,' 'Early College… two years of college,' 'graduates have gone on to Ivy league…', 'helped me a lot with my SATs'), whereas circle reviews rarely enumerate such pathways or measurable post‑secondary outcomes.\"",\n  \""square entries describe a wider and higher‑achieving extracurricular portfolio (performing arts, athletics, ROTC, vocational shops) than circle entries\"": \""Square reviews repeatedly list and praise many specialized activities and high‑level competitive achievements—music/band/orchestra success, state championships, top show choir, NJROTC/ROTC units, strong vocational/CTE shops and athletics—(e.g., 'music program is outstanding', 'marching band 1st in state', 'metalworking, electrical or woodworking'), while circle reviews seldom enumerate this breadth or high‑level extracurricular success.\"",\n  \""square entries report more frequent and severe safety, disciplinary, and facility‑health failures than circle entries\"": \""Square reviews contain explicit, recurring operational safety and health problems—daily violent fights/bullying, repeated assaults, mishandled emergency drills, pest/mold/asbestos and restroom shortages (e.g., 'fights all of the time', 'moldy situation', 'one bathroom for 500 girls', 'we had to go outside then go back inside DURING A FIRE'), whereas circle reviews generally do not document such pervasive safety or facility‑health crises.\"",\n  \""square entries document special‑education/IEP/504 accommodations, disputes, and outcomes more often (both successful and failed cases) than circle entries\"": \""Many square reviews explicitly reference formal plans, specific accommodations, positive special‑ed outcomes and also concrete failures or district‑level IEP disputes (examples include '504 handled effectively', 'special ed services are phenomenal', alongside 'accommodations are not met' and 'Denia Reese… did not reply' about IEP fights), while circle reviews largely omit or do not provide comparable explicit special‑education program detail.\"",\n  \""square entries show greater internal inconsistency, staffing volatility, and favoritism/nepotism problems (wide teacher quality variance plus administrative dysfunction) than circle entries\"": \""Square reviews repeatedly report a wide spread of teacher quality (excellent college‑prep teachers vs abusive/no‑shows), high turnover, policy flip‑flopping, poor parent communication, and favoritism toward athletes/alumni/administrators' relatives or donors (e.g., 'teachers are either amazing or really bad', 'many teachers/administrators have left', 'they highly favor students that participate in athletics… alumni and donate'), whereas circle reviews tend to present a more coherent, less internally polarized narrative about staffing and administration.\""\n}""]",,28.31475830078125,19249,1024,1639,,[],['resp_013c30b1229c70e8006a7256d82b4481a0a86cde22e8600d69'],True
gen|2|1,"[""{\n  \""square entries report far more frequent and severe on‑campus safety, substance, and violent incidents than circle entries\"": \""These reviews recount concrete safety problems (regular fights, bathroom fires, gang threats, stabbings/violent assaults, overdoses), routine on‑campus drug use and vaping, repeated lockdowns and canine locker searches, and aggressive student behavior—incident types and security responses that Circle reviews do not describe (examples: “bathroom fires,” “drug dogs,” “I was threatened to be stabbed,” “many bomb threats”).\"",\n  \""square entries describe substantially richer and more numerous specialized academic and extracurricular programs and measurable college/athletic outcomes than circle entries\"": \""Square reviewers list concrete advanced offerings and outcomes (AP/IB, many AP classes, dual‑enrollment/college credit, career/CTE academies, BOCES/New Vision, scholarship and test‑score metrics) and high‑profile extracurricular wins (award‑winning marching band, regional athletics/theatre recognition), whereas Circle reviews lack comparable program depth, metrics, or elite extracurricular achievements.\"",\n  \""square entries show more documented administrative operational failures, unresponsiveness, punitive behavior, and accountability problems than circle entries\"": \""Square contains many specific procedural and governance failures—lost/incorrect attendance/excuse handling, rude parent communications, administrators who ignore meeting requests or punish complainants, defensive principals, district lawsuits and board blame—patterns of institutional unresponsiveness and punitive discipline not present in Circle (examples: repeated missed parent calls, administrators altering IEP notes, 'administration uses their authority').\"",\n  \""square entries report more pronounced facility, maintenance, and funding/resource allocation problems (and visible mis‑prioritizations) than circle entries\"": \""Square reviewers provide concrete facility and supply failures (rodent/roach infestations, mold, leaking roofs, filthy bathrooms, missing textbooks, overcrowded cafeterias) alongside complaints about budget choices or visible capital spending that appears misallocated (e.g., million‑dollar athletic projects, shiny buildings while basic supplies are missing, Pay‑to‑play fees), issues Circle reviews generally do not raise.\"",\n  \""square entries exhibit greater polarity and variability in staff support, instructional quality, counseling, and special‑education implementation than circle entries\"": \""Square reviews contain strong, concrete examples at both extremes—highly praised, proactive teachers/counselors and measurable student improvement alongside frequent reports of ineffective counselors, abusive or unqualified teachers, heavy substitute use, IEP non‑enforcement, and uneven departmental quality—whereas Circle rarely shows that same breadth of divergent staff performance or special‑education detail.\""\n}""]",,28.533719062805176,19365,1152,1724,,[],['resp_044cfeabf6f654c9006a7256d7eeb4819ea1580203f7acb5a8'],True
gen|3|43,"[""{\n  \""square entries report substantially stronger and more numerous advanced-academic pathways and measurable college-prep outcomes than circle entries\"": \""This bucket groups raw items where square reviews describe formal, high‑level academic structures (AP/IB/Cambridge/STEM tracks, dual‑enrollment, honors/engineering/medical curricula) and name specific elite matriculations or rising standardized metrics (e.g., 'IB magnet', 'Cambridge program', long lists of colleges, 'API jumped...'), whereas circle reviews lack or only briefly note recent/additive course changes or dual‑credit mentions. Examples: square lists AP/IB/Cambridge offerings, Governor's School links, and elite college placements; circle only notes newer AP/dual‑credit additions or general college prep.\"",\n  \n  \""square entries report broader, higher‑profile extracurricular, arts, and athletics programs and community engagement than circle entries\"": \""This groups items where square reviews enumerate many organized extracurriculars (band, orchestra, choir, theater, Beta club, JROTC, extensive sports, boosters, Relay for Life, community partnerships) and strong fine‑arts/athletics traditions or parent/booster involvement, while circle reviews typically mention only one or a few activities. Examples: square describes 'outstanding Music Program', 'abundance of sports and extracurricular activities', community volunteer events and active PTA/boosters; circle mostly references a single program (band/ROTC) or no extracurricular breadth.\"",\n  \n  \""square entries report more frequent and more severe student safety, behavioral, and identity‑harassment incidents than circle entries\"": \""This bucket captures square reports of pervasive bullying, physical fights, weapons/drug incidents, racial and homophobic harassment, sexual harassment, student deaths, and staff ignoring or inadequately addressing these problems, contrasted with circle reviews that do not report comparable levels of violence or targeted identity‑based abuse. Examples: square cites 'incessant bullying', 'students carry weapons', 'drug use in classrooms', explicit racist and homophobic slurs, and staff 'blow off' bullying concerns; circle contains no parallel accounts of violent or identity‑targeted incidents.\"",\n  \n  \""square entries report more administrative and staff governance failures, policy abuse, and professional misconduct than circle entries\"": \""This groups raw terms about leadership and operational malpractice in square reviews—top‑down unresponsiveness, nepotistic hiring, retaliation against parents, grade‑inflation pressure, guidance/counseling failures (mis‑sent transcripts), punitive discipline practices, staff rudeness or absenteeism and high turnover—whereas circle reviews either praise stable leadership or do not allege these governance abuses. Examples: square alleges 'administration ignores feedback', 'parents called into superintendent office for Facebook posts', 'guidance refused to send transcripts', 'teachers chronically absent'; circle lacks or counters these governance complaints.\"",\n  \n  \""square entries describe more extreme or more visible facility, resource, and logistical contrasts (overcrowding, renovations vs deterioration, transportation/traffic, security procedures, supplies) than circle entries\"": \""This bucket groups square items that detail concrete physical‑plant and operational realities—overcrowded 3,000+ enrollment, heating/AC and pest problems, recent major remodels or major athletic capital spending, pick‑up/drop‑off and transportation shortcomings, textbook/substitute shortages, visible security/visitor check‑ins—while circle reviews rarely raise comparable logistical facility detail. Examples: square notes 'old/dark building' or 'just had $8M remodel' and 'pick up drop off needs improvement' and 'no air conditioning', whereas circle generally omits such specific facility/resource logistics.\""\n}""]",,27.06701421737671,19081,960,1715,,[],['resp_0a33e1b268a0cb92006a7256d8a3708191a16ef8b0df74d68d'],True
gen|0|12,"[""{\n  \""Square entries report more frequent severe safety incidents and unchecked student misbehavior than circle entries\"": \""These reviews describe concrete safety failures (sexual assault, frequent physical fights, student suicides, pervasive drug/alcohol use, cyberbullying, trespassing) and staff/office inaction or poor supervision that lets misconduct continue unchecked (e.g., “sexually assaulted… staff did nothing,” “fights almost every day,” “drugs… staff don’t really care,” “multiple suicides”), while Circle reviews contain few or no comparable severe-safety or normalized-misbehavior reports.\"",\n  \""Square entries document substantially more advanced academic pathways and measurable college‑preparation outcomes than circle entries\"": \""Square reviews enumerate formal higher‑level offerings and outcomes (AP/IB courses, STEM/Math/Science Academies, honors, Running Start/dual enrollment, high AP counts and top‑college placements—e.g., “IB and performing arts,” “I took 9 AP classes…,” “links up with SDSU”), whereas Circle reviews rarely mention such structured college‑prep pathways and report limited upper‑level course availability.\"",\n  \""Square entries describe broader, higher‑profile extracurricular, arts, and athletics programs and stronger school spirit than circle entries\"": \""Square reviewers repeatedly name award‑winning music/theater, dominant athletics, many clubs and spirited traditions (band as school identity, state‑award choirs, ‘best athletics in the valley’, many after‑school clubs), while Circle reviews do not emphasize this breadth or high‑profile extracurricular success.\"",\n  \""Square entries report more administrative and operational dysfunction, secrecy, and governance instability than circle entries\"": \""Square reviews document process and governance breakdowns—registration/scheduling errors, curriculum secrecy, cover‑ups, front‑office unresponsiveness, turnover and leadership instability, nepotism/financial-motive allegations (e.g., “curriculum is not available to the public,” “registration was a mess,” “toxic communications via records”), whereas Circle reviews contain little of this pervasive operational/secretive governance critique.\"",\n  \""Square entries report more inequitable discipline, staff favoritism, and inconsistent student supports than circle entries\"": \""Square reviewers allege preferential treatment (athlete/JROTC favoritism, second chances for sports players), uneven enforcement of policies, teacher favoritism and subjective grading, and both breaches and gaps in accommodations and counseling (504/IEP disrespect or, conversely, named strong supports), while Circle reviews lack widespread claims of biased discipline or pronounced inequity across enforcement and supports.\""\n}""]",,28.651647806167603,19026,1280,1856,,[],['resp_019c4ad130de8016006a7256d7a9648191939b064ff88591b4'],True
gen|4|25,"[""{\n  \""square entries report more frequent student-safety incidents, on-campus violence, and substance/gang activity than circle entries\"": \""These reviews describe concrete safety breakdowns at square schools—weekly/quarterly fights, gang activity, students selling/using drugs and vaping in bathrooms, lockdowns, thefts, even pepper‑spray incidents and threats of assault—while circle reviews rarely report comparable violence or substance problems (circle instead references isolated discipline or smoking issues). Examples: 'fights on campus weekly', 'students openly use drugs in the bathrooms', 'many gang fights' vs. circle's lack of comparable accounts.\"",\n  \n  \""square entries document broader and more numerous advanced-academic pathways and measurable college-preparatory outcomes than circle entries\"": \""Square reviews enumerate formal, school‑level college-prep programs (AP breadth, IB, Running Start/dual enrollment, honors, early college, documented AP 5s, National Merit, scholarship/college placement stories) whereas circle reviews rarely cite equivalent program breadth or outcome metrics. Examples: 'wide array of AP classes', 'IB program and Running Start', 'students matriculated to top universities' contrast with circle's absence of comparable postsecondary outcome evidence.\"",\n  \n  \""square entries report more severe facility-maintenance, sanitation, overcrowding, and basic-resource failures than circle entries\"": \""Square reviewers repeatedly cite pests, mold, filthy/restroom failures, broken toilets, no A/C or heat, overcrowded classrooms and lack of desks/lockers, outdated texts/technology, and cut services (nurse, language programs), while circle reviews generally omit such systemic maintenance or extreme overcrowding complaints and sometimes praise renovated facilities. Examples: 'rats, cockroaches, mold', 'bathrooms are filthy', 'classes of 40+ students' vs. circle's clean/renovated campus notes.\"",\n  \n  \""square entries allege more administrative and governance dysfunction—nepotism, fiscal mismanagement, punitive or inconsistent policies, and unresponsive/cover‑up behavior—than circle entries\"": \""Square reviews contain explicit accusations about leadership: nepotism/overpaid administrators, board inexperience, program cuts tied to careless spending, cover‑ups or PR posturing, inconsistent/punitive discipline (suspending victims, collective punishment), and failure to answer parents; circle reviews rarely level such governance or corruption claims and more often describe engaged or improving leadership. Examples: 'intense level of nepotism', 'cut curriculum director', 'covering up... manipulating law enforcement' versus circle's absence of comparable allegations.\"",\n  \n  \""square entries show greater variability and polarization in classroom instruction, student supports, and special‑education implementation than circle entries\"": \""Square reviews include both strong individualized instruction, active AP remediation, responsive counselors and also sharp counter‑claims of incompetent, apathetic teachers, uneven grading, IEP/504 failures, and wide teacher-to-teacher disparities; circle reviews are more uniformly consistent (praising caring staff) and do not show the same degree of coexisting extremes. Examples: 'some teachers are magnificent, others not so much', 'IEP/504 not followed' alongside 'teachers stayed after to help' vs. circle's more consistent staff praise.\""\n}""]",,26.166556119918823,19543,1216,1895,,[],['resp_08f0dd73e5d5c5e5006a7256d97cc881a3bdd5a8a4a38bdab3'],True
gen|3|46,"[""{\n  \""Square entries describe more extensive formal advanced academic programs and measurable college/scholarship outcomes than circle entries\"": \""These reviews name concrete advanced pathways (IB diploma, many AP/Pre‑AP courses, dual/concurrent enrollment, specialized magnets like Medical/Health/Science, JROTC) and cite quantifiable postsecondary results (Ivy/UC acceptances, multi‑million scholarship totals, students entering college with advanced standing), whereas Circle reviews rarely list such programs or specific college/scholarship metrics (examples: Square mentions 'first school in state to introduce IB', 'Concurrent enrollment so students may graduate with an Associates', and 'PHS class received over Seven Million in Scholarships').\"",\n  \""Square entries report more frequent and severe student safety, discipline, and behavioral incidents and security breaches than circle entries\"": \""These entries document concrete misconduct and safety events—regular fights, pervasive drug/vape use, gang presence, weapons/AR‑15 incidents, sexual harassment, suicides linked to bullying, metal detector workarounds, police raids—that impede school functioning; Circle reviews contain few or no parallel incident-level safety claims (examples: Square: 'fist fights... occasional stabbing,' 'major drug problem,' 'metal detectors,' and 'police raided my home').\"",\n  \""Square entries emphasize broader extracurricular, arts, vocational and athletic program breadth and often report athletics‑first resource/favoritism dynamics more than circle entries\"": \""Square reviews enumerate extensive clubs, award‑winning music/theater, vocational labs (metals/machining/welding, CVCC partnerships), and strong athletic facilities/teams while also flagging funding/prioritization toward sports and coach favoritism (examples: 'metals lab with nationally recognized credentials,' 'award winning marching band,' 'sports complex is top notch,' and complaints that 'football is more important than learning' and athletes get special treatment); Circle entries generally lack this level of program breadth or these athletics‑priority allegations.\"",\n  \""Square entries show greater within‑school variability and contradictory reports about teacher effectiveness, special‑education services, and student supports than circle entries\"": \""Many Square reviews within the same school swing from 'great, caring teachers' and individualized teacher rescues to 'worst teachers' who are unprofessional, plus inconsistent SPED/IEP enforcement and mixed tutoring/mentoring availability—producing sharp contradictions; Circle reviews present a more consistent picture about instruction and supports (examples: Square: 'Some teachers are marvelous / others waste students' time,' 'IEP denied,' 'tutoring only in morning and inaccessible').\"",\n  \""Square entries report more concrete administrative, governance and operational policy problems and contested resource allocation than circle entries\"": \""Square reviewers cite specific governance and operational issues—nepotism, leadership churn or rehiring, harsh grading/attendance/residency or gating policies, poor phone/email responsiveness, budget cuts or misallocated spending (astro turf vs teachers), and instances where parents had to litigate to graduate a student—while Circle reviews tend not to list this same range of concrete policy or governance failures (examples: '48 hours to get our children out of the school,' 'harsh grading scale with no transparency,' 'teachers laid off and classes dropped,' 'had to hire an attorney so my son could graduate').\""\n}""]",,27.151025772094727,19435,1216,1935,,[],['resp_09110b2e287e3461006a7256d89b888192805bfb6f1092ec66'],True
gen|1|12,"[""{\n  \""Square entries report more structured advanced academic programming and measurable college‑preparatory outcomes than circle entries\"": \""This bucket captures claims of concrete AP/IB/dual‑enrollment, STEM/CTE/medical tracks, formal certifications, high API/ranking statements, and explicit college placements or scholarships (e.g., “adding an International Baccalaureate,” “many CP/AP classes, Dual Enrollment,” “students graduating with honors and going to VA Tech,” “Blue Ribbon,” “High API”). A review falls here when it details formal accelerated curricula, measurable outcome claims, or district policies supporting AP/IB/dual credit that Circle reviews do not describe.\"",\n  \""Square entries report more frequent and severe student safety, substance, and law‑enforcement incidents than circle entries\"": \""This bucket groups reports of fights, gang/drug activity, vaping/knife/weapons incidents, illegal searches, metal detectors, sexual‑misconduct incidents, police interventions, and calls to close the school (e.g., “Violence, drug abuse, and gang activity are rampant,” illegal classroom search, “teacher sexually touched a student,” metal detectors). A review falls here when it documents concrete safety crises, recurring violent/substance events, or routine law‑enforcement involvement that are absent from Circle reviews.\"",\n  \""Square entries document more concrete administrative mismanagement, favoritism, and recordkeeping or disciplinary inconsistency than circle entries\"": \""This bucket covers accusations of cover‑ups, nepotism, selective enforcement (athletic favoritism), manipulated grades/rankings, transcript/credit errors, arbitrary punishments, and opaque or punitive policies (e.g., “children of coaches get away with anything,” “screwed up my daughter’s transcript,” “admin hides problems,” “invented the grade D‑”). A review belongs here when it details specific administrative practices, biased enforcement, or operational record failures rather than only general critiques of instruction.\"",\n  \""Square entries describe broader, higher‑profile extracurricular, arts, and athletic programs and community prestige than circle entries\"": \""This bucket captures detailed accounts of robust/exemplary extracurriculars, award‑winning arts, varsity athletic success, large‑scale facilities or investments and strong town turnout (e.g., “state award winning choir, band & orchestra,” ‘stadium of a staggering $60 million,’ “football games are a blast,” “theater department compares to none”), contrasted with Circle’s lack of such programmatic claims. A review goes here if it enumerates sustained extracurricular breadth, high‑visibility arts/athletics achievements, or civic prestige.\"",\n  \""Square entries report more explicit failures and contentious handling (and occasionally strong pockets) of counseling, special‑education, and individualized student supports than circle entries\"": \""This bucket includes concrete IEP/SE service problems or successes, counselor incompetence or scheduling breakdowns, poor college‑counseling/records handling, and inconsistent academic guidance (e.g., “disabled student services have all but disappeared,” “counselor didn’t know how to submit transcripts,” “talk to the office about your kid’s I.E.P,” and also isolated praise like effective IEP support). A review is assigned here when it describes tangible Special Education or counseling practices, administrative handling of IEPs/transcripts, or concrete guidance failures/successes that Circle reviews do not report.\""\n}""]",,28.702060222625732,19856,1024,1740,,[],['resp_0b6119fbf18e3e50006a7256d7f57881a3befdca6af63ba726'],True
gen|4|54,"[""{\n  \""square entries report more specialized academic & vocational programs and measurable program outcomes than circle entries\"": \""These entries list concrete curricular depth (AP, Dual Credit, CAS gifted, advanced language offerings, Health Care Academy with CNA/EMT/dental certifications, engineering pipelines, career‑tech certification) and cite outcomes/metrics (band UIL placement, college matriculation) that Circle reviews do not; examples: Square’s descriptions of CAS rigor, dual‑credit/AP access, Health Care Academy certifications, and specific performance placements contrasted with Circle’s mere listing of program categories without outcomes.\"",\n  \""square entries report more extracurricular breadth, organized after‑school supports, and active parent/alumni/community engagement than circle entries\"": \""Square reviews enumerate many structured activities and outreach (large JROTC, theater, debate, multiple sports including no‑cut teams, Relay for Life, Trick‑or‑Treat Street, scheduled tutoring with snacks) and note energetic parental or alumni support, whereas Circle reviews do not detail comparable extracurricular programs or community involvement.\"",\n  \""square entries report more pervasive student misconduct, bullying, language/race‑based exclusion, and attendance/avoidance problems than circle entries\"": \""Square contains repeated accounts of bullying, race- and language‑based exclusion, substance use/off‑campus roaming, students seeking suspension or walking out, overage/disengaged students, and transfers/dropouts, while Circle reviews do not report these systemic safety/behavior patterns.\"",\n  \""square entries report more administrative dysfunction, punitive leadership, and money‑driven governance than circle entries\"": \""Square reviewers describe disorganized counseling/administrative offices, authoritarian or punitive principals and vice‑principals, leadership turnover, complaints that the board prioritizes money over students, and policy grievances (e.g., forced SpringBoard), whereas Circle reviews emphasize supportive, engaged principals and counselors.\"",\n  \""square entries show greater inconsistency in classroom quality, staff behavior, and resource management (favoritism, uneven teacher quality, cleanliness, textbook/billing issues) than circle entries\"": \""Square contains sharp internal contradictions about teachers (both glowing praise and accusations of favoritism/laziness), first‑person staff accounts of pedagogy and special‑education IEP support, plus concrete resource/facility management problems (overcrowding, janitorial neglect, textbook damage charges) and also mentions of recent capital investments — a complex mix of uneven instructional support and tangible resource issues not found in Circle.\""\n}""]",,25.398136854171753,5135,1280,1820,,[],['resp_0683d3983d6922d4006a7256da481c8192a9158451ee59926b'],True
gen|4|52,"[""{\n  \""Square entries describe stronger, well‑documented specialized academic programs, formal tracking, and measurable college/prep outcomes more than circle entries\"": \""These reviews report concrete program offerings and outcomes (IB, many AP/honors classes, dual‑enrollment/college credits, academies, US News/AP metrics, and alumni elite‑college admits) and explicit internal tracking (IB vs Regular, AP/honors stratification); Circle reviews rarely list such programs or hard outcome metrics and instead emphasize general classroom issues (examples: Square cites IB/AP, API/SAT scores, 28 AP credits, while Circle gives no comparable quantitative program/outcome evidence).\"",\n  \""Square entries report more frequent and severe safety, security, and student‑misconduct incidents than circle entries\"": \""Square reviewers enumerate concrete on‑site and near‑campus safety problems (fights, bomb threats, sexual assault, drug ODs, weapons/gang apparel, unlocked entrances, theft) and specific hazardous incidents, whereas Circle reviews generally lack these incident reports and often state safer conditions (examples: Square mentions bomb threats, a broomstick sexual assault, OD in class, and unlocked doors; Circle contains none of these).\"",\n  \""Square entries document more administrative dysfunction, explicit favoritism/punitive financial practices, and named staff governance complaints than circle entries\"": \""Square reviews frequently name administrators, allege transcript/fee withholding, fee enforcement blocking graduation, hostile office staff, governance/board labor disputes, and rapid leadership turnover; Circle reviews seldom make named administrative‑malpractice claims and more often describe cooperative or neutral leadership (examples: Square names personnel, describes transcripts held over unpaid fees, and recurring school board conflicts).\"",\n  \""Square entries emphasize broader, better‑resourced extracurriculars, athletics, arts, facilities and often an athletics‑first budget/prioritization relative to circle entries\"": \""Square reviewers list wide extracurricular breadth (championship sports, ROTC, award‑winning music/theatre, pools, on‑site cafes, new/rebuilt facilities, state titles) and sometimes criticize resources being prioritized to athletics over academics; Circle reviews rarely document comparable facility scale, championship claims, or such a dense extracurricular ecosystem (examples: Square cites state championships, ROTC praise, new stadiums and marching band legacy while Circle notes limited extracurriculars).\"",\n  \""Square entries report more concrete failures (and occasional strengths) in student supports and classroom practice — special‑education/IEP mishandling, counseling shortages or strong counselors, packet‑based or Summit Learning implementation problems, teacher favoritism/collective punishment — than circle entries\"": \""These reviews describe direct, student‑facing operational practices: mishandled IEPs and special‑ed tasks, overworked/unhelpful counselors (and in other cases excellent counselors), disruptive Summit/LMS rollout reducing teacher instruction, excessive packet work, teachers who punish whole classes or show favoritism; Circle reviews generally do not report these specific operational support or classroom‑instruction failures (examples: Square cites ‘Most case managers are USELESS,’ Summit Learning stress, IEP denials, and counselors overloaded).\""\n}""]",,25.448418855667114,19277,1152,1837,,[],['resp_012c32d33b8f998d006a7256da3d088191a94b689b6507966b'],True
gen|1|50,"[""{\n  \""Square entries report more frequent, severe, and organized student safety and disciplinary incidents than circle entries\"": \""These reviews describe concrete safety failures (daily/weekly fights, drug/vaping culture, bomb threats, weapons/lockdowns, organized hate/neo‑Nazi behavior) and often allege administration inaction or failed incident reporting (e.g., on‑site deputy failing to file a report); Circle reviews contain little or no comparable reporting of weapons, lockdowns, pervasive drug use, or organized hate incidents.\"",\n  \""Square entries describe a broader and higher‑tier set of academic and extracurricular programs and measurable student outcomes than circle entries\"": \""Square reviews enumerate many named advanced offerings and achievements (IB, numerous APs, PLTW, dual enrollment, state championships, National Merit finalists, named elite college matriculations) and detailed club/arts/STEM rosters, whereas Circle reviews rarely list such a breadth of specialized programs or measurable institutional recognitions.\"",\n  \""Square entries report more administrative and governance problems—punitive or inconsistent policies, budget/finance allegations, favoritism, secrecy, and personnel instability—than circle entries\"": \""These items call out budget mismanagement and calls for audits, punitive attendance/discipline and legal actions, favoritism toward athletes, fudged suspension/graduation numbers, frequent principal/teacher layoffs or turnover, and opaque responses to complaints; Circle reviews instead emphasize stable, responsive leadership and do not catalog these governance failures.\"",\n  \""Circle entries report more consistent, cooperative teacher/staff support and a family‑like, well‑organized parent/community engagement than square entries\"": \""Circle reviews repeatedly describe cooperative, accessible teachers, engaged counselors, stable staff and a welcoming community (direct email access to teachers, sustained parent involvement), whereas Square reviews more often describe variable teacher quality, staff rudeness, high turnover, or polarized accounts of teacher support.\"",\n  \""Square entries report more concrete facility, operational, and resource problems (overcrowding, maintenance failures, textbook/technology shortages, scheduling/logistics, and fee pressures) than circle entries\"": \""Square reviews give many operational details—overcrowded halls and classes, collapsed ceilings, no soap/TP, broken intercoms, charging for college tests, textbook shortages, long ID/lunch lines, and inconsistent tech rollouts—while Circle reviews rarely catalogue this level of facility/operational dysfunction.\"" \n}""]",,28.776987075805664,19144,1152,1697,,[],['resp_0300775e2b6452ea006a7256d7f0e081a095708e54ecf0f5da'],True
gen|3|8,"[""{\n  \""square entries report richer advanced academic programs and stronger measurable college‑preparation outcomes than circle entries\"": \""This bucket captures claims about formal curricular depth and outcomes — e.g., square reviewers repeatedly name IB/advanced‑track/AP/Honors, dual‑enrollment and CTE pathways, higher test scores and Newsweek/USNews rankings, and concrete college matriculation/credit examples (skip a semester, full scholarships), whereas circle reviews emphasize limited AP/college prep or vocational focus and lack those programmatic/outcome details.\"",\n  \""square entries report more frequent and acute student safety, discipline, and misconduct incidents than circle entries\"": \""This groups descriptions of on‑campus threats and behavioral breakdowns — e.g., square reviewers recount gang/drug busts, bomb/gun threats, repeated fights/assaults, restroom assaults, weapons lockdowns and routine bullying left unaddressed; circle entries tend to omit chronic violence and often describe safer or isolated incidents instead.\"",\n  \""square entries describe broader extracurricular, alumni, and community engagement (arts, sports, boosters, partnerships) than circle entries\"": \""This bucket covers concrete extracurricular breadth and community ties — e.g., square reviews list many clubs, strong band/choir/AFJROTC/arts programs, active boosters, fundraising partnerships and generational alumni pride, while circle reviews seldom enumerate such broad extracurricular networks or external partnerships.\"",\n  \""square entries report greater variability, favoritism, and governance/staff dysfunction (teacher quality swings, nepotism, biased enforcement) than circle entries\"": \""This groups interpersonal and institutional personnel problems — e.g., square reviewers name uneven teacher effectiveness, staff‑orchestrated bullying, favoritism toward athletes/connected families, nepotism, politicized district decisions, and claims of administrative inaction or image‑management; circle reviews typically lack that degree of internal favoritism/structural dysfunction.\"",\n  \""square entries document more detailed facility, operational, and resource‑management issues (infrastructure, scheduling, food, tech distribution/misuse) than circle entries\"": \""This bucket covers physical and operational realities — e.g., square reviewers cite overcrowding, new vs run‑down buildings, construction disruption, lunch quality/pricing, locker thefts, scheduling/site outages, pandemic remote‑learning policy changes, school‑issued laptops and their misuse, and explicit budget/contract/vendor complaints that circle entries do not detail.\""\n}""]",,28.396178007125854,18966,1216,1720,,[],['resp_0086a142617be5bc006a7256d824d481a39aca08044f16c676'],True
gen|0|13,"[""{\n  \""square entries describe a broader and deeper set of specialized academic and extracurricular programs than circle entries\"": \""These reviews emphasize concrete program breadth and named pathways (magnet/STEAM/IB/AP, dual‑enrollment, vocational/technical, extensive arts and club offerings) that circle reviews rarely enumerate; examples include listed STEAM courses, IB and AP tracks, dual enrollment AA pathways, marching band and pilot/magnet programs versus Circle’s sparse program mentions.\"",\n  \""square entries report more frequent and severe student safety and behavior incidents (bullying, fights, drugs, weapons) than circle entries\"": \""Square reviewers repeatedly cite violent or safety‑critical incidents and pervasive misconduct—daily fights, weapons and drug finds, severe bullying, peer religious harassment, and organized bully groups—whereas Circle reviews lack or minimize such incident reports and instead note routine behavioral issues.\"",\n  \""square entries report worse facility, crowding, sanitation, and infrastructure problems than circle entries\"": \""Square reviews document tangible physical problems—overcrowded classes and trailers, collapsing ceilings/asbestos, cockroaches and filthy bathrooms, moldy/poor cafeteria food, overcrowded/dangerous buses and lack of AC—that Circle reviews generally do not report.\"",\n  \""square entries report more administrative instability, favoritism, punitive/exclusionary discipline, and managerial mismanagement than circle entries\"": \""Square accounts describe superintendent/principal turnover, accusations of dishonesty, favoritism toward athletes/affluent families, exclusionary practices or 'cleansing' of students, harsh or inconsistent punishments (suspensions, punitive attendance rules), counseling breakdowns, and alleged fiscal mismanagement (misallocated funds, unpaid contractors), patterns absent or far less frequent in Circle.\"",\n  \""square entries report stronger instructional rigor, measurable college/career outcomes, and advanced-course workloads and metrics than circle entries\"": \""Square reviews more often describe intensive academic expectations, heavy AP/IB workloads, formal advanced‑course metrics and rankings (test scores, US News rankings, elite college matriculation), and explicit college‑prep outcomes (AA via dual enrollment) while Circle tends to lack these concrete rigor/outcome claims or reports poorer college readiness.\""\n}""]",,28.846438884735107,19393,1216,1704,,[],['resp_0347a49560fe6f09006a7256d7b2fc81a09b11ac2c3b221ee3'],True
gen|1|5,"[""{\n  \""Square entries report more frequent, severe student-safety incidents and visible security measures than circle entries\"": \""This bucket captures accounts of pervasive bullying, physical assaults, drug use/dealing, police and SRO involvement, and heavy security (fences, drug dogs, armed guards, strict ID/search policies) in square reviews (e.g., “My daughter was attacked in the bathroom,” “police…because [groups] were about to fight,” “fenced in…drug dogs,” “bullet found in the bathroom”), while circle reviews largely lack comparable violent-incident reports and sometimes describe a well‑disciplined or safe environment.\"",\n  \""Square entries document more administrative unresponsiveness, punitive or arbitrary discipline, favoritism, and governance failures than circle entries\"": \""This bucket groups complaints about leadership behaviors, poor parent communication, staff rudeness, retaliatory/punitive policies, and calls for management overhaul (e.g., “refuse to return voice messages,” “assistant principal should have retired…she will only insult you,” “administration does not enforce rules fairly,” “needs to be gutted of management”), whereas circle reviews more often describe responsive counselors or less severe administrative problems.\"",\n  \""Square entries present broader and deeper advanced-academic offerings and measurable college-credit outcomes than circle entries\"": \""This bucket covers concrete advanced-program availability and outcomes reported in square reviews — AP/IB breadth, dual-enrollment, large AP credit accumulation and selective-college matriculation (e.g., “30+ hours of credit from AP courses,” “IB diploma gave me a full year of credits,” “National Merit scholars…students accepted to Stanford, MIT, Princeton”), while circle reviews generally lack comparable scope or quantified advanced-credit outcomes.\"",\n  \""Square entries emphasize extensive extracurricular breadth and high‑profile athletics/arts (often paired with funding or favoritism concerns) more than circle entries\"": \""This groups statements about many clubs, strong music/theater programs, state championship athletics, scholarship athletes and also complaints that resources/favoritism flow to sports (e.g., “athletics are incredible…15 State Football Championships,” “music and drama are spectacular,” alongside “they spend all their money on extracurricular activities and sports,” “football‑centric culture”), whereas circle reviews rarely list such broad, high‑profile extracurricular success.\"",\n  \""Square entries report more facility, scheduling, and student‑support service variability or failures than circle entries (maintenance, overcrowding, special‑education and counseling problems)\"": \""This bucket captures concrete operational deficits and mixed service outcomes in square reviews — unsanitary/unsafe facilities, overcrowding, chaotic scheduling, ignored IEPs or poor special‑education implementation, counseling access problems, and credit/scheduling breakdowns (e.g., “bathrooms never have soap…dead rat,” “so big and over crowded,” “not reading IEPs,” “transfers of records took over 6 months,” “difficult to get ahold of school counselor”), whereas circle reviews seldom document this same range of facility/service breakdowns.\""\n}""]",,28.874547004699707,19693,1216,1883,,[],['resp_09a266c61d2104a3006a7256d807b08191ae9772af4de42f2f'],True
gen|4|29,"[""{\n  \""square entries report substantially more specialized academic pathways and measurable postsecondary outcomes than circle entries\"": \""This bucket covers descriptions of formal advanced programs and documented outcomes—IB, AP/Honors, Cambridge, dual‑enrollment, AVID, CTE certificates, and named elite college matriculations or high test scores—that appear repeatedly in Square but not in Circle (e.g., “IB diploma…15 college credits,” “numerous challenging AP courses,” “students accepted to Harvard/Stanford,” and vocational certificates/welding/Black Hawk dual‑enroll). It groups claims about program availability, college‑prep rigor, and concrete academic metrics (SAT/ACT, rankings, scholarship counts).\"",\n  \""square entries describe broader and more celebrated extracurricular programs and competitive achievements than circle entries\"": \""This bucket groups mentions of a wide array of extracurriculars and their measurable successes—large band/chorus/theatre programs, state championships, award‑winning journalism, robust booster involvement, JROTC and vocational competitions, and notable alumni outcomes—that Square emphasizes far more than Circle (e.g., “marching band won States,” “STATE CHAMPS 2010,” “boosters (Athletics) and Band Program,” and alumni on full‑ride scholarships). It captures breadth, organized parent support, and externally recognized accomplishments in arts, athletics, and career programs.\"",\n  \""square entries document more acute safety, discipline, and substance‑use problems (and visible security responses) than circle entries\"": \""This bucket captures concrete reports of student misbehavior, fights, gang activity, drug/alcohol use, sexual assaults, thefts, and related security measures or failures—police calls, armed guards, searches, parking camera gaps—present in Square but not in Circle (e.g., “major drug problem,” “girls doing coke… hospital,” “armed guards on campus,” and “random drug searches”). It groups incident reports and the school’s disciplinary/security practices or breaches.\"",\n  \""square entries reveal more administrative/front‑office and counseling dysfunction, exclusionary policies, and special‑education noncompliance than circle entries\"": \""This bucket includes complaints about unprofessional principals/front‑office staff, counselor nonresponse or harmful advising, IEP non‑enforcement, residency policing, allegations of staff misconduct (including sexual assault), favoritism, and calls for district/state intervention that are frequent in Square but absent from Circle (e.g., “counselor didn’t email back for weeks,” “IEP not followed,” “principal verbally insulted a parent,” and “state needs to take over”). It groups governance, procedural, ethical, and legal/process failures that affect families and vulnerable students.\"",\n  \""square entries show greater internal instructional polarization and uneven classroom practices than circle entries\"": \""This bucket groups descriptions of starkly mixed teacher quality, tracked/co‑located instructional models, inconsistent AP/advanced‑class preparation, rushed/test‑focused teaching, heavy homework or grade‑leniency practices, and departmental weaknesses (e.g., math/science chemistry gaps) that Square documents more than Circle (e.g., “teachers phenomenal… 1 out of 5 abysmal,” “two program tracks produce different outcomes,” “teaching fast rather than teaching,” and “four hours of homework nightly”). It captures variability and classroom‑level pedagogy issues distinct from administrative or facility complaints.\""\n}""]",,26.292590856552124,19312,1088,1833,,[],['resp_097729eb8d7caf14006a7256d99b1c81a1bb7a468700532dea'],True
gen|1|51,"[""{\n  \""square entries describe more and deeper formal advanced academic programs and measurable college‑prep outcomes than circle entries\"": \""These reviews name concrete, school‑level college-prep structures (AP/Honors, IB diploma, Early College/dual‑enrollment, academies, AVID) and cite measurable outcomes (Ivy/elite acceptances, scholarships, college credits), whereas circle reviews rarely list these programs; examples include Square’s repeated notes of AP/IB sequences, dual enrollment with Ohio Northern/Edison, Early College, and students accepted to Yale/Princeton vs Circle’s lack of comparable program detail or outcomes.\"",\n  \""square entries report more frequent and severe student safety, bullying, substance, and violent‑incident problems than circle entries\"": \""Square reviews contain multiple concrete safety incidents and patterns—bullying (including suicides), gang presence, drug/vaping epidemics, bomb/gun threats, fights and ambulance calls, invasive searches—while Circle reviews do not describe comparable crises; sample items include reports of suicides linked to bullying, monthly drug‑dog searches, bomb/gun threats, and frequent physical assaults.\"",\n  \""square entries document broader, higher‑profile extracurricular, arts, and athletics offerings and visible parent/community engagement than circle entries\"": \""Square reviewers enumerate many extracurriculars and high‑level achievements (outstanding band/music/theatre, national honors, competitive sports, many clubs, student broadcast tech) and active PTO/volunteering, whereas Circle mentions only a few clubs or generalized spirit; examples include nationally recognized Student Council, bands traveling internationally, award‑winning theatre, and regular PTO communications in Square reviews.\"",\n  \""square entries accuse school administration and district leadership of greater dysfunction, favoritism, dishonesty, politicization, and unresponsiveness than circle entries\"": \""Square reviews repeatedly allege administrative misconduct (lying, cover‑ups), favoritism toward athletes/connected families, misuse of funds, politicized staffing/board failures, and frequent turnover or unresponsiveness while Circle reviews contain far fewer or no such governance accusations; examples include claims that principals lied about incidents, 'one hand washes the other' board politics, and centralized cost‑cutting that charges teachers/parents.\"",\n  \""square entries report more operational strain and inconsistent instructional/support practices than circle entries\"": \""Square reviewers describe overcrowding and logistical failures (3,000+ enrollment, congested lunches/traffic, broken water/AC, poor portals), uneven teacher quality/attendance, IEP/504 noncompliance and special‑education failures, grading/scheduling errors, and greater out‑of‑pocket fees—whereas Circle tends to report steadier classroom support; illustrative items include class sizes over 50, teachers not showing up, refusal to follow IEPs, wrong scheduling threatening graduation, and pay‑to‑participate fees.\""\n}""]",,29.02095913887024,19002,1280,1901,,[],['resp_04f0e431a1a5c17d006a7256d7f370819d9e361d0806fd8b18'],True
gen|2|52,"[""{\n  \""square entries report far broader, higher‑profile academic and extracurricular offerings than circle entries\"": \""This bucket captures descriptions of tangible program breadth and elite/external recognition in square (AP/College Now, IB, PLTW/biomedical, JROTC, extensive performing arts, varsity athletics, national competitions and international trips) versus Circle's lack or scarcity of such offerings; examples include Square’s Carnegie Hall choir invites, engineering/biomedical pathways, many AP/dual‑credit courses and state athletic/band championships compared with Circle’s few or no AP/honors and limited in‑school performing arts.\"",\n  \""square entries describe more frequent and more severe on‑campus safety, violent incidents, substance and sexual‑misconduct problems (including police involvement) than circle entries\"": \""This groups concrete safety and supervision failures reported in Square—assaults in classrooms, students 'severely beaten,' police frequently on campus, rampant drugs/meth history, alleged staff sexual misconduct and SRO failures—whereas Circle’s reports mention bullying or cliquishness but not comparable violent incidents or law‑enforcement responses.\"",\n  \""square entries show larger within‑school disparities in teacher quality, academic rigor, and tracking than circle entries\"": \""This covers Square’s repeated accounts of extreme variability—some AP/honors classes labeled world‑class while many regular classes are described as watered‑down or taught by unqualified instructors, sharp workload gaps between AP and college‑prep tracks, and polarized reviewer outcomes—contrasted with Circle’s more uniform descriptions of instructional approach and fewer reports of deep tracking gaps.\"",\n  \""square entries document more operational failures and compliance breakdowns in counseling, special‑education (IEP/504), and graduation/college‑guidance services than circle entries\"": \""This bucket groups Square’s concrete procedural and staffing problems—IEP paperwork errors and noncompliance, overloaded or unresponsive guidance departments (one counselor for many seniors), missed graduation planning, and inconsistent college counseling—whereas Circle contains little or no reporting of SPED noncompliance or systemic guidance failures.\"",\n  \""square entries report more contested governance, policy decisions, funding priorities, facility problems, and favoritism than circle entries\"": \""This captures square reviewers’ accounts of school‑board/administration scandals and labor disputes, contested budget choices (spending on athletics/turf vs textbooks; massive cuts), coercive policies (mandatory fundraising, locked bathrooms, 4‑day week), favoritism toward athletes/influential families, and both facility decline and renovation efforts—contrasting with Circle, which offers fewer claims of governance scandal or explicit budget/policy controversies.\""\n}""]",,28.698801279067993,19450,1088,1663,,[],['resp_049fdeab12933a7e006a7256d82830819e95b9a82c78a53272'],True
gen|0|9,"[""{\n  \""square entries exhibit stronger, institutionally-central advanced academic and college‑preparatory programs than circle entries\"": \""These reviews emphasize school-run rigorous pathways (IB academies, broad AP/Honors offerings, dual‑enrollment, documented AP/IB exam results and UC/Ivy/Selective admits) and concrete college‑prep outcomes (students entering college with credits, scholarship totals). Example evidence: repeated IB‑magnet descriptions, ‘Nearly every AP class is offered,’ ‘My son will be entering college as a second‑semester sophomore thanks to his AP exams,’ and multiple accounts of alumni college placement—patterns that Circle reviews do not provide.\"",\n  \""square entries report more pervasive student safety problems, bullying, fights, drugs, sexual harassment, and enforcement failures than circle entries\"": \""Many Square reviews recount ongoing safety incidents and climate breakdowns (daily fights, drugs in hallways, sexual harassment/abuse allegations, bus violence, racial/LGBTQ harassment) plus claims that staff or administration failed to stop or even covered up incidents. Representative lines: “There are fights near everyday,” “Drugs in hallways… students smoke pot in the classroom,” “The use of racial slurs is out of control,” and allegations of cover‑ups—conditions largely absent or far less frequent in Circle entries.\"",\n  \""square entries document more administrative mismanagement, favoritism, and policy‑driven dysfunction (image‑management, layoffs, inconsistent discipline) than circle entries\"": \""Square reviews repeatedly point to leadership and district actions that harm school functioning—favoritism toward athletes or connected families, layoffs of effective teachers, prioritizing image/athletics over welfare, inconsistent or punitive policy enforcement, refused accountability, and problematic district experiments. Examples include: ‘the superintendent has laid off some of the most helpful teachers,’ ‘administration cares more about image,’ ‘rules differ for each student,’ and complaints about cover‑ups and broken parent communication—distinct governance themes not emphasized in Circle.\"",\n  \""square entries describe broader, better‑documented extracurricular and programmatic resources (competitive athletics, music/band, fine arts, magnets, parent boosters) than circle entries\"": \""Square reviews catalog extensive, high‑quality extracurricular offerings, competitive achievements, travel, booster/parent investment, and specialized magnets (marching band international trips, state titles, ROTC, strong theatre/music programs, parental booster activity), often with named programs and outcomes. For example: ‘one of the best marching bands in the state,’ ‘Mock trial #1 in State!,’ ‘professional choreographers and their own costumer,’ and strong booster fundraising—content that Circle reviews rarely enumerate.\"",\n  \""square entries provide more concrete accounts of specialized student supports, special‑education/IEP services, counseling, remediation and targeted interventions (both successful and failing) than circle entries\"": \""Square reviews supply many specific examples of IEP/504 experiences, counseling quality (both praise and critique), structured support times (Smart Block, tutoring), remediation plans, accessibility barriers, and individualized placements—showing actual practices and outcomes for students with additional needs. Illustrative items: ‘His counselor (Mrs. Salle) has been outstanding,’ ‘The Special Education program could use some help,’ ‘Smart Block is free time… to visit teachers,’ and parental fights to secure services—details Circle entries typically do not report.\""\n}""]",,29.19060707092285,19302,1088,1794,,[],['resp_065cb32e67ac1f56006a7256d786b48191930f7733aa4de105'],True
gen|1|30,"[""{\n  \""square entries report more pervasive student safety, bullying, substance‑use, and violent incidents than circle entries\"": \""This bucket captures reports of daily safety problems and peer harms that are far more prevalent in square reviews — e.g., pervasive bullying, racial slurs and mascot controversies, frequent fights, stabbings, students coming home with bruises, widespread drug use and overdoses, teen pregnancy, and parents withdrawing children for safety — none of which appear in circle accounts.\"",\n  \""square entries document broader and higher‑profile academic and extracurricular pathways than circle entries (AP/IB/dual‑enrollment, magnets, award‑winning arts and competitive teams)\"": \""This groups raw terms describing concrete, high‑value program offerings and achievements emphasized by square reviews — e.g., IB and dual‑credit enrollment, Governors/magnet engineering programs, extensive AP/Honors tracks, award‑winning performing arts, nationally competing robotics/decathlon/mock‑trial teams, and rich athletics/clubs — whereas circle reviews generally lack these named, high‑level pathways or national‑level accomplishments.\"",\n  \""square entries describe more administrative dysfunction, favoritism/nepotism, unequal discipline, and unresponsiveness than circle entries\"": \""This bucket covers governance and policy failures emphasized in square reviews — e.g., allegations of grade‑changing, administrators refusing to document referrals, discipline handed out by social status or to make examples, blocking parental access, retaliation against advocates, and opaque/slow bureaucracy — contrasted with circle reviews that do not make these systemic misconduct or favoritism claims.\"",\n  \""square entries report more extreme facility, capacity, and resourcing contrasts (either advanced specialized facilities/technology or severe overcrowding/maintenance/hazard problems) than circle entries\"": \""Square reviews repeatedly describe tangible resource extremes — from fab labs, distance‑learning labs and 1:1 netbook rollouts to top‑notch athletic fields and libraries — but also severe physical problems like asbestos/collapsing ceilings, mold, filthy bathrooms, extreme overcrowding and food safety incidents; circle entries rarely describe such concrete facility/capacity extremes.\"",\n  \""square entries show greater variability and intensity in classroom instruction and student supports — both individualized high‑rigor help and inconsistent/deficient teaching or special‑education compliance — than circle entries\"": \""This bucket collects instructional patterns in square reviews: many concrete examples of one‑on‑one tutoring, rigorous AP/college prep supports, after‑school help and programs like GEAR UP alongside repeated reports of wildly inconsistent teacher quality, passive/video instruction, missed IEP/504 supports and grading irregularities; circle reviews rarely show that same mixture of high‑intensity supports plus stark instructional inconsistency.\""\n}""]",,29.247575998306274,19142,1216,1769,,[],['resp_0dd3cd912cc96b67006a7256d7ed5081a2b3bf5c76b524f031'],True
gen|4|38,"[""{\n  \""square entries report far more pervasive student-safety, violence, drug-use, and bullying incidents (including staff-enabled or ignored abuse) than circle entries\"": \""This bucket groups descriptions of routine fights, daily violent incidents, EMS dispatches, open drug dealing/use, homophobic slurs, pedophile/abuse allegations and claims that anti-bullying policies aren’t enforced (e.g., “There’s a fight or incident nearly every day,” “massive amounts of drug use,” “I got called the F slur… almost every single day,” and “one of their school counselors was involved in child abuse”), all of which appear repeatedly in square but are absent or far less severe in circle.\"",\n  \""square entries report substantially stronger and more concretely-documented advanced academic offerings and measurable college outcomes than circle entries\"": \""This captures mentions of AP/IB/dual-enrollment/Running Start breadth, specific advanced courses (multivariable calculus, boolean algebra), district/state/national recognitions and concrete college-credit or admission outcomes (e.g., “IB program… AP classes… year of credits from CCP and AP,” “Top 20 in California,” and multiple alumni accepted to OSU/UC Berkeley), which square reviewers cite frequently while circle reviewers lack comparable programmatic detail or measurable outcomes.\"",\n  \""square entries report more explicit administrative governance, favoritism, punitive/exclusionary discipline, turnover, and operational mismanagement than circle entries\"": \""This bucket groups complaints about principal favoritism, selective/enforced discipline or arbitrary punishments, staff departures tied to leadership change, claims of financial or program mismanagement, poor communications, and authoritarian leadership (e.g., “principal openly favors…,” “suspended her til the end of the school year,” “staff have left to escape the zoo,” and “charge[s] registration fees that far exceed…”) — organizational and governance failures emphasized in square but not in circle.\"",\n  \""square entries report more detailed special-education, remedial, vocational and wraparound student-support descriptions (both positive and negative) than circle entries\"": \""This covers concrete life-skills and special-education program claims, IEP/placement disputes and parental due-process advocacy, vocational/technical/ROTC options, and community wraparound services (e.g., “life skills department… not learning much,” “Excellent teachers & paraprofessionals working in the Autism program,” “I fought the school district and got him placed,” and descriptions of vocational centers, home visits, Winter Wishes), which square reviewers document extensively while circle reviews largely omit or do not detail these supports.\"",\n  \""square entries report richer and more specifically-detailed extracurricular, arts/athletics programs, facilities, and community engagement (or their problems) than circle entries\"": \""This groups descriptions of nationally/state-recognized show choirs, award-winning bands, many clubs, sports facilities, facility renovations or deterioration, active PTAs/parents moving for the school, and campus-adjacent issues like traffic or odors (e.g., “nationally recognized Show Choir,” “new high school building… swimming pool renovated,” “parental involvement (PTA),” and “traffic is horrendous… poop plant behind the school”), which square reviewers name in detail while circle reviewers give little comparable program/facility/community evidence.\""\n}""]",,26.57249402999878,19454,1024,1751,,[],['resp_0ba1fe8e1b604e8f006a7256d9d798819e9e9d4b3c62eccd22'],True
gen|3|3,"[""{\n  \""square entries describe richer, structured advanced academic programs and clearer college‑preparation pathways (AP/IB/dual‑credit/CTE/vocational) than circle entries\"": \""These reviews repeatedly list concrete program offerings and measurable outcomes for square schools — AP, IB, 18+ AP courses, 23 dual‑credit courses, Art Academy, CTE/vocational classes, Governor’s School, senior capstones, and explicit college matriculation anecdotes (UCLA, West Point, Georgetown) — while circle entries lack comparable program detail and outcomes, typically offering only general claims of college prep or external credit partners (e.g., limited electives or community college connections).\"",\n  \""square entries report more frequent and severe student safety/behavior incidents and more exclusionary or punitive discipline practices than circle entries\"": \""Square reviews contain many explicit safety and behavior accounts — daily fights, gang presence, drug use, sexual activity, social‑media humiliation, cafeteria fights and even shooting scares — and document harsh or exclusionary discipline (suspensions for victims, school‑to‑prison pipeline concerns, attendance detention escalations, students forced to move to online school for safety); circle reviews do not report comparable levels of violence or systemic exclusionary discipline and are generally silent on those extreme incidents.\"",\n  \""square entries emphasize broader extracurricular breadth, competitive arts/athletics, boosters and strong local school identity more than circle entries\"": \""Square reviewers frequently enumerate extensive co‑curricular offerings and achievements (award‑winning marching band, All‑State band/chorus, JROTC, FFA, UIL/academic teams, strong sports championships), active booster/parent groups, longstanding traditions and alumni pride (’Once a Panther’, relocation decisions tied to school zones), whereas circle reviews rarely list such diverse programs and instead focus on a few basic activities or facility needs.\"",\n  \""square entries document greater administrative and operational dysfunction, governance failures, secrecy, favoritism and process breakdowns than circle entries\"": \""Square reviews contain repeated complaints about leadership failures and governance — ineffective district/principal leadership, nepotism and union protection, refusal to investigate or produce video evidence, scheduling/registration errors, missing IEP/504 coordinators, attendance office dysfunction, and public escalation to oversight bodies — while circle entries rarely report this depth of systemic administrative dysfunction and instead describe more routine management problems or supportive administrators.\"",\n  \""square entries exhibit larger variability in day‑to‑day instructional quality, grading policies and classroom rigor (pockets of strong AP/IB teachers alongside inconsistent/poor instruction) than circle entries\"": \""Many square reviews describe stark instructional contrasts within the same school — excellent, dedicated AP/IB teachers and rigorous honors pockets coexisting with packet‑based classes, teachers who lack subject knowledge or have incomprehensible English, inconsistent grading (4‑point scales, homework not counted), poor AP test preparation, and unpredictable classroom management — whereas circle entries tend not to show that same pattern of high internal variability or the same mix of advanced pockets and pervasive classroom shortcomings.\""\n}""]",,29.113368034362793,19376,1344,2013,,[],['resp_03dbab46c3638bee006a7256d8238081a39775dcff0473d868'],True
gen|0|14,"[""{\n  \""square entries report broader / deeper advanced academic and college‑prep programs and measurable postsecondary outcomes than circle entries\"": \""This bucket captures cases where square reviews list concrete advanced offerings (AP/IB/AVID, honors, dual‑enrollment, career‑technical academies, CHS/college credit) and cite measurable outcomes (AP/IB growth, scholarships, elite college matriculation) that circle reviews do not. Examples: square mentions IB Diploma, many AP/dual enrollment classes, highest AP Biology scores, students matriculating to Duke/Ivy, and explicit scholarship dollars — whereas circle either omits or reports missing advanced offerings.\"",\n  \""square entries report more frequent and severe student safety/behavior incidents (bullying, fights, drugs, weapons, racialized harassment) and visible policing than circle entries\"": \""This bucket groups raw terms describing recurrent on‑campus threats to student safety: regular fights, weapons and substance use, pervasive bullying and racial slurs, student self‑harm/mental‑health crises, and police/search procedures. Representative evidence: square reviewers report 'constant fights,' 'students sell drugs in hallways,' 'we had guns on campus,' racist slurs in bathrooms, bomb‑searches and random searches by school police — problems circle reviewers largely do not assert.\"",\n  \""square entries report more operational and administrative failures, record‑keeping errors, and resource/implementation breakdowns than circle entries\"": \""This bucket covers institutional/operational dysfunction described in square reviews: lost credits/transcripts, incorrect placement/registration, IEP noncompliance, counselor failures, funding/levy mismanagement, teacher strikes, staffing shortages and slow grading. Examples include 'school lost some of my credits,' 'only one university received my transcripts,' 'didn't follow our daughter's IEP,' and reports of strikes, course cuts, and chronic understaffing — issues circle reviews rarely raise.\"",\n  \""circle entries describe a more consistent student‑centered, safe climate with accessible leadership and counseling than square entries\"": \""This bucket captures the pattern where circle reviewers emphasize supportive administration and counseling availability, a 'loving' or safe environment, smooth onboarding/accommodation, and fewer reports of harsh policing. Illustrative lines: circle notes 'principal and guidance counselors are always available,' 'loving environment,' and staff who accommodated students — contrasts with square's repeated safety/discipline and administrative failure reports.\"",\n  \""square entries report greater extracurricular scope, athletics/arts prominence, and fundraising/resource prioritization (including parent‑funding and sport‑first budgets) than circle entries\"": \""This bucket groups descriptions of large portfolios of clubs, championship athletics, award‑winning band/arts, career‑tech labs and facilities, plus explicit fundraising pressure or parent‑paid gear; reviewers also allege athletics/football often prioritized over academics. Examples: square lists dozens of clubs and academies, state championships and national band honors, parent‑funded uniforms, stadium/band facility investments and complaints that funds favor sports — features circle reviews largely do not emphasize.\""\n}""]",,29.51488709449768,18737,1344,1965,,[],['resp_094524f94cbbe118006a7256d7a7a481928adf0f0548a95d0e'],True
gen|0|20,"[""{\n  \""square entries report more frequent and severe student-safety, violence, bullying, and substance-use incidents than circle entries\"": \""This bucket captures reports of physical fights, weapons/drug incidents, racial/sexual harassment, sexual-misconduct allegations, suicidal/serious mental-health crises, and emergency-response failures (e.g., bomb threats, confused student release) that appear repeatedly in square reviews but are absent or rare in circle (examples: “fights almost every day,” “DRUGS.ARE.EVERYWHERE,” racial slurs, a teacher who inappropriately touched a 15-year-old, and parents describing bomb-threat mishandling).\"",\n  \""square entries report more extensive advanced-academic and college-prep programming and measurable outcomes than circle entries\"": \""This bucket groups concrete descriptions of honors/AP/IB/Cambridge programs, dual-enrollment/college-credit pathways, STEM/CTE offerings, and named AP teachers or numeric test/AP/ACT outcomes that square reviewers cite far more often than circle (examples: “Honors courses are abundant and ap classes,” “new IB program,” dual-credit with community college, and students reporting AP diplomas or ACT scores).\"",\n  \""square entries describe broader and higher-profile extracurricular, performing-arts, and athletics offerings and on-site facilities than circle entries\"": \""This covers explicit inventories and achievements across clubs, band/theatre success, varsity sports, and facility investments or marquee venues that square reviews repeatedly enumerate — sometimes with awards or national trips — while circle rarely lists comparable breadth (examples: “over 80 clubs…marching band traveled to China,” “new performing arts center,” and multiple state championships in athletics).\"",\n  \""square entries report more administrative dysfunction, inconsistency, favoritism, secrecy, and operational failures than circle entries\"": \""This bucket groups concrete complaints about leadership turnover, biased discipline, cronyism/PTO favoritism, secretive/reactive administration, chaotic registration/record-keeping, and inconsistent policy enforcement that square reviewers document more often than circle (examples: “they hide a lot of info…only when the school gets on the news,” “who you know… administration is very biased,” and lost grades/long delays in records).\"",\n  \""square entries document more concrete student-support practices and contested support outcomes (tutoring, remediation, counseling, IEP/504 compliance and mental-health support) than circle entries\"": \""This bucket captures explicit descriptions — both positive and negative — of tutoring/late‑hour help, grade-recovery/credit-recovery, counselor involvement or failures, IEP/504 noncompliance, and mental-health supports or neglect that square reviews describe far more often than circle (examples: “Saturday tutoring…teachers work late to tutor,” “counselors work with teachers and parents,” alongside complaints like “IEP not followed” and “students with anxiety left suffering in silence”).\""\n}""]",,29.617640018463135,19442,1216,1838,,[],['resp_0a537b3c5f9bf1a7006a7256d79f8c81a2acb29743f3b60e9e'],True
gen|1|41,"[""{\n  \""square entries describe broader, deeper specialized academic programs (AP/IB/Honors/STEM/AVID) and stronger measurable college outcomes than circle entries\"": \""These reviews name program-level offerings and results (IB Diploma, many AP/Honors courses, STEM/AVID academies, vocational tracks) and cite concrete outcomes (elite college acceptances, scholarship dollar totals, AP exam performance), whereas circle entries give only generic academic praise or mention dual‑credit instead; examples include explicit IB/AP program lists, claims of Ivy/MIT acceptances and $7M in scholarships, and program‑specific notes like paid IB fees or AP elimination.\"",\n  \""square entries report more pervasive student safety and conduct problems (bullying, fights, vaping, substance use, assaults) than circle entries\"": \""Many square reviews document recurrent safety issues and student misconduct—fist fights, gang activity, bathroom vaping, high drug/alcohol prevalence, sexual assaults and general lack of supervision—while circle reviews largely omit such incidents or describe the campus as safe; representative lines include 'bullying and gang fights everyday,' '98% of the highschool's population drinks,' and 'kids that vaped turned the schools bathroom into a vaping break place.'\"",\n  \""square entries document greater administrative and operational dysfunction (unresponsiveness, bureaucracy, transcript/scheduling/IEP failures, budget mismanagement, punitive policies) than circle entries\"": \""Square reviewers repeatedly report concrete governance and process failures—administration not returning calls, lost transcripts, mishandled 504/IEP accommodations, pay‑for‑bus policies, censorship/book removals, punitive dress/attendance policies and apparent budget misallocation—whereas circle reviews rarely describe these systemic operational breakdowns; examples include 'office forgot to send out my transcript,' 'completely unaccommodating to a 504 plan,' and 'the administration does not return phone calls.'\"",\n  \""square entries emphasize more and broader extracurricular and athletic programs and school spirit (but also more booster/coach dominance and resource conflicts) than circle entries\"": \""Square reviews frequently enumerate many clubs, state‑level athletics, band trips and strong school spirit, and also report booster/coaching dominance or funding conflicts that crowd out other programs; circle reviews tend to highlight a few arts or small‑group programs and do not list comparable extracurricular breadth—examples: 'HHS has more AP courses… new STEM Academy… robotics… many sports,' 'band invited to China,' and 'sports booster club didn't help… none of that went to the band.'\"",\n  \""square entries show more reports of inequitable treatment and inconsistent supports for marginalized students (racism, homophobia, lack of LGBTQ+/504/IEP support, favoritism) than circle entries\"": \""Several square reviews allege targeted exclusion or inconsistent support—racist/sexist student behavior, homophobic environments, ignored 504/IEP plans, special education noncompliance or unequal help for privileged students—while circle reviews do not surface comparable claims; illustrative quotes include 'if you're queer/disabled/POC, this is not a safe environment,' 'The Special Education department is abysmal,' and 'a privileged child… will be afforded help…'.\""\n}""]",,29.729124784469604,18960,1280,1974,,[],['resp_04a309410e3369ba006a7256d7e14081a3828a4da504203898'],True
gen|2|46,"[""{\n  \""square entries report more frequent and severe on‑campus violence, gang activity, bomb/assault incidents, and student substance abuse than circle entries\"": \""This bucket groups raw terms that describe concrete safety crises and criminalized behaviors: e.g., 'fights weekly,' 'bomb threats and students being arrested,' 'children carry weapons and some are gang related,' and 'only a fraction of them aren’t drinking or doing drugs on the day to day basis.' Falling here means the review documents repeated physical violence, weapon/gang presence, formal police/tasing involvement, or pervasive drug/alcohol use—features that Circle reviews do not describe.\"",\n  \""square entries describe substantially broader and more documented advanced‑academic pathways and elite college outcomes (AP/IB/dual enrollment/academies) than circle entries\"": \""This bucket captures programmatic academic substance: numerous square notes list IB programmes, wide AP/honors offerings, formal dual‑enrollment partnerships, specialized academies (STEAM, PLTW), and named elite college placements (MIT, Stanford, UCLA), e.g., 'offers IB, AVID, AP and dual‑credit' and 'students admitted to MIT/Stanford.' A review falls here if it emphasizes formal advanced coursework, structured college‑prep programs, or measurable elite matriculation absent from Circle reviews.\"",\n  \""square entries report more administrative dysfunction, favoritism, inconsistent discipline, poor communication, and district/board-level failures than circle entries\"": \""This bucket groups terms about governance and operational failure: allegations of counselor/administrator favoritism toward athletes, baseless punishments, 'blame game' leadership, repeated principal turnover, delayed incident notifications (bedbugs), cancelled bussing, and state corrective actions. Membership means the review highlights systemic leadership problems, opaque or biased enforcement, or failed district policies—contrasts that Circle reviews generally lack or frame differently.\"",\n  \""square entries document a wider, higher‑profile extracurricular and athletics ecosystem (championships, unique programs, facility investments) — often with constrained access or cost barriers — more than circle entries\"": \""This bucket covers concrete extracurricular/ facilities evidence: claims of state/national athletic championships, award‑winning bands, unique programs (only public Cirque program), bond‑funded pools/performing centers, and many clubs, alongside notes that making teams can be highly selective or costly. A review belongs here if it enumerates extensive/cohesive extracurricular offerings or major capital investments (and sometimes notes access limits) that Circle reviews do not.\"",\n  \""square entries report more pervasive social exclusion, bullying, racist/harassing incidents, parental hostility/entitlement, and failures to accommodate vulnerable students than circle entries\"": \""This bucket groups interpersonal and equity harms: accusations of systemic bullying and tolerated slurs, cliquish/exclusionary student cultures, parents encouraging fights, explicit racial hostility and an offensive mascot, ADA and special‑education denial, and counselor bias against low‑income or non‑advanced students. Reviews fall here when they document targeted harassment/discrimination, exclusion of minorities or students with disabilities, or combative parent/community dynamics—issues that Circle reviews rarely allege.\""\n}""]",,29.633100986480713,19413,1152,1826,,[],['resp_07ce779352bc0abf006a7256d826648191bdbd03a09e0f2f98'],True
gen|4|1,"[""{\n  \""square entries describe stronger and more numerous advanced academic programs and college‑preparation pathways than circle entries\"": \""These reviews detail explicit AP/IB/honors/dual‑enrollment, STEM, arts and partnership offerings and cite measurable college outcomes (e.g., “IB program…accepted to 7/8 schools,” “dual‑enrollment…, partnership with Reynolds Community College,” “AP classes are outstanding”) while circle entries generally lack program detail or only make vague college‑prep claims.\"",\n  \""square entries report more frequent severe safety incidents, bullying, substance use, weapons, lockdowns and failures of disciplinary follow‑through than circle entries\"": \""Many square reviews list concrete incidents and systemic enforcement gaps (e.g., “3 gun lock downs,” AR‑15 on campus, knife/knife-in‑soap‑dispenser, ongoing vaping/drug dealing, suicides and severe bullying) and describe administration as failing to intervene; circle reviews do not catalog comparable violent or repeated safety incidents.\"",\n  \""square entries report more administrative disengagement, staff turnover, favoritism and resource misallocation than circle entries\"": \""Square reviewers accuse leadership and district governance of problems—front‑office rudeness, principals described as punitive or disengaged, high turnover or layoffs, and spending priorities favoring athletics or creating paid administrative posts for coaches (e.g., “new football coach gets $100,000…”)—whereas circle reviews emphasize at least some engaged staff and do not make the same cluster of governance/funding allegations.\"",\n  \""square entries report more failures and variability in special‑education/504/IEP implementation and in counseling and mental‑health supports than circle entries\"": \""Square reviews repeatedly document ignored 504 plans, IEP mismanagement, unhelpful or overloaded counselors and calls for specific staff to help special‑needs students (e.g., “expect 504 to be completely ignored,” “IEP meetings frustrating,” “Counselors are ineffective”), while circle reviews lack comparable accounts of systemic special‑education or counseling breakdowns.\"",\n  \""square entries report greater racial, socioeconomic and newcomer exclusion, entrenched cliques, and unequal treatment of students than circle entries\"": \""Square reviewers frequently allege racism, socioeconomic favoritism, clique culture and outsider exclusion (e.g., “Most racist school I have attended,” “if you’re not…rich you are treated less,” “unless your past 5 generations… you are an outsider,” favoritism toward athletes/NJHS), a pattern not present in circle reviews.\"" \n}""]",,28.115925073623657,19758,1216,1787,,[],['resp_04828c5c490dfa93006a7256d8c53c81a3b791c83831e766dd'],True
gen|4|7,"[""{\n  \""square entries report more chronic student safety, violence, and bullying incidents than circle entries\"": \""These reviews describe repeated on-campus violence, pervasive peer bullying, gang/drug presence, weapons, and failed security responses (examples: fights nearly every day, gun found in backpack, students beaten requiring surgery, rampant vaping and drug use, and administration or SROs not effectively protecting victims). Circle entries do not document this pattern of sustained safety failures and instead lean toward isolated behavior or supportive safety claims.\"",\n  \""square entries report more systemic administrative dysfunction, politicization, and misprioritization than circle entries\"": \""These items allege board/superintendent turnover, favoritism/nepotism, corruption or image-first leadership, refusal to communicate, and resource decisions skewed to athletics or aesthetics over classroom needs (examples: accused hiring of friends/family, superintendent instability trickling down, claims that administration cares more about image and athletics than student welfare). Circle entries generally do not make systemic governance or politicization claims and instead focus criticism at classroom- or counselor-level issues.\"",\n  \""square entries describe more extensive advanced academic, CTE, and measurable college-preparation offerings and outcomes than circle entries\"": \""Many square reviews list broad AP/IB/dual-enrollment curricula, strong CTE labs and certifications, named college-prep supports, and concrete elite-college admits or scholarship outcomes (examples: 25 AP courses, IB and dual enrollment, hands-on culinary and auto tech, students admitted to Ivy/Caltech, after-school ACT prep). Circle reviews rarely document this same breadth or measurable postsecondary outcomes and sometimes explicitly state few or no AP/honors options.\"",\n  \""square entries show greater variability and instability in staffing and classroom practice than circle entries\"": \""Square reviews report teacher turnover and substitute reliance, inconsistent teacher quality and accountability, grading/scheduling errors, and mixed accounts of teacher dedication (examples: eight algebra teachers in a year with many subs, inconsistent grading and workload, counselors changing each year or failing to follow through, yet some teachers described as highly responsive). Circle entries present fewer reports of chronic teacher churn or widespread substitute dependence and tend to describe staff more uniformly.\"",\n  \""square entries report more acute facility, capacity, funding, and operational logistics problems than circle entries\"": \""These reviews contain specific complaints about overcrowding, broken or unsanitary facilities, budget shortfalls and theft, constrained schedules and missing credits, and logistics like long bus rides or restrictive internet access (examples: 2,600–3,500 students and impossible cafeteria lines, leaking ceilings/mold, ran out of paper budget, scheduling errors nearly costing graduation). Circle entries rarely cite pervasive facility breakdowns or district-level operational funding crises.\""\n}""]",,27.933942079544067,19535,1152,1742,,[],['resp_052304a8463d4568006a7256d8f83081a19eb3a998e602ec3f'],True
gen|3|6,"[""{\n  \""square entries report more pervasive student safety problems, violence, and sustained peer harassment than circle entries\"": \""This bucket groups raw terms describing on‑campus fights, gang/alleged gang activity, widespread drug/alcohol use, sexual misconduct, frequent bullying (including targeted LGBTQ+, racial, and ability‑based harassment), and resulting mental‑health harms—e.g., “a lot of violence, drugs, and alcohol,” “students are constantly harassed,” and students becoming depressed or withdrawn—issues that circle reviews do not substantively report.\"",\n  \""square entries describe more administrative instability, unresponsiveness, favoritism, and problematic personnel practices than circle entries\"": \""Includes comments about frequent principal/leadership turnover, poor communication with parents, nepotistic or politicized hiring, selective enforcement/favoritism (grade inflation or protection for athletes/high‑achievers), and calls for district/state intervention—e.g., “70% faculty turnover,” “allowed to hire her own daughter,” and “administration doesn’t respond to parents”—contrasting with circle’s reports of engaged, steady leadership.\"",\n  \""square entries document a broader and stronger set of academic pathways, measurable college‑prep outcomes, and vocational/advanced offerings than circle entries\"": \""Covers explicit references to AP/IB/dual‑enrollment, college counseling and scholarship results, structured academies, and vocational/CTE classes (both praised and criticized for resourcing)—examples include “outstanding IB, AP, and arts programs,” SLU 1818 and ACT prep gains, and many career/tech electives; circle entries rarely list comparable advanced course or measurable outcome detail.\"",\n  \""square entries emphasize broader, higher‑profile extracurricular breadth and athletic/arts prominence (with attendant favoritism complaints) more than circle entries\"": \""Groups comments that enumerate many clubs, championship athletics, award‑winning band/arts programs, athletic recruiting and boarding, and also pay‑to‑play/athlete‑first criticisms—e.g., “award‑winning Band,” “state football championship,” alongside “athletes get grades inflated” and “you pay to play”—whereas circle reviews do not present the same breadth or high‑level extracurricular achievements.\"",\n  \""square entries report more acute operational resource, facility, capacity and enforcement issues (overcrowding, sanitation, supply shortages, punitive security/policy practices) than circle entries\"": \""This bucket captures concrete operational failures and capacity stresses—overcrowded campuses, dirty facilities and pest reports, textbook/ supply shortages, strikes/class cuts, and harsh security/discipline tactics (armed guards, tasing, OSS/ISS policy changes, surveillance)—for instance, “3,000 students, not enough bathrooms,” “cockroaches in cafeteria,” and “police ticketing and tazzing,” problems not equivalently reported in circle entries.\""\n}""]",,29.54734492301941,19110,1152,1788,,[],['resp_0e09fc92589cb471006a7256d86cc4819c9dce118224fbfc00'],True
gen|0|37,"[""{\n  \""square entries report more student safety incidents, substance use, and violent behavior than circle entries\"": \""These reviews document on-campus safety problems—frequent fights (weekly or 'everyday'), gang presence, vandalism, vaping-triggered fire drills, overdoses, bus drug problems, thefts, pervasive bullying and sexualized harassment—that Circle reviews do not describe; falling into this bucket means the school narrative centers on recurrent physical-safety and substance-use incidents disrupting learning and student wellbeing.\"",\n  \n  \""square entries describe greater availability and uptake of advanced academic, vocational, and college-preparatory programs (AP/IB/dual-enrollment/magnet) than circle entries\"": \""Square reviews repeatedly list concrete advanced offerings and pressures—IB and paid-IB debates, many AP courses and AP Capstone, dual‑enrollment/college credit, magnet tracks, JROTC, shop/CTE certifications and robotics—plus related college outcomes, whereas Circle lacks comparable program inventories; membership means the school is portrayed as offering substantial named pathways and college-prep/vocational options (and sometimes pressure to take them).\"",\n  \n  \""square entries report more concrete facilities, infrastructure, and technology actions (both major capital investments and explicit health/maintenance failures) than circle entries\"": \""Square reviewers cite specific physical‑plant events—new stadiums/pools, 1:1 iPad rollouts and smartboards, renovated performing-arts/college-career buildings—alongside detailed facility hazards and maintenance failures (asbestos/mold, broken toilets, contaminated soap, poor Wi‑Fi, centralized printing/fee policies); falling into this bucket means the school narrative emphasizes tangible facility/tech changes or documented infrastructure problems rather than general impressions.\"",\n  \n  \""square entries report more active parent/community engagement and measurable alumni/postsecondary outcomes than circle entries\"": \""Square reviews frequently mention organized PTSA/volunteering, families moving to the district for the school, visible fundraising/volunteer support, and concrete alumni/college outcomes (students graduating with many college credits or attending selective colleges), while Circle rarely supplies comparable community-engagement or alum‑outcome evidence; inclusion here means reviewers point to organized parental involvement and documented postsecondary results.\"",\n  \n  \""square entries report more administrative/disciplinary inconsistency, favoritism, suppression of feedback, and governance failures than circle entries\"": \""These comments focus on policy and governance: unequal discipline (favoring athletes, gender bias), punitive or exclusionary practices (suspensions, ACE/RC pull-outs, school‑to‑prison concerns), administrators protecting staff or deleting criticism, poor responsiveness from counselors/board, and accusations of political cover‑ups—issues Circle does not raise with similar frequency; a review in this bucket centers on inconsistent/biased enforcement and leadership failures rather than only classroom instruction.\""\n}""]",,29.933266162872314,19089,1344,1969,,[],['resp_0ffaf414108269bd006a7256d7b3f0819f8769473e2f4a9288'],True
gen|1|15,"[""{\n  \""Square entries describe stronger and wider advanced academic programs and college-prep outcomes than circle entries\"": \""These entries repeatedly name extensive AP/IB/honors offerings, dual‑enrollment and college‑credit pathways, measurable test/graduation outcomes and selective-college placements (e.g., “many AP offerings,” “IB/dual‑enrollment to almost a freshman year of college,” “top 10% go to the Ivy’s,” and improved CSAP scores), whereas circle entries lack AP/honors evidence or report absent/poor advanced coursework. Falling into this bucket means reviewers focus on program breadth/depth, tracking, college-prep supports, and documented academic outcomes (both positive and critiques about access or rigor).\"",\n  \""Square entries document substantially broader and higher‑profile extracurricular and competitive arts/athletics than circle entries\"": \""Square reviews enumerate many named teams, music/theater programs, regional/state wins, travel, JROTC, booster organizations and large scholarship totals (e.g., marching band/state championships, Mock Trial #1, travel for Model UN), while circle entries offer few or only local extracurricular mentions. Membership in this bucket signals concrete, organized out‑of‑class opportunities and achievements being central to the school’s profile in the reviews.\"",\n  \""Square entries report more pervasive student‑safety and behavior problems (bullying, fights, substance use, gangs) than circle entries\"": \""Square entries frequently describe ongoing bullying, physical fights, routine substance use/vaping, gang mentality and even teen suicides or severe injuries (e.g., “HUGE bullying problem,” “weekly fights,” “students show up drunk,” “Gang mentality”), whereas circle reviews do not document comparable levels of violence or pervasive peer misconduct. Reviews fall here when they emphasize peer‑conduct risks, safety breaches, or health crises affecting students’ daily experience.\"",\n  \""Square entries highlight more facility, capacity, and operational logistics problems than circle entries\"": \""Square reviewers report overcrowding, aging or unsafe buildings, locked bathrooms, poor janitorial upkeep, parking/morning traffic, cafeteria/food problems and problematic transportation (e.g., “huge, falling apart building,” “bathrooms locked,” “7am traffic…parking tricky,” “bus system a joke”), whereas circle entries omit or contradict these operational failures. Content fits this bucket when reviewers point to tangible infrastructure, maintenance, scheduling, or service deficits that impede learning and daily school life.\"",\n  \""Square entries evidence greater administrative and governance failures and favoritism than circle entries\"": \""Square entries contain repeated allegations of nepotism, favoritism toward athletes/IB students, weak or punitive complaint processes, recordkeeping/counseling breakdowns and punitive residency/discipline practices (e.g., “nepotism is rampant,” “48 hours to get our children out,” public shaming by principals, counselor understaffing, lost transcripts), while circle entries describe stronger oversight or do not report such governance breakdowns. Reviews belong here when they foreground leadership decisions, personnel politics, inconsistent discipline or failed grievance/investigative procedures as core problems.\"" \n}""]",,30.109402179718018,19246,1088,1764,,[],['resp_0cead06633a2a996006a7256d81b7c819c99feb9f7d6c17c64'],True
gen|2|9,"[""{\n  \""Square entries report more severe student safety, violence, bullying, drugs, and harassment incidents (including staff/parent perpetrators) than circle entries\"": \""This bucket groups reviews where Square reviewers describe pervasive safety problems (daily fights, gang activity, on‑campus assaults, hate speech, sexual misconduct, drug use), bullying tolerated or inflicted by staff/parents, and students avoiding restrooms or campus areas for fear of violence — e.g., “I saw at least one fight a day,” “students have boasted white supremacy,” “fondled by a teacher’s son,” and “drugs run wild,” contrasts absent or far milder in Circle.\"",\n  \""Square entries document more advanced/rigorous specialized academic programs and measurable college/test outcomes (AP/IB/dual‑enrollment/CTE and honors) than circle entries\"": \""This bucket captures reviews that list concrete academic offerings and outcomes: AP/IB diplomas, many honors/AP classes, dual‑enrollment and free college credit, measurable test/college matriculation successes and awards (National Merit, Ivy admits) — e.g., “IB diploma,” “12 hrs of college credit,” “BSSHS just got 6 national merit finalists,” and “score higher than 87% of the kids,” which Circle typically does not substantiate.\"",\n  \""Square entries describe more administrative mismanagement, bias, unresponsiveness, procedural failures and operational/logistical problems than circle entries\"": \""This bucket groups reports of leadership failures and operational breakdowns in Square: biased or politicized discipline, staff obstructing parents, attendance/record‑keeping errors, blocked parent access, poor communication, facility neglect/overcrowding and budget mismanagement — e.g., “secretary refused to give me the papers,” “attendance WILL be affected,” “no accountability,” “overcrowded, almost to the point of danger,” and “hamstrung budget capabilities,” which Circle rarely reports.\"",\n  \""Square entries provide more detailed accounts of special‑education services, individualized supports, IEP issues and counseling (both accommodations and compliance failures) than circle entries\"": \""This bucket collects Square reviews that describe special‑education specifics or counseling: concrete IEP placements, aide‑funding shortages, successful individualized accommodations (ADHD/Asperger supports), and also complaints about IEP non‑compliance — e.g., “no funds for an aide,” “placed in an ‘academic support class’ automatically,” “Richard's has done everything possible to accommodate his needs,” and “they don't follow the IEP,” topics largely unmentioned in Circle.\"",\n  \""Square entries report a broader and higher‑profile extracurricular and athletics ecosystem and related resource prioritization than circle entries\"": \""This bucket groups Square reviews that enumerate extensive extracurricular offerings (band, choir, theatre, robotics, many clubs), high‑profile athletic programs and funding prioritization (state championships, football culture, resource tradeoffs), and vocational/CTE options — e.g., “Colorguard is the WGI world champs,” “they spend all their money on athletics,” “tons of AP and clubs,” and lists of trades/CAD/JROTC — in contrast to Circle, which rarely lists comparable breadth or high‑profile athletic emphasis.\""\n}""]",,30.10811495780945,19288,1088,1758,,[],['resp_042716844d06e48b006a7256d9b81881a39fd9fcae38b77ed5'],True
gen|3|12,"[""{\n  \""square entries describe far stronger and more extensive advanced academic pathways and measurable college-prep outcomes than circle entries\"": \""This bucket groups raw items where square reviews enumerate formal college-prep programs (AP, IB, dual‑credit, A+, honors, specialized academies) and report concrete outcomes (college credits at graduation, scholarships, placements at prestigious universities), while circle reviews lack or minimize AP/IB and cite poor college readiness (failed Regents, inadequate preparation). Examples: many square notes of IB/AP/dual enrollment and ‘graduated with over a year of college credits’ vs. circle statements like ‘no AP classes’ and ‘Students fail Regents.’\"",\n  \""square entries report more frequent severe student-safety incidents, bullying, substance use, fights, and institutional mishandling of those incidents than circle entries\"": \""This bucket captures reviews that allege pervasive on‑campus violence/drugs (daily/weekly fights, gang presence, sexual incidents), targeted hate and harassment (racial slurs, anti‑LGBTQ threats), and claims that administrators cover up or punish victims; circle reviews by contrast rarely report such severe safety problems. Examples: square mentions ‘fights on campus weekly,’ ‘students boasting white supremacy,’ ‘vaping/drug use rampant,’ and ‘school suspends assaulted victim,’ whereas circle lacks comparable safety incident reports.\"",\n  \""square entries document a broader, higher‑profile extracurricular ecosystem (competitive arts, national travel, JROTC, many clubs, and athletics scholarship pipelines) than circle entries\"": \""This bucket groups items describing extensive extracurricular breadth and prestige in square reviews—award‑winning band and theatre with international travel, nationally recognized Speech & Debate, large club rosters, JROTC and scholarship athletes—while circle reviews rarely list nationally competitive programs or such breadth. Examples: square references ‘band invited to China and Macy’s parade,’ ‘Theater, Music and Speech and Debate programs are Nationally recognized,’ ‘over 40 clubs,’ and visible athletic scholarship outcomes; circle does not mirror that level of extracurricular scale or recognition.\"",\n  \""square entries report more administrative failures, favoritism/nepotism, governance problems, and communication breakdowns than circle entries\"": \""This bucket covers operational and governance complaints in square reviews: rude or unresponsive front office, refusal to return calls, nepotism, administrators prioritizing image or favored sports families, inconsistent discipline, program‑level scheduling failures (lost parking, JROTC conflicts) and weak school‑board oversight; circle reviews do not generally report this pattern. Examples: square claims ‘office staff refuse to answer phones,’ ‘nepotism is rampant,’ ‘administration backs teachers over students,’ and ‘bring in your lawyer’ for cover‑ups—issues absent in circle entries.\"",\n  \""square entries show greater variability in classroom instruction and in student-facing supports (teacher quality, counseling, and special‑education access) — including both praised individualized help and repeated reports of unmet accommodations — than circle entries\"": \""This bucket groups raw items about instructional practice and student support: square reviews alternate between naming highly committed, available teachers and detailing disengaged in‑class behavior (texting, handing out packets), subject‑specific instructional failures (math/science), counselor understaffing/misplacements, and special‑education accommodation problems or successes; circle reviews generally portray more consistently attentive teachers and fewer SPED/counseling breakdowns. Examples: square notes ‘teachers offer before/after help’ alongside ‘many teachers just show PowerPoints,’ ‘3 counselors for one student,’ ‘504 plans not honored,’ and both strong SPED graduation stories and denied accommodations.\""\n}""]",,29.571181058883667,19459,1088,1877,,[],['resp_0dbb195f230a682b006a7256d83c6081918edcbdb656f86b43'],True
gen|1|17,"[""{\n  \""square entries report more on-campus safety and student behavioral crises (bullying, fights, drugs, sexual harassment, gangs) than circle entries\"": \""This bucket groups raw items describing concrete safety and student-behavior incidents: repeated bullying and homophobic/racial slurs, frequent fights and assaults, on-campus drug use/dealing and vaping, arrests, hazing, sexual harassment, and gang activity (e.g., “extreme amount of drug activity…deal in the hallways,” “bullied a lot…they did NOTHING,” “fights in your playground,” “I’ve been jumped twice”). These are operational safety problems that materially disrupt school climate and instruction and are described far more often in square reviews than in circle reviews.\"",\n  \""square entries report more concrete, broad, and high‑profile specialized academic and extracurricular programs and measurable postsecondary outcomes than circle entries\"": \""This bucket collects items that document program breadth and measurable outcomes: AP/IB/dual‑credit participation, magnet/selective options, extensive CTE pathways (vo‑ag, robotics, biomedical, construction, academy-of‑finance), award‑winning music/athletics, and specific college matriculation/scholarship lists (e.g., “at least 9 AP/dual credit courses,” “Robotics Team…First Place in Design, Internationally,” “over 90% of the graduates going to college,” and named universities and scholarship outcomes). These entries emphasize substantive curricular/extracurricular offerings and demonstrated college/career results more than circle entries.\"",\n  \""square entries report more administrative, counseling, and operational failures or unpredictability (rude front office, unhelpful/overworked counselors, miscommunication, transportation/recording errors) than circle entries\"": \""This bucket covers concrete managerial and service delivery breakdowns: rude or hostile front‑office staff, counselors who are unreachable or give boilerplate responses, administrative errors that generate false failing notices, bus logistics that strand students, and inconsistent leadership/turnover (e.g., “receptionists were often rude,” “counselors did not help…missed required courses,” “left 8 kids stranded,” “6 letters stating my daughter had failed”). These are operational failures that impair student support and family trust and appear much more in square reviews.\"",\n  \""square entries report more chronic facility, capacity, and resource problems (broken bathrooms, overcrowding, outdated technology, poor maintenance) than circle entries\"": \""This bucket groups tangible infrastructure and resourcing complaints: bathrooms closed or without doors/TP, pervasive maintenance and grounds neglect, extreme overcrowding and very large class sizes, outdated or inaccessible technology, cafeteria/line problems, and contested budget priorities (e.g., “bathrooms are a wreck…smell like vape,” “almost 3k students…overcrowding,” “Technology is severely out of date,” “spends money on ag department and shiny buildings rather than books”). These physical- and capacity-level constraints are described far more frequently in square than circle reviews.\"",\n  \""square entries report more favoritism, unequal discipline, and politically driven protection (athlete privilege, teacher/parent cliques, racially disparate punishments) than circle entries\"": \""This bucket contains concrete allegations of biased enforcement and internal politics: athletes or popular students getting leeway (exemptions from tests/discipline), teacher 'favorites' and teacher‑parent cliques influencing outcomes, racial/unequal punishments and retaliatory responses to complaining parents (e.g., “Athletes get a lot of leeway,” “political school run by the teachers pets,” “I believe my son was punished more severe because of the color of his skin,” “parents who post frustrations get called in to the superintendent’s office”). These are systemic fairness and accountability problems reported much more in square entries than circle entries.\""\n}""]",,30.38321614265442,19193,1024,1819,,[],['resp_01005ddd0522e8e1006a7256d81e04819db286a396805b602c'],True
gen|3|10,"[""{\n  \""square entries report more extensive high‑performance academic and extracurricular programs and measurable college outcomes than circle entries\"": \""These reviews emphasize formal AP/IB/dual‑enrollment pathways, magnet and specialty offerings (JNROTC, aviation, private pilot, Mandarin, Latin Honors), championship athletics and elite-band achievements, and named elite college matriculations—e.g., multiple mentions of AP/IB rigor, dual‑enrollment with community colleges, state championships, and students admitted to Princeton/Stanford—features that circle entries largely omit or treat as vague.\"",\n  \""square entries describe more frequent and severe student safety, substance, and misconduct incidents than circle entries\"": \""Square reviews repeatedly document ongoing fights, weapons (guns/knives/brass knuckles), bomb threats, rampant drug/alcohol/vaping use, regular bullying and homophobic/racist harassment, and police/canine searches—concrete incident types and lockdowns cited frequently—whereas circle reviews contain few or only isolated minor discipline reports.\"",\n  \""square entries report more administrative dysfunction, favoritism, cover‑ups, and unstable governance than circle entries\"": \""Square accounts allege board‑level corruption and entrenched local favoritism, routine administrative unresponsiveness, retaliation/blaming of victims, cover‑ups of complaints, frequent principal turnover, and lack of accountability (e.g., \\\""Corruption... established families favored\\\"", \\\""no response to meeting requests\\\"", \\\""keeps reports out of public\\\""), contrasted with circle’s descriptions of steadier principal‑led discipline and more responsive leadership.\"",\n  \""square entries report more facility, operational, and resource problems or contested funding priorities than circle entries\"": \""Square reviewers flag concrete infrastructure and service failures (broken HVAC, toilets with no power, rats, overcrowded hallways, delayed yearbooks), transportation and lunch-service breakdowns (stranded students, overcharging/denied meals), and disputes over spending priorities (expensive athletic facilities while buildings/teacher pay go unrepaired), issues that are largely absent or reversed in circle reviews.\"",\n  \""square entries report greater variability in classroom instruction, teacher presence, and special‑education supports (both strong high‑end teachers and pervasive gaps) than circle entries\"": \""Square contains both high‑praise for dedicated AP/exceptional teachers, extensive one‑on‑one help and teacher sacrifices, and striking counterexamples—chronic absenteeism, poor classroom management in non‑AP classes, inconsistent curricula, weak or noncompliant IEP/504 implementation, and counselor failures—presenting a bifurcated instructional picture that circle reviews do not portray.\""\n}""]",,29.88111925125122,19282,1472,2027,,[],['resp_08a156e3dee5f5b1006a7256d82ee481a2914c0d636351e230'],True
gen|0|23,"[""{\n  \""square entries report more concrete advanced-academic pathways, college-prep structures, and measured academic outcomes than circle entries\"": \""This bucket captures mentions of AP/IB/honors, dual-enrollment, academies, credit-recovery, counselor-run SAT/FAFSA help and explicit matriculation metrics (e.g., AP/IB cohorts, 'dual enrollment with Bunker Hill', 'over 60 credit hours', 'graduates attending Georgia Tech/Vanderbilt', '30% accepted to 4‑year universities'). It is about programmatic academic offerings and outcomes (rigor, selectivity, college-placement) rather than classroom tone or teacher behavior, distinguishing concrete curricular pathways and longitudinal results that square reviews document far more often than circle reviews.\"",\n  \""square entries report more student-safety and behavioral-incidence detail (bullying, fights, drugs, arrests, harassment) than circle entries\"": \""This bucket groups explicit, operational safety and behavior reports—frequent hall fights, sexual harassment, drug offers, arrests, weapons/gang mentions, threats of shootings, and law‑enforcement presence (e.g., 'I've seen kids get arrested', 'offered marijuana', 'threats every single week', 'resource officer biased'). It covers observed peer misconduct and school response (or lack thereof) and contrasts square's frequent incident-level documentation with Circle's relative absence of such detailed safety reporting.\"",\n  \""square entries report more concrete administrative policies, enforcement examples, operational failures and parent-communication detail than circle entries\"": \""This bucket covers named administrators, disciplinary policies/enforcement examples, recordkeeping errors, dress-code enforcement, parental grievance outcomes, proactive outreach (or lack of it), and governance critiques (e.g., 'principal refused diploma', 'denied student release without email', 'tardy system added', 'parents get no resolution'). It focuses on explicit operational/policy actions, accountability, and two-way communication practices that square reviews describe far more concretely than circle reviews.\"",\n  \""square entries report more detailed extracurricular, arts and athletics offerings, facilities and resource allocations (including funding tensions) than circle entries\"": \""This bucket groups precise descriptions of extracurricular breadth and quality—marching band, state championships, robotics, theater awards, Olympic-quality aquatic center, new tracks, and complaints about how funds are allocated (e.g., 'band placed top 12', 'STATE CHAMPS 2010', 'money spent on iPads while newspaper underfunded', 'arts underfunded, funded by fundraisers'). It captures program availability, facility quality, and resource-allocation disputes distinct from curricular/academic programming or safety issues.\"",\n  \""square entries report more detailed special-education, counseling and individualized student-support practices and failures than circle entries\"": \""This bucket contains both reports of formal special‑education intake/segregation, IEP/504 failures, and also examples of hands-on counseling/social‑support, attendance follow-up, and targeted interventions (e.g., 'special ed intake from other districts', 'IEP/504 not followed', 'student health center/free services', 'counselors do SAT/college help', 'Saturday school makeups'). It focuses on how schools serve (or fail) students with disabilities, mental-health needs, attendance issues, and other individualized supports—areas square reviews document with greater specificity than circle.\""\n}""]",,30.46120309829712,19243,1152,1896,,[],['resp_002f2338a5b43b94006a7256d79c2c819ea186e3d14ad395fd'],True
gen|4|32,"[""{\n  \""square entries report more pervasive student safety incidents, violent conduct, and unaddressed bullying than circle entries\"": \""This bucket captures concrete accounts of frequent physical fights, on-campus drug dealing, bomb threats, sexual/LGBT-targeted harassment, chronic fear of violence, and repeated reports that bullying goes ignored (e.g., “fights every other day,” “on-campus drug dealing… Admin did not even care,” “the bullying is OBSCENE and nothing is done”). Items here are about the actual prevalence and severity of safety/peer‑misconduct incidents inside the school, not about administrative reaction or policy (those are in separate buckets).\"",\n  \""square entries report more extensive, higher-profile extracurricular/arts/athletics programs and formal college/career pathways than circle entries\"": \""This bucket groups concrete programmatic breadth and outcomes: many clubs and ensembles, championship athletics and performing‑arts placings, vocational certifications, AP/IB/dual‑enrollment/concurrent‑enrollment offerings, and cited college scholarships and counseling success (e.g., “more than 100 clubs,” “concurrent enrollment… graduate with an Associates Degree,” “cheer takes 5th place national,” “88% attend college”). Items here describe available programs, participation scale, competitive achievements, and formal post‑secondary pathways.\"",\n  \""square entries report more administrative unresponsiveness, favoritism, procedural inconsistency, and cover‑up behavior than circle entries\"": \""This bucket contains concrete descriptions of leadership failures and office practices: administrators not answering meeting requests, favoritism toward athletes/wealthy families, inconsistent enforcement or double standards, allegations of incidents being ‘swept under the rug,’ and contradictory front‑office procedures (e.g., “I have made requests to meet… never received a response,” “Principal favors star athletes,” “it will be swept under the rug”). These items focus on how leadership and school procedures act (or fail to act) when incidents or complaints arise.\"",\n  \""square entries report more pronounced academic program complexity and stratification (advanced offerings plus uneven instruction/outcomes) than circle entries\"": \""This bucket groups both the presence of formal advanced curricula and measurable outcomes alongside strong reports of instructional unevenness and tracking: many square items list AP/IB/honors/dual‑enrollment/advanced math and vocational pathways plus external rankings and college metrics, while also reporting low AP pass rates, unequal workload for honors vs standard students, poor differentiation, and variable teacher effectiveness (e.g., “AP classes… never passed an AP exam,” “there are two worlds… AP kids and non‑AP kids,” “concurrent enrollment… associate degree possible,” “teachers vary from diamonds to awful”). These items are about curricular offerings, rigor, measurable outcomes, and how access/quality is stratified within academics.\"",\n  \""square entries report more failures in special education, targeted discrimination, and socioeconomic/programmatic segregation than circle entries\"": \""This bucket captures concrete claims about unequal treatment of vulnerable students and programmatic segregation: insufficient special‑education supports or accommodations, teacher/disciplinary bias against minority or disabled students, segregation between IB/advanced and mainstream programs, class‑based exclusion, and race‑based disciplinary incidents (e.g., “no students get special needs,” “They alone got me in trouble the only black kid,” “They LITERALLY divide the school in 1/2. IB kids and non‑IB,” “rich kids culture—lower‑income kids teased”). Items here focus on equity, access, and discriminatory or segregating practices rather than general safety, extracurriculars, admin responsiveness, or overall academic rigor.\""\n}""]",,27.75335121154785,19553,1216,2005,,[],['resp_0ea711e83ae3353c006a7256d9af70819cbf05c5468eda10c6'],True
gen|0|48,"[""{\n  \""square entries describe stronger advanced academic programs, measurable student outcomes, and college‑preparatory support than circle entries\"": \""These reviews report concrete programmatic depth (AP/IB, many honors classes, dual‑enrollment, academies) and measurable outcomes (high AP pass rates, state test/graduation rankings, scholarships, students admitted to top colleges) that Circle reviews do not; examples include claims of 'many AP classes', 'IB Diploma program', 'Black Hawk College classes' and explicit college‑placement/scholarship stories versus Circle's lack of program detail and only general claims about learning.\"",\n  \""square entries report more pervasive student safety and behavioral problems (bullying, fights, substance use, self‑harm, and racially/sexually targeted harassment) than circle entries\"": \""Multiple Square reviews detail day‑to‑day misconduct, unsupervised violence, drug/alcohol use, repeated bullying ignored by staff, self‑harm among students, and racial or gendered harassment (e.g., 'kids are vulgar', 'this school is full of drugs', 'girls cut themselves', 'racial divide…security guards racially biased'), while Circle reviews lack comparable accounts of widespread safety crises.\"",\n  \""square entries document more administrative dysfunction, inconsistent or punitive discipline, favoritism, and poor school‑family communication than circle entries\"": \""Square reviewers recount unresponsive or defensive administrators, blocked parent access, counselors who fail to follow up, selective discipline or favoritism toward athletes, punitive no‑makeup/credit policies and IEP noncompliance (e.g., 'had to hire an attorney so my son could graduate', 'administrators don't care unless you're on the football team', 'they do not follow IEPs'), whereas Circle reviews do not report this level of governance breakdown.\"",\n  \""square entries highlight broader, higher‑profile extracurricular offerings and athletics prominence — and often resource prioritization to sports — more than circle entries\"": \""Square reviews list extensive extracurricular breadth and high‑visibility programs (state/national championship teams, award‑winning band/robotics, strong music programs, active booster clubs) and sometimes claim athletics receive disproportionate funding ('multi‑million dollar locker room…most funding goes to sports'), while Circle rarely documents comparable program breadth or high‑profile athletic emphasis.\"",\n  \""square entries report more concrete facility, capacity, and operational logistics problems (overcrowding, sanitation, transportation, parking, and maintenance) than circle entries\"": \""These entries contain specific infrastructure and daily‑operations complaints — overcrowded classes and campus, leaking roofs/mold, dirty bathrooms and pests, poor food, early/awkward bus schedules and parking/traffic issues (e.g., 'bathrooms…infested with bugs and rats', 'classes are over filled', 'bus at 6:30am') — problems that Circle reviews do not describe to the same extent.\""\n}""]",,30.47538471221924,19091,1216,1820,,[],['resp_074921d23220f189006a7256d7c15481a188ee7822516adaf1'],True
gen|4|3,"[""{\n  \""square entries describe broader, higher‑achieving extracurricular and specialized academic programs than circle entries\"": \""These square reviews repeatedly enumerate concrete program breadth and measurable successes (AP/IB/magnet programs, NJROTC, debate, state championships, extensive arts and CTE/trade offerings, vocational certificates, college placements and awards) that Circle reviews do not; examples include named AP/IB classes, magnet/STEM academies, Blue Ribbon/Presidential visits, and repeated sports/club championships that contrast with Circle’s sparse listing of clubs and lack of comparable competitive or specialized program outcomes.\"",\n  \n  \""square entries report more frequent and severe safety incidents, student harm, substance problems, and unsanitary facility conditions than circle entries\"": \""Square reviewers detail violent or criminal issues (gangs, repeated fights, arson/vandalism, sexual harassment, unauthorized adults on campus), chronic drug/alcohol use, severe bullying linked to suicide attempts, and explicit facility hygiene failures (sewage smell, no soap/toilet paper, mice) — problems that Circle reviews mention far less or only as isolated/less severe incidents (Circle emphasizes safety improvements and fewer physical/criminal incidents).\"",\n  \n  \""square entries show greater variability and instability in staff quality, turnover, and leadership responsiveness than circle entries\"": \""Square accounts swing between strong praise for specific teachers/principals and sharp critiques (mass exodus/70% turnover, inexperienced or abusive staff, long‑term substitutes, lawsuits, administrative cover‑ups), indicating highly uneven staff competence and leadership over time; Circle reviews by contrast describe more consistent, cohesive teacher commitment and steadier administrative responses (improved leadership, proactive district consolidation).\"",\n  \n  \""circle entries portray more consistent district‑driven turnaround, cohesive staff support, and improved academic outcomes than square entries\"": \""Circle reviews more often describe unified, district-level improvement (successful consolidation, proactive district communications), reliably caring teachers/counselors, rising test scores and graduation outcomes, and parental satisfaction — a coherent narrative of steady improvement and safe, supportive structure that is largely absent from the heterogeneous and conflict‑filled portraits in many square entries.\"",\n  \n  \""square entries report more invasive, punitive, and unevenly enforced student policies and surveillance than circle entries\"": \""Square reviewers cite concrete, restrictive administrative practices (stringent dress codes, locked restrooms, required sign‑in/out procedures, strict attendance waiver rules, frequent searches/surveillance, punitive residency enforcement and record‑protection behaviors) plus selective enforcement/favoritism (athletic immunity, punishment for minor infractions while serious misconduct is ignored), whereas Circle reviews do not describe comparable levels of daily procedural coercion or surveillance.\""\n}""]",,28.71354579925537,19217,1280,1836,,[],['resp_03240648cb3fe1a8006a7256d8d9f881a0a2aa32ce34a677f5'],True
gen|1|4,"[""{\n  \""square entries report more extensive advanced academic programs and measurable college‑preparation outcomes than circle entries\"": \""This bucket captures programmatic breadth and demonstrable academic outcomes: square reviews repeatedly name IB, large AP catalogs (20+ courses), dual‑credit/concurrent enrollment, magnets (STEM/Health/Law), National Merit/US News rankings and concrete college matriculations/credit transfers (e.g., Yale acceptance, students entering college with 16–32 credits), while circle reviews lack those program-level claims or measurable outcomes.\"",\n  \""square entries report more frequent and severe student safety, substance‑use, and daily‑behavior incidents than circle entries\"": \""This groups raw terms describing on‑site threats and ubiquitous behaviour problems: square reviews cite AR‑15/weapon incidents, sexual assaults, frequent fights/assaults, gang apparel, vaping/drug culture, students avoiding restrooms for safety, and regular lockdowns — issues circle reviews do not describe.\"",\n  \""square entries document more administrative unresponsiveness, governance failures, favoritism, and cover‑ups than circle entries\"": \""This bucket covers leadership and governance problems: square reviewers report administrators who ignore or delay parent reports (bedbug delay, brushed‑off bullying), alleged board/scandal/nepotism/financial misconduct, blacklisting readmitted students, firing/blaming teachers, and favoritism toward particular families or athletes — patterns less present in circle reviews.\"",\n  \""square entries describe more persistent facility, resource and operational shortfalls (overcrowding, maintenance, scheduling, and logistics) than circle entries\"": \""This groups infrastructure and operational problems: square reviews list overcrowded buses and classrooms, filthy/restroom sanitation failures (feces, no toilet paper), broken fixtures, outdated or missing textbooks/technology, food/cafeteria shortages, scheduling/credit transfer errors, pay‑to‑play fees and other resource tradeoffs — deficiencies circle reviews generally do not report.\"",\n  \""square entries report more gaps and failures in individualized student support (special education, guidance, mental‑health, and graduation support) than circle entries\"": \""This bucket captures service‑level breakdowns for vulnerable students: square reviewers allege failure to identify or support invisible disabilities (dyslexia, ADHD, ASD), ineffective or absent guidance counseling, mental‑health neglect, IEP fights requiring outside advocates, and inconsistent graduation‑support practices — service gaps that circle reviews do not emphasize.\""\n}""]",,30.549283981323242,19716,1280,1824,,[],['resp_037b0910b6fa7abc006a7256d7bf3481a18e34621540a9922d'],True
gen|3|32,"[""{\n  \""square entries report more severe safety, violence, drug and bullying problems than circle entries\"": \""These reviews describe concrete safety incidents and enforcement failures—stabbings/threats, gang presence, routine drug/alcohol incidents and K‑9 locker searches, frequent fights, pervasive bullying and teen pregnancy—often paired with claims that administration fails to act. Examples: repeated reports of students being stabbed or threatened, ’drugs are the only problem,’ daily fights, and bullying ‘goes unchecked,’ contrasted with Circle reviews that do not document gangs, weapons, or widespread violence.\"",\n  \""square entries describe more extensive, named advanced academic pathways and concrete college/vocational outcomes and supports than circle entries\"": \""Square reviews list specific, structured academic offerings and supports (AP/IB tracks, medical/engineering/science magnets, university partnerships, dual‑credit/CCAP programs, robust AP pass rates, credit recovery, vocational pathways, college counseling and parent portals) and cite measurable college matriculation and scholarship outcomes. Examples: partnerships with a university for engineering credit, magnet/AP/AVID/CCAP programs, chromebook programs and 'smart lunch' tutoring, and alumni reporting admission to selective universities—features that Circle reviews largely lack or report as weaker/remedial.\"",\n  \""square entries report stronger athletics prominence and resource allocation toward marquee sports (and related favoritism) than circle entries\"": \""Many Square reviews describe an athletics‑centered culture and resource politics—football prominence, disproportionate funding for marquee teams, coaches prioritizing sports over classroom instruction, grade/discipline favoritism for athletes, and cuts to smaller activities. Examples: complaints that 'all they care about is their football team,' coaches paying more attention to sports than classes, and smaller clubs being tossed aside in favor of football/baseball.\"",\n  \""square entries report more administrative dysfunction, inconsistent or punitive discipline, and managerial favoritism than circle entries\"": \""Square reviewers frequently cite leadership instability (rapid principal turnover), politicized or arbitrary discipline (punitive dress‑code, inconsistent enforcement, victims punished), nepotism/favoritism in hiring and athletics, poor communication and record‑keeping (lost credits, registrar problems, unreturned parent emails), and contested pandemic/health or policy decisions. Examples: ‘3 principals in 4 years,’ allegations that victims were suspended, ‘teachers don’t return emails,’ and claims of lost credits or politicized discipline—issues Circle reviews generally do not raise.\"",\n  \""circle entries report more consistent teacher dedication, parent endorsement, small‑school/community cohesion and accessible supports than square entries\"": \""Circle reviews more often emphasize hands‑on principals/visible leadership, dedicated faculty mentors, positive parent recommendations, tight peer cohesion and community pride, and practical supports (parent portals, teacher responsiveness) rather than the severe safety/administrative problems seen in Square. Examples: statements like ‘very student centered,’ ‘outstanding faculty mentors,’ and explicit parental endorsements (‘I definitely recommend it’) appear in Circle but are largely absent from the Square accounts.\""\n}""]",,29.140334129333496,19121,1920,2542,,[],['resp_05fea37c2a51819b006a7256d8a58081a09779141a73802637'],True
gen|3|37,"[""{\n  \""square entries report more on-campus safety incidents, student misconduct, and police/security activity than circle entries\"": \""This bucket captures accounts of fights, weapon/gun threats, vandalism, gang activity, drug use, sexual harassment/assault, lockdowns and school-police conflicts — e.g., Square mentions \\\""quarterly fights,\\\"" a \\\""gun threat,\\\"" a \\\""brand new BMW... vandalized,\\\"" \\\""extremely high gang activity,\\\"" pepper‑spray incidents, and critiques of the RSO — whereas Circle contains little or no reporting of recurring violence, gangs, or police responses.\"",\n  \""square entries document more concrete advanced-academic, career, and measurable postsecondary outcomes than circle entries\"": \""This groups reviews that list specific AP/IB/dual-enrollment/CTE programs, credentials and named college placements — e.g., Square cites extensive AP lists, IB diplomas, dual‑enrollment credits, Health Academy CNA outcomes and admits to MIT/Cornell/Presidential Scholars — while Circle rarely enumerates such programs or selective-university outcomes and offers only general claims about college readiness.\"",\n  \""square entries report more administrative inconsistency, favoritism/nepotism, and politicized or uneven discipline practices than circle entries\"": \""This covers allegations about biased grading, favoritism toward athletes/gifted students or connected families, nepotistic hiring, protected staff, slow or absent administrative responses, and contested discipline enforcement — e.g., Square accuses administrators of having \\\""favorites,\\\"" protecting staff, mishandling bullying/IEP disputes, and inconsistent suspensions, facts not commonly asserted in Circle.\"",\n  \""square entries describe greater polarization in teacher behavior and instructional consistency (both stronger proactive support and more unprofessional or inconsistent instruction) than circle entries\"": \""This bucket groups reports that simultaneously praise accessible, communicative teachers (daily emails, after‑school tutoring, small AP classes) and document unprofessional conduct, non‑instruction, grading inconsistencies, punitive classroom practices or weak AP rigor — e.g., Square cites teachers who \\\""email me with any concerns\\\"" and also teachers who \\\""curse,\\\"" \\\""don't teach\\\"" or post wildly different grades, whereas Circle's reviews are more uniformly about a few caring teachers or general staff problems without this high variability.\"",\n  \""square entries emphasize more concrete facility, operational, and extracurricular scale issues (overcrowding, capital projects, broad extracurricular/athletics offerings and tradeoffs) than circle entries\"": \""This groups mentions of tangible infrastructure and operational attributes — large enrollments, overcrowded halls, parking/bus logistics, new buildings/bond debates, extensive clubs/CTE/athletic prominence, and tradeoffs (e.g., arts underfunded vs sports funded) — e.g., Square lists many clubs and career academies, athletic-event attendance, new performing-arts centers, overcrowded classes and parking problems; Circle does not typically present this same breadth of facility/scale detail.\""\n}""]",,29.177345991134644,19481,1152,1755,,[],['resp_033da88e16c37b51006a7256d8aed4819cb389b01679195a8f'],True
gen|1|6,"[""{\n  \""square entries report more serious student-safety incidents and inadequate institutional responses than circle entries\"": \""This bucket captures reports of physical violence, gang activity, assaults/sexual‑assault mishandling, pervasive bullying, substance use, repeated threats/attacks, and examples where staff/security/administration failed to protect or adequately discipline (e.g., “fights regularly broke out in the halls,” “S/A cases? Yeah they don’t do ANYTHING,” pepper‑spray classroom incident, weekly threats, principal/administration inaction). Items here are about concrete on‑campus safety problems and institutional failures to address them — patterns that are frequent in square entries but absent or far weaker in circle entries.\"",\n  \""square entries describe more formal advanced academic and vocational pathways and measurable postsecondary outcomes than circle entries\"": \""This bucket groups mentions of structured college‑prep and career programs and tangible outcomes: AP/IB/dual‑credit, honors/advanced tracks, vocational certifications (CNA, trade programs), internships/research, and named college admissions/scholarships (e.g., “IB, AP & dual credit… alumni to Princeton/Harvard,” “48 AP credits,” CNA classes, West Point, full paid scholarship). These items denote concrete curricular pathways and documented post‑graduation results that square reviewers frequently cite while circle reviews provide fewer or only general college‑prep claims.\"",\n  \""square entries document more staff misconduct, favoritism, nepotism, and politicized leadership or administrative mishandling than circle entries\"": \""This bucket covers concrete problems in adult behavior and governance: teacher yelling/insulting, favoritism toward athletes/elite families, nepotistic hiring practices, grade‑changing and record mishandling, cronyism and district leadership failures, and punitive/overzealous discipline (e.g., “teachers routinely scream… call them idiots,” “teachers favor jocks,” “changing teacher grades for the student,” “It’s all politics,” threats to put a student in juvenile hall). These are reports of staff/leadership misconduct and politicized decision‑making that appear far more in square entries than in circle entries.\"",\n  \""square entries report more acute facility, capacity, and resource conditions — both severe neglect and conspicuous capital projects or misallocation — than circle entries\"": \""This bucket groups specific, tangible facility and resource issues and choices: overcrowding and navigation problems, unusable bathrooms/pest or toxic mold, severe temperature control, parking and cafeteria problems, digital access shortfalls, and large athletic capital spending or recent renovation projects (e.g., “bathrooms are unusable,” “toxic mold … stopped breathing,” “spent 4.2 million on a football field,” new gym/building). Square entries document concrete physical/resource conditions and funding tradeoffs much more often than circle entries.\"",\n  \""square entries describe broader, organized extracurricular offerings and stronger community/parent involvement than circle entries\"": \""This bucket captures reports of abundant and organized extracurricular life, booster/parent engagement, alumni continuity, city/community youth supports, and active parental advocacy or escalation (e.g., “140+ member award‑winning marching band,” “Ram Fans and Wilson Music Boosters,” “parents work closely with teachers,” families moving for the district). These concrete accounts of program breadth and community/parent participation are common in square reviews and largely missing or far less elaborate in circle reviews.\""\n}""]",,30.675364017486572,19624,1152,1852,,[],['resp_0943bb54bf9b5b98006a7256d7bbfc81a38cc13e5727b0db92'],True
gen|4|13,"[""{\n    \""square entries report more frequent and severe student safety and conduct problems (bullying, fights, assaults, drugs, gangs, security breaches) than circle entries\"": \""This bucket captures concrete reports of physical and emotional safety incidents and on-campus criminality in square reviews (e.g., “fights happening almost every day,” “this is the home of drugs and gangs — needs a K9,” students shoved into lockers, sexual‑predator concerns, metal‑detector bypass, food‑poisoning and concussion mishandling) while circle reviews lack comparable accounts of violence, gang activity, or recurring safety breaches.\"",\n    \""square entries describe a broader, more documented menu of specialized academic pathways and extracurricular breadth (AP/IB/dual‑enrollment, vocational tracks, award‑winning arts/athletics, academies) than circle entries\"": \""This groups items where square reviews enumerate concrete programs and successes—dual enrollment with community college, multiple AP/IB offerings, STEM/performing‑arts academies, marching band and show‑choir achievements, vocational certificates (welding, nursing, aviation), and extensive clubs—whereas circle reviews rarely list such structured, high‑level curricular or competitive extracurricular programs.\"",\n    \""square entries document more administrative and operational dysfunction, inconsistent or biased discipline, and poor parent communications (favoritism, punitive enforcement, lost records, rude office staff) than circle entries\"": \""This bucket includes critiques of school governance and processes found in square reviews—examples: entrenched abusive principals, favoritism toward athletes or wealthy families, overuse of ISS for minor offenses, lost assignments/grades/PSAT mistiming, rude registrars and missed parent notifications—contrasted with circle reviews which do not report these specific administrative breakdowns.\"",\n    \""square entries show greater within‑school variability and instructional problems (wide teacher quality swings, absenteeism, busywork, poor remote instruction) than circle entries\"": \""This covers reports that instruction in square schools is uneven—some teachers 'top‑notch' while others are inexperienced, frequently absent, or use rote busywork; remote learning failures and the need for parent‑paid tutoring are also common—whereas circle reviews generally describe more consistent, reliable classroom instruction.\"",\n    \""square entries reveal stronger, more explicit community and postsecondary dynamics—both tangible community support and visible churn/favoritism (tax levies, alumni legacy, families relocating/withdrawing, pay‑to‑play fees, documented college outcomes/counseling)—than circle entries\"": \""This bucket groups concrete mentions of community funding, alumni continuity and choice/transfer behavior, recruitment/withdrawal trends, socioeconomic favoritism, and explicit college/career supports or outcomes in square reviews (e.g., passed tax levies, parents moving schools to attend, pay‑to‑play fees, counselors enabling dual enrollment, graduates with top college placements), topics that circle reviews rarely present with comparable specificity.\""\n}""]",,28.616212844848633,19392,1152,1811,,[],['resp_0ff1ec4db62ac2eb006a7256d91ca481918087abb3a89cfb79'],True
gen|2|26,"[""{\n  \""square entries report more advanced/specialized academic programs and measurable college outcomes than circle entries\"": \""This bucket captures mentions of formal, high‑level academic offerings and documented postsecondary success appearing far more in square reviews (AP/IB breadth, AP Capstone, high IB participation, dual‑enrollment/early college, National Merit, and alumni admitted to Harvard/Stanford/UCs) while circle reviews rarely name comparable programs or college placement examples (examples: 'offering a wide array of AP classes', 'over 63% take at least one IB class', 'many kids go to UC/Johns Hopkins/Georgetown').\"",\n  \""square entries describe broader, higher‑profile extracurriculars, arts, and athletics (and program achievements) than circle entries\"": \""Square reviews repeatedly enumerate rich extracurricular ecosystems and celebrated program outcomes — marching band, choir, orchestra, theatre, ROTC, robotics, varsity sports, state championships, named theater/science wings, and notable alumni — whereas circle reviews rarely list this breadth or high‑level awards (examples: 'band program is second to none… 24 state championships', 'ROTC is the largest in the area', 'fabulous theatre arts dept' versus circle's limited marching‑band praise).\"",\n  \""square entries report more serious student misconduct, safety incidents, bullying, and hate/racism/weapon issues than circle entries\"": \""This bucket groups concrete safety and student‑behavior allegations that are far more prevalent in square reviews — daily fights, drug and gang presence, weapons/guns on campus, pervasive bullying, racial slurs/confederate flags/swastikas, homophobia, and student assault reports — while circle reviews seldom document weapons or organized hate incidents (examples: 'fights almost every day', 'guns being brought to school', 'school is littered with swastikas and people saying \\\""White power\\\""').\"",\n  \""square entries report greater administrative dysfunction, inconsistent discipline, favoritism/retaliation, and failures in special‑education/communication than circle entries\"": \""Square reviews contain many examples of leadership problems and policy failures — unresponsive principals/superintendents, inconsistent or athlete‑biased discipline, nepotism/\\\""good ole boys\\\"" hiring, punitive enforcement, retaliation against reporters/coaches, poor IEP/504 implementation and missing coordinators, and broken parent‑school communication — whereas circle reviews more often praise responsive administrators and stable counselor support (examples: 'They will not address it', 'no IEP or 504 coordinator', 'principal is horrible', 'caught them red‑handed and I was let go as a coach').\"",\n  \""square entries detail more concrete facility, maintenance, overcrowding, transportation and resource allocation issues (and named capital investments) than circle entries\"": \""Square reviews more frequently name physical‑plant realities — both positive capital projects (new science/arts wing, new track, renovated campus) and acute problems (A/C failures, asbestos/collapsing ceilings, filthy bathrooms, trailers/overcrowding, late buses, poor food service) and explicit resource allocation choices (spending on athletics vs arts; pay‑to‑access fees) — while circle reviews seldom offer these detailed facility or resourcing descriptions (examples: 'new $14 million science and arts wing' alongside 'asbestos in the classroom tiles' and 'bus is 30–45 minutes late').\""\n}""]",,30.554680824279785,19381,1536,2252,,[],['resp_01b1b8c620217654006a7256d84ab081a2a75bf0d971b72fca'],True
gen|1|1,"[""{\n  \""square entries report more campus safety incidents, substance use, and law‑enforcement interventions than circle entries\"": \""These reviews describe concrete, recurring safety crises at the school—fights, vaping/drug availability and overdoses, bomb‑squad and canine searches, repeated police surround incidents, student assaults, thefts, and large unsupervised student movements (e.g., monthly dog searches, ‘meth capitol’ area history, ‘police multiple times this year’). In short, square schools are characterized by frequent on‑campus violence/substance problems and visible external/security responses that circle entries do not recount.\"",\n  \""square entries document more administrative and governance failures, unresponsiveness, turnover, and fiscal/policy mismanagement than circle entries\"": \""Square reviews repeatedly cite leadership breakdowns and governance problems—ignored complaints, swept‑under‑the‑rug incidents, failed handling of bond/expansion projects, misallocated pandemic funds, frequent principal/administrator turnover, tenure blocking accountability, and poor student‑record/placement processes (e.g., board refusing to build approved school, ‘no one has done a thing,’ ‘half of them are gone’). These are systemic, decision‑making and accountability failures at the district/school leadership level that circle entries generally do not report.\"",\n  \""square entries describe more formal advanced academic programs and measurable college‑preparatory outcomes (AP/IB/Honors/dual enrollment) than circle entries\"": \""Many square reviewers list concrete advanced offerings and outcomes—school‑level IB programmes, large AP/Honors menus, Running Start/dual‑enrollment successes, and documented competitive college admissions and scholarships (examples: IB diploma benefits, ‘plethora of Honors and AP classes,’ Running Start credit accumulation, alumni at Vanderbilt/IVY/CSUs). Thus square schools more often present institutional, named advanced pathways and measurable college‑prep results absent from circle entries.\"",\n  \""square entries emphasize athletics‑first culture, athletic resource prioritization, and athlete favoritism over academics more than circle entries\"": \""Square reviews repeatedly report sports‑dominant cultures and resource allocation—claims that funding and protection flow to football/athletics, coaches shielded from accountability, pressure to pass athletes, athletic immunity in discipline, and notable athletic facilities/championships (e.g., ‘all nonexistent funding goes to the meat‑head football coaches,’ ‘if you are a football player you receive immunity,’ multiple state titles and top facilities). This athletics‑over‑academics pattern is far more prominent in square entries than circle entries.\"",\n  \""square entries report more direct staff misconduct, punitive classroom/office practices, and staff clique/favoritism than circle entries\"": \""Square reviewers document concrete staff‑level harms and problematic practices—teachers flirting with students, sexual harassment/victim‑blaming, punitive discipline (calling police on students, humiliating lunch denial), physical destruction of student work, biased/bullying security or front‑office staff, teacher cliques and favoritism, and inconsistent dress‑code enforcement. These frontline personnel behaviors and classroom/office abuses are described far more often in square entries compared with circle entries.\""\n}""]",,31.513642072677612,19148,1408,2059,,[],['resp_01e5f0c14cd4d481006a7256d80278819e8e8b75e25214f7ce'],True
gen|2|37,"[""{\n  \""square entries report more chronic student safety, violence, substance‑use, and ineffective behavior‑enforcement than circle entries\"": \""These reviews describe repeated, concrete safety incidents and failures of on‑site response (e.g., weekly fights; sexual/physical assaults with officials not filing reports; pervasive drug deals at games and on campus; a student denied restroom access and harmed) and document security staff or administration that are slow, dismissive, or ignore complaints—patterns that are largely absent from circle entries.\"",\n  \""square entries describe more formal advanced academic tracks, dual‑enrollment/college‑credit pathways, and measurable postsecondary outcomes than circle entries\"": \""Many square reviews name structured programs and outcomes (IB and Cambridge programs, Wildcat University/dual‑credit, dozens of certifications, AP success and state/high AP scores, alumni at Ivy/major universities, scholarship totals), portraying concrete curricular pathways and documented postsecondary results that circle entries typically do not provide.\"",\n  \""square entries document more administrative dysfunction, governance protectionism, and operational failures than circle entries\"": \""Square reviewers report systemic leadership problems—cronysm/tenure protection of poor staff, school‑board shielding, retaliatory treatment of complaining parents, lost/mishandled transcripts, pervasive scheduling and grading policy errors, severe counselor understaffing (e.g., one counselor for 500 students), bus driver shortages, and chronically unresponsive offices—that go beyond the more limited managerial critiques in circle entries.\"",\n  \""square entries report more severe facilities, maintenance, and capacity problems (unsanitary conditions, pests/mold, aging infrastructure, overcrowding, and poor technology/transportation) than circle entries\"": \""Concrete facility complaints recur in square reviews—rats/cockroaches/mold, leaks and bad ventilation, unclean restrooms, broken furniture, slow internet, construction‑related parking/drop‑off chaos, and extreme overcrowding (multiple campuses/3500+ students)—whereas circle reviews rarely describe these kinds of health, maintenance, or capacity crises.\"",\n  \""square entries portray a more polarized extracurricular and social culture—strong mascots/athletics/band pride coexisting with favoritism, clique‑driven exclusion, and academic‑track stratification—than circle entries\"": \""Square reviews often celebrate intense school spirit and standout programs (mascot chants, award‑winning band, college‑level athletics) while simultaneously documenting preferential treatment for athletes/connected students, grade inflation for athletes, clique‑based exclusion, socioeconomic division driving bullying, and AP/IB access stratified by social group—contrasting with circle entries' less polarized social/extracurricular picture.\""\n}""]",,31.33296799659729,19062,1408,1966,,[],['resp_02aa71d9c08cf6a7006a7256d821d881a0bcecc0859ea05ff7'],True
gen|0|21,"[""{\n  \""square entries report more student safety, bullying, substance-use, and violence problems than circle entries\"": \""These reviews describe concrete safety failures inside the building and slow or ineffective response (frequent fights, lockdowns, students beaten, pervasive bullying, routine drug/alcohol use, SRO abuse allegations, and punitive ISS practices); examples include reports of 'lots of bullying and drug activity,' 'many gang fights' and an alleged officer slamming a student’s head, contrasted with Circle reviews that generally lack such safety incidents.\"",\n  \""square entries report more administrative unresponsiveness, governance dysfunction, and mishandled complaint/policy processes than circle entries\"": \""These items document bureaucratic failures and leadership problems — unreturned principal e-mails, board/union politics, nepotism, lost paperwork, mishandled investigations where victims are punished, privacy‑violating searches, and contested grading/policy changes — e.g., 'The board... does not listen,' 'counselors do NOT take complaints seriously,' and allegations that victims were suspended while perpetrators faced minimal accountability, which Circle reviews do not detail.\"",\n  \""square entries describe more concrete advanced academic programs, formal academies, and measurable college/career outcomes than circle entries\"": \""Many Square reviews list named rigorous offerings and outcomes (IB, many AP/honors, career academies, PSEO/dual‑enrollment requests, high AP pass rates and top college acceptances), and cite specific accountability/ranking claims ('IB program,' 'tons of AP and honors classes,' 'students accepted to top universities'), whereas Circle reviews rarely enumerate comparable program breadth or concrete postsecondary metrics.\"",\n  \""square entries report stronger extracurricular breadth/recognition and clearer athletics‑first resource choices (including favoritism) than circle entries\"": \""Square reviews frequently highlight nationally‑recognized music/band, award‑winning theater and clubs, broad vocational electives, plus explicit resource choices privileging sports (large turf purchases, athletes exempted from rules) and coach favoritism — e.g., 'famous for its football program,' 'voted one of the best music communities,' and 'they paid $1.7 mil for a new football turf' — claims that Circle does not similarly make.\"",\n  \""square entries report more documented inequities and failures in targeted student supports (special education, ESL, tracking, and socioeconomic/racial favoritism) than circle entries\"": \""These notes capture systemic gaps and biased enforcement — IEP/504 noncompliance, inadequate Spanish/ESL support, tracking that ostracizes B students, and preferential treatment for wealthy/white/athletic students (placement bias, unequal discipline) — for example, 'our daughter's IEP was not followed,' '50% Spanish‑only students in lower classes,' and 'If you are white, wealthy and athletic, then this is the school for you,' issues not raised in Circle.\""\n}""]",,31.547057151794434,19310,1344,1971,,[],['resp_070aff8aac881fb4006a7256d7a1f081a18efb0b2a7dd512b4'],True
gen|0|11,"[""{\n  \""square entries report more extensive formal advanced academic pathways and measurable college/postsecondary outcomes than circle entries\"": \""These reviews describe concrete advanced-program infrastructure and outcomes (IB, large AP/Honors counts, dual-enrollment, academy/pathway structures, AP→college credit and quantified scholarship/SAT/college placements) that circle reviews do not; examples include “This school is a IB school,” “AP Course 21+, Honors courses 30+,” students entering college with 25 credits, National Merit semifinalists, and >$1.2M in scholarships contrasted with Circle’s lack of comparable program names or quantified college outcomes.\"",\n  \""square entries report more routine and severe student safety incidents, bullying, substance use, and resulting mental‑health harm than circle entries\"": \""Square contains repeated, specific accounts of fights, bathroom drug sales/use, overdoses, pervasive daily bullying, racial and homophobic assaults, and explicit links to severe student mental‑health treatment (therapy, medication, suicidal ideation), whereas Circle lacks comparable reports of recurring on‑campus drug use, fatal overdoses, or school‑driven mental‑health crises.\"",\n  \""square entries report more administrative and operational failures—poor communication, scheduling/misplacement, mishandled incidents, and lack of accountability—than circle entries\"": \""Square reviews document process breakdowns that directly harm students (broken grading portal, misplacement out of AP, withheld transcripts, scheduling/credit errors, counselors unreachable, administrators not responding or ‘sweeping incidents under the rug’), as well as formal mishandling of complaints and IEPs; Circle contains fewer examples of these kinds of systemic operational failures.\"",\n  \""square entries describe richer extracurricular, arts, and athletic/magnet offerings and also more contested athletics‑first funding priorities than circle entries\"": \""Square repeatedly names high‑level magnet/extracurricular programs (national/international theatre troupes, award‑winning band, culinary restaurants, ROTC, wide vocational offerings) alongside complaints that budgets and attention disproportionately favor athletics (new football fields, coaching dominance) at the expense of academics or other programs—patterns Circle does not present with the same programmatic detail or contested funding narrative.\"",\n  \""square entries report more physical infrastructure, sanitation, overcrowding, and resource shortfalls (technology, bathrooms, cafeteria, maintenance) than circle entries\"": \""Square reviews include concrete facility and resourcing failures—cockroaches/rodents, mold and burst sewage, tiny/dangerous detention rooms, overcrowded hallways/cafeterias, missing soap, lack of computers, and chronic maintenance—that Circle reviews do not describe at comparable scale or specificity.\""\n}""]",,31.54999089241028,19451,1408,1983,,[],['resp_0fd0ebc84da0109b006a7256d79f20819f8f231897228bd69f'],True
gen|1|52,"[""{\n  \""square entries report more on‑campus violence, drug use, bullying, and criminalization of student behavior than circle entries\"": \""This bucket groups raw items describing concrete safety incidents and student misconduct (gangs, fights, weapons, pervasive drug use/smell, frequent physical assaults, police presence, and students afraid for their safety) that appear repeatedly in Square but not in Circle (e.g., 'DRUGS.ARE.EVERYWHERE.HERE', 'Many fights break out', 'kids bringing guns to school', 'bullied relentlessly... became suicidal'), whereas Circle contains no parallel claims of routine violence or campus criminalization.\"",\n  \""square entries describe more extensive advanced academic programs, AP/IB/dual‑enrollment offerings, and measurable college outcomes than circle entries\"": \""This bucket captures programmatic and outcome evidence—named IB/AP/honors tracks, dual‑enrollment partnerships, large AP portfolios, and concrete scholarship/college matriculation stories—that Square reviewers cite frequently (e.g., 'IB programme... accepted to 7/8 schools', 'Partnership with Kirkwood... tuition free college credit', 'Two older ones received partial academic scholarships'), while Circle’s entries lack these specific advanced-program details or measurable college-credit outcomes.\"",\n  \""square entries report more punitive, inconsistent, and unaccountable administrative policies and governance failures than circle entries\"": \""This bucket groups descriptions of administrative and governance practices—harsh or arbitrary discipline (IDs for bathroom use, ISS for minor infractions), inconsistent enforcement and favoritism, board/leadership unresponsiveness or character criticisms, suppression of parent/student reform, and top‑down accountability failures—that Square details repeatedly (e.g., 'administrators also just believe the teachers', 'TNHS problems are top‑down... zero accountability', 'they suspend there kids for no reason'), whereas Circle’s critiques are more operational and do not document the same level of punitive policy or governance breakdown.\"",\n  \""square entries emphasize broader/extracurricular breadth and visible facility/capital investment but also higher out‑of‑pocket fees and athletics‑first resource allocation than circle entries\"": \""This bucket groups Square’s concrete statements about large extracurricular offerings and facility projects (state‑of‑the‑art buildings, new gym floors, marching band/state championships, many clubs) alongside recurring reports of fees and funds channelled to athletics at the expense of other programs (e.g., 'community approved over 80 million in renovations', 'marching band won first place', and 'All the money raised ALWAYS goes to football', '$100+ in fees every year'), while Circle does not report comparable capital scale or the same pattern of pay‑to‑participate costs and athletics‑favored budgeting.\"",\n  \""square entries show greater within‑school variability in teacher effectiveness and individualized student supports than circle entries\"": \""This bucket covers Square’s contrasting, concrete examples of both highly devoted, hands‑on teacher/counselor interventions (after‑school tutoring, principal helping a student pass, teacher phone calls to parents) and severe teacher problems (widespread non‑instruction, incompetence, favoritism, and special‑education neglect), producing pronounced inconsistency across classrooms ('most teachers are great' vs 'many of the teachers don't teach'), whereas Circle’s accounts are more uniformly described (fewer extremes and less evidence of individualized teacher interventions).\""\n}""]",,31.630919933319092,18827,1216,1934,,[],['resp_07e4b9f0532c34ae006a7256d7f5ec819282c1b86c32efca93'],True
gen|4|8,"[""{\n  \""square entries describe stronger advanced academic offerings, structured academic supports, and measurable college‑preparation outcomes than circle entries\"": \""This bucket captures references to concrete college‑prep infrastructure and outcomes (AP/Pre‑AP, IB, dual‑enrollment, academies, tutoring/ACT/SAT prep, documented graduation and college placements). Examples include many square reviewers listing AP/honors and dual‑enrollment options, named academies and after‑school tutoring/GEAR UP/ACE Time, raised graduation rates and Ivy/college scholarships — claims that Circle reviews rarely make.\"",\n  \""circle entries report more consistently supportive, caring teachers and more responsive, communicative administration than square entries\"": \""This groups statements that emphasize steady adult support, accessible communication with parents, organized staff development, and moral/accountability leadership; Circle reviews repeatedly note ‘very caring/helpful’ teachers, responsive administration and parent communication, and organized staff practices that square entries do not consistently report.\"",\n  \""square entries report more severe student safety and behavioral problems, and greater administrative failure to address them, than circle entries\"": \""This covers reports of pervasive bullying, fights/gang violence, drug use/overdoses/vaping, security breaches and detailed complaints that leadership ignored, gaslit, or failed to enforce safety policies — specific allegations (students sneaking outsiders in, security high‑fiving fighters, multiple ODs, ignored bullying reports) found frequently in square but not in Circle.\"",\n  \""square entries emphasize broader extracurricular ecosystems and facility/infrastructure investment and specialized non‑core programs more than circle entries\"": \""This bucket groups concrete descriptions of wide extracurricular breadth and facility investments — performing arts, marching band, orchestra/choir, many clubs, JROTC, robotics, strong athletic complexes, museum/science partnerships and capital projects — along with named programmatic partners and specialty pathways that square reviewers catalogue but Circle reviewers rarely enumerate.\"",\n  \""square entries document more systemic favoritism, politicized athletics, fundraising/pay‑to‑play, and accountability‑gaming than circle entries\"": \""This includes reports of booster/donor politics, pay‑to‑play team selection, nepotism, race/class/athlete favoritism, district financial self‑interest, and tactical practices to inflate metrics (e.g., shifting students to LD/credit‑recovery), all recurrent in square reviews but largely absent from Circle.\""\n}""]",,29.766240119934082,19199,1664,2150,,[],['resp_01d474d2bbeab04c006a7256d8fccc819db9217d6d4a53f328'],True
gen|1|13,"[""{\n  \""square entries describe more and stronger formal advanced academic and college/career pathways (IB, AP, engineering, dual‑credit, CTE) than circle entries\"": \""These reviews highlight concrete, school‑run academic pathways and measurable postsecondary outcomes: repeated praise for IB and AP programs, Project Lead the Way engineering with college credit, Jumpstart/Early College/CTE classes, many AP/IB course listings, National Merit scholars, and explicit college placements and scholarships — claims that Circle reviews do not provide (Circle focuses on freshman adjustment and lacks school‑level program detail).\"",\n  \""square entries report more severe and frequent safety, violence, substance, and bullying incidents (gangs, fights, weapons, sexual misconduct) than circle entries\"": \""Square reviews contain explicit accounts of on‑campus violence, gangs, stabbings/shootings, weapons and police raids, widespread drug/alcohol problems, repeated bullying/harassment (racial/homophobic/sexual), alleged teacher–student sexual impropriety, and even multiple suicides/attempts — a level and breadth of safety/criminal incidents not described in the Circle reviews.\"",\n  \""square entries emphasize larger enrollment, complex facilities, and capacity/facility problems (overcrowding, maintenance, renovations) more than circle entries\"": \""Square reviews repeatedly reference school scale and physical plant details — multi‑floor campuses, enrollments of thousands, top‑tier athletic facilities or major renovations, but also chronic overcrowding, chaotic lunch periods, sanitation failures, asbestos and flooding — whereas Circle reviews describe a small/new attractive campus without the same scale or complex capacity problems.\"",\n  \""square entries report more concrete staff and leadership dynamics (turnover, morale, counseling, communication, and inconsistent rule enforcement) than circle entries\"": \""Square reviewers give detailed, actionable accounts about teacher quality and instability (high turnover, reliance on subs, tenured complacency), counseling overload/unhelpfulness or hands‑on responsiveness, principal/administrator behavior (both praised and criticized), district leadership/pay critiques, and uneven discipline/enforcement — reporting operational personnel strengths and failures that Circle reviews do not document with the same specificity.\"",\n  \""square entries report more socioeconomic‑ and access‑related inequities, funding/fee issues, and failures of accommodations (favoritism, pay‑to‑play, tracking, 504/IEP breakdowns) than circle entries\"": \""Square contains multiple allegations that affluent families are favored, sports/activities require fees or exclude low‑income students, fiscal mismanagement, tracking/discriminatory practices, and systemic failure to implement 504s or IEP supports — specific equity, affordability and accommodation problems not described in Circle (which, in contrast, sometimes highlights scholarship access or community supports).\""\n}""]",,31.820368766784668,19475,1344,1913,,[],['resp_007ac511be83955a006a7256d81eb881918f01b04f0f436018'],True
gen|4|17,"[""{\n  \""square entries report far more pervasive student safety, discipline, substance‑use, and bullying crises than circle entries\"": \""These reviews describe concrete safety incidents (vaping epidemics, drugs on campus, students taken away in ambulances, sexual assaults, frequent fights, police on campus), pervasive bullying, self‑harm reports, and theft—claims absent or far less frequent in circle entries (examples: “Vape epidemic,” “kids have been taken from school in ambulances,” “RAMPANT bullying,” “two students stole my jacket”).\"",\n  \""square entries describe substantially broader and more measurable advanced‑academic programs and college‑prep outcomes than circle entries\"": \""Square reviews repeatedly name IB/AP/honors, dual‑enrollment, magnet academies, career credentials (CNA), high AP participation rates, and concrete college outcomes/scholarships (e.g., ‘30+ AP courses,’ ‘over 63% take an IB class,’ ‘accepted to Stanford/Princeton/UNC’), whereas circle reviews rarely list these specific programmatic offerings or quantified outcomes.\"",\n  \""square entries report stronger athletics/fine‑arts prominence and explicit favoritism or resource allocation toward athletes than circle entries\"": \""Many square reviews describe an athletics‑first culture, funding imbalances (football receiving most money), lenient discipline for athletes, booster/PTSA influence, or strong band/music programs and awards (examples: “Stop treating athletes like Gods,” “Football is where most of the money goes,” and also detailed award‑winning music/band claims), while circle entries do not present this same pattern of programmatic favoritism and tradeoffs.\"",\n  \""square entries document more frequent administrative and governance problems—unresponsiveness, donor/PTO influence, policy dysfunction, and misconduct—than circle entries\"": \""Square reviewers cite concrete governance failures and misbehavior (unresponsive principals, lied to parents, PTA/SchoolFoundation favoritism, budgeting mismanagement, board ignoring complaints, withheld incident notifications), e.g., “the principal lied,” “the pta board is terrible,” and “board of education will not approve or listen to you,” complaints that are largely absent or less detailed in circle entries.\"",\n  \""square entries provide more detailed, mixed evidence about staffing quality and student‑support services—wide teacher variability, explicit tutoring/ remediation and special‑education issues, and counselor capacity problems—than circle entries\"": \""Square reviews include both praise and criticism of teachers (engaged arts teachers vs apathetic instructors), concrete remediation supports (AIS classes, academic centers, free tutoring, robotics/mentoring), plus problems like 504/IEP non‑compliance, high teacher turnover, and overworked/insufficient counselors (examples: “they have ais classes,” “504 plans are not consistently followed,” “3 counselors for ~3000 students,” “had over 13 teachers in one year”), whereas circle entries rarely present this depth and range of operational staffing/support detail.\""\n}""]",,29.665624141693115,18961,1472,2120,,[],['resp_0acbd3e883ea3a1c006a7256d944e0819e977f7411adb08d49'],True
gen|2|54,"[""{\n  \""square entries describe stronger, concrete academic programs and measurable post‑secondary outcomes than circle entries\"": \""This bucket covers cases where square reviews list named, structured academic offerings and cite measurable outcomes (AP/college‑credit pathways, Mod scheduling, freshman academy, students taking UC classes and reported GPAs) or explicitly request SAT/ACT/graduation data, whereas circle reviews rarely provide comparable program names or outcome metrics (examples: square mentions AP/college credit, a student now at UC with a 3.77 GPA, the Mod system and a freshman academy; circle contains little or no similar outcome evidence).\"",\n  \""square entries report more concrete teacher instructional behaviors and responsiveness (both problems and proactive help) than circle entries\"": \""This groups items where square reviews give specific teacher‑level examples—refusals to meet, failure to coach, cell‑phone disengagement, favoritism, athletic immunity, but also multiple reports of before/after‑school help—while circle reviews focus less on concrete teacher actions; examples include teachers ‘refused to meet’ or ‘recommended students drop her course,’ alongside statements of teachers staying before/after school to help.\"",\n  \""square entries highlight broader extracurricular, arts, and athletics programs and visible student pride more than circle entries\"": \""Square reviews repeatedly name extensive extracurricular offerings, strong arts programs, honor choir, unique magnets (e.g., pilot classes), and specific sports teams, and describe active student pride and many clubs, whereas circle reviews note limited clubs and cuts to departments; examples: ‘best magnet programs,’ ‘honor choir,’ lists of Volleyball, Soccer, track, and ‘many clubs and activities’ appear in square but not in circle.\"",\n  \""square entries report more facility, maintenance, food‑safety, and funding allocation problems than circle entries\"": \""This bucket contains square reviews that describe tangible infrastructure and resourcing failures—leaking roofs, toilets/AC not working, mold in school lunches, severe disrepair, and claims money is misallocated to security instead of academics—whereas circle reviews seldom report such physical or food‑safety incidents; examples include ‘roof leaks everywhere,’ ‘toilets don’t function,’ ‘Broccoli… had MOLD!,’ and ‘parents donate to whatever benefits their kid (football).’\"",\n  \""square entries describe stronger local community/district engagement, alumni continuity, enrollment pressure, and demographic/access issues than circle entries\"": \""Square reviews more often discuss multi‑generational alumni ties, active parent/district communication or transparency, marketplace enrollment pressure (e.g., ‘rent a place… to get your children enrolled’), and demographic barriers (racial/socioeconomic segregation, high ELL populations affecting scores), while circle reviews rarely emphasize that mix of active alumni/district dynamics and access constraints; examples: ‘I am… alumni as well as 3 of my children,’ praise for superintendent transparency, alongside ‘Lots of racial segregation’ and ‘majority… not fluent English speakers.’\""\n}""]",,31.65028214454651,5002,1600,2250,,[],['resp_0a0eac2b273f8fae006a7256d7fa6881a29e4c30513cfbcea5'],True
gen|1|3,"[""{\n  \""square entries report stronger, more concrete college‑preparatory programs and measurable post‑secondary outcomes than circle entries\"": \""This bucket groups differences about formal academic offerings and results — square reviews repeatedly list AP/IB, dual‑enrollment, honors tracks, academies (engineering, ROTC), SAT/AP prep and concrete evidence of college acceptances, scholarships and alumni career success; circle reviews rarely cite named advanced programs or concrete matriculation outcomes and often focus on weaker college readiness. Examples: square cites IB diploma/college credit, students earning AP '5's, dual‑enrollment AA degrees and Ivy/elite acceptances; circle mentions only generic college prep or criticizes readiness without listing structured pipelines.\"",\n  \""square entries report broader, named, and competitively successful extracurricular/magnet/CTE offerings and visible resource choices (often athletics‑focused) more than circle entries\"": \""This bucket captures program breadth and visible extracurricular investment — square reviews enumerate specialized arts, music, robotics, magnet and vocational programs (state‑level band, national robotics, pilot classes, CTE certifications) and also call out how funding is allocated (heavy emphasis on football or athletics), whereas circle reviews tend not to list many specialized programs. Examples: square names orchestra/choir/theatre, team championships, robotics Team 981, Firefighting/Vet Science pathways and parental fundraising pressures; circle usually gives generic club/sport comments without program names or competitive achievements.\"",\n  \""square entries report more frequent, severe student safety problems and pervasive bullying/drug/physical‑violence incidents (and related trauma) than circle entries\"": \""This bucket groups concrete safety and behavior incidents — square reviews include repeated accounts of daily bullying, publicized fights, drug dealing, sexual harassment reports, assaults, attempted suicides and reviewers describing PTSD or long‑term harm; circle reviews seldom report such severe incidents and when they do it is more limited or anecdotal. Examples: square notes fights filmed online, ‘‘bullying goes unchecked,’’ bathroom sexual‑abuser lists, widespread drug culture and students beaten or traumatized; circle generally lacks these kinds of safety claims.\"",\n  \""square entries report more inconsistent or problematic classroom instruction, teacher conduct, and student support (grading opacity, tracking/misplacement, IEP/ESL noncompliance, and variable tutoring/remediation) than circle entries\"": \""This bucket focuses on how instruction and student‑level supports are delivered — square reviews frequently document large teacher quality variability, unexplained grade penalties, tracking that misplaces students, inadequate study‑skills instruction, IEP/ESL failures, and both reliance on paid tutors and instances of effective remediation, whereas circle reviews more often describe uniformly caring teachers and less evidence of special‑education or ESL neglect. Examples: square cites IEP noncompliance and shaming, teachers posting inexplicable grades, students ‘‘tracked’’ into wrong classes, parents paying for tutoring, and both math labs and instances where counselors refused scheduling help.\"",\n  \""square entries report more governance, operational, and leadership problems (turnover, poor parent communication, scheduling/policy mismanagement, facility maintenance and service cuts) than circle entries\"": \""This bucket groups differences about school/district governance and logistics — square reviews frequently allege principal/administrative turnover, hostile or non‑communicative office staff, bungled scheduling or policy decisions (lost courses, punitive tardy rules), bussing cuts, facility decay or recent renovation narratives and district‑level mismanagement; circle reviews typically omit these operational governance failures or frame problems at the teacher level instead. Examples: square documents repeated principal changes, ‘‘communication with parents was non‑existent,’’ dropped classes after schedule revisions, closed bathrooms and maintenance backlogs, and explicit complaints about district leadership.\""\n}""]",,32.03259801864624,19423,1152,1955,,[],['resp_04dff53c1bf4a1ee006a7256d7b07c81a283b00bdba4e8914f'],True
gen|2|50,"[""{\n  \""square entries report more pervasive student-safety incidents, substance use, and on-campus violence than circle entries\"": \""This bucket covers recurring, concrete safety problems described in square reviews — fights and physical assaults, rampant drug/vape epidemics, gang activity, sexual harassment/assault threats, multiple student suicides, and repeated police interventions (e.g., arrests at events). Examples: square mentions “fights at least once a week,” “Vape epidemic they can’t control,” “multiple suicides,” and police searching belongings — issues that Circle reviews do not substantively report.\"",\n  \""square entries report more administrative, operational, and fiscal failures (including scheduling, hiring, website/outage, layoffs, and budget mismanagement) than circle entries\"": \""This bucket groups concrete governance and operations failures in square reviews: chronic scheduling errors and reconstruction of schedules, website shutdowns/LMS problems, inability to hire needed teachers, frequent staff layoffs and program cuts, opaque budgeting and calls for external audits. Examples: square cites “website shutdown,” “nearly 40 teachers let go due to budget cuts,” “unable to hire an Italian teacher,” and “constant numbers not adding up — needs an outside audit,” none of which Circle reviews describe.\"",\n  \""square entries describe broader and more explicit advanced-academics breadth and college-prep programming (AP/IB/STEM/dual‑enroll/AVID) — often with uneven quality or overload — than circle entries\"": \""This bucket captures square reviews’ concrete inventories and outcomes for advanced programs (many AP courses, IB, STEM tracks, AVID, dual enrollment, measurable scholarship/college placements) together with critiques about uneven AP quality or AP-overload burnout. Examples: square lists “20 AP classes,” “IB program dominant,” “STEM Program,” “88% attend college,” and also complaints like “only 5 of them are quality” or students “burned out” from taking 7 APs — claims largely unsupported or absent in Circle.\"",\n  \""square entries report more extensive extracurricular, arts, athletic programs and visible school spirit (while sometimes noting athletics-dominance) than circle entries\"": \""This bucket groups concrete descriptions of a wide extracurricular ecosystem in square reviews — robust band/choral/visual arts, many clubs (DECA, Robotics, GSA), JROTC, strong athletics, boosters/PTSA fundraising and large spirit events — plus some square critiques that athletics (football) or fundraising priorities overshadow academics. Examples: square details “first-rate music program,” “huge number of events/programs,” “PTSA/FoSOTA raised $228,000,” and also “bigger is not better except for Football,” contrasts absent from Circle.\"",\n  \""square entries report more explicit incidents and patterns of inequity, discrimination, favoritism, and policy noncompliance than circle entries\"": \""This bucket captures allegations of race- and sexuality-based discrimination, tracking/segregated course placement, favoritism toward athletes/wealthy or influential families, retaliation/blacklisting of complainers, and failures to follow IEPs or bully policies. Examples: square reviewers allege “racism is alive,” “Pre-AP classes filled with white students while minorities are tracked on-level,” “they don’t follow IEPs,” and warnings about being “black listed” for complaining — systemic exclusionary or biased practices not reported in Circle.\""\n}""]",,31.73730993270874,19202,1472,2185,,[],['resp_0de73f5ea7d1ba20006a7256d8288c819f809b6828da92bfe5'],True
gen|2|6,"[""{\n  \""Square entries report more frequent and severe student safety and behavior incidents (bullying, fights, drug/sexual activity, violence) than circle entries\"": \""This bucket captures concrete accounts of pervasive peer aggression and campus danger in square reviews—e.g., repeated unaddressed bullying, students filmed fighting, stabbing in a hallway, widespread vaping/drugs/sex during the day, and athletes or cliques bullying others—none of which circle reviews describe with similar frequency or severity.\"",\n  \""Square entries describe stronger college‑prep rigor and measurable advanced curricular pathways (AP/IB/dual‑enrollment) and selective postsecondary outcomes than circle entries\"": \""This groups reports of heavy academic workload, honors/AP/IB offerings, dual‑enrollment, remediation to reach college readiness, and named elite college placements or scholarship outcomes in square reviews (e.g., AP/IB, community‑college credit, students admitted to Harvard/Stanford/UT Austin), whereas circle reviews lack comparable concrete advanced‑program breadth or measurable placement data.\"",\n  \""Square entries report more extensive and named physical facilities, specialized vocational/arts/athletic infrastructure, and extracurricular breadth than circle entries\"": \""This covers square mentions of tangible campus resources and programs—state‑of‑the‑art stadiums/gyms, auto‑tech shops and lifts, performing arts centers, one‑to‑one device programs, robust band/theater/robotics teams and many clubs—versus circle reviews which do not enumerate similarly concrete facility or extracurricular assets.\"",\n  \""Square entries include far more concrete descriptions of special‑education, counseling, mental‑health supports and remediation (both failures and exemplars) than circle entries\"": \""This bucket captures detailed square reports about IEP mismanagement, parental fights over special‑ed services, on‑campus therapists and inclusion programs, counseling failures or helpful counselors, credit‑recovery/remediation pathways, and claims of school‑linked mental‑health harms (therapy, suicide attempts), topics that circle reviews rarely detail.\"",\n  \""Square entries report more explicit administrative and governance practices affecting fairness, accountability, and policy (favoritism, punitive discipline, recordkeeping failures, board/state intervention calls) than circle entries\"": \""This groups square accounts of administrators protecting reputation or athletes, erasing credits, strict punitive attendance/discipline policies, nepotism, principal self‑promotion, governance criticism and calls for state takeover—concrete governance and policy behaviors that distinguish square reviews from circle's less detailed governance commentary.\""\n}""]",,32.12908124923706,19313,1088,1625,,[],['resp_0a2dbde2be506a84006a7256d7f13081a3b3519be967065b58'],True
gen|1|28,"[""{\n  \""square entries exhibit broader and stronger academic and extracurricular programs and outcomes than circle entries\"": \""This bucket captures concrete programmatic breadth and measurable academic outcomes that reviewers attribute to square schools (AP/IB, extensive AP results, dual‑enrollment/college credits, robotics, award‑winning band/theater, CTE/aviation, modern facilities and capital projects). Examples: multiple square reviews name IB and many APs, top robotics/band awards, students earning 12–28 college credits, new buildings/pools, and extensive CTE/STEM shops — features that circle reviews largely omit or describe as limited.\"",\n  \""square entries report more frequent and severe student safety, substance‑abuse, violence, and bullying incidents than circle entries\"": \""This bucket groups accounts of on‑campus safety harms and behavioral crises (fights, assaults, guns, gang activity, drug overdoses, chronic bullying with trauma) that are repeatedly described in square reviews but not in circle ones. Illustrative evidence: square mentions multiple overdoses, guns seen on buses, repeated violent fights and bullying that required protective orders or therapy — problems circle reviews generally do not report.\"",\n  \""square entries report greater administrative dysfunction, favoritism, and financial or policy mismanagement than circle entries\"": \""This bucket covers leadership and governance failures named in square reviews — program cuts, principal misbehavior, grade‑changing scandals, nepotism/favoritism, ignoring parents, prioritizing awards/athletics or financial gain, and unresponsive bureaucracy — contrasted with circle’s lack of these systemic allegations. Examples include accusations that principals 'cut programs and drove out good teachers,' public grade‑changing trials, administrators 'filling their pockets,' and parents repeatedly ignored on documentation requests.\"",\n  \""square entries document more variable teacher/instructional quality, inconsistent grading practices, and academic‑integrity problems than circle entries\"": \""This bucket groups classroom‑level practices and outcomes reported more in square reviews: wide teacher quality variance (excellent to 'just there for pay'), extreme grading inconsistency (exempt finals, grade‑inflation, curving), and cheating or staff‑assisted academic dishonesty. Examples: reviewers cite teachers who give extremely difficult or trivial tests, AP cheating scandals, teachers allegedly writing students' papers, and policies that pass students with D's or via credit recovery.\"",\n  \""square entries report weaker or under‑resourced special‑education, counseling, and mental‑health supports than circle entries\"": \""This bucket captures repeated square complaints about IEP noncompliance, severely understaffed counselors/school psychologists, unmet mental‑health needs, and warnings for parents of students with disabilities — contrasts that circle reviews do not raise. Examples: statements like 'IEPs are not honored,' 'one school psychologist runs IEPs for three campuses,' 'support for students with mental health issues is barely there,' and parents advised to 'stay on top' of special‑education services.\""\n}""]",,32.22409987449646,19636,1408,2067,,[],['resp_0c50518c5fac1e85006a7256d7e12c819caf2abc4276062722'],True
gen|2|36,"[""{\n  \""square entries report more severe safety, bullying, sexual‑harassment and mishandled student mental‑health incidents than circle entries\"": \""These reviews describe concrete safety failures—frequent fights, gang activity, pervasive bullying, sexual harassment and allegations of victim‑blaming, student suicides, and punitive responses to victims (e.g., a student suspended after defending herself; an alleged 'No contact contract' used against a harassment victim). Circle reviews by contrast explicitly portray a safer, welcoming environment and contain no analogous reports of suicide, sexual assault, or systemic bullying mishandling.\"",\n  \""square entries document a much broader set of specialized academic, early‑college, AP/IB/CTE and measurable postsecondary outcomes than circle entries\"": \""Square reviews enumerate many formal pathways and outcomes—AP/IB, Dual‑Credit/PSEO, NJROTC/JrROTC, magnet arts and engineering programs, ROP/CTE academies, credit accumulation (e.g., 18 college hours), high AP enrollment, and lists of selective college acceptances—while Circle reviews rarely list such concrete program breadth or cumulative college‑credit evidence.\"",\n  \""square entries report more administrative mismanagement, favoritism/nepotism, punitive or arbitrary discipline, and governance conflicts than circle entries\"": \""Square contains multiple claims of nepotistic hires and administrators protecting athletes, resource misallocation (e.g., a newly created $100K admin job for a coach), public shaming, parent reprimands, inconsistent/retaliatory discipline, record‑keeping errors, and school‑board/union disputes; Circle reviews generally lack these governance failures and often describe more orderly administration or different, localized complaints.\"",\n  \""square entries emphasize stronger athletics, school‑spirit traditions and sports prioritization (sometimes to the detriment of academics or arts) more than circle entries\"": \""Many square reviewers cite high competitive success (state titles, scouts, celebrated programs), dominant football focus, extensive spirit traditions and athletic facilities, and complaints that athletics receives disproportionate attention/funding (and sometimes administrative protection), whereas Circle mentions athletics far less or critiques athletic prioritization without the same catalog of championships or tradition.\"",\n  \""square entries report more concrete facility, staffing, scheduling and student‑support operational problems (and related parental escalations) than circle entries\"": \""Square reviews repeatedly note broken infrastructure and cleanliness issues (leaks, rodents, broken AC), school‑issued devices/web‑filter problems, staffing shortages and turnover (missing teachers, loss of mental‑health staff), credit/schedule transfer errors and expulsions for residency issues, and parents escalated to district leaders—topics that are largely absent or less prominent in Circle reviews.\""\n}""]",,32.02803301811218,19296,1280,1888,,[],['resp_0305fefb0d1cf404006a7256d824b08191900c5768c3eb9adb'],True
gen|3|36,"[""{\n  \""square entries depict broader extracurricular, athletics, and performing‑arts programs and superior facilities than circle entries\"": \""These reviews repeatedly enumerate concrete clubs, sports, music and theater strengths and facility upgrades (e.g., extensive sport lists, award‑winning band/choral programs, theater praised, new gym/stadium/theater, renovated campus, specialized facilities like aviation hangars), whereas circle entries rarely list comparable extracurricular breadth or facility improvements.\"",\n  \""square entries document stronger advanced‑academic pathways, AP/IB/dual‑enrollment and concrete college outcomes than circle entries\"": \""Many square reviews name AP/IB/magnet programs, dual‑credit classes, measurable rankings and alumni college success (AP credit exemptions, Ivy admits, scholarship totals, US News ranks), while circle reviews more often report weak college readiness or fewer named advanced‑course offerings.\"",\n  \""square entries report more frequent and severe safety and student‑misconduct incidents (bullying, fights, drugs, sexual assault, suicides) than circle entries\"": \""Square contains explicit accounts of violence, widespread bullying, drug use, sexual‑misconduct incidents, and even multiple suicides and police/media attention, whereas circle reviews seldom describe such severe safety crises.\"",\n  \""square entries show more visible parental and community mobilization, alumni/PTA engagement and public support or activism (including calls for district or state intervention) than circle entries\"": \""Square reviews include organized parent/alumni involvement, PTSA activism, successful referendums or families moving districts to attend, and explicit calls for district/state takeover or investigation; circle reviews do not document comparable community mobilization or public‑facing advocacy.\"",\n  \""square entries describe more governance, staffing, and student‑support dysfunction (favoritism, inconsistent discipline, staff misconduct/turnover, counseling and special‑education procedural failures, funding misallocation) than circle entries\"": \""Squares frequently report favoritism (especially toward athletes), inconsistent/enforced discipline, teacher turnover and inexperience, staff misconduct/PR‑first administration, overloaded or unresponsive counselors, missed IEP deadlines and special‑ed process failures, and contested budget priorities (iPads vs textbooks), while circle entries contain far fewer of these granular operational failures.\""\n}""]",,30.75429105758667,19009,1536,2045,,[],['resp_02112e36fd7ddeeb006a7256d8aad08191836a167ed398af22'],True
gen|0|22,"[""{\n  \""square entries describe more extensive advanced academic programs, college-prep outcomes, and formal recognitions than circle entries\"": \""These reviews repeatedly name concrete curricular tracks and measurable outcomes (AP, IB, Dual Enrollment, named academies, PLTW/engineering, AP test performance, college credits, full scholarships, Newsweek/Blue Ribbon rankings) that square reviewers cite as evidence of rigorous college preparation, while circle reviews rarely list equivalent program names, enrollment stats, or scholarship/ ranking evidence.\"",\n  \""square entries report more frequent student safety, bullying, substance‑use, violent‑incident and visible policing concerns than circle entries\"": \""Square reviews contain multiple concrete claims about fights, homophobic harassment, bullying, weapons/incidents, pervasive vaping/drug use, and active school resource officer/policing criticism; circle reviews, by contrast, seldom report such violent incidents or policing concerns and generally lack those detailed safety allegations.\"",\n  \""square entries document more administrative dysfunction, staffing instability, favoritism, punitive or secrecy‑oriented policies, and lack of accountability than circle entries\"": \""Square reviewers cite leadership turnover (or toxic long‑tenured leaders), administrators protecting image, front‑office rudeness, biased security, teacher collusion or misconduct, inconsistent discipline (favoring athletes), punitive tactics (tardy sweeps, expulsions), and withheld records — whereas circle reviews emphasize stable/accessible staff or only mild governance complaints.\"",\n  \""square entries document broader, better‑resourced extracurricular/arts/athletics offerings (and attendant booster/funding /athlete‑priority dynamics) than circle entries\"": \""Square texts frequently enumerate many clubs, competitive band/theater wins, extensive sports programs, marching band support, trade/vocational certificates and booster involvement and also criticize disproportionate funding toward football or athlete favoritism; circle texts rarely list comparable arts/athletics breadth or program‑level achievements.\"",\n  \""square entries report more pronounced facility, capacity and resourcing extremes — from newly renovated/well‑kept campuses to severe overcrowding, sanitation and funding shortfalls — than circle entries\"": \""Square reviews document both ends of infrastructure variance (new state‑of‑the‑art construction, recent capital projects, or conversely overcrowded classes, trailers, broken bathrooms, textbook shortages and low per‑student funding), while circle reviews do not present that same range of concrete facility or funding evidence.\""\n}""]",,32.26403093338013,19447,1088,1605,,[],['resp_0bb2ee526dab617f006a7256d7b6cc81a1a2c4eae687dbe654'],True
gen|0|39,"[""{\n  \""square entries exhibit far richer, named advanced academic and vocational programs and measurable postsecondary outcomes than circle entries\"": \""These reviews emphasize concrete advanced-course pathways (AP, IB, dual-enrollment, DE sequences), strong CTE/STEM shops (SolidWorks, metals lab, nursing, machining/welding credentials), and named elite college acceptances and quantifiable awards (UCLA/Stanford alumni, National Merit counts, state/national championships) — details Circle reviews rarely provide and which signal institutional capacity for college/career preparation.\"",\n  \n  \""square entries report more frequent and more severe student-safety and misconduct incidents and staff inaction than circle entries\"": \""Square reviews contain explicit accounts of repeated fights, weapons/gun and bomb-threat incidents, gang activity, drugs and teen pregnancy, pervasive bullying/sexualized harassment and claims that staff or administration failed to intervene (e.g., ‘People have guns’, ‘bomb threat and sweep’, ‘staff put in writing their hands are tied’), whereas Circle reviews rarely describe this level of violent or systemic safety breakdown.\"",\n  \n  \""square entries document broader, higher‑profile extracurricular, arts, and facility investments than circle entries\"": \""Square reviewers repeatedly name extensive extracurricular breadth and high-quality arts/music programs, booster/foundation support, facility upgrades and STEM/fine-arts buildouts (marching band state championships, top‑notch STEM labs, campus rebuilding, organized parent booster funding), while Circle entries generally lack these specific program- and facility-level inventories or large capital investment claims.\"",\n  \n  \""square entries describe more explicit governance, administrative and resource‑management problems (and controversies) than circle entries\"": \""These texts report concrete leadership instability and politics — frequent principal/administrator turnover, nepotistic or alumni‑hiring patterns, budget cuts/layoffs, misallocation of funds, arbitrary discipline or favoritism, silencing critics, and poor district‑level communication — claims Circle reviews do not repeatedly raise in this degree or detail.\"",\n  \n  \""square entries show greater variability in teacher/instructional quality and student‑facing supports than circle entries (from intensive individualized help to misconduct and neglect)\"": \""Square reviews contain both strong teacher commitment and structured academic supports (extensive tutoring programs, counselors dedicated to college prep, Best Buddies inclusion) alongside allegations of poor pedagogy, teacher misconduct/profanity, burnout, discriminatory or punitive behavior, lost special‑education records and counseling failures — a mix of high-touch supports and serious classroom/counseling breakdowns that Circle reviews portray much more consistently.\""\n}""]",,32.39065599441528,19192,1472,2017,,[],['resp_0a5c3d3195a72653006a7256d7b720819db714f89b545a9771'],True
gen|4|6,"[""{\n  \""square entries report more extensive extracurricular, arts, and athletics offerings and community support than circle entries\"": \""These reviews emphasize a broad, active extracurricular ecosystem at square schools—many clubs, high‑quality band/choir/theatre, numerous sports teams, booster/parent fundraising and community cheering—whereas circle reviews largely omit or note limited clubs; examples include square lists of 40+ clubs, 'top‑rated band', detailed sports rosters, and community fundraising for arts and athletics versus circle's silence or only a single sport or arts note.\"",\n  \n  \""square entries report more student misconduct, bullying, substance use, and inconsistent on‑campus supervision than circle entries\"": \""Square reviewers more often describe peer‑on‑peer violence, targeted racism/homophobia, drug/alcohol incidents, victims criminalized, bus safety problems, and weak or uneven hallway/yard supervision; circle reviews instead characterize a safer, nurturing environment or do not report these campus‑safety failures—examples include 'bullied almost every day', 'kids easily leave the campus', 'drugs/alcohol brought to school', and administrators calling police on victims in square entries.\"",\n  \n  \""square entries report more specialized advanced academic and vocational pathways (AP/IB/dual‑credit/magnet/CTE) — coupled with tracking, uneven course quality, and pressure into AP — than circle entries\"": \""Square reviews frequently enumerate concrete advanced offerings (20+ APs, IB, dual enrollment, Career‑Tech certs, magnet programs) and measurable college outcomes, but also note classroom segregation by AP, many low‑quality AP sections, pressure to take AP, and uneven AP readiness; circle reviews lack this detailed program breadth and instead focus on limited course availability or general academic claims.\"",\n  \n  \""square entries report more facility scale and logistics problems—overcrowding, portable classrooms, congested hallways, long commutes—and simultaneously document mixed capital investments and maintenance/pest issues more than circle entries\"": \""Many square reviews describe systemic crowding (portable classrooms, hallways 'so crowded nobody can get through', 'new schools already overcrowded'), long bus/commute burdens, and specific maintenance/pest or mold complaints alongside mentions of facility upgrades or new fields; circle reviews tend to describe smaller rural scale and do not report the same large‑campus congestion or mixed maintenance/investment pattern.\"",\n  \n  \""square entries report more salient administrative and governance practices—both active/visible leadership successes and pervasive operational failures—than circle entries\"": \""Square reviews contain frequent concrete claims about leadership and governance (praised new principals, standing‑ovation leaders, but also rude/unresponsive admin, record‑keeping and grade/attendance processing failures, favoritism, inconsistent admissions/discipline, graduation‑rate gaming, IEP noncompliance and OCR appeals), whereas circle reviews rarely document this range of operational detail and instead offer fewer concrete governance anecdotes.\""\n}""]",,30.535931825637817,18873,1280,1915,,[],['resp_0cba3da81f063420006a7256d8ec68819194f31ed719bd7715'],True
gen|2|23,"[""{\n  \""square entries report more student safety, bullying, fights, drug use, and violent‑incident problems than circle entries\"": \""This bucket groups raw terms describing pervasive student misbehavior and safety incidents (daily fights, ongoing bullying and harassment, drug availability/use, sexual misconduct, gang problems) and attendant security failures or mitigation (underreporting of violent incidents, unlocked doors, families withdrawing for safety). Examples: 'there is a fight every other day', 'This school is full of drugs', 'Students involved in bloody fights do not get reported', and 'forced to enroll my children into online schooling to insure their safety.'\"",\n  \n  \""square entries describe more formal advanced academic programs, measurable college‑prep outcomes, and specialized curricula than circle entries\"": \""This bucket captures mentions of structured academic offerings and documented outcomes (AP/IB/ Honors breadth, dual‑enrollment, Freshman Academy, STEM/robotics, internships, AP score recognition, college matriculation and scholarships). Examples: 'tons of AP classes, IB program, dual enrollment at AIMS Community College', 'Numerous kids have been assisted to the IVY leagues', and 'I left with enough AP credit to fill a full year of college.'\"",\n  \n  \""square entries report greater variability and notable problems in teacher instructional quality, classroom management, and staffing stability than circle entries\"": \""This bucket covers raw terms about uneven pedagogical quality (excellent teachers alongside teachers who 'don't teach'), chronic absenteeism/substitute reliance, classroom disorder, busywork, grade inflation/easy honors, and exceptional over‑and‑above teacher support instances. Examples: 'You are going to find good and bad teachers', 'left or constantly call in sick so my son had different substitute teachers nearly every day', 'they rely on random teachers pay teachers worksheet', and 'teachers would leave at 7:00 if I needed that help.'\"",\n  \n  \""square entries report more administrative governance problems, punitive or inconsistent discipline policies, favoritism, recordkeeping failures, and poor parent communication than circle entries\"": \""This bucket groups raw terms describing leadership and operational failures (administration criminalizing bullied victims, favoritism toward athletes/wealthy families, punitive practices like public shaming/trash duty/detention, transcript errors, hiding incidents, undermining parents, and unresponsive offices). Examples: 'The principal called the police on the VICTIM', 'The principal favors specific people, mainly star athletes', 'No one at the school can return phone calls', and 'My children was given a failed grade on a subject she didn't even take.'\"",\n  \n  \""square entries report stronger physical resources, capital investment, and broader extracurricular/arts/athletics offerings and community/booster support than circle entries\"": \""This bucket groups mentions of superior facilities and activity breadth (major renovations, modern athletic facilities, pools, music/theatre excellence, band awards, robotics, extensive clubs, booster fundraising and scholarship support) that create rich co‑curricular opportunities. Examples: '192 million dollar remodel', 'the band program is superb', 'Offers instrumental music Offers drama...a phenomenal orchestra', and 'Booster/ Parent support for the school is awesome.'\""\n}""]",,32.28869414329529,19214,1216,1902,,[],['resp_058ce8395abf84de006a7256d8294481929e2ce747c59b611a'],True
gen|1|37,"[""{\n  \""square entries report more extensive advanced academic pathways, AP/IB/STEM/dual‑enrollment offerings and measurable college‑prep outcomes than circle entries\"": \""This bucket captures school reviews that describe concrete, high‑level academic infrastructure and results (IB diploma programs, STEM academies, dozens of AP/dual‑credit courses, block scheduling/extra credits) plus measurable outcomes (higher test scores, raised graduation rates, Ivy/top‑tier matriculation). Examples: “Edison offers full IB diploma… phenomenal STEM program,” “23 dual credit courses and 18 AP courses,” “has drastically raised the graduation rate,” and “Huge numbers of ivy league/top university acceptances.”\"",\n  \""square entries report more frequent serious student safety, substance‑use, and violent/misconduct incidents than circle entries\"": \""This bucket groups reviews that recount recurring on‑campus safety problems and student misconduct (fights, daily violence, vaping/drug use and sales, overdoses, thefts) and resulting emergency/police involvement. Examples: “fights in the bathrooms,” “half of the school vapes… students sell juuls,” “kids overdosing…and a violent drug trip caused a lockdown,” and “fights literally every single day” or police/tasing incidents cited in square entries but absent from circle entries.\"",\n  \""square entries describe broader, higher‑profile extracurricular, athletics, fine‑arts offerings, facilities, and booster/community funding than circle entries\"": \""This bucket covers reviews that emphasize large, well‑resourced extracurricular ecosystems and visible facility investment — strong sports programs, award‑winning marching bands/JROTC, many clubs, booster/fee funding, and modern campuses. Examples: “The marching band is amazing…Many graduates get full sports scholarships,” “PTC and booster clubs…fees for sports $200‑400,” “campus is state of the art,” and “community/alumni support and tax levies continue to pass.”\"",\n  \""square entries report more explicit administrative and staff governance problems, misconduct, favoritism, selective discipline, record‑keeping failures, and turnover than circle entries\"": \""This bucket captures reviews that describe concrete leadership/staff failures (bigoted or vindictive administrators, favoritism toward athletes or ‘favorites,’ punitive or inconsistent discipline that even punishes victims, transcript/attendance paperwork errors, deliberate exclusionary ‘cleansing,’ benefit cuts and high teacher turnover). Examples: “Bigoted high school administrators,” “they punish the victim,” “Only one school ever received my transcripts,” “there is a very real pattern of ‘cleansing’ of the student body,” and “teachers are leaving in droves.”\"",\n  \""square entries report more concrete individualized supports and special‑services activity — and also documented special‑services noncompliance — than circle entries\"": \""This bucket groups reviews that name explicit remedial/individualized services (tutoring, after‑school help, transition support, College & Career Centers, IEP/504 accommodations, autism programs) while also sometimes documenting legal/process failures or noncompliance around those services. Examples: “they have tutoring and teachers stay afterschool,” “College and Career Center…numerous resources,” “they worked tirelessly…to ensure that my child succeeded,” alongside reports like “The school was not in compliance with the law…unwilling to evaluate our daughter” and 504/dyslexia unmet needs.\""\n}""]",,32.4841570854187,19329,1728,2432,,[],['resp_01c3a9e142ddfa21006a7256d8266881a0853d1360295ee767'],True
gen|4|16,"[""{\n  \""square entries report more formal advanced academic programming and measurable college‑preparatory outcomes than circle entries\"": \""This bucket groups reviews that describe concrete AP/IB/dual‑credit offerings, selective tracks, National Merit counts, and quantifiable college matriculation or test‑score claims (e.g., “IB program… majority take IB”, “50+ national merit scholars”, “33 college credits”, “offers the most AP classes in town”); circle entries rarely list comparable formal programs or school‑level outcome metrics.\"",\n  \""square entries discuss special‑education, counseling capacity, and mental‑health supports (and failures) far more than circle entries\"": \""Includes mentions of IEP/504 implementation, unmet disability identification, overloaded or missing counselors, explicit suicide/bullying risk, and organized mental‑health/anti‑bullying groups (examples: “you have to advocate for accommodations”, “Need more counseling staff”, “Depression is everywhere”, “BULLYING IS NOT TOLERATED” and also accounts of failed SpEd placement); circle reviews largely omit or do not detail these concrete support‑service issues.\"",\n  \""square entries describe a wider, deeper, and more celebrated array of extracurricular and competitive programs (and athlete/arts favoritism concerns) than circle entries\"": \""Covers rich inventories of clubs, band/choir/arts achievements, vocational magnets, state/national championships, conservatory links, and complaints about athlete favoritism (e.g., “band is phenomenal”, “7 time state champion debate”, “many scholarship athletes”, alongside “school only cares about the rich and athletic people”); circle entries seldom catalog this breadth or the same level of competitive accomplishment.\"",\n  \""square entries report more on‑campus safety incidents, substance use, fights, weapons, and visible law‑enforcement/security responses than circle entries\"": \""Groups explicit safety event reporting—frequent fights, drug use, weapons threats, arson/vandalism, sexual harassment, prostitution, and presence of police/security guards (examples: “fights almost every week”, “kids bringing guns to school”, “locker burned…”, “9 security guards”); circle reviews contain far fewer concrete incident reports of this type.\"",\n  \""square entries foreground administrative, fiscal, and operational governance problems (or high‑profile capital investment choices) more than circle entries\"": \""Encompasses budget cuts, contested spending/priorities (stadiums vs basic repairs), fundraising pressure, nepotism/favoritism, communication/scheduling failures, staffing turnover, and punitive or inconsistent discipline policies (examples: “spent millions on football stadium instead of AC”, “teachers leaving in droves”, “miscommunication… didn’t get back to us till 3 weeks later”, “favoritism in punishments”); circle entries rarely present such granular governance, fiscal, or operational allegations.\""\n}""]",,30.24677014350891,19143,1536,2177,,[],['resp_03e89ce36913968e006a7256d93c04819e8ebe53d89eb9f8fd'],True
gen|2|47,"[""{\n  \""square entries report more frequent and severe student safety, violence, substance‑abuse, and campus supervision failures than circle entries\"": \""This bucket captures reports of concrete safety incidents and poor supervision found more in square entries — e.g., daily fights, lockdowns, students bringing weapons, multiple overdoses, suicides/self‑harm references, frequent police involvement, unlocked/bypassed metal detectors, and claims that kids ‘leave campus’ or steal — whereas circle reviews lack these specific, recurring incident narratives.\"",\n  \""square entries document broader, deeper, and more measurable advanced academics and extracurricular/career pathways than circle entries\"": \""This groups square claims of explicit program breadth and measurable outcomes — AP/IB/dual‑enrollment, many honors/AP classes, vocational/shop/cosmetology/medical apprenticeships, industry internships, award‑winning band/arts, extensive clubs, clear college matriculation (SAT/AP scores, elite acceptances), national rankings and formal partnerships — while circle reviews generally do not enumerate or quantify such programmatic depth.\"",\n  \""square entries report more classroom‑level instructional problems and staffing strains (grading, teacher overload, turnover, absenteeism, unqualified subs) than circle entries\"": \""This bucket covers square descriptions of teacher disengagement, late or missing grading, teachers overwhelmed by disruptive students, high turnover, frequent teacher absences and long‑term substitutes, and uneven department quality (e.g., strong science but poor math/English), contrasted with circle entries that do not emphasize these systemic classroom/staffing failures.\"",\n  \""square entries contain more concrete critiques (and explicit examples) of administration, governance, and policy priorities than circle entries\"": \""This groups square statements about administrative actions, policy effects, and governance — e.g., leadership focused on test‑scores/rankings, punitive OSS practices, preferential enforcement, board politics/nepotism, budget tradeoffs (athletics/aesthetics vs. academics), enrollment/registration barriers, and named administrative misconduct — while circle reviews offer few such detailed governance or policy claims.\"",\n  \""square entries report greater within‑school stratification, favoritism, and systemic inequity (tracking, athletic/wealth favoritism, discriminatory discipline, access gated by PTA/wealth) than circle entries\"": \""This bucket captures square accounts of tracked/honors gating (7th‑grade placement), ‘money talks’ and PTA‑linked access, athletes/connected students receiving preferential treatment, racial/sex/disability‑based harassment or discriminatory discipline, and claims that resources/opportunities are unequally distributed — themes rarely or less explicitly present in circle entries.\""\n}""]",,32.30254793167114,19041,1536,2122,,[],['resp_0c252c1c2276ba35006a7256d824a0819cae63096a95ea8e85'],True
gen|3|25,"[""{\n  \""Square entries report more frequent and severe student safety and behavior problems (bullying, fights, gangs, drugs, sexual harassment, suicides) than circle entries\"": \""This bucket groups reports that Square reviews repeatedly document persistent safety incidents and peer harm—e.g., 'fights almost everyday,' 'gang problems and dangerous mobs,' 'lots of drugs,' daily LGBT harassment, sexual harassment and victim‑blaming, and even teen suicides—whereas Circle reviews contain virtually no accounts of recurring violence, gangs, drug use, or systemic bullying.\"",\n  \""Square entries document more failures and gaps in special-education, IEP implementation, mental‑health support, and disability-specific college-transition services than circle entries\"": \""This captures Square reviewers’ concrete complaints about special education (\\\""unsatisfied with the Individualized Education Plan,\\\"" 'this school does not have an Autistic program,' accommodations not used), stigmatized mental‑health needs, and lack of guidance on finding colleges for students with autism or disabilities—topics Circle reviews generally do not raise.\"",\n  \""Square entries describe richer and more varied advanced academic pathways and measurable college/STEM outcomes (AP/IB/dual enrollment, elite STEM labs, robotics, college placements) than circle entries\"": \""Many Square reviews list formal advanced-program offerings and outcomes—IB/AP/Running Start/dual‑credit, state‑of‑the‑art biotech and robotics labs, Calc BC/advanced math, students admitted to top universities and full scholarships—while Circle reviews rarely provide comparable concrete advanced-program inventories or measurable postsecondary outcomes.\"",\n  \""Square entries mention more and more varied facility, extracurricular and technology resources (arts/athletics breadth, performing-arts centers, 1:1 devices) — often paired with equally detailed facility‑condition or funding complaints — than circle entries\"": \""Square reviews frequently catalog campus assets and deficits alike (e.g., 'one‑to‑one Chromebooks, Promethean boards, MacBook Airs, a new music wing, 214‑member marching band' versus 'mold, roaches, leaking ceilings, filthy locked restrooms, CTE hallway in disrepair and appeals for funding'), showing both visible extracurricular/tech richness and facility maintenance problems that Circle rarely documents.\"",\n  \""Square entries report more administrative and governance dysfunction, biased enforcement, poor communication and politicized favoritism (cover‑ups, selective discipline, parent‑influence) than circle entries\"": \""This groups Square claims about leadership failures and opaque governance—'admin hides all problems,' selective punishment, wealthy/connected parents dictating outcomes, refusal to remove contacts or return calls, micromanaging policies, and allegations of corruption or cover‑ups—whereas Circle reviews seldom allege systemic cover‑ups, politicized favoritism, or similarly pervasive governance breakdowns.\""\n}""]",,31.02832794189453,19591,1920,2552,,[],['resp_0550ba583f0bd586006a7256d8925481a194ba7f27d7ef3bab'],True
gen|2|35,"[""{\n  \""square entries report stronger and broader advanced academic, vocational, and college‑preparatory programs and measurable outcomes than circle entries\"": \""These reviews describe concrete program breadth and outcomes at square schools—extensive AP/IB lists, SUPA/dual‑enrollment and college‑credit partnerships, vocational certification (CNA/EMT), robotics, and documented college matriculation (e.g., “42 college credits,” Ivy/MIT acceptances, high AP/test scores)—whereas circle reviews note only limited AP offerings or general college prep without the same depth or measurable results.\"",\n  \""circle entries describe more consistent, day‑to‑day instructional support and counseling than square entries\"": \""Circle reviews repeatedly report steady classroom help, caring teachers, responsive counselors and intervention services (examples: 'awesome teachers', intervention/speech/OT support), while many square reviews emphasize variable teacher quality, burnout, classroom neglect, missed grades, and inconsistent guidance-office behavior—so circle entries foreground reliable daily instruction and counseling more than square entries do.\"",\n  \""square entries report more frequent and severe student behavior, safety, bullying, and substance‑use incidents than circle entries\"": \""Square reviews contain concrete, recurring safety problems—daily fights, physical assaults (‘beat up’), on‑campus drug use (cigarettes found in toilets), arrests, police presence, and multiple unaddressed bullying incidents—whereas circle reviews generally describe fewer or no such recurring violent/drug incidents and stress a safer, more supported student climate.\"",\n  \""square entries report more systemic administrative, governance, and operational failures and misprioritization than circle entries\"": \""Square reviewers cite leadership incompetence, favoritism, opaque/hostile discipline, scheduling/grade‑posting failures (PowerSchool, wrong classes), tuition/fee enforcement, budget mismanagement and outsourcing, and calls for state takeover—problems described in concrete operational terms that are largely absent or less severe in circle reviews.\"",\n  \""square entries report more pervasive special‑education failures, discriminatory practices, and inequitable treatment than circle entries\"": \""Square reviews include repeated accounts of IEP noncompliance, refusal to accommodate students with learning disabilities, tracking that harms students, racist and anti‑LGBTQ incidents, and discipline applied unequally or based on family status, while circle reviews do not contain comparable allegations of systemic special‑education breakdowns or institutionalized discrimination.\""\n}""]",,32.32329702377319,19833,1856,2405,,[],['resp_08b6e9ef67c29a5a006a7256d82744819cb5c2f619d7e08e31'],True
gen|3|26,"[""{\n  \""square entries exhibit stronger/expanded advanced academic and college-preparatory pathways than circle entries\"": \""These reviews describe concrete, high‑level curricular offerings and measurable postsecondary outcomes—IB programs, extensive AP/Honors, dual enrollment/transcripted college credit, academies (STEM/visual & performing arts), AVID, and alumni admitted to elite universities—whereas circle reviews lack comparable specialized programming or documented college-credit/outcome evidence (examples: IB/dual‑enrollment/transcripted credits, AP breadth, explicit elite college admits in square vs. no outcome detail in circle).\"",\n  \""square entries report more pervasive on-campus safety, violence, and drug/gang incidents (and corresponding visible security measures) than circle entries\"": \""Square reviews frequently recount fights, gang activity, assaults, drug deals, severe incidents that led families to seek legal protective orders, alongside descriptions of extensive cameras and continuous police officers on site; circle reviews do not report the same cluster of violence/drug/gang problems (examples: gang activity, hallway drug deals, protective orders, and also descriptions of constant officer/camera presence in square).\"",\n  \""square entries document more frequent organizational and leadership dysfunction, favoritism/corruption, and inconsistent discipline than circle entries\"": \""Many square reports accuse administrations of secrecy, manipulated discipline data, forced retirements/bribery, chronic communication failures, erratic policy enforcement and staff favoritism (especially toward athletes/wealthy families), while circle reviews provide fewer such allegations and more uniform statements about staff caring (examples: claims of fudged suspension counts, bribery/forced retirements, unequal rule enforcement and inconsistent dress‑code/discipline in square).\"",\n  \""square entries describe more concrete student support services and structured in‑school interventions (IEP/504, counseling, tutoring, alternative programs) than circle entries\"": \""Square reviews frequently mention formal special‑education supports, responsive or proactive counselors, free tutoring/study halls, alternative/adult‑learning pathways and parent grade portals—sometimes praising outcomes (IEP success, graduation improvements) and sometimes complaining about uneven delivery—whereas circle reviews rarely reference these concrete support structures (examples: detailed IEP/504 implementation, counselor outreach, free tutoring, study halls, alternative program success in square).\"",\n  \""square entries emphasize broader extracurricular ecosystems, active booster/parent engagement, and facility/funding investments (often with athletics priority) more than circle entries\"": \""Square reviewers list extensive clubs, arts/music excellence, travel/opportunities, active booster/PTSA involvement, major facility projects and explicit budgeting choices (large turf/track spend, new buildings) and also note when athletics are prioritized over academics; circle reviews rarely catalog this level of extracurricular breadth, facility investment, or booster engagement (examples: exceptional band/arts programs, state championships, booster activity, new construction and complaints about funds going to football in square).\""\n}""]",,31.183337211608887,19659,1408,2008,,[],['resp_0ff43f2551270ca5006a7256d8961081a1b5a1ba6944c55040'],True
gen|3|1,"[""{\n  \""square entries report more frequent and severe student-safety, violence, and on-campus substance incidents than circle entries\"": \""This bucket captures patterns of physical danger and student self-harm risk in square reviews (bullying leading to depression and suicide encouragement, recurring fights, police calls and shelter-in-place events, gang activity, routine drug use and smell of marijuana, mishandled sexual-assault reports, parking‑lot dangers), contrasted with circle reviews that largely lack these recurring, severe safety incidents.\"",\n  \""square entries describe greater administrative dysfunction, turnover, and operational failures than circle entries\"": \""This groups reports about leadership and school operations in square reviews—unresponsive superintendents/principals, high leadership churn and teacher turnover, inconsistent or punitive discipline, broken parent-communication systems and portals, dysfunctional tech rollouts (district laptops, tech support failures), and counseling/IEP coordination problems—whereas circle reviews more often describe stable, responsive staff and fewer systemic operational breakdowns.\"",\n  \""square entries document broader, formalized advanced and career pathways with measurable postsecondary outcomes more than circle entries\"": \""This bucket groups concrete academic-program richness in square reviews (IB/AP/Pre‑IB tracks, dual‑credit and college-credit accumulation, named academies and career/technical certifications, internships/college partnerships, specialized programs like AME and aerospace) and explicit college/career outcomes (scholarships, conservatory/Broadway, early college credit), while circle reviews rarely describe that depth or breadth of structured college/career pathways.\"",\n  \""circle entries emphasize small-community continuity, local alumni ties, uniformly positive staff climate, and steady enrollment more than square entries\"": \""This captures circle reviews’ recurring portrayal of a close-knit, small‑town school identity—generational alumni continuity, stable community enrollment, consistently praised teachers and leaders, and strong local pride—contrasting with many square reviews that describe large, urban or sprawling enrollment and polarized staff/parent experiences.\"",\n  \""square entries report more systemic inequity, favoritism, and socially organized exclusion than circle entries\"": \""This bucket collects square reviewers’ accounts of inequitable treatment driven by athletic/wealthy favoritism, grade/discipline disparities tied to social standing, race- or class-based exclusion and tracking (internal segregation between tracks/SLCs), clique-driven harassment, and organized cheating/status rituals—patterns that circle reviews do not generally describe.\"" \n}""]",,32.41529393196106,19560,1856,2399,,[],['resp_0f9feb399858f765006a7256d8235081929863bbb476e0e0e8'],True
gen|1|26,"[""{\n    \""square entries document substantially more advanced and specialized college‑preparatory pathways and credit-bearing coursework than circle entries\"": \""This bucket captures concrete programmatic depth (AP, IB, medical magnets, dual‑enrollment/Running Start, concurrent/college‑credit, extensive AP counts, engineering/CTE tracks) and measurable college outcomes that reviewers attach to the school (e.g., “medical magnet,” “full IB program…no AP,” “46 college credit hours,” “many AP classes…ACT scores 27/30,” SAT/AP prep help). Circle entries rarely name or quantify these pathways and instead lack comparable advanced-program detail.\"",\n    \""square entries describe a much wider breadth of extracurriculars, athletics, arts, and facility investments than circle entries\"": \""This bucket groups concrete, non‑academic offerings and capital/facility evidence—detailed lists of clubs, fine arts, marching band/One Acts, championship sports, pools/gyms/darkrooms, hiking trails, and bond/remodel projects (e.g., “band program,” “state softball champions,” “$20M in capital improvements,” “swimming and diving pool”), whereas circle reviews generally do not enumerate comparable extracurricular depth or recent capital investments.\"",\n    \""square entries report more frequent and severe student safety and discipline incidents (fights, gangs, drugs/vaping, weapons, lockdowns, pervasive bullying) than circle entries\"": \""This bucket groups concrete safety/discipline incidents and their operational consequences as described by reviewers—regular weekly fights, guns found, overdoses, gang activity, repeated lockdowns/drug‑dog searches, pervasive bullying and harassment (e.g., “girl on girl fights at least once a week,” “gun found in backpack,” “two kids OD… died”), claims largely absent or far less severe in circle entries.\"",\n    \""square entries document greater administrative/governance dysfunction, inconsistent enforcement, favoritism/nepotism, poor parent communication, and budget/staffing mismanagement than circle entries\"": \""This bucket covers institutional practices and failures (policy choices, recordkeeping errors, erased credits, retire‑rehire scandals, scheduling fiascos, political discipline, selective leniency for athletes, horrid communication, high turnover and forced retirements, and budget cuts)—concrete examples include “erased all his credits…with zero letter,” “teacher turnover 85%,” “administration is horrible,” and “forced many good teachers into early retirement,” whereas circle reviews report far fewer systemic governance complaints and more organized events.\"",\n    \""square entries exhibit markedly greater internal inconsistency and polarized student experiences across programs/cohorts than circle entries\"": \""This bucket captures the pattern of sharply contradictory, program‑specific outcomes within the same school—simultaneous high praise for elite tracks (IB, Early College, special needs, stellar arts) and severe complaints about different programs or cohorts (administrative neglect, pockets of violence, poor regular‑ed instruction), e.g., “Early College administration is amazing” alongside “the moment you step outside of the program everything goes downhill”; circle entries are comparatively uniform in their accounts.\""\n}""]",,32.83478283882141,19237,1536,2216,,[],['resp_063727ea7278fbc5006a7256d81bb4819db0cd8209abc6582d'],True
gen|1|14,"[""{\n  \""square entries report pervasive student/staff bullying, sexual harassment, violence, and safety failures more than circle entries\"": \""This bucket captures reports of active safety and supervision breakdowns in the building — physical fights, threats, sexual harassment, widespread vaping/smoking, teacher-enabled bullying, and instances where administration failed to protect victims (e.g., recorded assault ignored, students threatened with scissors, pervasive harassment and vaping in bathrooms). Falling into this bucket means the review describes repeated unsafe incidents or ineffective supervision/discipline rather than only isolated rude behavior or abstract concerns.\"",\n  \""square entries describe substantially more advanced/specialized academic programs and measurable college/career outcomes than circle entries\"": \""This groups accounts that name concrete programmatic offerings and outcomes — plentiful AP/IB/honors courses, STEM/engineering partnerships (e.g., SDSU linkage), vocational pathways (CVCC, BOCES, CNA), academy/magnet programs (MERIT, AVID, health academy), internships, AP pass rates and named college matriculations and scholarships. Reviews in this bucket emphasize formal curricular breadth/depth and measurable postsecondary results (college credits, top-college admits, scholarship counts) rather than generic statements about trying to improve or only local employment outcomes.\"",\n  \""square entries report greater administrative instability, governance conflict, cover‑ups, and politicization than circle entries\"": \""This bucket includes claims about frequent leadership turnover, politicized or hostile school-board meetings, alleged district cover‑ups/manipulation, micromanagement by principals, and calls for outside/state intervention (e.g., three principals in three years; board meetings with yelling; allegations that administrators hide evidence). Content falls here when reviewers describe systemic governance problems, political interference, or active concealment rather than only occasional poor customer service or impolite staff.\"",\n  \""square entries report systemic failures in special‑education/IEP/504 compliance and targeted mistreatment of vulnerable students more than circle entries\"": \""This captures accounts of programmatic and legal noncompliance (IEPs/504s ignored or mishandled, delays/denials of testing), and explicit targeting of vulnerable groups (special‑education students bullied, transgender students harassed, racial minorities marginalized). A review is placed here when it documents structural failure to identify/serve or actively mistreats students with disabilities or other protected identities, as opposed to generic academic or social complaints.\"",\n  \""square entries report concrete resource, facility, and operational management problems and skewed budget/priorities more than circle entries\"": \""This bucket groups complaints or evidence about facilities and operations (leaking buildings, bathroom shortages, broken lunch‑payment web, unanswered phones, unreliable busing, scheduling chaos) and fiscal/prioritization issues (sports budgets prioritized over class budgets, pay‑to‑play fees, booster/athletic favoritism). Reviews in this bucket point to tangible material or logistical deficits and explicit resource misallocation rather than only instructional or interpersonal critiques.\""\n}""]",,32.88667893409729,19427,1600,2257,,[],['resp_06bac9a31fe68612006a7256d8190881a29110c007cea57ccd'],True
gen|3|47,"[""{\n  \""square entries report more pervasive student safety, bullying, substance‑use, and mental‑health crises than circle entries\"": \""These entries document frequent on‑campus fights, assaults, gang/drug activity, sexual harassment, suicide claims, bomb threats and routine bullying with poor follow‑up (e.g., “fights almost every day,” “there is a growing drug/alcohol problem,” “sexual harassment…not an abnormal incident,” “I was shoved into lockers”), whereas circle entries rarely describe physical violence or systemic safety failures and more often portray a safe, welcoming environment.\"",\n  \""square entries describe more extensive, formalized advanced academic and career‑preparation programs and measurable post‑secondary outcomes than circle entries\"": \""Many square reviews enumerate concrete AP/IB/CTE pathways, test‑prep and dual‑enrollment programs and alumni college placements (e.g., ‘IB Diploma…1 year college credit’, ‘full 5 course Project Lead the Way’, ‘practice ACT essays monthly’, and multiple accounts of students admitted to selective colleges), while circle entries rarely cite detailed named programs or concrete college/career outcomes.\"",\n  \""square entries document broader, higher‑profile extracurricular, arts, and athletic offerings and facility investments than circle entries\"": \""Square texts frequently list large club ecosystems, award‑winning band/arts, top sports teams, and capital projects (e.g., ‘more than 100 clubs,’ ‘award winning band program,’ ‘new auditorium,’ ‘Olympic size pool under construction’), whereas circle entries provide little enumeration of extracurricular breadth or high‑profile facility investments.\"",\n  \""square entries allege greater administrative dysfunction, unequal discipline/favoritism, and parental retaliation than circle entries\"": \""Square reviews contain repeated claims of politicized or self‑interested leaders, unequal enforcement (athlete/elite program favoritism), retaliation against complainants and named leadership misconduct (e.g., ‘administration is self‑serving,’ ‘kids with names can do whatever,’ ‘your name will be spread to all staff’), while circle entries more often credit staff/admin with fostering the environment and do not report systemic retaliation or entrenched favoritism.\"",\n  \""square entries report pronounced resource and operational constraints—including overcrowding, staffing shortages, counseling failures, outdated materials, and tech/system breakdowns—more than circle entries\"": \""Square reviewers point to chronic capacity and resourcing problems (e.g., ‘3100+ students,’ ‘classes will soon have 40 students,’ ‘no math or spanish books,’ ‘old netbooks…PowerSchool down half the time,’ and overworked or absent counselors), whereas circle entries rarely describe such severe infrastructure, staffing or system failures and sometimes highlight adequate counseling or facility maintenance.\""\n}""]",,31.42203402519226,19739,1088,1656,,[],['resp_0bf4ae13305d5f65006a7256d8aec881a39d6360a65bd96216'],True
gen|0|29,"[""{\n  \""square entries report far more chronic student-safety incidents, violence, and staff-on-student physical misconduct than circle entries\"": \""These reviews describe recurring physical danger and assaults (gang violence, weekly fights, drug activity, students returning home with bruises), slow/ineffective security responses, and even staff physical aggression (e.g., teacher ‘whacked’ a student, culinary teacher threw a chair), none of which Circle reviews report; a school falls here if reviewers emphasize ongoing threats to student safety or staff physical misconduct.\"",\n  \""square entries document broader and higher‑level specialized academic & extracurricular offerings and measurable postsecondary outcomes than circle entries\"": \""Square reviews enumerate a wide range of specialized programs and successes (AP/IB participation and diploma debates, award‑winning music and performing‑arts trips like Carnegie Hall, STEM/CTE academies, many clubs, 1:1 laptops, quantified scholarships and Ivy/medical alumni), whereas Circle rarely lists such breadth or measurable outcomes; place a school here if reviewers highlight concrete advanced-program breadth and alumni/scholarship metrics.\"",\n  \""square entries allege more operational and governance failures — mismanaged records/credits, unresponsive guidance, inconsistent/punitive discipline, and leadership turnover — than circle entries\"": \""These reviews report concrete administrative breakdowns (withheld or incorrect transcripts/credits, counselors who ignore families, abrupt principal changes, blanket suspension practices, cancelled graduations during COVID), contrasted with Circle’s more stable administration; include schools whose reviews emphasize systemic process failures and poor operational leadership.\"",\n  \""square entries report more chronic facility/resource and funding shortfalls (overcrowding, pest/cleanliness problems, textbook/seat shortages, opaque fundraising or layoffs) than circle entries\"": \""Square reviewers repeatedly cite tangible material deficits—overcrowded classes/portables, rats/roaches/bedbugs, insufficient books/seating, outdated gyms or flooded bathrooms, plus program cuts and budget opacity—while Circle mentions few such systemic resource failures; categorize reviews here when physical plant, supplies, or funding constraints are a central complaint.\"",\n  \""square entries describe stronger program- and socioeconomic‑based stratification, exclusion, and racialized discipline than circle entries\"": \""Square reviews frequently report institutional separation (IB/PACE vs non‑IB divisions), wealth- and connection‑based favoritism (athletes/affluent families getting preferential treatment), racially disparate discipline and racist/homophobic incidents, and social clique/exclusion dynamics, whereas Circle lacks sustained claims of these structural inequities; use this bucket when reviewers emphasize systemic segregation, favoritism, or race/wealth‑based inequity in student access and treatment.\""\n}""]",,32.96988224983215,19146,1344,1905,,[],['resp_00da9e313dadd898006a7256d79f24819db477c02eb9136a82'],True
gen|2|10,"[""{\n  \""square entries document broader, named AP/IB/CTE/advanced-program offerings and measurable college‑prep outcomes more than circle entries\"": \""This bucket captures schools whose reviews list concrete advanced tracks, magnets, vocational certificates, AP/IB/HPA offerings, national recognitions, and alumni/college-acceptance evidence (e.g., 'IB recognized by leading universities', 'AP/Honors/ACP breadth', 'CNA & vocational pathways', 'National Merit / college scholarships'), whereas circle entries rarely enumerate such program breadth or measurable postsecondary outcomes.\"",\n  \""square entries report more classroom‑level instructional inconsistency, poor grading practice, and teacher competence problems than circle entries\"": \""This groups reviews describing variable teacher quality, teaching-to-worksheets, late/missing gradebooks, unfair group grading, grade inflation in advanced courses, language/lesson delivery mismatches, midyear teacher departures and long-term substitute coverage (e.g., 'teachers don’t upgrade the grade book on time', 'A good majority of their teachers are coaches who know nothing about the subject'), contrasts with circle entries which present steadier academic delivery or praise for classroom mentorship.\"",\n  \""square entries report more severe student safety, substance/gang activity, bullying, and weak or punitive on‑site responses than circle entries\"": \""Includes accounts of pervasive drug use, gangs, frequent fights, bomb threats, racially/homophobic assaults, staff/office physical incidents, and either slow security response or punitive display‑style discipline and in‑school removal (e.g., 'drugs run rampant', 'riots and fights in the cafeteria', 'OFFICER WALKER...slamming a girl', 'in‑school suspension where you 'sit there doing nothing'), whereas circle entries largely lack these severe safety/drug/violence narratives and instead note reduced bullying or inclusive supports.\"",\n  \""square entries signal more visible facility/operational resource problems and contested resource allocation decisions than circle entries\"": \""Covers concrete physical‑plant and resourcing issues—overcrowding, absent HVAC, trashed bathrooms, delayed renovation timelines, uneven capital spending (athletic fields vs repairs), pay‑to‑play fees, and explicit budget/outcomes mismatches (e.g., 'no central heating or a/c', 'administrative budget has increased while test scores drop', 'sports receive endless funding'), while circle entries either praise facilities or focus on localized supply needs rather than systemic resource conflicts.\"",\n  \""square entries report weaker or inconsistent student support services for special needs, mental‑health, and counseling than circle entries\"": \""Groups reviews documenting overloaded or unresponsive guidance/counseling, IEP mistreatment, inadequate in‑class aide support, turned‑away mental‑health help, and lack of adaptable instruction for disabilities (e.g., 'She wanted to speak to counselors and they turned her away', 'students with high‑incidence disabilities tend to have no proper help', 'Horrible, teacher is mistreating my son over his IEP!!'), whereas circle entries more often describe consistent family‑school support, counseling presence, or do not report pervasive special‑education failures.\""\n}""]",,33.03977870941162,19456,1280,1962,,[],['resp_09520502ff02d22d006a7256d819d881a386cdc4e67221059c'],True
gen|0|2,"[""{\n  \""square entries report more administrative dysfunction, unresponsiveness, and punitive or opaque leadership practices than circle entries\"": \""These entries describe concrete leadership failures and inconsistent district governance — unresponsive principals/superintendents, refusal to investigate incidents or produce footage, public shaming by administrators, selective truancy lawsuits, creation of paid administrative posts for coaches, and mid‑year schedule/grade reorganizations (e.g., “superintendent…total lack of leadership,” “they refused to show the video tapes,” “the administration treat the students like inmates”). Circle entries lack these specific allegations and instead more often describe engaged or improving leadership.\"",\n  \""square entries report more concrete advanced academic pathways, AP/IB/dual‑enrollment and measurable college matriculation than circle entries\"": \""These entries enumerate formal college‑preparatory structures and outcomes — IB programs, many AP/pre‑AP courses, dual‑enrollment agreements, themed academies and STEM internships, and detailed college matriculation/scholarship lists (e.g., IB program praise, “at least 9 AP/dual credit courses,” and graduating classes sending students to Cornell, Northeastern, BU). Circle entries rarely list comparable named programs, AP/IB metrics, or specific college placement evidence.\"",\n  \""square entries report more frequent and severe student safety incidents and failed incident responses (bullying, fights, drugs, self‑harm, sexual assault) than circle entries\"": \""These entries document recurring, concrete safety problems and administrative non‑response — regular fights and videos, drug use on campus and buses, bomb threats and random searches, alleged mishandling of sexual assaults, bullying that led to trauma or suicide attempts, and bus/transportation bullying with no follow‑up (e.g., “two fights a day,” “S/A cases? Yeah they don’t do ANYTHING,” “This school is solely responsible for my attempt at suicide”). Circle entries lack such widespread incident reports and often describe the campus as safer or better supervised.\"",\n  \""square entries report more teacher‑level misconduct, favoritism, tenure‑driven complacency, and failures in guidance/special‑education support than circle entries\"": \""These entries single out classroom and support‑staff problems — named teachers accused of unprofessional behavior, systemic favoritism/nepotism, many tenured teachers described as complacent, failing or punitive guidance counselors, and documented IEP/special‑education mismanagement that forced families to seek legal help (e.g., “the band director…should be fired,” “teachers play favorites,” “If you have a special needs student…hire a lawyer,” and “the guidance dept is useless”). Circle entries generally do not contain these specific allegations and more often describe teachers and counselors as helpful.\"",\n  \""square entries document broader extracurricular, facility, and resource breadth and contested funding/priorities (arts, vocational programs, clubs, renovations, overcrowding) than circle entries\"": \""These entries report expansive non‑academic offerings and tangible facility/resource dynamics — dozens of clubs, nationally recognized vocational and arts programs, MBIT/trade and CTE offerings, new science buildings and device rollouts, but also disputes over spending priorities (athletics vs. textbooks), overcrowding, and occasional supply shortfalls (e.g., “dozens of clubs,” “opened a new science/math building,” “they ran out of paper,” and “spend money on football gear rather than textbooks”). Circle entries rarely list comparable breadth of programs or the same facility/funding detail.\""\n}""]",,33.09428405761719,19510,1472,2192,,[],['resp_039ad469cc9c87ae006a7256d777a081a3aaa50f227905fd33'],True
gen|3|51,"[""{\n  \""Square entries document more named specialized academic programs (AP/IB/magnet/CTE/dual‑enrollment) and measurable college/test outcomes than circle entries\"": \""These reviews give concrete program names and outcomes (e.g., “International Baccalaureate Diploma program,” “over 21 AP courses,” Project Lead The Way, dual enrollment, HPA, SolidWorks/engineering, vocational CTE lists) and cite test/college results (“34 on my ACT,” scholarships, college acceptances, students entering college with 16–32 credits), whereas circle reviews rarely name or quantify comparable advanced/alternative pathways or measurable post‑secondary results.\"",\n  \""Square entries report more frequent and severe student safety and behavioral incidents (bullying, fights, drugs, lockdowns, physical assaults) than circle entries\"": \""Many square reviews describe violence, campus drug use, recurring lockdowns, gang fights, and physical assaults (e.g., “drugs in every bathroom,” “lock‑down almost every day,” “attacked and seriously injured,” victims punished), while circle entries do not make comparable claims about pervasive on‑campus violence or routine lockdowns.\"",\n  \""Square entries document more concrete facility, overcrowding, and resource shortfalls (infrastructure, HVAC, pests, textbooks, equipment, technology) than circle entries\"": \""Square reviewers repeatedly cite specific physical/resource problems — no central AC, cockroaches, mold, closed/doorless bathrooms, trailers, class sizes of 40–50, pulled upper‑level courses for low enrollment, outdated textbooks from the 1970s, lack of lab/equipment — whereas circle reviews seldom report these chronic infrastructure or resourcing deficits.\"",\n  \""Square entries contain more specific, named accounts of school leadership behavior, turnover, communication practices, and district staffing/budget decisions than circle entries\"": \""Square reviews name principals and describe responsiveness or failures (e.g., “Dr. Brewer immediately responded,” “this school has had three principals,” principal self‑promotion, district coordinator vacancies, budget priorities spent elsewhere), detailing leadership change, communication breakdowns, and district policy impacts that circle entries generally do not provide.\"",\n  \""Square entries report more concrete frontline student‑support and equity problems or interventions (counseling/special‑ed inconsistencies, favoritism, accommodation failures, transcript/fee/attendance logistics) than circle entries\"": \""These reviews document counselor accessibility/competence (both praised and criticized), failures to follow 504/IEP plans, AP students receiving preferential treatment while ESL/special needs are neglected, arranged outside tutoring for favorites, transcript holds/duplicative fees, attendance office errors, and transportation barriers — operational and equity issues largely absent from circle entries.\""\n}""]",,31.53490114212036,19421,1408,2021,,[],['resp_0b77396c90d6a1ac006a7256d8db9c81a0a1b7f1f962cd257e'],True
gen|0|38,"[""{\n  \""square entries report more administrative dysfunction, favoritism, and inconsistent discipline than circle entries\"": \""This bucket captures claims about governance and personnel practices: reviewers describe unresponsive or deceptive leadership (gaslighting/ghosting, ignored complaints), nepotism/favoritism in hiring and team selection, mishandled complaints (504/special-ed meetings ignored), and uneven or punitive discipline. Example evidence: accusations that coaches/administrators push relatives into programs, counselors or principals who \\\""do nothing,\\\"" and reports that staff ignore formal complaint processes or handle discipline arbitrarily.\"",\n  \""square entries describe more extensive specialized academic and vocational program offerings and measurable college/career outcomes than circle entries\"": \""This groups descriptions of formal curricular breadth and credentialed pathways: multiple accounts list AP/IB/dual‑credit, industry‑aligned vocational tracks, early‑college options, and documented alumni/college-placement outcomes. Example evidence: named AP/IB/Running Start/dual‑credit programs, aerospace/automotive/shop certifications, National Merit/college acceptances and alumni career trajectories.\"",\n  \""square entries report more pervasive student safety and harassment problems (bullying, fights, drugs, sexual harassment/assault) than circle entries\"": \""This bucket covers concrete safety incidents and failures of protection: reviewers report routine bullying, violent student‑on‑student assaults requiring surgery, on‑campus drug deals and weapons incidents, gang activity, and allegations of sexual harassment or assault with inadequate administrative response. Example evidence: accounts of daily bullying ignored by staff, a student arriving with a loaded handgun and drugs, and reports of systemic harassment across protected categories with no effective Title IX action.\"",\n  \""square entries report broader and more contested extracurricular ecosystems and resource prioritization—both strong arts/athletics and complaints of athletics favoritism and pay‑to‑play—than circle entries\"": \""This groups claims about extracurricular scale, success, and resource conflicts: reviewers simultaneously describe large, nationally recognized arts/performing programs and strong teams while also reporting athletics‑first funding decisions, pay‑to‑play fees, preferential recognition for athletes/band, and disputes over resource allocation. Example evidence: massive marching bands and state championships reported alongside complaints that sports are overfunded, athletes get special treatment, and families face many extracurricular fees.\"",\n  \""square entries report more concrete operational, facility, and staffing problems that disrupt daily schooling (overcrowding, outdated facilities, HVAC/cleanliness, scheduling, substitute reliance) than circle entries\"": \""This bucket captures tangible, day‑to‑day disruptions: reviewers cite overcrowded classes, broken HVAC/water/facilities, pest/cleanliness issues, outdated or unequal textbooks/technology, problematic block schedules or meal timing, frequent substitute teachers, and chronic staffing turnover. Example evidence: descriptions of overheated buildings, 30–40 students per class, old textbooks for some cohorts, locked bathrooms/early lunches, and routine use of subs that harm instruction.\""\n}""]",,33.19744420051575,19315,1344,1974,,[],['resp_096de1af6818379b006a7256d82b0081a2a132822089a00ca2'],True
gen|1|19,"[""{\n  \""square entries report more extensive, named specialized academic and career pathways and measurable postsecondary supports than circle entries\"": \""These reviews describe concrete program breadth and outcomes — IB and Early College/AA pathways, dual‑enrollment and transcripted college courses, large AP/honors offerings, CTE/vocational academies, DECA/FBLA, and explicit college‑prep/ACT supports — with examples such as \\\""Early College/graduate with an AA,\\\"" \\\""over 20 AP classes,\\\"" and SLU/ACT prep that produced score gains; Circle reviews lack comparable, specific program listings or demonstrated postsecondary outcome claims.\"",\n  \""square entries describe broader, higher‑profile extracurriculars and campus resources (arts, athletics, technology, capital projects) than circle entries\"": \""Many square reviews list award‑winning band and music programs, state‑ranked athletic teams, multiple competitive sports, on‑campus amenities (cafés, fitness centers), technology initiatives (one‑to‑one Chromebooks, tablets) and capital projects (multi‑million athletic upgrades), whereas Circle reviews rarely enumerate comparable arts/athletics depth, facilities, or school‑wide device programs.\"",\n  \""square entries document more frequent and concrete safety, violence, substance, and operational hazard incidents than circle entries\"": \""Square contains explicit, specific incidents and operational risks — daily fights, riots, stabbing/gun reports, bathroom fires, rampant drug use, police/SRO involvement, and unsafe/late bus service — (e.g., \\\""Someone set fire to the bathrooms 3 days this week,\\\"" \\\""fights every single day,\\\"" \\\""bus driver unreliable\\\""), while Circle generally does not report this level of acute violent or operational safety events.\"",\n  \""square entries contain more concrete, named, and polarized accounts of staff and leadership behavior (visible principals, proactive counselors, staff removals, turnover, and administrative responses) than circle entries\"": \""Square reviews frequently name principals/counselors, credit visible hands‑on leadership and proactive counselor interventions (e.g., Mr. Vue shaking hands; counselors pulling students aside), but also document firings, mass teacher exoduses, and explicit administrative unresponsiveness or retaliation — a pattern of specific, high‑detail claims about people and actions that Circle reviews do not supply with the same specificity.\"",\n  \""square entries report more systematic inequities and contested discipline/access issues (athletic/wealth favoritism, biased punishments, special‑ed barriers, and parental retaliation) than circle entries\"": \""Square reviewers repeatedly allege unequal enforcement and access — athletes/wealthy students getting protected, gender/race‑based discipline disparities, hurdles and legalized red tape for special‑education enrollment, and retaliation when parents complain (e.g., \\\""nothing gets done because the bully's are either rich or on a sports team,\\\"" \\\""process of getting your child enrolled in special education is a nightmare\\\""), whereas Circle reviews do not make sustained, system‑level equity or special‑education obstruction claims.\""\n}""]",,33.25368332862854,19384,1600,2268,,[],['resp_0e40e1c54b463f79006a7256d7f6d4819dacda05e481c96ec7'],True
gen|0|4,"[""{\n  \""square entries document stronger and broader advanced academic programs but also marked instructional stratification and uneven teacher quality relative to circle entries\"": \""This bucket captures references to formal AP/IB/dual‑enrollment/magnet pathways, measurable college outcomes (Ivy/elite admits, high AP performance, paid AP exams), together with repeated reports that honors/AP classes are rigorous while regular courses suffer from inexperienced or 'lazy' teachers and inconsistent grading; examples include many square notes of 'AP and IB programs are some of the best around' plus complaints that 'the honors and AP classes are extremely challenging' while 'most regular teachers are mediocre' or 'lose papers'—a pattern almost entirely absent from circle entries.\"",\n  \""square entries report more administrative dysfunction, opaque processes, and poor parent/school communication than circle entries\"": \""This bucket groups operational failures and governance problems—unreturned phone calls and slow PowerSchool fixes, missed scholarship deadlines, schedule/guidance errors, frequent principal turnover, nepotism/favoritism and alleged graft—evidenced by squares like 'they do not return phone calls on any level,' 'a counselor has blown deadlines,' and 'principal hides things', whereas circle entries rarely describe these systemic administrative breakdowns and often praise staff responsiveness.\"",\n  \""square entries describe more frequent violent incidents, bullying, lockdowns, and uncontrolled student misconduct than circle entries\"": \""This captures safety and discipline realities reported by reviewers—physical assaults, repeated fights and lockdowns, guns/serious threats, pervasive bullying and staff inaction (e.g., 'lockdowns more often', 'students and teachers are assaulted', 'Nothing is ever done about bullying'), in contrast to circle entries which contain fewer or different safety complaints and sometimes emphasize a safer environment.\"",\n  \""square entries highlight broader extracurricular, arts/athletics, facility investments, and community/parent engagement more than circle entries\"": \""This bucket groups concrete programmatic and facility assets and community involvement—extensive clubs and leadership groups, strong music/performing arts and competitive athletics (state championships), PTO volunteerism, IMC/library resources, fab labs/freshman campuses and capital upgrades—examples include 'tons of books… friendly librarians', 'huge number of events/programs', and 'beautiful facility… $52.4 million', while circle reviews generally omit this breadth or describe fewer extracurricular/facility strengths.\"",\n  \""square entries report more explicit special‑education, counseling, and mental‑health support issues (both positive IEP compliance and notable failures) than circle entries\"": \""This bucket groups reports about special‑needs services, counseling responsiveness, mental‑health screening/treatment, and transportation/placement for vulnerable students—square reviewers give both positive IEP examples ('put right into an IEP and… wonderful job') and severe failures ('my mental health was largely ignored… diagnosed later', 'Special Ed is horrible', long bus rides to inappropriate placements), whereas circle entries rarely address special‑education or mental‑health services at all.\""\n}""]",,33.30232095718384,19219,1664,2318,,[],['resp_0504da5f8cdcf8a8006a7256d7902481919e857f44f38395d9'],True
gen|1|27,"[""{\n  \""square entries report more severe and persistent student safety, substance‑abuse, physical‑violence, bullying and discrimination incidents than circle entries\"": \""These reviews describe concrete safety failures (frequent fights—e.g., '20 to 25 fights,' gangs, widespread drug availability, teen pregnancy), racially‑motivated harassment and hate‑crime episodes, and repeated administrative failure to remediate bullying — items that are present across many Square excerpts but absent or explicitly denied in Circle (which is described as 'safe' or 'almost bully free').\"",\n  \""square entries describe more extensive advanced academic, college‑prep, dual‑credit, AP/IB and CTE program offerings and measurable alumni outcomes than circle entries\"": \""Square reviewers repeatedly name high‑level programming (full IB program, many AP courses, robust dual‑enrollment/CTE offerings, trade programs) and cite measurable outcomes (highest SAT averages, alumni at MIT/Berkeley/Georgetown and transferred college credits), whereas Circle lacks comparable claims of IB/AP breadth, dual credit volume, or elite matriculation.\"",\n  \""square entries document more administrative and operational dysfunction, inconsistent discipline enforcement, favoritism, and counseling/IEP/registration failures than circle entries\"": \""Square contains numerous concrete process complaints — unreturned superintendent/assistant principal calls, counselors who \\\""won't meet,\\\"" mis‑registration and scheduling errors, denied classroom access, refusal to implement IEP/504 accommodations, and selective enforcement/favoritism — a pattern of governance and operational breakdowns not reported in Circle.\"",\n  \""square entries report greater extremes in facilities and resourcing—either strong capital/tech investment and acclaimed arts/athletic facilities or severe overcrowding, decay, health hazards and maintenance failures—than circle entries\"": \""Square reviewers cite both ends of the facilities spectrum (state‑of‑the‑art gym, new buildings, Chromebook rollouts, top music/performance facilities AND filthy, overcrowded buildings, mold outbreaks causing respiratory infections, broken HVAC and vandalized bathrooms), indicating pronounced variability that Circle reviews do not describe.\"",\n  \""square entries show greater polarization and specificity in teacher quality and student support—frequent named, highly engaged teachers and robust tutoring/college counseling alongside documented teacher misconduct, curricular refusal, and abusive behavior—than circle entries\"": \""Square contains many concrete examples of accessible, named teachers, before/after tutoring, and active college counseling, but also explicit allegations of teacher misconduct (cursing, throwing objects, proselytizing, refusal to teach evolution) and uneven classroom control; Circle tends not to include this same level of simultaneous positive and abusive teacher evidence.\""\n}""]",,33.31453990936279,19355,1408,1986,,[],['resp_0b4fe23d88576923006a7256d81e14819d8258d6ff2e10f98d'],True
gen|2|34,"[""{\n  \""Square entries report more frequent and severe safety, violence, drug, and security incidents than Circle entries\"": \""This bucket captures raw terms where Square reviews recount concrete threats and failures (multiple lockdowns, a student bringing a gun, daily fights, on‑campus dealers/vaping, police cars every day, intrusive/biased security searches, unlocked campus access and evacuation/entry congestion) while Circle reviews lack comparable reports of weapons, routine lockdowns, pervasive drug dealing, or daily physical assaults.\"",\n  \""Square entries document broader, concrete programmatic offerings and measurable academic/extracurricular outcomes than Circle entries\"": \""This groups items where Square reviews list specific advanced‑course tracks, CTE/STEM labs, AP/IB/dual‑enrollment stats, award‑winning band/robotics teams, vocational certifications and explicit college‑placement numbers (e.g., AP pass rates, Ivy placements, ASE/Honda certs), whereas Circle reviews rarely provide such program breadth, named credentials, or measurable outcome metrics.\"",\n  \""Square entries describe more administrative unresponsiveness, inconsistent policy enforcement, and accountability/operational failures than Circle entries\"": \""This covers reports of leadership turnover, failure to resolve parental complaints, poor admin–teacher communication, refusal to retract false allegations despite video, lost credits/transcript mishandling, inconsistent discipline (no enforcement of anti‑bullying/dress/weapon policies), and procedural breakdowns (nonworking intercoms, bus/transportation mismanagement), contrasts with Circle which contains fewer or no such systemic accountability examples.\"",\n  \""Square entries show more pronounced polarized staff dynamics: uneven teacher quality, burnout/morale issues, role misassignment, and favoritism toward athletes/staff families than Circle entries\"": \""This bucket groups allegations that many teachers are disengaged or unqualified, coaches forced to teach, veteran/tenured staff problems, high turnover, and explicit favoritism/nepotism (athletic/band privileges, preferential recognition, staff‑family advantages), whereas Circle reviews present fewer accounts of these entrenched personnel‑favoritism patterns.\"",\n  \""Square entries provide more detailed and conflicted accounts of special‑education, counseling, and mental‑health supports (both presence and failures) than Circle entries\"": \""Includes Square reports of concrete IEP/504 breakdowns or successful mainstreaming, overloaded or effective counseling ('Guidance is SWAMPED' vs named outstanding counselors), mental‑health crises/suicidal ideation, alternative school/advocacy supports, and substance‑support programs—while Circle reviews rarely describe this mix of specialized services or detailed counseling/IEP outcomes.\""\n}""]",,33.11961817741394,19340,1472,2010,,[],['resp_0ba6c06fd9bf18c3006a7256d824b48192b935143d9a8f26a0'],True
gen|0|10,"[""{\n  \""square entries report more pervasive student safety, violence, substance use, and supervision breakdowns than circle entries\"": \""This bucket captures reviews documenting frequent fights, bullying (including targeted/racial/LGBT incidents), vaping/drug use, sexual activity in bathrooms, shooting scares, outsiders breaching campus, locked restrooms and denied access, and claims that staff fail to intervene or report (e.g., “fights every day,” “vaping is rampant,” “outsiders can walk in,” restroom denial after bullying). Falling into this bucket means the review foregrounds recurring on-campus safety/supervision crises and uncontrolled student misconduct that circle reviews largely do not describe.\"",\n  \""square entries describe more concrete special‑education, counseling, mental‑health, and dropout‑prevention activity or failure than circle entries\"": \""This groups reviews that detail IEP/504 implementation problems or successes, counselors who go above‑and‑beyond or who are unresponsive, explicit pushing‑out of special‑needs students, unmet mental‑health supports, and active dropout‑prevention interventions (e.g., “IEP used poorly,” “counselors were amazing,” “pushed out by GUIDANCE,” “drop out prevention counselor stepped in”). Membership means the text discusses presence, quality, implementation, or operational consequences of special‑education/counseling/mental‑health services—topics largely missing or silent in circle entries.\"",\n  \""square entries enumerate richer, more varied, and more visible academic and extracurricular pathways and measurable student outcomes than circle entries\"": \""This bucket covers reviews that list concrete programs and outcomes (AP/IB/dual‑credit/early‑college, vocational/trade classes, numerous electives, large arts/music programs, many clubs, athletic championships, scholarship and college matriculation anecdotes, and capital projects like new pools or tracks). Falling here means the review names specific course pathways, extracurricular breadth or competitive achievements and often ties them to quantifiable student results—details that circle reviews generally do not enumerate with the same specificity or scope.\"",\n  \""square entries report more administrative/prioritization and operational dysfunction (or performative PR prioritization) than circle entries\"": \""This groups reviews alleging resource‑allocation choices that favor facilities over staff, rising administrative budgets with falling scores, PR/photo‑op leadership, manipulation of metrics, publishing GPAs, poor responsiveness to parents, forced retirements/board conflicts, and concrete procedural failures (zoning errors, registration/record mistakes). Reviews in this bucket focus on district/school leadership decisions, budget and policy priorities, and administrative responsiveness or optics issues—systemic governance and operational claims that circle entries seldom make.\"",\n  \""square entries report greater within‑school instructional variability, teacher non‑engagement, and punitive or fragmented classroom practices than circle entries\"": \""This bucket contains critiques of classroom practice such as packet‑only classes, test‑driven rote instruction, large variation in teacher quality, prolonged substitute/uncertified coverage, favoritism and punitive teacher behavior, inconsistent discipline/enforcement, fragmented homework/testing policies, and reports of teacher unresponsiveness (e.g., “teachers don’t teach, packet based,” “fragmented teacher practices,” “subs for a semester”). A review falls here if it emphasizes on‑the‑ground instructional and teacher practice problems (or glaring within‑school disparities) rather than infrastructure or programmatic inventories.\""\n}""]",,33.414960861206055,19342,1152,1873,,[],['resp_04a70a0f5bbbd6f6006a7256d7a3cc819ca9890a5c74e76883'],True
gen|3|34,"[""{\n  \""square entries report more frequent and severe on-campus safety, violence, and substance incidents than circle entries\"": \""This bucket captures concrete safety/crisis problems described in square reviews (drugs and daily intoxication, frequent fights, bomb/gun threats, gang activity, multiple suicides/attempts, on-campus dealers) contrasted with circle reviews that largely omit or downplay such incidents; examples include square claims of 'Students showing up drunk and high on a daily basis,' 'there are bomb threats every other week,' 'People have guns and ITs chaos,' and '3 suicides in 3 yrs,' while circle contains no comparable safety escalation reports.\"",\n  \""square entries describe broader, more formalized college-prep and specialized academic program offerings and measurable alumni outcomes than circle entries\"": \""This bucket groups explicit programmatic and outcome evidence in square reviews — AP/IB/AICE, career academies, dual‑enrollment, STEM/VPA/CTE strands, named magnet tracks, and concrete alumni matriculation/success stories — contrasted with circle reviews that lack or give only generic academic claims; examples: square lists 'IB diploma, AP classes, dual‑enrollment with CPCC, Academy of Engineering' and alumni attending Northwestern/VCU/UC Berkeley, whereas circle rarely names comparable structured pathways or concrete matriculation outcomes.\"",\n  \""square entries emphasize extensive extracurricular breadth, athletics/band prominence, visible facility investments, and contested resource allocation more than circle entries\"": \""This bucket covers square reviews' repeated mentions of strong/award‑winning extracurriculars (marching band, JROTC, sports), visible capital improvements or remodels (new track, state‑of‑the‑art complexes), and disputes over spending priorities (stadium spending, band vs academics), contrasted with circle reviews that usually do not report such programmatic depth or capital visibility; examples: square claims 'award winning marching band,' 'new track & field,' 'We spend SO much money on athletics' and named theater remodels, while circle provides few program details.\"",\n  \""square entries exhibit greater inconsistency and problems in instructional staffing, teacher qualifications, and workforce stability than circle entries\"": \""This bucket captures square reviewers' concrete staffing and instructional concerns — high teacher/coach turnover, unqualified substitutes, coaches assigned as academic teachers, certification/PD lapses, and polarized teacher quality — whereas circle reviews tend to report more consistent teacher support; examples in square include 'substitutes who are not qualified,' 'a good majority of their teachers are coaches who know nothing about the subject they are teaching,' 'the good teachers leave and the bad ones stay,' and repeated claims of uneven teacher competence.\"",\n  \""square entries report more administrative governance failures, favoritism/protection, and operational non‑responsiveness (discipline, communications, attendance/legalism) than circle entries\"": \""This bucket groups systemic leadership and process failures documented in square reviews — nepotism/favoritism toward athletes/locals, administrators protecting staff and ignoring bullying/self‑harm reports, dishonest or optics‑driven governance, punitive attendance/legal threats, poor incident/parent communication and opaque discipline — contrasted with circle reviews that more often describe accessible or caring administration; examples: square alleges 'preference is shown to teachers who are friends of admin,' 'administration did nothing about the bullies,' 'told to lie about absences so school gets funding,' 'court papers for missed days despite doctors notes,' and 'I got notified after the incident,' all evidencing governance and responsiveness breakdowns.\""\n}""]",,31.974215984344482,19550,1792,2514,,[],['resp_0c476b87831dce79006a7256d8a27c81a2bfd075b08323d89b'],True
gen|0|35,"[""{\n  \""square entries report more severe safety incidents, violence, weapons, and substance‑use problems than circle entries\"": \""Covers concrete safety failures described by reviewers (daily fights, gang activity, shootings/guns, arson, pepper‑spray use, widespread drug/alcohol use, lockdowns and police roll‑calls). Examples include reports of guns found in backpacks, constant fights, gang/drug cultures, and formal police presence/hotlines in Square while Circle contains little or no mention of comparable violent or weaponized incidents.\"",\n  \""square entries document greater breadth and depth of advanced academic and extracurricular programs and measurable college outcomes than circle entries\"": \""Groups claims about extensive AP/IB/dual‑credit offerings, large performing‑arts and club ecosystems, CTE/internship pathways, and explicit college matriculation metrics and scholarships. Square reviewers repeatedly list many AP/IB courses, dozens of clubs, strong band/theater programs, scholarship totals and elite college placements, whereas Circle reviews rarely enumerate comparable program breadth, specialized tracks, or concrete alumni outcomes.\"",\n  \""square entries describe more administrative and district‑level governance failures, biased or punitive discipline practices, and policy manipulation than circle entries\"": \""Captures complaints about superintendent/principal unresponsiveness, nepotism/favoritism, inconsistent or racially disparate punishments, aggressive punitive measures, blocking transfers, and alleged gaming of test/placement rules. Square entries cite examples such as administrators not returning calls, protected children of staff, expulsions/suspensions viewed as unfair, forced placement into special‑education to affect scores, and district policy obstacles—concerns largely absent from Circle.\"",\n  \""square entries report more operational, facility, and funding shortfalls and logistical problems than circle entries\"": \""Includes descriptions of overcrowding, poor sanitation (cockroaches, vandalized restrooms), cafeteria/food and bus failures, parking and scheduling chaos, levy failures and program cuts, and visible security/enclosure policies (IDs, fences). Square reviewers frequently point to these concrete resource and facility constraints and budget cuts, while Circle reviews contain far fewer such operational or infrastructure complaints.\"",\n  \""square entries show more inconsistent and contested student support services — both notable remediation/special‑education efforts and documented failures in counseling/mental‑health/IEP coordination — than circle entries\"": \""Encompasses the mixed reports about counseling, special‑education case management, targeted remediation, college counseling, and mental‑health crises: Square contains both concrete success stories (effective remediation, SPED students graduating with advanced diplomas, helpful pandemic support) and sharp failures (missed IEPs, unresponsive counselors, attempted‑suicide reports, parents obtaining protective orders). Circle reviews generally lack this same mixture of detailed SPED/counseling outcomes or severe mental‑health incidents.\""\n}""]",,33.54484796524048,19441,1280,1906,,[],['resp_07364af32ff8b86d006a7256d7b2c481a28b261e7d49ef181f'],True
gen|0|18,"[""{\n  \""square entries report more frequent and severe student-safety, violence, drug, and bullying incidents than circle entries\"": \""This bucket captures concrete reports of threats to student safety in square reviews — e.g., repeated bullying left unaddressed, stabbings/fights, widespread drug use and dealers, gang activity, recurring lockdowns and drug-dog searches, illegal searches, thefts, and students leaving/homeschooled because of harassment — problems that circle reviews do not or rarely describe and that circle sometimes explicitly denies (circle often asserts a safe environment).\"",\n  \""square entries describe substantially broader and deeper advanced-academic pathways and measurable college/career outcomes than circle entries\"": \""Square reviews frequently list programmatic offerings and outcomes (IB, many AP/honors, dual enrollment, STEM academies, Project Lead the Way, large AP enrollment, on-site college interviews yielding scholarships, concrete alumni matriculation examples) and tie these to college readiness, whereas circle reviews lack these program-level details and measurable postsecondary outcome claims.\"",\n  \""circle entries report more consistent, caring, and responsive teachers/administration and student support than square entries\"": \""Circle reviews more often describe uniformly caring staff, helpful counselors, principled administrative handling, and steady in‑school supports, while square reviews more often report variable teacher quality, teacher/counselor nonresponse, administrative indifference or favoritism, nepotism, and inconsistent discipline (square contains both named exemplary staff and many accounts of unresponsiveness, but circle’s accounts are consistently about reliable staff support).\"",\n  \""square entries emphasize larger, higher-profile extracurricular and athletic cultures (including recruiting, flagship arts/music, and sport-focused investments) more than circle entries\"": \""Square reviews single out big marching bands, state‑level music/theatre achievements, NJROTC, dominant sports programs and recruiting, booster-driven facility investments (new turf/fields), and statements that athletics/flagship activities drive school identity; circle reviews rarely present such high-profile extracurricular/athletic prominence or recruiting narratives.\"",\n  \""square entries contain more concrete operational, facility, and procedural detail (maintenance, overcrowding, scheduling, grading/record mishandling, transportation, security infrastructure, and technology rollouts) than circle entries\"": \""Square reviewers frequently report tangible operational facts or failures — e.g., broken A/C, mice, no shade at lunch, overcrowded buses, locker/schedule congestion, janitorial neglect, procedural grading/exemption errors, mis-entered grades, capital improvements, security-camera systems, and 1:1 device rollouts — whereas circle reviews generally omit or do not historicize these kinds of concrete facility/procedure details.\""\n}""]",,33.550421953201294,19420,1600,2187,,[],['resp_05de4e00ee981d12006a7256d7a08081a0afc3392afc7f59b9'],True
gen|1|47,"[""{\n  \""square entries exhibit stronger, measurable college‑preparatory and advanced academic offerings and outcomes than circle entries\"": \""These reviews describe concrete advanced-academic capacity in square schools — many AP/IB/magnet options, remediation programs, and named postsecondary results — (e.g., “I took 9 AP classes… I passed 7,” “Took at Least One AP® Exam 46% and Graduation Rate of 94%,” “both receiving scholarships… admitted to an IVY League,” and formal AHSGE remediation classes) while circle reviews generally lack comparable AP/IB breadth, named college matriculation, or concrete outcome metrics.\"",\n  \""square entries document broader, higher‑profile extracurricular programs, facility investments, and booster/parent fundraising than circle entries\"": \""Square reviews list extensive extracurricular diversity, award-winning arts/athletics, major facility projects and active boosters (examples: nationally recognized journalism and award‑winning music, ‘state‑of‑the‑art swimming pool,’ ‘brand new aquatic facility,’ ‘very active parents group which raised over $300,000’), whereas circle reviews rarely enumerate such a deep roster or high‑profile capital/booster activity.\"",\n  \""circle entries report more pervasive teacher unprofessionalism, inconsistent classroom discipline, and staff‑level misconduct than square entries\"": \""Circle reviews repeatedly call out staff behavior and classroom‑level failures — teachers described as ‘meanest, unfairest,’ poor handling of discipline, and classroom/test‑practice complaints — (e.g., allegations of verbal abuse, ‘teachers are a huge issue,’ and ‘poor handling of student discipline’), whereas square reviews more often praise teacher responsiveness or focus critiques elsewhere.\"",\n  \""square entries describe stronger administrative structure, proactive parent communication, and formalized remediation/scheduling programs than circle entries\"": \""Square reviews emphasize concrete school structures and admin-driven practices — freshman academies, weekly grade‑updates/parent portals, block schedules, targeted remediation and counseling efforts, and explicit college‑counseling programs (examples: ‘parent portal every Friday,’ ‘new P.R.I.D.E academy for freshman,’ ‘the block schedule is so great,’ and active college counseling/matriculation supports) — while circle reviews rarely describe such organized, programmatic parent/administrative systems.\"",\n  \""square entries report more severe student safety incidents, chronic bullying, theft, drug activity, and allegations of institutional cover‑up than circle entries\"": \""Many square reviews recount violent or high‑risk student behavior and administrative failures to address it — fights, gang presence, vaping/drug epidemics, repeated locker thefts, severe assaults and claims that administration ‘ignores’ incidents or ‘covers up’ problems (e.g., ‘students selling drugs…in class!!’, ‘my son's cellphone stolen twice,’ ‘they suspend the child who is being bullied,’ and ‘they don’t want the public to know what’s going on’), while circle reviews contain far fewer of these concrete, systemic safety/cover‑up allegations.\""\n}""]",,33.55255198478699,19311,1920,2552,,[],['resp_0962e7fd8156e614006a7256d7f2e8819db0ef02606031edd0'],True
gen|2|5,"[""{\n  \""square entries describe more extensive, named academic/vocational/extracurricular programs and measurable student outcomes than circle entries\"": \""These reviews list concrete programmatic breadth and documented outcomes (AP/IB/dual-enrollment, metals/aviation labs, CTE pathways, band/choir, state championships, college credits and scholarships) — e.g., references to IB and Fine & Performing Arts magnet programs, ‘‘completed almost 60 college credits’’, aviation hanger, robotics, and five-time state golf champions — features that Circle reviews do not enumerate.\"",\n  \""square entries report more frequent and severe student safety, bullying, and substance/weapon incidents (and local non‑remediation) than circle entries\"": \""Multiple Square reviews recount repeated physical assaults, daily hallway fights, weapons and bomb/gun threats, normalized drug use and sexualized/ body‑shaming bullying, often paired with explicit claims that administration ‘‘does nothing’’ or token responses fail to stop recurrence, whereas Circle reviews contain no comparable catalogue of violent/safety incidents.\"",\n  \""square entries surface more governance, leadership misconduct, and inequitable policy practices than circle entries\"": \""Square narratives repeatedly allege nepotism, favoritism (athlete/honors exemptions), leadership cover‑ups, manipulated metrics, PTA/board budgeting failures, and unprofessional principal/administrator behavior (e.g., ‘‘pay raises to their friends’’, ‘‘sweeps things under the rug’’), while Circle reviews do not level these governance/cover‑up allegations.\"",\n  \""square entries document more operational, capacity, and facility-level breakdowns affecting instruction and student services than circle entries\"": \""Square reviews cite overcrowding and high student-to-teacher ratios, staffing shortages and substitute/ unlicensed-led classes, counseling/scheduling errors that threaten graduation, supply and maintenance deficits, restrictive fees/pay‑to‑participate policies, and virtual‑learning failures (e.g., outdated textbooks, closed bathrooms, ‘‘200$ Chromebooks over supplies,’’ wrong schedules), problems that Circle reviews generally do not report.\"",\n  \""circle entries describe more consistent small-school community cohesion, staff accessibility, and steady college‑preparation reputation than square entries\"": \""Circle reviews emphasize a smaller, community‑oriented model with caring teachers, alumni/family continuity, accessible administration and perceived college readiness (e.g., ‘‘small school that truly cares’’, ‘‘teachers who really bent over backwards’’, graduates going on to higher education), giving a uniformly supportive portrait that contrasts with Square’s polarized, inconsistent experiences.\""\n}""]",,33.56044602394104,19003,1472,2049,,[],['resp_0411957b8b91eafb006a7256d7f97081919484ec0a00344056'],True
gen|2|27,"[""{\n  \""square entries report more frequent and severe student safety, bullying, substance and violence incidents than circle entries\"": \""This bucket captures concrete claims about campus safety and student-on-student harm: square reviews repeatedly cite pervasive bullying, repeated fights, drug/alcohol use, vandalism, police reports, hallway pat‑downs, sexualized misconduct, and even litigation from assaults (examples: “pervasive drug culture,” “bullying for over two years…therapy,” “check your police reports,” “dead rat in one of the hallways”), whereas circle reviews rarely describe comparable safety crises and mostly omit police/media interventions.\"",\n  \""square entries describe a broader, more visible set of advanced academic and extracurricular programs and measurable college/competitive outcomes than circle entries\"": \""This groups programmatic substance — availability and impact of IB/AP/dual-enrollment, academies/majors, strong performing-arts/ band/theater programs, and high-performing athletics — that square reviews enumerate (examples: “full IB diploma,” “many AP/dual enrollment classes,” “band won state championships,” “Academy for Global Studies,” “students start college as sophomores”), while circle reviews mention far fewer specialized programs and usually no comparable competitive or college-credit outcomes.\"",\n  \""square entries record far more concrete administrative governance events, policy detail, and communication/turnover disputes than circle entries\"": \""Square reviews frequently name and evaluate principals/superintendents, report leadership turnover and scandals, cite union vs. board tensions, describe policy changes or cover‑ups, and document parental communications or lawsuits (examples: “new principal is making…,” “superintendent fired for DUI,” “they sweep incidents under the rug,” “didn't get back to us till 3 weeks later”), whereas circle reviews contain far fewer specific governance incidents or institutional policy narratives.\"",\n  \""square entries document greater heterogeneity and explicit problems in staff practice, student support, and equity (teacher quality, favoritism, special‑ed/counseling failures, and grade integrity) than circle entries\"": \""This bucket covers concrete staff behaviors and student‑level supports: square reviews give vivid accounts of both exceptional teachers/tutors and widespread neglect, favoritism/public humiliation, failure to follow IEPs/504s, punitive grade/discipline practices, and allegations of grade inflation or income‑based favoritism (examples: “teachers are awful…they only teach scantron tests,” “teachers will have favorites…affecting college chances,” “at least 2 teachers never looked at his 504 plan,” “grade inflation is ULTRA‑HIGH”), while circle reviews seldom report systemic special‑ed failures, favoritism, or grade‑integrity claims.\"",\n  \""square entries report more concrete facility, resource, and operational contrasts (capital projects, cleanliness/pest problems, overcrowding, technology rollouts, and disputed resource allocations) than circle entries\"": \""Square reviews explicitly call out physical plant and operational details — both positive (new campuses, stadiums, state‑of‑the‑art facilities) and negative (poor cleanliness, rodents, overcrowded classes, broken elevator, problematic laptop rollouts), plus resource allocation disputes (textbook fees, iMac purchases, cafeteria choices) — e.g. “newly renovated…no swimming pool,” “school was disgusting…smelled,” “Ever since the laptops…grades dropped,” “make us pay $60 for lost textbooks”), whereas circle reviews rarely enumerate such concrete facility/resource tradeoffs.\""\n}""]",,33.54380798339844,19475,1408,2131,,[],['resp_008dc07bb2fa403c006a7256d828cc819db04a70eb8a934d35'],True
gen|4|53,"[""{\n  \""Square entries report substantially broader advanced academic, extracurricular and college‑preparatory offerings than circle entries\"": \""These reviews highlight concrete program breadth in square schools—IB/AP/Pre‑AP, numerous AP classes, dual‑credit/PSEO/Early College, named academies (STEM/Arts), large band/arts programs, extensive club rosters, varsity sports and vocational electives—plus repeated alumni college‑placement examples (exempted college courses, Ivy/Top‑tier acceptances). Example evidence: multiple square items list IB/AP, NESA/arts academies, Running Start/dual credit, dozens of clubs and state‑level music/athletic honors that Circle reviews do not mention.\"",\n  \""Square entries report more frequent and severe student safety, bullying, substance and violent‑incident problems than circle entries\"": \""Square reviews contain numerous concrete safety incidents (daily bullying, sexual harassment, repeated fights and concussions, gang activity, drug use, police/SRO presence, mishandled emergency procedures and false fire alarms) that circle reviews largely omit; these are specific events and systemic safety claims rather than tone. Representative items: accusations of routine ignored bullying, Title IX filings, on‑campus drug dealing, police called for fights, assaults in bathrooms and unaddressed sexual harassment.\"",\n  \""Square entries document more administrative dysfunction, nepotism, favoritism, recordkeeping errors and governance scandals than circle entries\"": \""Square reviewers repeatedly describe tangible governance and personnel failures—grade‑changing trials, nepotism/‘old guard’ rehiring, athletic favoritism tied to grades, selective discipline, unresponsive or vindictive principals, transcript errors, allegations of staff theft and public scandals—while Circle reviews do not report comparable administrative scandals. Examples include explicit grade‑changing allegations, administrators protecting athletes, misfiled/inaccurate transcripts, and calls for wholesale leadership replacement.\"",\n  \""Square entries exhibit larger divergences in facilities, resources and budgeting—reporting both recent capital investments and acute maintenance/overcrowding/resource shortfalls—more than circle entries\"": \""Square reviews contain concrete, often-contradictory facility/resource reports (new science/English buildings, stadium/renovations and levies alongside unsanitary bathrooms, sewer odors, lack of AC, overcrowded labs, textbook shortages, lunch‑payment system failures and Title I/budget cuts), indicating extremes and active capital projects and also crisis‑level maintenance problems that Circle rarely describes. Examples: $8M remodels and 'brand new' facilities reported next to claims of bathrooms that 'cannot pass safety inspections,' severe overcrowding (3,000 students), and cancelled resource officers due to cuts.\"",\n  \""Square entries report greater variability in instructional quality and weaker/more inconsistent student support services (counseling, special‑education, mental‑health, tutoring) than circle entries\"": \""Square reviews repeatedly show polarized teacher performance (both highly committed teachers offering extra help and many 'lazy' or ineffective teachers), uneven department quality, plus frequent operational failures in counseling/special‑education (IEP/504 noncompliance, poor counselor follow‑through, lack of mental‑health support) and inconsistent tutoring/remediation, while Circle rarely documents such systemic support breakdowns. Illustrative evidence: reports of excellent AP teachers and mentors alongside claims that 'teachers don't teach,' documented IEP failures, parents forced to seek external advocates, and sporadic/no‑show tutoring sessions.\""\n}""]",,30.49935007095337,19310,1152,1866,,[],['resp_03e066f403ee4f65006a7256da54c0819da7243790b52c04cd'],True
gen|2|21,"[""{\n  \""square entries report more extensive formal advanced-academic programs and measurable college-preparation outcomes than circle entries\"": \""This bucket groups differences where square reviews list concrete, school-run academic pathways (AP, IB, dual-enrollment, career/engineering pathways, Project Lead The Way, college-credit opportunities) and cite measurable outcomes (high college matriculation rates, scholarship totals, rankings) that circle reviews do not; examples include Square’s multiple AP/IB/dual-enrollment descriptions, 90% college matriculation claims, and named university placements versus Circle’s lack of comparable program metrics or college-prep evidence.\"",\n  \""square entries report more frequent and severe student-safety, bullying, substance-use, and violent-incident problems than circle entries\"": \""This bucket covers claims about in‑school danger and student misconduct that square reviewers repeatedly describe (bullying mishandled by leadership, frequent fights, drug dealing and vaping in halls, bomb/gun threats, sexual/physical abuse, suicide attempts) while circle reviews generally lack or minimize such severe safety incidents; examples include reports of drug deals in hallways, repeated fights, and bullying victims being punished in Square but not in Circle.\"",\n  \""square entries report more administrative dysfunction, punitive complaint-handling, counseling/scheduling failures, and policy-driven priorities than circle entries\"": \""This bucket captures governance and operational criticisms in square reviews—unresponsive or secretive administrators, bureaucracy/red tape, counselors making scheduling/IEP errors, refusal to release records, administrative prioritization of test scores/appearance or forced curricula (e.g., SpringBoard), and punitive or silencing responses to complaints—contrasted with Circle’s relative absence of those complaints and more accessible staff reports; examples include Square’s accounts of hidden nurse records, counselors not knowing students’ AP status, and leadership ‘only caring about FCAT.’\"",\n  \""square entries report more pronounced facility, resource, funding, and operational breakdowns (overcrowding, sanitation, construction, fees) than circle entries\"": \""This bucket groups items about the physical and fiscal condition of the school that square reviewers emphasize—aging or moldy buildings, filthy restrooms/cafeterias and meal shortages, active disruptive construction, severe overcrowding and large class sizes, chronic budget shortfalls, frequent fundraising/fees and inequitable resource allocation (e.g., football funding prioritized)—whereas circle reviews rarely detail these operational failings; examples include Square’s mold/filth accounts, buckets for toilets, construction disruptions, and claims of constant fundraising/extra fees.\"",\n  \""square entries exhibit greater variability and polarization in teacher quality, instructional rigor, and student-support practices than circle entries\"": \""This bucket captures the mixed and polarized pictures in square reviews—simultaneous reports of highly committed, exceptional teachers and widespread disengaged, unqualified, or biased teachers; inconsistently enforced favoritism, grade inflation or easy courses, alongside structured tutoring/teacher availability and rigorous honors classes—while circle reviews tend to present more uniform descriptions; examples include Square’s competing claims that ‘teachers are amazing’ versus ‘teachers don’t know how to teach,’ plus mentions of after‑school tutoring, teacher favoritism, and inconsistent honoring of 504s.\""\n}""]",,33.69460201263428,19435,1344,2023,,[],['resp_0279d4aca987ad65006a7256d82d2481a3b80e884128f8bd74'],True
gen|3|15,"[""{\n  \""square entries describe broader and stronger advanced academic & career‑preparation programs than circle entries\"": \""This bucket captures reviews that highlight concrete, organized academic pathways at the school—many AP classes and AP outcomes, STEM programs, dual‑enrollment/Running Start, vocational credentials (CNA, nursing, trades), CTE/AG/CAD offerings, and counselor‑driven college support—claims much more prevalent in square entries than in circle entries (examples: “17 AP classes… Math Academy… dual enrollment… CNA certification” and “guidance counselor is amazing… sends transcripts/scholarships”).\"",\n  \""square entries report more frequent and severe safety, bullying, substance, and identity‑based harassment incidents than circle entries\"": \""This groups reviews that document on‑campus violence, repeated fights, drug/vaping prevalence, gang activity, bomb threats, racial slurs, homophobia/transphobia, and chronic bullying or administrator inaction—phenomena attributed to square schools far more often than to circle (examples: “fights three in one day,” “N‑word used daily,” “lots of drug activity… 80% do drugs,” “bullying is a huge problem… administrators do nothing”).\"",\n  \""square entries document more administrative and district‑level governance failures, poor communication, and staff accountability problems than circle entries\"": \""This bucket covers critiques of leadership and governance—hostile or rude office staff, unresponsive principals/superintendents, board corruption/retire‑rehire scandals, missing funds, refusal to act on complaints, and calls for state takeover—issues named repeatedly in square reviews relative to circle (examples: “office staff unprofessional and rude,” “board won’t listen,” “money that went missing,” “the principal is horrible… communication sucks”).\"",\n  \""square entries portray wider extracurricular breadth but also stronger athletics dominance and resource prioritization (with associated favoritism) than circle entries\"": \""These reviews emphasize a large, visible extracurricular ecosystem (award‑winning band, theater, many clubs, championship sports) alongside complaints that athletics/cheer receive disproportionate emphasis and resources and that athletes/wealthy students get preferential treatment—both the program breadth and the athletics‑dominance/resource allocation themes appear far more in square entries than circle (examples: “band WGI world champs… great theater,” vs “spent 5 MILLION on a sports facility… athletes treated as gods”).\"",\n  \""square entries detail more tangible operational, facility, scheduling, and student‑support capacity problems (and mixed special‑education/counseling availability) than circle entries\"": \""This bucket groups concrete day‑to‑day operational issues—dirty/unsafe facilities (cockroaches, asbestos, collapsing ceilings), testing logistics, overcrowding, transportation/bus problems, scheduling models (block, modular, four‑period constraints), chromebook/device distribution failures, and variable counselor/IEP support or counselor caseload problems—matters emphasized in square reviews much more than in circle (examples: “bathrooms have cockroaches,” “testing in auditorium on lap boards,” “counselors each have 300 kids,” “no bus services,” “modular scheduling/open mods”).\""\n}""]",,33.27107357978821,19365,2176,2874,,[],['resp_037e0f312f0b8160006a7256d88024819f90a6eee9da276047'],True
gen|4|35,"[""{\n  \""square entries report more pervasive student safety incidents, bullying, and on‑campus violence than circle entries\"": \""These reviews describe frequent physical fights, gang/security incidents, repeated bullying (including racial/LGBTQ harassment), student assaults, suicides, vape/drug problems and threats of shootings that are often mishandled—e.g., “fights happen approximately every 2 days,” “multiple suicides,” and “I got punched in the face… superintendent did nothing.” Circle entries contain little or no comparable reporting of sustained physical violence or systemic victim mistreatment.\"",\n  \""square entries report more concrete advanced academic programs and measurable college‑preparatory outcomes than circle entries\"": \""Square reviews repeatedly list institutional programs and metrics—AP/IB/ROP/dual‑enrollment, academies, scholarship totals and named college matriculations (eg. Yale, Harvard, quantified scholarship dollars and AP credit/college credit claims)—whereas Circle reviews rarely provide quantified outcomes or the same program breadth and college‑prep evidence.\"",\n  \""square entries report more administrative dysfunction, inconsistent accountability, favoritism, and punitive/arbitrary discipline than circle entries\"": \""Square reviewers document leadership instability, cover‑ups or unpunished staff misconduct, uneven rule enforcement, parent‑pressure required to resolve class changes, arbitrary suspensions/detentions and explicit favoritism (often toward athletes), for example “teachers will cover for each other,” “third principal in three years,” and “students always get suspended for some invalid reason.” Circle reviews do not emphasize these systemic accountability failures to the same degree.\"",\n  \""square entries show greater variability in teacher quality and instructional consistency (both strongly supportive teachers and many ineffectual/unlicensed instructors) than circle entries\"": \""Square entries frequently contain polarized teaching reports—named outstanding AP teachers, strong extra‑help, and pedagogical innovation side by side with claims of many substandard teachers, unlicensed/long‑term substitutes, or teachers who ‘just throw assignments’—whereas Circle reviews tend toward a more uniform depiction of staff (fewer extreme contrasts).\"",\n  \""square entries describe broader extracurricular breadth and/or stronger athletic and arts program funding and prioritization (often with preferential treatment) than circle entries\"": \""Square reviews detail extensive program offerings (bands that travel internationally, outstanding music/JROTC, 80+ clubs, vocational shops, well‑funded sports) and sometimes explicit athletic prioritization or pay‑to‑play culture—e.g., “sports are funded very well,” “80% of students have private tutors,” and warnings that non‑sport interests get deprioritized—while Circle reviews do not generally report this same mix of broad, well‑resourced extracurriculars or athlete‑first resourcing.\""\n}""]",,31.166416883468628,19286,1856,2469,,[],['resp_02ec51dbb070f755006a7256d9ce14819da63aa8ec044970b0'],True
gen|4|28,"[""{\n  \""square entries report more frequent and severe student-safety and misconduct incidents than circle entries\"": \""These reviews describe concrete on-campus harms and patterns—bullying (including targeted harassment of LGBTQ+ and special‑needs students), pervasive drug use, fights/violence, sexual harassment/assault, suicides, arrests, and routine threats—while circle entries do not document these recurring, severe safety problems; examples include reports of student suicides tied to bullying, drugs ‘‘even in class,’’ weekly fights, and sexual harassment mishandled by administrators.\"",\n  \""square entries document richer, formal advanced-academic pathways and measurable college-prep outcomes than circle entries\"": \""Many square reviews catalog institutional academic offerings and outcomes (IB diploma programs, broad AP/honors curricula, STEM academies, early college prep starting in 9th grade, AP/college credit attainment, and explicit college matriculation/scholarship examples), whereas circle reviews lack comparable program breadth or concrete outcome metrics; examples include full IB diploma pathways, dozens of AP classes and students with 4/5 AP scores and selective college placements.\"",\n  \""square entries report more detailed facilities, technology, scheduling and operational resource conditions than circle entries\"": \""Square reviewers provide specific evidence about physical plant and operations—collapsed ceilings, pest infestations, sanitation problems, overcrowding, capital investments/renovations, broken or outdated tech, locked restrooms, unusual bell/schedule patterns, transportation barriers, and pay-to-participate fees—while circle reviews rarely enumerate this level of facility/operational detail; examples include fallen ceilings, rat sightings, brand‑new pools alongside interior rot, and missing textbooks or chronic Chromebook failures.\"",\n  \""square entries describe stronger contrasts in administrative governance, policy enforcement, and communication (both positive and negative) than circle entries\"": \""Square reviews frequently report concrete administrative behaviors and district policies—micromanagement, favoritism (athlete protection), revenue‑raising decisions, cover‑ups of complaints, inconsistent discipline, principal visibility or high‑profile stunts, and detailed communication failures—whereas circle reviews generally do not present such a wide spectrum of specific governance actions; examples include administrators accused of protecting staff, charging fees tied to graduation, principal helicopter publicity, and parents never being informed about retests or lockdown reasons.\"",\n  \""square entries highlight more pronounced instructional staffing and classroom-practice variability than circle entries\"": \""Square reviews repeatedly discuss teacher-level realities—wide variation in teacher competence, tenure-protected indifferent teachers, frequent substitutes/teacher absenteeism, classroom management failures, excessive or disorganized workloads, one‑on‑one tutoring supports, and variable special‑education counseling—while circle reviews give fewer, less detailed reports of these instructional staffing patterns; examples include teachers seen <5% of a semester, ‘‘too many substitutes,’’ teachers protected by tenure and ‘movie days,’ alongside other reviewers praising routine before/after‑school tutoring.\"" \n}""]",,31.45322895050049,19660,1280,1909,,[],['resp_0f98dc4f8558e5fa006a7256d99938819c850fef0edda7c1b8'],True
gen|2|25,"[""{\n  \""square entries report more acute physical-safety, supervision, and violent-incident problems than circle entries\"": \""This bucket captures reports of on-campus violence, drugs, sexual activity, shooting scares, gang fights, weapon/pepper-spray incidents, routine police/armed-guard presence, and weak supervision (e.g. 'Safety is a joke. Lots of drugs and sex in the bathrooms', 'school shooting scares', 'armed guards on campus', 'there are fights constantly', pepper-spray/classroom incident). These are operational/safety failures (staffing/monitoring, on-site security calls, frequent physical assaults) that square reviewers describe far more than circle reviewers.\"",\n  \""square entries describe more concrete advanced-academic pathways, measurable college-prep outcomes, and organized extracurricular/arts/athletics programs than circle entries\"": \""This bucket groups named academic tracks, AP/IB/dual-credit and university partnerships, measurable outcomes and visible program successes, plus extensive arts/athletics (e.g. 'AP and IB', 'dual-credit 18 college credits', '140+ member award-winning marching band', 'US News ranked #3', 'no-cut sports', CTE/industry partnerships). These are institutionalized curricular and extracurricular offerings and documented post‑secondary results that appear much more in square entries.\"",\n  \""square entries report more administrative governance, favoritism, procedural and operational dysfunction than circle entries\"": \""This bucket covers allegations of nepotism/insider hiring, favoritism toward athletes, cover-ups, budgeting misuse, broken scheduling/transcript/portal systems, lost records and opaque decision‑making (e.g. 'administration rules by \\\""good old boy\\\"" principles', 'principal and assistant principal cover up complaints', 'they lost the file and cheated me out of the honors diploma', 'portal doesn't work', 'transcript transfer took months'). These are governance, communication and process failures described disproportionately in square reviews.\"",\n  \""square entries report more inadequate special-education, mental-health, counseling, and targeted student-support failures than circle entries\"": \""This bucket captures systemic shortcomings in services for vulnerable students: failing or delayed special-education identification and IEP support, minimal/absent mental‑health follow‑through, unhelpful or unavailable counselors, and harms to student wellbeing (e.g. 'they treat the student with disabilities like outcast', 'mental health is not a priority', 'took 6 years to realize he had a learning disability', 'Counselors are a joke', 'my mental health was declining... graduated online'). These service‑level failures and resulting student harm are emphasized in square entries far more than circle entries.\"",\n  \""square entries report more negative peer social climate, cliquish exclusion, and discrimination (ethnic, language, socioeconomic) than circle entries\"": \""This bucket includes persistent bullying, cliquish cultures, ethnic and language‑based exclusion, and pay-to‑participate or socioeconomic barriers (e.g. 'MAJOR bullying problems', 'very clicky... made to feel like an outsider', 'Hispanic students are not treated well', 'kids told they do not belong because they don't speak Spanish', 'If you don't have money, don't go to Jenks'). These peer‑culture and equity problems are described substantially more in square reviews than in circle reviews.\""\n}""]",,33.88125205039978,19096,2048,2740,,[],['resp_083b020d8b6abb96006a7256d82e648192ac98ff1dfb6df5b6'],True
gen|3|7,"[""{\n  \""square entries exhibit more and deeper specialized academic programs and measurable college‑preparatory outcomes than circle entries\"": \""This bucket captures references to formal advanced-track curricula, AP/IB/academy/dual‑enrollment offerings and explicit college‑prep outcomes—e.g., multiple square reviewers name IB/Magnet/Math & Science academies, 18+ AP/PreAP classes, Princeton Review SAT prep, documented AP scores and large college scholarships—while circle entries lack comparable program breadth or measurable school‑level outcomes.\"",\n  \""square entries report a broader and more prominent set of extracurricular, arts, and athletics flagship programs than circle entries\"": \""Includes claims of many clubs, award‑winning band/choir/theater, AFJROTC, extensive sports (college‑level facilities/athletic championships) and named coaches or program successes (e.g., ‘50+ clubs’, ‘band is awesome’, state finals teams), whereas circle reviews do not describe such extensive flagship extracurricular or athletic achievements.\"",\n  \""square entries describe more frequent and severe student safety, behavior, and substance problems (bullying, fights, drugs, assaults, police/searches) than circle entries\"": \""Groups reviews that recount persistent fights, bullying and hazing, open drug use/dealing, student assaults and even guns, frequent lockdowns/drug‑dog searches and heavy law‑enforcement presence—concrete incidents and mental‑health harms (suicide attempts) are repeatedly reported for square but not for circle.\"",\n  \""square entries document more concrete administrative and operational dysfunctions—communication failures, procedural/IEP mismanagement, favoritism/nepotism, coverups, and leadership instability—than circle entries\"": \""This bucket covers specific, actionable administrative failures described in square reviews (no returned calls/emails, lost records, last‑minute graduation denials, IEP noncompliance, admitted favoritism/nepotism, coverups, frequent principal turnover), contrasting with circle’s relative absence of those concrete breakdowns.\"",\n  \""square entries report greater variability and constraints in physical resources, facilities, scheduling and technology (overcrowding, bussing strain, remodeling or dire cleanliness, LMS/tech issues, funding allocation disputes) than circle entries\"": \""Encompasses square statements about severe overcrowding/trailets, bussing shortages, both new‑building renovations and unsanitary conditions, Canvas/Infinite Campus syncing problems, high taxes/Title I funding strains and complaints that money is allocated to athletics over books—issues circle reviews rarely raise.\""\n}""]",,33.884469985961914,19005,832,1355,,[],['resp_015a482eaa64914d006a7256d85228819f878952618ea24de6'],True
gen|4|12,"[""{\n  \""square entries report more extensive, named extracurricular, arts, and athletics programs and high‑profile achievements than circle entries\"": \""This bucket captures reports of richly described extracurricular life in Square reviews (named bands, orchestras, DECA/FBLA wins, state championships, class trips, trophy displays and travel opportunities) that Circle reviews largely do not mention; examples include “award winning Band,” “DECA and FBLA chapters winning in international competitions,” and lists of 26 sports and many travel trips, whereas Circle contains few or no comparable program names or achievement narratives.\"",\n  \""square entries describe more concrete specialized academic and career‑technical pathways, AP/IB/magnet offerings, dual‑enrollment and measurable college outcomes than circle entries\"": \""Square reviews repeatedly name specific academic programs and outcomes (IB, multiple magnets, broad AP offerings with pass‑rate claims, dual enrollment/college credit, career academies, vocational/ROPs) and cite concrete matriculation evidence (MIT, scholarship amounts, ACT/AP scores), while Circle reviews rarely provide this level of program detail or numeric outcome evidence.\"",\n  \""square entries document more frequent, severe student safety, bullying and supervision breakdowns (fights, assaults, substance use, unsupervised campus movement) than circle entries\"": \""This bucket groups raw terms that report repeated, concrete safety incidents and poor on‑the‑ground supervision—daily fights, physical/sexual assaults, pervasive smoking/drugs, large numbers of unsupervised students and parking‑lot hazards—problems Circle reviews generally do not report; examples include “There are fights almost every day,” “kids get jumped and beat up,” and “lots of smokers, pot heads and drinkers” versus Circle’s lack of such incident narratives.\"",\n  \""square entries contain more concrete operational, facilities and resourcing specifics and failures (overcrowding, bus problems, cafeteria/food safety, class sizes, grade/ scheduling errors, device programs) than circle entries\"": \""Square reviews provide many operational details—overcrowded halls and classes, chronic late buses, poor or unsafe cafeteria food, lost grades/transcript delays, room/cafeteria closures, one‑to‑one laptop programs and capital projects—while Circle reviews seldom enumerate such granular logistical or infrastructure claims; illustrative excerpts include “afternoon bus is always 30–45 minutes late,” “COLD chicken, pink burgers,” and “make copies/duplicates... because grades get changed.”\"",\n  \""square entries report more administrative governance problems and uneven treatment (nepotism, favoritism toward athletes/affluent/track students, opaque fundraising, poor communication and inconsistent enforcement) than circle entries\"": \""This bucket covers systemic governance and fairness issues in Square reviews—allegations of nepotism, principals protecting relatives or favored students, resource allocation skewed to athletics, opaque fundraising, and inconsistent discipline/communication with parents—whereas Circle reviews do not make comparable claims; examples include “nepotism is rampant,” “the principal protects his son,” “athletic department seems to have endless funding,” and frequent parent‑communication complaints.\""\n}""]",,32.179473876953125,19456,1920,2606,,[],['resp_059eb0912c6a369b006a7256d914e081a18d886dabd323df9a'],True
gen|4|20,"[""{\n  \""square entries report more specialized academic programs and measurable college‑preparation outcomes than circle entries\"": \""These reviews point to concrete, school‑run curricular pathways and measurable outcomes (IB, Cambridge, many APs, Dual Enrollment, engineering/CTE classes, strong API/test scores and named college placements) that square reviewers frequently cite as evidence of rigor and college preparedness, whereas circle reviews lack these programmatic specifics; examples include repeated references to Cambridge/IB, 'endless list of great AP classes,' paid College Board tests, and alumni attending Ivy/major universities.\"",\n  \""square entries report broader, better‑documented extracurricular, arts, and athletics offerings plus active booster/community support than circle entries\"": \""Square reviewers enumerate many organized clubs, ensembles, competitive teams, longstanding spirit traditions, booster/PTO fundraising, and community partnerships (school bank branch, city youth programs) that create visible extracurricular breadth and recognition, while circle reviews name few programs; examples include detailed lists (band, orchestra, FFA, ROTC, debate, drama), booster club activity, homecoming traditions, and regional competition success.\"",\n  \""square entries report more on‑campus safety problems, visible substance abuse, violent or sexual incidents, punitive/criminalized discipline, and intrusive surveillance than circle entries\"": \""Multiple square reviews describe concrete safety incidents (classroom assaults, frequent fights, daily drug exposure including heroin, alleged staff sexual misconduct), heavy punitive responses or criminal charges for student behavior, and intrusive monitoring (bathroom checks, hallway pat‑downs, video recorded incidents ignored), whereas circle reviews do not recount comparable levels of violent/safety events or surveillance practices.\"",\n  \""square entries document more administrative politicization, favoritism, personnel protection, and unresponsiveness than circle entries\"": \""Square reviewers repeatedly report nepotism/favoritism in athletics and staffing, tenured teachers shielded from removal, guidance‑department dishonesty, rude office communications, and systemic failure to address complaints (escalation to district/state offices), contrasting with circle’s fewer or different administrative criticisms; specific examples include 'sports were VERY political,' tenure blocking removal, counselors 'play destructive and dishonest games,' and parents unable to get responses from administrators.\"",\n  \""square entries contain more detailed operational, scheduling, facility, and student‑support infrastructure accounts (including alternative programs, counseling/credit recovery, special‑education procedural problems) than circle entries\"": \""Square reviews frequently name concrete logistics and supports — block/semester scheduling, short passing times, overcrowding, parking/food problems, 1:1 tech, newly renovated facilities — and also document both available targeted services (alternative high school, teen‑parent support, career center, credit recovery) and failures in special‑education procedures or counseling access, whereas circle reviews rarely provide this level of operational detail; examples: 'Alternative High School upstairs,' 'smart lunch' tutoring, lost counselor files costing diplomas, overcrowded halls, and food safety/mold incidents.\""\n}""]",,32.0074827671051,19348,1664,2314,,[],['resp_0e1e871569514dc3006a7256d9520081a1a833900b9e0fe31b'],True
gen|4|14,"[""{\n  \""square entries report more frequent and severe student safety, bullying, fights, drug use and physical assaults than circle entries\"": \""This bucket captures descriptions of on-campus violence and chronic safety failures (e.g., “constantly fights,” students “doing drugs left an right,” shelter‑in‑place events, a student “beat with a metal marching band baton,” repeated assaults, and direct threats) plus claims that discipline is ineffective or punitive in inconsistent ways (e.g., long suspensions, ignored bullying). These items group together concrete safety incidents and systemic enforcement breakdowns that square reviewers cite but circle reviewers largely do not.\"",\n  \n  \""square entries document broader, higher‑level academic and college‑preparatory offerings and measurable outcomes more than circle entries\"": \""This bucket groups reports of substantive curricular depth and measurable academic results found in square reviews — explicit AP and college‑level courses (Calculus II, 6–7 APs), dual‑credit programs, specialized academies (engineering, criminal justice, visual & performing arts), test scores/GPAs (ACT 30, 90% proficiency), and named elite college placements/scholarships (Vanderbilt, Rhodes, Harvard). These concrete programmatic offerings and outcome metrics are frequent in square entries while circle entries rarely cite comparable course breadth or documented college outcomes.\"",\n  \n  \""square entries emphasize extensive extracurricular breadth and strong athletics/arts but also report pronounced athletic favoritism and coach misconduct more than circle entries\"": \""This bucket collects claims of a wide roster of extracurriculars (marching band, speech & debate, JrROTC, culinary, vocational clubs, award‑winning arts, many sports) alongside accusations that athletics dominate resources and privileges (\\\""Athletics run the whole system,\\\"" coaches favoring certain kids, denied playing time, transfers by talented athletes). Square reviewers commonly describe both rich extracurricular infrastructures and problematic athlete‑first cultures; circle reviewers do not report this same mix.\"",\n  \n  \""square entries report more administrative and operational failures — including leadership turnover, poor communication, budget/funding mismanagement, pandemic mishandling, and facility/capacity problems — than circle entries\"": \""This bucket covers concrete management and operational breakdowns mentioned in square reviews: leadership instability and firings, unresponsive administrators, chronic scheduling/transportation errors, levy/funding misuse, mishandled COVID responses and cancelled graduations, severe overcrowding/portables, mold outbreaks and sanitation issues. These are tangible governance, logistics and facility problems square reviewers attribute to their schools but that circle reviewers seldom document.\"",\n  \n  \""square entries reveal more constrained, obstructed, or inconsistent student support services (special education, counseling, and accommodations) than circle entries\"": \""This bucket groups reports of barriers to special‑education access (\\\""the process is a nightmare… get an attorney,\\\"" IEPs ignored, lack of aide funding), dysfunctional counseling/college guidance (nonexistent or unresponsive counselors), and uneven accommodation implementation; some square reviews do also report strong special‑education wins, but the dominant pattern is administrative obstruction or inconsistent supports that circle entries do not emphasize. These are concrete service‑delivery and accommodation issues rather than general praise or criticism of academics.\""\n}""]",,32.32772088050842,19429,1408,2058,,[],['resp_021565d05f36e259006a7256d92da0819ea1f350ffb9d66956'],True
gen|4|15,"[""{\n  \""Square entries describe broader and more competitive extracurricular, arts, and athletic programs than circle entries\"": \""These reviews repeatedly list extensive clubs, competitive sports, performing-arts and parent/community support (e.g., “over 80 clubs… wrestling and football some of the best in the state,” orchestra at the Greek Theater, strong band/theatre, parent organizations), whereas circle reviews lack comparable catalogs or competitive achievements and focus narrowly on a few activities.\"",\n  \""Square entries describe more and stronger advanced academic pathways and measurable college outcomes than circle entries\"": \""Square reviews cite formal programs and outcomes—IB and AP counts, academies/AVID/dual‑enrollment partnerships, documented AP/college results and scholarship totals (e.g., “17 different Advanced Placement Courses,” IB Diploma Program, dual enrollment with nearby colleges, students skipping college semesters)—while circle reviews rarely report extensive AP/IB/dual‑enrollment infrastructure or measurable college‑prep outcomes.\"",\n  \""Square entries report more pervasive student safety, bullying, substance‑use, gang activity, and supervision failures than circle entries\"": \""Many square reviews describe repeated fights, targeted bullying (including racial and military‑child harassment), rampant on‑campus drug/vaping use, gang activity, shooting threats and lack of supervision (e.g., bathroom drug use, daily fights, parking‑lot unsupervised), whereas circle reviews do not describe comparable levels of violence, drug problems, or security incidents.\"",\n  \""Square entries report more staff and administrative misconduct, inconsistent or punitive discipline, and guidance/communication failures than circle entries\"": \""Square reviewers allege teacher/unprofessional conduct, privacy violations, favoritism/collusion, punitive or uneven discipline, guidance and scheduling breakdowns, and administrators who ignore safety or cover up incidents (e.g., staff rifling through lunches, IEPs not followed, bus ringleader protected, chaotic registration), while circle reviews emphasize helpful teachers and do not make equivalent claims of systemic staff misconduct or administrative coverups.\"",\n  \""Square entries report more infrastructure, overcrowding, funding cuts, and resource/operational constraints that impair instruction than circle entries\"": \""Square reviews document aging or unsafe facilities, overcrowded classrooms (30–40+ students), budget‑driven program cuts, cancelled/poorly run paid programs and tech/maintenance issues (e.g., broken lockers, leaking ceilings, drivers‑ed failures, reduced computer/STEM classes), whereas circle reviews generally do not present the same scale of facility, crowding, or resource‑shortage problems.\""\n}""]",,32.37000393867493,19250,1216,1794,,[],['resp_0beb999ebdc73144006a7256d92d9c81a0959e01fe5eb77e1f'],True
gen|4|9,"[""{\n  \""square entries describe broader and higher‑performing advanced academic pathways and measurable college‑prep outcomes than circle entries\"": \""These reviews emphasize concrete advanced offerings (AP, IB, AICE, honors, dual‑enrollment) and documented outcomes—e.g., “IB program,” “AP offerings are good,” “taking AP exams is paid for by the district,” “students sent to Stanford/MIT/Princeton,” and high state rankings—whereas circle reviews lack these program breadths or elite outcome evidence.\"",\n  \""square entries report more frequent, severe student safety and behavior problems (drugs, fights, sexual harassment, assault, pervasive bullying) than circle entries\"": \""Many square reviews document concrete safety incidents and pervasive misconduct—‘There are fights constantly,’ ‘Drug deals are made in the hallways,’ ‘severe sexual harassment,’ ‘3 girls jumped me…made me lose my baby,’ and reports of contact highs on campus or buses—issues that circle reviews generally do not raise.\"",\n  \""square entries report greater administrative dysfunction, inconsistent or punitive discipline, and poor parent–school procedural communication than circle entries\"": \""Square reviews repeatedly cite leadership problems and operational failures—‘Attitude of not caring is passed down from Admin,’ ‘principal is too controlling,’ expulsions for social‑media posts, survey/attendance mishandling, long response times, and contradictory dress‑code enforcement—whereas circle reviews more often describe engaged or responsive leaders and fewer procedural breakdowns.\"",\n  \""square entries report pronounced facility, crowding, and maintenance/resource problems (overcrowding, A/C/mold/pest issues, extreme classroom temperatures) more than circle entries\"": \""Reviewers for square schools describe concrete physical and capacity problems—‘very overcrowded…2300 kids,’ ‘a/c went out…infested with bugs,’ ‘some rooms 115 degrees,’ flooded fields, and stalled renovations—whereas circle reviews rarely describe these kinds of acute plant or capacity failures.\"",\n  \""square entries report systemic inequities and exclusionary practices affecting marginalized students' access and supports (IEP/ADA noncompliance, inequitable program placement, racial/class favoritism) more than circle entries\"": \""Square reviews contain many allegations of denied honors/AP access for students with disabilities, IEPs not followed, racially segregated placements, athletic favoritism, and class‑based discrimination—e.g. ‘This school has no understanding about the disability act,’ ‘Pre‑AP classes filled with cynical white students,’ and ‘star athletes…get things swept under the rug’—a set of access and equity problems not described in circle reviews.\""\n}""]",,32.526001930236816,18716,1536,2091,,[],['resp_0b2622fc8c6ae22e006a7256d9079081a1847865c00fa53c3a'],True
gen|3|28,"[""{\n  \""square entries describe substantially broader, concrete advanced curricular pathways and measurable postsecondary outcomes than circle entries\"": \""These reviews repeatedly list named college-prep programs (AP/IB, dual-enrollment, Cambridge, AVID), vocational/ROP pathways, STEM/magnet academies (Space & Engineering Academy, ICL), and measurable outcomes (college credits, scholarship dollars, elite admits — e.g., “took 12 AP classes… admitted to MIT,” “graduating class received over 2 million dollars in scholarships”), whereas circle entries rarely provide program names, college-credit detail, or outcome metrics.\"",\n  \""square entries report more extensive, funded, and recently upgraded extracurricular programs and physical facilities than circle entries\"": \""Square reviewers enumerate capital projects and well‑resourced activities (new stadiums, Olympic pools, state-of-the-art tech, award-winning band/choir, NJROTC, dozens of clubs and state championships — e.g., “new stadium and a new Olympic sized pool,” “Band traveled to China/Paris”), while circle reviews generally lack comparable concrete facility upgrades or broad extracurricular breadth.\"",\n  \""square entries document more frequent and severe student safety, violence, substance, and bullying incidents (with visible security responses) than circle entries\"": \""Many square reviews recount persistent fights, police/tazer incidents, drug deals/use, sexual assaults, gang violence, and systemic bullying—sometimes noting visible police presence or traumatic outcomes (“fights nearly every day… a kid got tazed,” “sexually assaulted in freshman year,” “students exposed to drugs on a daily basis”), whereas circle entries do not report this level or frequency of safety crises.\"",\n  \""square entries report more explicit administrative dysfunction, inconsistent/excessive disciplinary policies, poor parent communication, and leadership turnover than circle entries\"": \""Square reviewers cite concrete governance failures and variability (unresponsive guidance offices, abrupt principal-driven staff removals, toxic internal communications, selective or punitive enforcement of rules, record-transfer problems and allegations of district corruption — e.g., “Guidance office and Principal unresponsive,” “new principal… pushed out… caring teachers”), while circle entries tend to omit or soften such systemic governance allegations.\"",\n  \""square entries show pronounced within-school stratification and polarized student experiences — favoritism for athletes/honors and uneven supports for average, ESL, and special‑education students — more than circle entries\"": \""Square reviews frequently describe tracking and social stratification (students “separated based on rigor,” teachers favoring athletes/honors, pressure into AP), alongside contradictory reports about supports for ESL/504/special-ed students (some praise, many denials) and exclusionary cliques by race/economics, whereas circle entries do not portray such entrenched, cohort-based inequalities.\""\n}""]",,33.08541226387024,19504,1536,2103,,[],['resp_049b94a936b51ab5006a7256d8fb90819f9ee390826d440698'],True
gen|3|23,"[""{\n    \""square entries report more student safety incidents, drug/violence problems, and security neglect than circle entries\"": \""These reviews describe concrete safety failures inside and around the building — fights, gang activity, drug/vaping use, truancy, student-on-student physical assaults, unlocked doors, and hired/insufficient security — that circle reviews do not or only rarely mention (examples: “gang violence… hired local thugs,” “kids smoke/vape in the bathrooms,” “fights and unruly children,” unlocked back entrances and students cutting out).\"",\n    \""square entries report more facility, maintenance, overcrowding, and instructional resource shortages than circle entries\"": \""Square reviews contain many operational and infrastructure deficits (rotting/old buildings, no AC, pests, dirty bathrooms, portable classrooms, lack of labs/textbooks, bus driver shortages, and budget-driven program cuts) while circle reviews generally lack these specific facility/resource complaints (examples: “overpopulated… 102 portables,” “rats/roaches/falling ceiling tiles,” “very little/no labs for the Sciences,” and “major underfunding”).\"",\n    \""square entries document more concrete advanced academic offerings, specialized tracks, and measurable college-credit/outcome evidence than circle entries\"": \""Many square reviews enumerate AP/IB courses, dual‑enrollment/college‑credit programs, vocational/academy tracks, and explicit outcome metrics or scholarships, whereas circle reviews rarely provide comparable program detail or measurable college outcomes (examples: “over 20 APs…dual credit with St. Louis University,” “IB diplomas,” “graduating with 12 hrs of college credit,” and named scholarship/ACT scores).\"",\n    \""square entries describe more punitive, politicized, and inconsistent disciplinary/administrative practices and staff dysfunction than circle entries\"": \""Square reviewers report rigid or punitive discipline (excessive ISS, pre-judged discipline, confiscations/suspensions for minor items), favoritism and grade manipulation tied to athletics, frequent leadership turnover, counselor unavailability, and managerial mistreatment of staff/students — patterns either absent or far less emphasized in circle reviews (examples: “sent to ISS for being late by 2 seconds,” “invented the grade D- so that more people can play sports,” “principal yells and degrades everyone,” and “counselor was hardly ever in her office”).\"",\n    \""square entries report broader extracurricular breadth, visible school spirit, and stronger parent/community engagement than circle entries\"": \""Square reviews more often list many organized clubs, robust arts and music programs, strong athletic traditions and spirit, active parent fundraising and PTA/municipal engagement, and alumni continuity, whereas circle reviews seldom detail comparable breadth or community mobilization (examples: “fine arts department is stellar… musicals, plays, band,” “many different clubs and academies,” “parent fundraising and donations,” and “parents, principal, and PTA are involved and visible”).\""\n}""]",,33.2183358669281,18935,1280,1912,,[],['resp_0c438c5d070bc839006a7256d89288819fa8e17c580984569b'],True
gen|4|48,"[""{\n  \""square entries report more acute safety, violence, drug, and mental‑health crises than circle entries\"": \""This bucket captures square reviews that describe concrete safety failures and severe student harm—e.g., repeated fights (including large multi‑student brawls), weapons on campus (knives/guns), ‘constant major drug busts,’ students found unconscious from substances, and even suicides—claims that Circle reviews do not make. Inclusion means the school narrative centers on immediate physical/safety and mental‑health emergencies and failures of the institution to prevent or adequately respond to them.\"",\n  \""square entries document stronger, formalized advanced academic, magnet, CTE and extracurricular offerings and measurable college outcomes than circle entries\"": \""This groups square reviews that list concrete program breadth and accomplishments—AP/IB/honors, STEM/engineering/PLTW magnets, dual‑enrollment/transcripted college courses, robust CTE tracks, award‑winning music/theatre/band, and named elite college matriculations—while Circle largely omits or lacks comparable program detail. Inclusion means the review emphasizes clearly structured academic tracks, specialized magnets, dual credit opportunities, or high‑level extracurricular achievement and outcomes.\"",\n  \""square entries report more inconsistent, punitive, and opaque administrative & disciplinary practices, leadership turnover, and data/policy manipulation than circle entries\"": \""This bucket covers square accounts of arbitrary punishments (expulsions, detention for minor tardies), selective enforcement, administrative secrecy or non‑response, principal turnover, accusations of gaming test/special‑ed counts, and communication failures (phone/records/portal breakdowns). Inclusion indicates that reviewers describe systemic governance problems—capricious discipline, poor parent/teacher communication, leadership instability, or alleged manipulation of metrics—that Circle reviews do not emphasize.\"",\n  \""square entries describe greater social/academic stratification, favoritism, and polarized teacher quality than circle entries\"": \""This groups square reviews that report insider/insider‑family favoritism, socioeconomic elitism and exclusionary cliques, discrimination against newcomers/minorities, tracking effects (AP/honors vs. other students), and wide variability in teacher competence and support. Inclusion means the school experience is portrayed as highly uneven across students—some benefit from excellent programs/teachers while others face neglect, bias, or exclusion—an internal polarization not foregrounded in Circle.\"",\n  \""square entries report more operational/facility problems and a heavier reliance on parent advocacy/fundraising than circle entries\"": \""This bucket captures square complaints about poor food quality and unsanitary cafeterias, overcrowding and modular classrooms, transportation/drop‑off delays, aging or (alternatively) recently upgraded facilities, tight budgets/levy pressure, fundraising demands, and repeated parent‑portal/administrative logistics failures that force parents to advocate constantly. Inclusion denotes reviews emphasizing concrete, day‑to‑day operational or resource shortfalls and the expectation that parents must actively intervene or fundraise to secure basic services.\""\n}""]",,31.475339889526367,19288,1152,1788,,[],['resp_0e17712aeb28b63c006a7256da2230819fa3637b2794e7085e'],True
gen|3|53,"[""{\n  \""square entries report more student safety, bullying, harassment, and targeted discrimination incidents and lax security than circle entries\"": \""These reviews describe concrete safety failures—frequent fights, hallway violence, racial slurs, homophobia/transphobia, threats, sexualized/drug talk, and even suicide attempts—plus claims that staff/security 'overlook' or fail to intervene (e.g., 'racial tension is REALLY bad,' 'she was threatened multiple times,' 'many fights and nothing really done'). Circle reviews by contrast describe fewer or managed incidents (mentions of bullying but also staff intervention and a generally calm environment).\"",\n  \""square entries report more administrative and governance dysfunction, favoritism, silencing of critics, and leadership instability than circle entries\"": \""Square reviews repeatedly name and blame school leaders, school boards, or unions, cite favoritism ('parents are good friends with the Principal'), active suppression of complaints ('so quick to silence them'), frequent principal turnover, and labor/governance conflicts, whereas Circle reviews contain little or no governance-level accusations and often praise specific administrators. These are concrete institutional failures affecting accountability and community trust.\"",\n  \""square entries describe a broader, more polarized academic and extracurricular program portfolio with measurable college‑preparatory outcomes and tracking gaps than circle entries\"": \""Square reviews list extensive AP/IB/magnet/STEM/arts/JROTC/ROTC offerings, national arts trips, high AP participation and named elite college placements, but also highlight tracking/achievement gaps (honors/AP vs CP) and rigid selectivity; Circle reviews rarely enumerate such specialized programs or measurable college outcomes and instead give more uniform, local-level program descriptions. This bucket captures substantive differences in program breadth, selectivity, and documented student outcomes.\"",\n  \""square entries report greater teacher and staffing instability, underqualification, and uneven instructional quality (incl. reliance on substitutes) than circle entries\"": \""Square reviews document chronic understaffing, long‑term substitutes, hiring of inexperienced/unlicensed teachers, high turnover, and 'hit or miss' teacher quality—concrete operational staffing problems—while Circle reviews more often describe caring or consistently dedicated teachers. This bucket groups items about staffing competence, certification, and classroom continuity.\"",\n  \""square entries report more operational, facilities, and student‑support delivery failures (front‑office communication, cleanliness/maintenance, attendance/fee enforcement, and special‑education/IEP noncompliance) than circle entries\"": \""Square reviews cite pests, overcrowding, bad food, registration/phone failures, punitive attendance/fee policies, broken scheduling/grade posting systems, and repeated IEP/noncompliance or poor special‑education implementation as concrete service failures; Circle reviews generally do not raise these operational/service delivery and SPED compliance problems. This bucket captures tangible facility, logistics, family‑communication, and legally‑mandated support issues.\""\n}""]",,32.98913598060608,19493,1536,2151,,[],['resp_0d5072436ed099fb006a7256d8b3a8819da454b093a5fbbd9b'],True
gen|0|49,"[""{\n  \""Square entries report more frequent and severe student safety, bullying, substance‑use, violence, and disciplinary mishandling than circle entries\"": \""This bucket groups reports of on‑campus assaults, gang/drug/vaping problems, repeated bullying (including teacher‑perpetrated bullying), police lockdowns, and cases where victims were punished or incidents were concealed — e.g., 'I got punched in the face... superintendent did nothing,' 'kids openly do drugs,' 'multiple lockdowns... a kid bringing a gun,' and 'they punish the victim.' Circle entries lack comparable accounts of systemic violence or mishandled discipline and instead emphasize safer handling of incidents.\"",\n  \""Square entries document a broader, named set of advanced academic pathways and extracurricular programs (AP/IB/dual‑enrollment, vocational/CTE, extensive arts and athletics) and concrete high‑level outcomes more than circle entries\"": \""This bucket captures detailed program listings and outcomes found in square reviews — AP and honors shortages/availability, IB, dual‑enrollment/college credit, vocational certification (CNA/EMT), robust music/band/robotics/athletics, national awards, and elite college placements — e.g., 'dual enrollment allowed a year of college credit,' 'award winning Titan Marching Band,' and 'students went to Harvard.' Circle entries rarely name this depth or breadth of structured programs or specific measurable college outcomes.\"",\n  \""Square entries allege more administrative dysfunction, favoritism, concealment, nepotism, turnover, and policy decisions that harm students than circle entries\"": \""This bucket groups claims about leadership problems and policy harms: administrators covering up incidents, protecting teachers/athletes, nepotistic pay/overpayment, frequent principal/board turnover, punitive attendance/legal paperwork, and problematic schedule or grading policies — e.g., 'swept under the rug,' 'overpaid superintendent... save his spouse,' 'constantly changes the administration,' and 'forced to allow students to pass.' Circle reviews do not present the same concentration of systemic leadership misconduct or concealment allegations.\"",\n  \""Square entries provide more concrete, person‑level descriptions of staff interventions, counseling/special‑education details, and individualized supports (both positive and negative) than circle entries\"": \""This bucket groups item-level evidence about named counselors, IEPs and inclusion practices, specific tutoring/ACE/Eagle Time blocks, Remind/Edline communication, and accounts of counselor caseload problems — e.g., 'my counselor Mrs. Pritchard... motivated me,' 'One counselor deals with 500 students,' 'ACE Time for tutoring/clubs,' and 'students with disabilities are integrated... interpreters for deaf students.' Circle entries, by contrast, rarely contain this level of concrete staffing or special‑education detail.\"",\n  \""Square entries report more concrete facility, resource, and operational shortages or contested funding/prioritization decisions than circle entries\"": \""This bucket groups physical‑plant and resourcing complaints and budget disputes: asbestos/roof leaks, moldy/expired food and cleanliness issues, lack of textbooks/supplies, bus driver shortages, fundraising requests and cuts to programs, and disputes over visible spending (TVs vs trips) — e.g., 'roof leaked... no pencils or paper for two whole years,' 'found mold in the food,' and 'taxes up and they put 4 big screen tvs in the cafeteria.' Circle entries generally do not report the same scale of facility failures or contested resource allocation.\""\n}""]",,34.77285695075989,19583,1152,1878,,[],['resp_01e27f4930afdcd3006a7256d7b538819ca79e04c04a5f2f0f'],True
gen|2|22,"[""{\n  \""square entries report more student safety, bullying, and serious incident failures (and adult inaction) than circle entries\"": \""These entries contain numerous concrete safety failures—daily bullying, fights, gang presence, drug exposure, vaping hubs, sexual harassment/assault allegations, bomb threats, food‑poisoning and pest infestations—and explicit claims that staff/security/administration fail to protect victims or even enable misconduct (e.g., security high‑fiving fight participants, victims punished, administrators doing nothing). Circle entries lack comparable reports of ongoing safety crises or adult complicity.\"",\n  \""square entries provide far more concrete programmatic detail about advanced/alternative academics, extracurricular breadth, and measurable college pathways (both availability and gaps) than circle entries\"": \""Square reviews repeatedly name and evaluate specific academic tracks, AP/IB/dual‑enrollment offerings, academies/magnets, remediation policies (e.g., CORE/FLEX), specialized electives (marine biology, Mandarin, Project Lead The Way), and concrete college outcomes or deficits (AP scores, concurrent enrollment credit, scholarships), as well as program gaps; Circle reviews do not list this level of programmatic specificity.\"",\n  \""square entries describe more staffing, personnel management, and governance problems—plus explicit favoritism/nepotism—than circle entries\"": \""Many square items allege administrative incompetence or instability, frequent teacher absenteeism/turnover, nepotistic hiring/favoritism (toward athletes, NJHS, staff relatives), counselor/leader credentialing mismatches, and obstructive office behavior (lost transcripts, blocked graduations), whereas circle reviews contain far fewer or no such systemic personnel/governance accusations.\"",\n  \""square entries report more tangible facilities, operational, and logistical problems than circle entries\"": \""Square content documents physical and operational deficits—overcrowding/portable classrooms, severe maintenance and sanitation issues (leaks, roaches, food poisoning), inconsistent Covid/safety procedures, deteriorating or improved renovation plans, transportation barriers, poor cafeteria/food changes, and schedule/communication failures—details largely absent from circle entries.\"",\n  \""square entries contain more detailed accounts of student support services, special‑education/IEP handling, counseling availability (or shortages), and mental‑health impacts than circle entries\"": \""Reviewers in square both praise and criticize concrete supports: specific IEP accommodations and successful special‑needs advocacy, but also counselor understaffing, referral failures, inadequate mental‑health staffing, punitive attendance enforcement, and examples where counseling/IEP errors harmed students—topics circle reviews mention far less or not at all.\""\n}""]",,34.57611799240112,19347,1728,2268,,[],['resp_0a67c2a889664f24006a7256d82ec881a39a8f88a7e11c5141'],True
gen|2|24,"[""{\n  \""square entries report broader, formalized advanced academic pathways and measurable college/career outcomes than circle entries\"": \""These reviews describe concrete institutional programs (AP, IB, Pre‑AP, SLU 1818, dual‑enrollment, paid AP exams, college credit, PSEO) and named successes (higher SAT/ACT gains, matriculation to NYU/Ivy/State flagship/medical/engineering careers) that circle reviews do not; examples include “because of West's ACT prep I brought my score from an 18 to a 25,” “The AP and IB programs are some of the best,” and multiple alumni college acceptances and scholarships.\"",\n  \""square entries report more frequent unresolved student safety incidents, bullying, fights, harassment and visible security/police presence than circle entries\"": \""Square reviews repeatedly document ongoing peer violence and harassment (daily bullying, Title IX filings, booing/water‑bottle incidents, gang issues, suicides, teen pregnancies), frequent fights, and heavy security/police responses, e.g. “Bullies in students and teachers…Bullying is out of control!,” “we had to file a Title IX,” and “20 security guards…cop cars patrolling,” whereas circle reviews lack comparable sustained safety incident accounts.\"",\n  \""square entries describe greater administrative dysfunction, favoritism, politicized governance, and misaligned priorities than circle entries\"": \""These items focus on leadership behavior and governance—administrative inaction/cover‑ups, favoritism/nepotism, punitive or inconsistent discipline, unfair hiring/age bias, and funding choices favoring athletics or amenities over academics—for example: “administration…playing the political game of covering each other's back sides,” “It’s who you know at this school,” and “They spent $5 MILLION on a sports facility when academics are lacking,” complaints that circle reviews do not raise as systematically.\"",\n  \""square entries report more pervasive facility and resource constraints and overcrowding than circle entries\"": \""Square reviewers call out concrete physical‑plant and resourcing problems—severe overcrowding and high student:teacher ratios, poor maintenance/cleanliness, pests, no AC/parking shortages, textbook shortages and outdated technology, and low per‑student funding—e.g. “crowded classroom with 35 students,” “mice infested in the school,” and “Brighton pays $54 per student/year,” issues largely absent from circle.\"",\n  \""square entries report more inconsistent instructional quality and weaker or uneven student support (counseling, special education, remediation, and day‑to‑day teaching) than circle entries\"": \""This bucket captures variability and gaps in classroom instruction and supports: many square reviews allege teachers who 'don't teach,' wide degrees of classroom quality, nonresponsive counselors or IEP failures, grade‑inflation/promotion manipulation, and uneven extra‑help, e.g. “The degree of education varies widely from classroom to classroom,” “The counselors do very little…helping students be aware of scholarships,” and “many of the teachers don't teach,” contrasted with circle’s comparatively fewer reports of such systematic instructional/support failures.\""\n}""]",,34.62877321243286,19452,1152,1839,,[],['resp_08c1a43e9b1f764f006a7256d8253c819c9df8e295411a2daa'],True
gen|3|4,"[""{\n  \""square entries report more pervasive student safety incidents and administrative nonresponse than circle entries\"": \""These reviews describe repeated, concrete safety crises (frequent fights, stabbings/assaults, riots, visible drug/alcohol/vape use, thefts, students arriving intoxicated) coupled with claims that staff or law enforcement failed to act (e.g., on‑site deputy not filing a report, bullying complaints ignored). Illustrative examples: multiple 'fights every day', 'there was once a stabbing on school grounds', 'drug culture in almost every group', and parents saying 'they do nothing about bullying unless the child has been hit.'\"",\n  \""square entries describe stronger extracurricular/facility offerings and visible community capital investment than circle entries\"": \""These reviews emphasize robust extracurricular ecosystems, high‑level arts/athletics accomplishments, and recent capital improvements funded by community bonds or donors (e.g., award‑winning marching bands, state championships, new Performing Arts Centers, $80M renovations, outstanding athletic/band facilities). Illustrative examples: 'award winning marching unit', 'new Performing Arts Center', 'community recently approved over 80 million in renovations', and repeated accounts of championship bands and large arts programs.\"",\n  \""square entries document broader specialized academic pathways, AP/IB/dual‑credit and vocational certification options than circle entries\"": \""These entries list extensive formal programs and measurable college/vocational outcomes (many AP courses and exams, IB academies or alleged IB dominance, multiple career academies and industry certifications, dual‑credit partnerships and documented alumni college matriculation). Illustrative examples: '17 different Advanced Placement Courses', 'Health Care Academy... certified nursing assistant/EMT', 'IB program and dual college credits', and alumni reporting Ivy/UF/Purdue acceptances.\"",\n  \""square entries evidence more systemic administrative, governance and operational mismanagement than circle entries\"": \""These reviews describe persistent operational failures and governance problems—budget cuts or misuse, lost transcripts, scheduling and course‑capacity errors that jeopardize graduation, pay‑for‑bus policies, inconsistent grade/attendance systems, nepotism/favoritism, and poor parent communication—often framed as district/board or principal‑level dysfunction. Illustrative examples: 'they actually lost my transcripts', 'you won't get a school bus unless you pay', 'classes are already filled up... I might not even graduate', and 'school board is weak / superintendent macro‑management.'\"",\n  \""circle entries describe more consistent, staff‑driven student supports and remediation practices than square entries\"": \""Circle reviews more often highlight teachers/staff who 'go above & beyond', targeted remediation (math help, individualized attention), accessible counselors, and consistent teacher availability that yields measurable improvement, whereas square reviews are more mixed about remediation. Illustrative examples from circle: 'staff go above & beyond for each of them', 'She got the same attention she received at private school', and praise for math teachers and counselor responsiveness producing grade recovery.\""\n}""]",,34.53103017807007,19282,1408,2080,,[],['resp_007846394b4acb37006a7256d82b3881a192e859528a06ab2f'],True
gen|4|11,"[""{\n  \""square entries report more frequent safety incidents, student misconduct, and security interventions than circle entries\"": \""This bucket captures concrete reports of on-campus violence and disorder (fights, stabbings, bombs, racial hate incidents), routine substance use, gang activity, and intensified security responses in the square reviews — e.g., ‘Police present almost everyday,’ K9 searches, ‘Gang members are walking the halls,’ weapons and fights, bathroom smoking and random searches — none of which appear in circle entries.\"",\n  \""square entries describe more structured advanced and vocational academic pathways and college‑credit programs than circle entries\"": \""This groups programmatic evidence that square schools offer named AP/IB/STEM/CTE tracks, honors/academy programs, dual‑enrollment and free college‑credit options, and certificates — examples include IB, Math & Science Academy, STEM Academy, AP/College in High School, Culinary and Criminal Justice tracks, and students graduating with college credit — while circle entries rarely list such concrete, layered pathways.\"",\n  \""square entries report more administrative dysfunction, favoritism, punitive policy enforcement, and governance problems than circle entries\"": \""This bucket covers reviewers' claims about school leadership and district governance — nepotism/favoritism, dishonest or unresponsive administrators, punitive attendance/grading contracts, program suppression or cover‑ups, and calls to restaff leadership (e.g., ‘favoritism and nepotism is rampant’, ‘principal doesn’t document infractions’, punitive contracts, ‘administration is extremely dishonest’), contrasted with circle entries that do not make comparable governance‑level accusations.\"",\n  \""square entries show greater variability in instructional quality, teacher responsiveness, and special‑needs/counseling implementation than circle entries\"": \""This groups operational classroom and support differences: many square reviews describe a split between excellent AP/honors instruction and poor general teaching, teacher passivity or misconduct, unpaid teacher‑funded resources, inconsistent or failed IEP/504 implementation, and mixed counselor accessibility (e.g., ‘strong AP but other 4/5 provide very low education’, ‘504 plan has NOT been followed’, teachers paying for lab materials), whereas circle reviews portray more consistently caring/helpful staff and fewer systemic special‑ed or counseling failures.\"",\n  \""square entries report broader, higher‑profile extracurricular/athletic/arts offerings plus more concrete facility capacity and maintenance problems than circle entries\"": \""This bucket captures both the presence of extensive, high‑profile extracurriculars and community ties in square reviews (top‑ranked bands/choirs, championship athletics, many clubs, alumni pride, university partnerships) and tangible infrastructure issues (severe overcrowding, locked/filthy bathrooms, lack of A/C, trailers), a pattern of robust program breadth coexisting with explicit facility‑capacity and maintenance shortfalls not described in circle entries.\""\n}""]",,32.84249210357666,19661,1344,1978,,[],['resp_09916d79e5000448006a7256d91e1c819dae921e7757d39c94'],True
gen|1|44,"[""{\n  \""Square entries report more severe safety, student-behavior, and security failures than Circle entries\"": \""Square reviews repeatedly describe on-campus violence, frequent fights, gang/drug/alcohol problems, pervasive bullying (including race-based and hate incidents), students skipping or bringing contraband, and security staff who fail or are implicated in misconduct (examples: 'drugs, violance... don’t send your kid here', 'many fights recently… chaotic hallways', 'students smokiing and drinking on school grounds', 'Students have boasted... white supremacy'), whereas Circle reviews contain little or no comparable evidence of persistent campus violence or security breakdowns and instead emphasize lasting discipline and a safe environment.\"",\n  \""Square entries report greater administrative, governance, and favoritism problems than Circle entries\"": \""Square reviewers more often allege hostile or unprofessional office staff and principals, politicized board actions, nepotism/athletics favoritism, leadership instability, and governance that prioritizes money or athletics over student welfare (examples: 'Office staff unprofessional and rude', 'board... all they care about is money', 'AD had manipulated the system to get his son into the program', 'incompetent school board'), while Circle reviews do not contain comparable accusations of systemic governance malpractice or entrenched nepotism.\"",\n  \""Square entries document broader and more numerous specialized academic pathways and high‑level extracurricular programs than Circle entries\"": \""Square reviews frequently list formal curricular tracks and advanced offerings (AP, IB, CHS/college‑in‑high‑school, CTE/medical/engineering academies, JROTC) and competitive arts/athletics (band, theatre, championship teams), e.g. 'many of them are termed CHS... eligible for college credit', 'outstanding JNROTC program', 'music and theatre productions rival college performances'; Circle reviews rarely enumerate this same breadth of named advanced pathways or high-level extracurricular infrastructure.\"",\n  \""Square entries report more operational, facility, and capacity problems (or large-school scale strain) than Circle entries\"": \""Square reviewers commonly raise concrete logistical and resourcing failures—overcrowding and large class sizes, maintenance and health hazards, parking and scheduling constraints, transcript/online access delays, counselor shortages, and misallocated funding—e.g. 'too crowded... no fewer than 28 students', 'exposed wires... mold', 'couldn't access his online class until about 6 weeks', 'counselors are spread far too thin'; Circle reviews generally lack these clusters of operational complaints and often praise facilities or highlight planned improvements.\"",\n  \""Circle entries describe stronger, more consistent direct student-facing instruction and support than Square entries\"": \""Circle reviews emphasize teachers who challenge, encourage, and provide dependable counseling/tutoring and one-on-one help (examples: 'teachers challenge him and encourage him', 'Teachers care about the whole child', 'counselors return emails in a timely manner'), while Square reviews more often report uneven or absent classroom instruction, chronic teacher absenteeism, inconsistent classroom management, and failures in counseling/special‑education responsiveness (examples: 'teachers rarely teach', 'Teachers are chronically absent', 'pushed out by GUIDANCE... withdrawal papers').\""\n}""]",,35.04696083068848,19420,2112,2791,,[],['resp_0978cac99728ea23006a7256d7de14819caf90ec7314f712df'],True
gen|4|30,"[""{\n  \""square entries report more frequent and severe student safety, bullying, substance‑use, and violence incidents than circle entries\"": \""This bucket captures school reports of repeated physical fights, lockdowns, stabbings/weapon incidents, pervasive drug use, gang activity, routine K‑9 locker searches, and long‑running bullying that reviewers say administration fails to address (e.g., “fights at LEAST once a week,” “drugs are rampant…two of my sons…spent time in rehab,” “there was once a stabbing on school grounds,” and “Bullying is out of control!”). Items here indicate chronic on‑campus safety and student‑misconduct problems rather than one‑off disturbances.\"",\n  \n  \""square entries report more administrative unresponsiveness, policy chaos, cover‑ups, favoritism, and governance/financial scandals than circle entries\"": \""This bucket groups claims about leadership and district failures such as refusing to provide incident documentation, protecting troubled staff, inconsistent policy enforcement, board indifference, and explicit financial or legal scandals (e.g., “business manager resigned and has been indicted on stealing 400k,” “If you ask for all documentation after an incident, they will NOT provide it,” and “school board does not listen to the community”). These are systemic governance or policy breakdowns and alleged cover‑ups rather than isolated staff misbehavior.\"",\n  \n  \""square entries describe more polarized and inconsistent staff supports—both notable teacher/counselor commitment and pervasive teacher/counselor neglect and failures in special‑needs/accommodation services—than circle entries\"": \""This bucket covers the coexistence of strong individual teacher commitment (before/after‑school help, caring teachers) alongside widespread reports of neglect, hostile teacher responses, unresponsive counselors, and failures to follow IEPs/504s (e.g., “teachers are very willing to stay after school,” vs. “junior/senior counselor will ignore parent emails,” and “They do not follow IEPs…do NOT follow 504s or IEPS”). It captures variability in classroom and support‑service behavior (availability, responsiveness, and special‑education accommodations).\"",\n  \n  \""square entries report more concrete, named academic and extracurricular programs and mixed measurable outcomes (AP/IB/STEM/AVID/JROTC/arts) — including both strong college‑prep claims and critiques of rigor or grade‑practices — than circle entries\"": \""This bucket groups references to explicit programmatic offerings and outcomes (named STEM, IB, AVID, AP, honors, magnet arts, JROTC/ROTC, clubs, and college access centers) and attendant disputes about rigor, grade inflation, or post‑AP college readiness (e.g., “I have a daughter in the IB Program,” “Joining AVID…prepares you for college,” “AP credits allowed me to graduate with my BA in 3 1/2 years,” and counterclaims like “The classes aren't challenging—even the 'IB/AP' classes”). It reflects substantive program breadth and contested effectiveness.\"",\n  \n  \""square entries report more facility, capacity, and day‑to‑day operational/logistical problems than circle entries\"": \""This bucket collects concrete descriptions of overcrowding, disruptive construction, parking and drop‑off chaos, confusing bell schedules, open‑campus lunch effects, food service decline, large class sizes and attendance/fee policies that burden families (e.g., “They have cut off half of the parking…one point of entry…ran horribly,” “overcrowded…no opportunities,” “Classes are approx. 38‑1,” and “After school make up time is $5 a day”). These are tangible infrastructure and operational issues distinct from academic programs, staff behavior, or governance.\""\n}""]",,32.455101013183594,19510,1600,2410,,[],['resp_03083369986e14db006a7256d9a514819ca9b924a1d7b14ad7'],True
gen|1|38,"[""{\n  \""square entries report more frequent and severe student safety, violence, substance, and bullying incidents and weaker behavior management than circle entries\"": \""This bucket captures descriptions of on‑campus danger and poor behavior control in square reviews (e.g., weekly fights, guns and bomb threats, on‑campus drug dealing, pepper‑spray incidents, pervasive bullying and racial harassment, repeated lockdowns, and teacher/administrator inaction), contrasted with Circle reviews that either omit such incidents or describe a safer, more nurturing environment.\"",\n  \""square entries document broader and higher‑visibility advanced academic, vocational, and college‑preparatory programs and measurable postsecondary outcomes than circle entries\"": \""This groups square reviews that list specific programmatic breadth and measurable outcomes—AP/IB/Cambridge, dual enrollment, specialized academies (medical, engineering, culinary, Health Academy, vo‑tech), credentials (CNA), strong AP/college placement and scholarships, and named elite acceptances—whereas Circle reviews rarely enumerate such concrete advanced program offerings or documented college results.\"",\n  \""square entries describe greater administrative turnover, secrecy, favoritism, and district‑level governance dysfunction than circle entries\"": \""This covers square accounts of leadership instability, contested superintendent/principal transitions, administrators hiding or refusing documentation, favoritism toward athletes/wealthy families, resource misallocation (big stadiums vs basic needs), levy failures, union‑board conflict, and reactive accountability, in contrast to Circle reviews that do not report systemic district secrecy or repeated leadership controversies.\"",\n  \""square entries report more pervasive teacher and nonacademic staff quality variability, misconduct, and failures in student support (including special education and counseling) than circle entries\"": \""This bucket includes square reports of wide teacher quality gaps, teacher misconduct (yelling, harassment, public humiliation, self‑promotion), inconsistent AP rigor, large teacher turnover and burnout, unresponsive or rude counselors, and denied IEP/accommodation enforcement, whereas Circle reviews more often describe consistently caring or effective staff and fewer systemic special‑education or counseling failures.\"",\n  \""square entries emphasize larger scale facility investments, extracurricular/athletic infrastructure and school‑spirit assets — often alongside overcrowding and maintenance neglect — more than circle entries\"": \""This captures square descriptions of major capital projects and amenities (new buildings, private‑school‑like facilities, pools, tracks, new performing arts centers, flagship magnet resources and nationally recognized teams) as well as concurrent campus issues (overcrowded halls, trailers, closed bathrooms, A/C/heating failures, infestations), while Circle reviews do not report this combination of high‑visibility investment plus attendant crowding/maintenance detail.\""\n}""]",,35.13750219345093,19572,1728,2330,,[],['resp_03b3c836f5e26359006a7256d7d010819c862438f2bb790fd7'],True
gen|1|31,"[""{\n  \""square entries report more frequent and severe student safety, discipline, and violence incidents than circle entries\"": \""This bucket captures reports of drugs, gangs, frequent fights, lockdowns/lockdowns left unannounced, sexual assaults, police arrests and pervasive bullying that appear repeatedly in square reviews (e.g. 'home of drugs and gangs', '3 gun lock downs so far', 'several rapists attend/attended' and 'fights almost every day'), whereas circle reviews do not document comparable levels of violent incidents or sustained safety crises.\"",\n  \""square entries describe more administrative dysfunction, politicized governance, and favoritism than circle entries\"": \""Square reviewers repeatedly cite unresponsive or chaotic leadership, high turnover, board politics, district/board-driven cuts, favoritism toward athletes (e.g. 'administration overlooks complaints against football players', 'new football coach gets $100,000 administrator role'), outsourcing/position cuts, and failure to act on parent concerns; circle reviews lack this pattern of systemic governance failure and instead more often note steady, involved administrators.\"",\n  \""square entries provide more concrete academic-program differentiation and measurable postsecondary outcomes (positive and negative) than circle entries\"": \""Square reviews contain detailed program names and outcomes — AP/IB/dual credit/Early College, career academies, STEM academies, test scores, graduation and college matriculation claims (both high‑achieving placements and measurable declines) — while circle reviews rarely offer the same level of objective program detail or metricized outcomes.\"",\n  \""square entries report broader, better‑documented extracurricular ecosystems, athletics/arts prominence, and alumni/community engagement than circle entries\"": \""Square reviewers enumerate extensive clubs, strong sports programs, state‑renowned music/theater, capital athletic investments and visible alumni engagement (e.g. '50+ clubs', 'Fine Arts Department among the best', 'athletic facilities are fantastic', parents/coaches driving programs), whereas circle entries rarely list such breadth or community-backed facilities and programs.\"",\n  \""circle entries portray more consistent, nurturing, small-school daily staff support and family‑like environment than square entries\"": \""Circle reviews frequently emphasize uniformly caring teachers, principal/administrators who 'truly care', small/classic school intimacy and steady day‑to‑day support (e.g. 'teachers are great', 'Principal Hechtman truly cares', 'small high school… under 100 students'), while square reviews more often show inconsistent staff experiences (praising some teachers but also reporting apathy, holding grudges, or large impersonal student bodies).\""\n}""]",,35.157546043395996,19063,2240,2802,,[],['resp_06922e7b8b137f9c006a7256d82550819280d8f8c59c624a7e'],True
gen|0|46,"[""{\n  \""square entries report stronger formal advanced-academic and college-preparatory pathways than circle entries\"": \""These reviews emphasize concrete academic programs and measurable post‑secondary outcomes at the school (AP/IB/honors, dual enrollment/CCP, pre‑apprenticeships, high API/test scores, named college acceptances and scholarship outcomes). Example evidence: many square reviewers list long AP/IB course lists, 18 college credit hours via AP/CCP, pre‑apprenticeships with 100% placement, API/test score citations, and Ivy/ full‑ride alumni claims — claims largely absent or far weaker in circle entries.\"",\n  \""square entries describe broader, award‑winning extracurricular and athletics programs and active community/booster support more than circle entries\"": \""These reviews document a wide, competitive extra‑curricular ecosystem (music/drama conservatory ties, marching band/JROTC/DECA state and national wins, championship sports, robust booster/PTA engagement and alumni pride) and often link that programming to strong facilities. Example evidence: square mentions award‑winning bands, Superintendant’s Cup JROTC wins, performing arts center, athletic field renovations, booster clubs and calls to buy season tickets — circle reviews do not list comparable breadth/achievement.\"",\n  \""square entries report more frequent and severe student safety, substance‑use, bullying, and behavioral problems than circle entries\"": \""These reviews contain explicit, repeated accounts of on‑campus safety and health incidents (widespread drug/vaping use and marijuana odor, fights, gang presence, physical attacks, chronic bullying, vandalism) as well as both formal safety responses and failures (Hotline, drug dogs, fencing, or administrative minimization). Example evidence: square reviewers warn 'keep your kids away', report 'smells like pot', gang and fight reports, physical assaults and PTSD claims — topics rarely or never raised in circle entries.\"",\n  \""square entries report greater administrative and operational dysfunction and inconsistent policy enforcement than circle entries\"": \""These reviews describe systemic leadership/operational problems: unresponsive or bullying principals and guidance, secretarial/front‑office rudeness, phone/voicemail and scheduling/device distribution failures, mid‑year teacher departures, cover‑ups, discretionary handbook enforcement, and program/funding cuts. Example evidence: square notes 'principals provide zero leadership', unanswered phones, cafeteria/maintenance/pest problems, lost scheduling/Chromebook snafus, and alleged administrative protection of underperforming staff — patterns not present in circle entries.\"",\n  \""square entries report pronounced internal stratification, favoritism, and unequal student supports more than circle entries\"": \""These reviews call out uneven treatment and stratified student experiences — favoritism for athletes/privileged students, stronger help for high‑achievers and wealthy families, neglect or poor outcomes for regular and special‑education students, and identity‑based exclusion (cliques, racial/economic separation). Example evidence: square reviewers describe athletes getting preferential treatment, privileged kids receiving extra resources, IEP/special‑ed failures, cancelled gifted/honors policies, and two‑tier IB/AP vs 'the rest' dynamics that circle entries do not chronicle.\""\n}""]",,35.225971937179565,19389,1536,2235,,[],['resp_097024a427745edb006a7256d7dce0819d8c0097d502e912e5'],True
gen|0|32,"[""{\n  \""square entries report substantially broader/higher‑stakes academic and career pathways and measurable postsecondary outcomes than circle entries\"": \""This bucket captures claims that Square offers wide AP/honors, expansive dual‑enrollment and CTE/vocational programs, documented college credits and high SAT/ACT/college‑placement metrics (e.g., '25 AP courses', '95% of dual enrollment credits transferred', 'students scored 34 and 36 on the ACT', 'students earned EMT/cosmetology certificates'), whereas Circle reviews lack comparable program breadth or measurable outcome evidence and only note limited college prep in general terms.\"",\n  \""square entries report more frequent and severe student safety, violence, weapon and bullying incidents (often with mishandled responses) than circle entries\"": \""This groups reports of on‑campus fights, assaults, gang activity, weapon lockdowns, recurring bullying and physical harassment and statements that administration failed to contain or punish these incidents (e.g., 'lock down twice… kid brought guns', 'taunted, hit and assaulted… remained unpunished', 'bullying is ignored'), while Circle rarely documents weapon incidents and instead emphasizes a safer, faith‑based or low‑violence environment.\"",\n  \""square entries describe more acute facility/scale and resource trade‑offs — overcrowding, construction disruption, budget cuts, fees, and athletics‑over‑academics decisions — than circle entries\"": \""This bucket covers operational/physical constraints and fiscal prioritization in Square (overcrowded hallways and lunch lines, disruptive construction, pests/mold, program cuts and project choices like expensive football fields while books/programs are cut, and fees that block participation), contrasted with Circle which more often describes a small campus and does not report the same scale/crowding or the same pattern of budget‑driven facility neglect.\"",\n  \""square entries report more systemic staff/leadership problems including favoritism, teacher misconduct/indifference, toxic turnover, and governance failures than circle entries\"": \""Includes allegations that administration or school boards back teachers, play favorites (coaches/athletics, wealth/race), tolerate poor teaching or teacher bullying, and show high staff turnover or toxic work climates (e.g., 'teachers bully students and nothing is done', 'administration plays favorites', 'almost half the staff left'), whereas Circle reviews more often describe experienced, stable, collegial staff and fewer governance‑level accusations.\"",\n  \""circle entries portray a smaller, close‑knit, parental‑involved community and consistently supportive teacher/counselor relationships more than square entries\"": \""This bucket captures Circle reviewers emphasizing small school scale, family‑style community, accessible/caring teachers, and stable long‑term staff relationships (e.g., 'small school… teachers treat you like family', 'worked with him for several years and enjoyed everyone', 'lasting discipline, a safe place of faith'), traits that appear less frequently or more mixed in Square reviews.\""\n}""]",,35.2748441696167,19055,1536,2176,,[],['resp_07e617de7e6f7a36006a7256d7b600819d8df3db2dd096c3d6'],True
gen|2|7,"[""{\n  \""Square entries report richer, more detailed specialized academic pathways, AP/IB/magnet offerings, and measurable college‑prep outcomes than circle entries\"": \""These reviews contain concrete program names, course lists, and outcome claims (e.g., medical magnet, Engineering Design with SolidWorks, aviation academy, IB/AP tracks, dual‑enrollment, >90% college matriculation, alumni college placements and AP credit) showing that reviewers of Square schools emphasize breadth/depth of formal academic pathways and documented college readiness more often than Circle reviews.\"",\n  \""Square entries report more frequent and severe on‑campus safety, violence, substance, and weapon incidents than circle entries\"": \""Many Square reviews recount fights, weapon/lockdown events, assaults (e.g., baton injury), pervasive drug/alcohol use, racialized violence, sexual‑assault mishandling, and heavy police presence, indicating reviewers of Square schools more often describe acute safety and substance problems compared with Circle reviews.\"",\n  \""Square entries describe more proactive, concrete administrative and teacher communication practices and structured academic remediation than circle entries\"": \""Square reviewers frequently report specific outreach and operational practices (principal calling households weekly, teachers replying within hours, active parent coordinators, Skyward/parent portal monitoring, routine retakes, after‑school tutoring, organized remote‑learning support), while Circle reviews more often describe district noncommunication or lack of regularized outreach.\"",\n  \""Square entries report greater academic stratification, favoritism, and inconsistent teacher quality across tracked programs than circle entries\"": \""Square reviews repeatedly note two‑tier systems (elite AP/Honors/IB tracks vs 'everything else'), teacher‑pet/nepotism and athletic favoritism, and sharp variability in teacher effectiveness between tracks or classes, whereas Circle reviews contain fewer reports of this kind of track‑based stratification.\"",\n  \""Circle entries emphasize a more consistently caring, organized, and student‑supportive daily environment with fewer operational failures than square entries\"": \""Circle reviews more often highlight uniformly caring teachers, a cohesive community, an administration that 'commands respect' or is improving (new principal), safe and welcoming student culture, and organized course/extracurricular offerings, contrasting with the mixed/contradictory operational and culture reports common in Square reviews.\""\n}""]",,35.324970960617065,19538,1664,2174,,[],['resp_0ae93ff48ecf8a16006a7256d7f300819cabe5bd4e2b57550d'],True
gen|4|22,"[""{\n  \""square entries report more and stronger advanced academic programs, measurable college-prep outcomes, and curricular rigor than circle entries\"": \""This bucket captures claims that square schools offer AP/IB/STEAM/CTE pathways, PLTW/biomedical tracks, 1:1 devices, higher standardized scores, scholarships and concrete college placement (e.g., IB Diploma, large AP/Honors participation, PLTW biomedical, free out‑of‑state college trips, alumni going to Ivy League) while circle reviews lack comparable program breadth or measurable outcomes.\"",\n  \""square entries report more frequent serious safety, student‑behavior, substance, and sexual‑misconduct incidents and show ineffective supervision/discipline compared with circle entries\"": \""Includes repeated square claims of fights, gang activity, weapons, pervasive drug use and random drug testing, sexual harassment and victim‑blaming, unsupervised athletic sidelines, poor bullying response and inconsistent discipline, whereas circle reviews do not document this scale or severity of safety/behavior problems.\"",\n  \""square entries report more administrative dysfunction, opaque governance, punitive district mandates, staffing instability, and contested resource decisions than circle entries\"": \""Encompasses square allegations of secretive school boards, principals prioritizing image, frequent teacher/administrator turnover, unpaid mandatory training, mishandled IEP/504 accommodations, cover‑ups, grade‑inflation pressure, and resource choices (big capital projects/new fields while failing to replace teachers), contrasts with circle accounts that emphasize stable, engaged administration or different operational issues.\"",\n  \""circle entries report more consistent, approachable teacher/counselor support and a family‑like community atmosphere than square entries\"": \""Covers circle reviewers' repeated emphasis on caring, responsive teachers and counselors, small‑school accessibility, parental peace of mind, supportive staff and community engagement (e.g., teachers who 'know the names,' approachable counselors, strong parental/alumni sentiment) that square reviews often contrast with mixed or inconsistent staff experiences.\"",\n  \""square entries report more pronounced favoritism, socioeconomic and racial stratification, elitism, and exclusionary social climates (including athlete/wealth favoritism and anti‑minority incidents) than circle entries\"": \""Groups square assertions that affluent students and athletes are 'catered to' or get preferential treatment, explicit claims of racism, homophobia/transphobia, clique/elitist cultures, counselor tracking biased by income, and PTO/exclusionary parent dynamics, while circle reviews do not present these pervasive inequity or exclusion patterns.\""\n}""]",,33.187071084976196,19343,1408,1982,,[],['resp_0d42dffc5c3ac583006a7256d963f0819cbb9ba5ed8eec954c'],True
gen|1|22,"[""{\n  \""square entries report more pervasive student-safety and discipline problems (bullying, fights, sexual harassment, riots, policing) than circle entries\"": \""These reviews describe on-campus threats and enforcement failures: repeated bullying ignored by staff, weekly fights or a reported 'senior riot', incidents of sexual harassment and students smoking, plus heavy or inconsistent police presence; examples include 'Bullying is a major issue', 'senior riot', 'police there 24/7', and reports that administrators 'do nothing' about threats. Falling into this bucket means the school's reviews highlight concrete safety incidents and weak or punitive/uneven disciplinary responses rather than solely interpersonal friction or isolated misbehavior.\"",\n  \n  \""square entries report more concrete academic-program breadth and measurable college/career outcomes (AP/Honors, academies, ROP/vocational pathways, college-credit, alumni success) than circle entries\"": \""These reviews enumerate specific, named academic tracks and outcomes—Academy for Science & Math, ROP, ICL, dozens of AP/Honors courses, opportunities to earn college credit, and documented alumni placements and scholarships (e.g., Harvard, national merit recipients, full-ride awards). A review falls here when it emphasizes organized advanced/honors pathways, vocational pathways, or verifiable postsecondary outcomes rather than vague claims about general preparedness.\"",\n  \n  \""square entries report more explicit administrative governance and communication failures (nepotism, unresponsiveness, punitive policies, documentation avoidance) than circle entries\"": \""Reviews in this group call out named leadership turnover or misconduct, poor parent–school communication, ignored emails, avoidant documentation practices, politicized favoritism or pay practices, and legally punitive attendance/enforcement policies (e.g., 'principal threatens to fire teachers', 'office is rude', 'send you court papers for days missed'). Membership means the school's narrative centers on systemic administrative behavior and policy practices that undermine trust and day-to-day operations.\"",\n  \n  \""square entries report more detailed extracurricular/facility infrastructure and visibly uneven resource allocation (strong band/arts/athletic programs, upgraded buildings, but also inequitable athletic funding, overcrowding, sanitation) than circle entries\"": \""These reviews provide concrete inventory of facilities and programs—award‑winning marching band, photography color‑film lab, new stadiums and renovated buildings, many clubs and sports—while also calling out funding skew toward athletics, overcrowding, lack of shade, or pest/cleanliness problems. A review is in this bucket when it emphasizes tangible physical resources and how they are allocated or maintained (both strengths and facility deficits) rather than abstract program quality.\"",\n  \n  \""square entries report more problems with specialized student supports and counseling (special education mismanagement, counselor unresponsiveness, ignored 504/IEP needs, mental‑health neglect) than circle entries\"": \""These reviews detail failures in support services: special‑education students 'warehoused' or pulled from graduation, counselors who ignore parents, 504 plans unaddressed, and mental‑health needs dismissed or leading to student harm. Inclusion here means the school's reviews focus on how well (or poorly) the institution provides individualized supports and protections for vulnerable students rather than general academic or extracurricular offerings.\""\n}""]",,35.65575814247131,19342,1536,2234,,[],['resp_074e961c53aeb35e006a7256d824cc8191b9d9da8399e59c1c'],True
gen|1|46,"[""{\n  \""square entries describe substantially broader and higher‑performing advanced academic, vocational, and college‑prep programs than circle entries\"": \""This bucket captures reviews that cite concrete advanced offerings and outcomes (AP/IB/30+ AP courses, PLTW biomedical and engineering pathways, dual‑credit/early college, magnet/CTE tracks) and measurable success (U.S. News rankings, AP/ACT/National Merit, strong college placements), claims far more prevalent in square than in circle (examples: 'one of the first 5 high schools in Missouri to offer a biomedical career tract,' 'Wall to Wall IB,' '30+ AP courses', 'students got into Stanford/Princeton').\"",\n  \""square entries report stronger visible athletics, facilities, and booster/parent investment — and frequent complaints that these are prioritized over academics — than circle entries\"": \""Reviews in this group name concrete capital and athletic spending (astro turf, stadiums, new auditorium, STEAM lab, large weight rooms), booster involvement and no‑cut athletics, plus recurring critiques that money/attention goes to sports and aesthetics at the expense of hiring core academic teachers or arts funding (examples: 'money is put into sports because the coaches are amazing,' 'spends a great deal of money on aesthetics and athletics', 'lots of parent involvement especially in Boosters').\"",\n  \""square entries describe more pervasive student misconduct, safety incidents, bullying, and exclusionary/punitive discipline practices than circle entries\"": \""This bucket groups reviews reporting frequent safety problems and student misbehavior (daily fights, drugs/alcohol on campus, police presence, weapons scares), widespread bullying/cliques and social exclusion, and punitive administrative discipline (Saturday School, withholding make‑up work, push‑outs or school‑to‑prison pipeline) — examples include 'fight breaks out nearly every day,' 'a bully magnet,' 'they will kick out disadvantaged students.'\"",\n  \""square entries document more administrative unresponsiveness, punitive or politicized governance, record‑keeping failures, and retaliatory behavior than circle entries\"": \""These items describe front‑office and leadership dysfunction: rude/unresponsive office and counselors, lost transcripts/record errors, administrators who silence or retaliate against complainers, politicized decision‑making, and abysmal teacher‑admin communication (examples: 'the office staff is down right disrespectful,' 'they actually lost my transcripts,' 'if you are a concerned parent...your name will be spread').\"",\n  \""square entries indicate larger scale and greater demographic, linguistic, and socioeconomic diversity — and related stratification or community context — than circle entries\"": \""Reviews here emphasize school size, multicultural/ESOL populations and explicit demographic stats (e.g., '71% Hispanic', 'over 40 languages/60 countries', 'close to 3000 students'), along with community features (small‑town walkability, strong scholarships/alumni ties) and socioeconomic stratification (income‑based discrimination, resource constraints), patterns far more detailed in square than in circle (examples: 'over 25 spoken languages,' 'parents income determines student treatment,' 'community support of the school through scholarships is amazing').\""\n}""]",,35.704322814941406,19309,1408,2116,,[],['resp_0d9ab468f2c80ac7006a7256d818a0819eb06740323ce1935b'],True
gen|2|42,"[""{\n  \""Square entries report more pervasive student safety incidents, severe bullying, drugs, and violent episodes than circle entries\"": \""This bucket captures concrete reports of on‑campus danger and unaddressed peer harm in square entries (stabbings, attempted abductions, bomb‑squad/drug‑dog searches, multiple fights, sexual harassment, suicides, widespread drug availability, vaping‑set fire‑alarms) that circle reviews largely lack; membership means the review text describes repeated, serious safety events or systemic failure to remediate them (e.g., kids sent to hospital from unknown substance, monthly drug searches, 'students ruled the school').\"",\n  \""Square entries report broader and higher‑level academic and extracurricular programs and stronger documented college‑prep outcomes than circle entries\"": \""This bucket groups square reviews that enumerate advanced offerings and achievements (IB/AP/Pre‑AP, many AP courses, dual enrollment, specialized vocational/engineering or nursing tracks, nationally ranked bands/choirs, many clubs, state/national championships, documented college matriculation) whereas circle reviews rarely list comparable program breadth or concrete outcome claims; inclusion means the review names multiple formal advanced programs, pathways, or measurable postsecondary outcomes.\"",\n  \""Square entries report more inconsistent/unaccountable staff behavior, favoritism, and selective or discriminatory discipline than circle entries\"": \""This bucket covers square entries that allege systemic staff/leadership failings (teacher bullying, administrators ignoring complaints, nepotism/wealth‑based favoritism, selective punishment, unethical collusion in athletics, retaliatory discipline) in contrast to circle which emphasizes more consistent staff care; a review falls here if it reports unequal rule enforcement, favoritism, administrators who avoid accountability, or staff‑driven harassment.\"",\n  \""Square entries report more facility, overcrowding, sanitation, scheduling, and contested resource‑allocation problems (including athletics funding skew) than circle entries\"": \""This bucket captures square reports of tangible operational resource issues—run‑down buildings, roof leaks/mold, dead rodents, severe overcrowding and huge class sizes, inadequate lunch time/food, constrained supplies/equipment, and complaints that money is prioritized for athletics/stadiums over arts—while circle rarely raises these specific facility or contested‑funding complaints; membership indicates descriptions of physical infrastructure, capacity, or budget allocation problems that materially affect student experience.\"",\n  \""Circle entries report more consistent proactive counseling, teacher availability, and organized parent engagement while square entries report more fragmented or inconsistent student support services\"": \""This bucket groups circle reviews that describe structured supports (active PTSA, 'Coffee with the Principal', responsive counselors, teachers offering extra tutoring) contrasted with square reviews that often report poor or inconsistent guidance/counseling, long delays, or the need for external advocates; a review is placed here when it emphasizes regular parent outreach, accessible counselors, or reliably proactive teacher support versus fractured guidance systems.\""\n}""]",,35.57027006149292,19206,1408,2043,,[],['resp_051efc729d26b392006a7256d8273481a0ae798cc45245c2b9'],True
gen|2|19,"[""{\n  \""Square entries report more extensive specialized academic pathways, advanced coursework, and measurable college‑readiness outcomes than circle entries\"": \""This bucket captures claims about formal programs and academic outcomes — e.g., IB diplomas, 22 AP/dual‑credit classes, STEM/Business/Arts academies, ROTC, named career academies, dual enrollment partnerships and concrete outcomes like ACT scores, Ivy/MIT/Caltech acceptances or conservatory placements — which appear repeatedly in Square but are absent or far less detailed in Circle (examples: 'IB Curriculum is phenomenal', '22 AP and 8 dual‑credit classes', 'my son rec'd a 34 on his ACT', 'Huge numbers of ivy league/top university acceptances').\"",\n  \""Square entries report more frequent and more severe student safety and behavioral problems (bullying, fights, drugs, hazing, sexual/weapon incidents) than circle entries\"": \""This bucket groups concrete incident- and safety-related reports: drug and vaping epidemics, frequent fights, gang/mob violence, physical assaults, hazing in athletics, teen pregnancy and sexual‑misconduct incidents, and even weapon threats — e.g., 'big drug problem', 'kids get jumped', 'AR‑15 brought to school', 'punched in the face', 'girls soccer hazing' — all described in Square reviews but largely absent from Circle.\"",\n  \""Square entries document more administrative dysfunction, inconsistent or coercive disciplinary policies, favoritism/nepotism, and district‑level scandals than circle entries\"": \""This bucket covers leadership/policy-level concrete practices and failures: selective enforcement and favoritism ('pick and choose', family-name advancement), coercive expulsions/financial penalties ('$10,000 to finish my senior year'), forced retirements after mascot change, program cuts, indicted business managers, opaque record-keeping and bungled procedures — examples that portray managerial malpractice or politicized district dysfunction in Square and are not present in Circle.\"",\n  \""Square entries describe broader, better‑documented extracurricular, arts and athletics programming and organized student leadership than circle entries\"": \""This bucket groups accounts of plentiful extracurricular options, competitive success, and parent/booster support — e.g., award‑winning marching band, drumline wins, JROTC achievements, many sports and clubs, well‑organized ASB, booster club funding and community events — features Square reviewers list in detail while Circle reviews generally omit or mention far fewer organized extracurriculars.\"",\n  \""Square entries provide richer, often contradictory detail about student supports and special‑needs/mental‑health services (both available supports and failures) compared with circle entries\"": \""This bucket collects concrete statements about counseling, tutoring, college‑counseling, special‑education/504 struggles, and mental‑health responses — from glowing, coordinated crisis counseling and free after‑school/online tutoring to reports of counselors 'in over her head', denied 504s, ignored self‑harm and poor clinical follow‑up — a nuanced mix of available supports and serious gaps reported in Square but largely not described in Circle.\""\n}""]",,35.814464807510376,18962,1536,2169,,[],['resp_09ea4d9469789d22006a7256d82d088192aa427c4c5757559f'],True
gen|3|0,"[""{\n  \""square entries emphasize programmatic breadth and college/career pathways (AP/IB/dual‑enrollment, vocational tracks, and experiential/technology learning) more than circle entries\"": \""These reviews describe concrete advanced‑academic and career offerings (e.g., “State AP Honors school, offering 25 AP courses,” “top‑notch IB,” Early College/dual credit, trade/TIES programs, in‑school bank jobs, 1:1 iPads and tech used to prepare students) that circle reviews do not; falling into this bucket means a school narrative centers on explicit, structured pathways and measurable college/career outcomes rather than only general academic claims.\"",\n  \""square entries report more extreme facility and resource‑allocation contrasts (large capital athletics/arts investments OR severe overcrowding and building neglect) than circle entries\"": \""Many square reviews name major capital projects or athletic spending (e.g., $60M stadium, new aquatics center, observatory/planetarium) alongside other square reviews that describe severe overcrowding or dilapidated buildings (4,200 students, asbestos, flooding, filthy bathrooms, sewage odor), and frequent claims athletics are prioritized; membership here indicates the review focuses on physical infrastructure and how resources are allocated or stretched.\"",\n  \""square entries document greater safety, behavioral, and substance‑use problems — including staff complicity — than circle entries\"": \""Square reviews repeatedly report pervasive bullying, students using/selling drugs, frequent fights and even stabbings/fires, and instances where staff join in or dismiss abuse (e.g., teachers ‘join in’ bullying, victim blaming after assaults), whereas circle reviews rarely describe such severe safety incidents; inclusion means the school account centers on student safety and behavior breakdowns (and adult responses) as a salient issue.\"",\n  \""square entries report more administrative failure, counseling/special‑education breakdowns, favoritism, and policy mismanagement than circle entries\"": \""These entries recount ineffective or dismissive administrators, unusable guidance/counseling, IEP noncompliance, cover‑ups, cronyism and inconsistent/overbroad discipline policies (e.g., counselors turning students away, ‘IEP wasn’t followed,’ administrators hiding incidents, arbitrary attendance/eligibility rules), whereas circle reviews less often describe this pattern; a review fits here when governance, accountability, special‑ed support, or policy implementation is the focal problem.\"",\n  \""square entries display stronger community/alumni involvement, school pride, and reported alumni outcomes than circle entries\"": \""Many square reviews highlight multigenerational ties, active parental/community engagement, promotional pride language, families moving to enroll, and named alumni successes (e.g., ‘two of my children graduated,’ ‘moved here for the schools,’ Ivy League placements), while circle reviews emphasize internal complaints and lack that community continuity; inclusion means the review foregrounds local pride, alumni continuity and tangible post‑graduation results as defining the school.\""\n}""]",,35.52214503288269,19263,1792,2411,,[],['resp_0c535a4691e4500b006a7256d8248c81918b85e2f3c839787b'],True
gen|4|33,"[""{\n  \""square entries exhibit systemic administrative and governance failures more than circle entries\"": \""These reviews describe entrenched leadership and governance problems—weak or 'incompetent' school boards, frequent principal turnover, cover-ups, nepotism/favoritism, litigation risk, and administrative opacity—evidenced by claims like 'Incompetent school board. Unqualified Superintendent,' 'secrecy/cover-up (around the administration),' 'NEW ADMINISTRATION would be a wonderful start!!' and reports of opportunities going to employees’ relatives rather than merit.\"",\n  \""square entries report more pervasive student safety, discipline, and misconduct problems than circle entries\"": \""These texts document frequent, serious safety and discipline incidents and failures to address them—bullying, physical assaults, drug use and overdoses, sexual misconduct allegations, on-campus substance smells, and poor incident communication—e.g., 'There are so many drugs here,' '5 freshman overdosed together in the school,' 'A 6 grade girl was fondled on the bus,' and repeated statements that administrators 'do nothing' about bullying or threats.\"",\n  \""square entries describe a broader set of advanced academic and vocational pathways and stronger measurable college outcomes than circle entries\"": \""Many square reviews list concrete programs and outcomes—AP/IB offerings, dual‑enrollment, CTE/technical pathways, internships/partnerships, Gear Up supports, and documented college matriculation/scholarships—examples include 'AP classes,' 'dual credit and AP classes,' 'Career/College Readiness Pathways,' and parents reporting students admitted to top colleges or earning endowment scholarships.\"",\n  \""circle entries describe more organized, responsive counseling, event coordination, and hands‑on student support than square entries\"": \""Circle reviews more often highlight functioning guidance/counseling systems, well‑run events, and attentive administrative coordination—phrases like 'The directors are fantastic—strong vision,' 'The events they conduct are very put together and organized,' and reports of counselors and staff who are 'helpful' and 'responsive' contrast with square complaints about counselors who 'refuse to return calls' or 'hide in meetings for 4 hours.'\"",\n  \""square entries report superior physical resources, facility renovations, and broader extracurricular/arts/athletics offerings than circle entries\"": \""Square reviewers frequently call out concrete facility and resource advantages—recent renovations, air conditioning, large pools, 1:1 technology, strong band/arts and nationally ranked sports, and many electives/clubs—examples include 'renovated just a few years ago,' 'air-conditioned, large pool,' 'really high tech,' 'band... Superior rating,' and broad lists of electives and vocational tracks.\""\n}""]",,33.185667991638184,19486,1856,2454,,[],['resp_06f710aade001800006a7256d9ae38819c827f3d7ce8b21c36'],True
gen|3|19,"[""{\n  \""square entries describe more robust advanced and specialized academic programs and measurable college outcomes than circle entries\"": \""Square reviewers repeatedly name concrete advanced programs (IB, AP, honors academies, magnet/STEM tracks, dual‑enrollment, vocational certificates) and cite measurable college outcomes and admissions (UC/elite placements, transferable credits, scholarship totals), whereas Circle reviews rarely list specific advanced curricula or documented college outcomes; examples include square mentions of IB/AP breadth, magnet academies, dual‑enrollment credits and career certificates.\"",\n  \""square entries report more frequent and severe safety, violence, substance‑use, and gang problems than circle entries\"": \""Square reviews contain numerous concrete safety incidents (weapons and lockdowns, student assaults causing injury, frequent fights, gang presence, widespread vaping/drug sales and 'contact high' in halls) that Circle reviews do not report; these are operational safety problems that directly threaten students and recur across square entries.\"",\n  \""square entries depict greater administrative dysfunction, arbitrary discipline, and favoritism than circle entries\"": \""Square reviewers describe inconsistent or punitive enforcement (random dress‑code lotteries, district policies that punish whole cohorts), administrative rudeness or passivity, evidence of favoritism (athlete second‑chances, wealthy families protected), and leadership bloat/instability (multiple principals, unresponsive offices), while Circle reviews emphasize more responsive, organized leadership and do not report the same pattern of arbitrary or politicized administration.\"",\n  \""square entries highlight broader and better‑documented extracurricular, arts, athletics, and facility investments than circle entries\"": \""Square reviews more often enumerate strong arts/club teams, award‑winning programs (theatre, TV production, band, FFA), preserved athletics funding, and capital projects or renovated facilities (new wings, courts, labs), whereas Circle reviews seldom provide comparable program names, awards, or facility investment details; square also documents logistics that support participation (after‑school buses, bell schedules) and occasional athlete funding favoritism.\"",\n  \""square entries provide more concrete accounts of student support services (counseling, special‑education, tutoring, parent communication) — both positive and negative — than circle entries\"": \""Square reviewers give detailed descriptions of counseling and college‑advising practices, tutoring/mentoring programs, parent notification systems, and IEP/ADA handling, reporting both strong counselor tracking and numerous failures in special‑education implementation (IEP non‑enforcement, district nonresponse), whereas Circle reviews rarely describe these service processes in comparable detail.\""\n}""]",,35.18683195114136,19148,1664,2188,,[],['resp_0418904ce9cdb4fd006a7256d88a4c819db21774a11f1d1a7d'],True
gen|1|33,"[""{\n  \""square entries describe broader and stronger academic and extracurricular programs and clearer college/career outcomes than circle entries\"": \""This bucket groups reviews that report extensive AP/honors/dual‑enrollment offerings, specialized academies, vocational pathways, abundant clubs/arts/athletics, and measurable outcomes (college acceptances, scholarships, dual‑credit accumulation, test-score gains) in square but not in circle (examples: many AP classes, AP Capstone, multivariable calculus, early college/dual enrollment, 50+ clubs, award‑winning choirs, graduates with full rides). Falling here means the review emphasizes concrete program breadth/depth and documented postsecondary results as a defining feature of the school.\"",\n  \""square entries report more frequent and severe student safety and conduct problems than circle entries\"": \""This bucket captures explicit reports of bullying (including staff‑enabled shaming), cyberbullying, sexual behavior, substance abuse, gangs, frequent fights, hate incidents, and Title IX filings in square but not in circle (examples: Title IX filing for harassment, claims of 50% smoking/15% drug use, 'fights almost every week', pride flag vandalism, repeated racist/homophobic slurs). Content belongs here when the reviewer describes pervasive peer misconduct or safety incidents and administration failing to remediate them.\"",\n  \""square entries report more facility, equipment, and operational deficiencies and resource misallocation than circle entries\"": \""This bucket covers concrete, recurring complaints about the physical plant, sanitation, technology, food service, scheduling logistics, or questionable budget choices in square but not in circle (examples: moldy hallways, unsanitary restrooms with no locks, outdated Chromebooks, microwave lunches, locked library access, morning dropoff congestion, new stadium investments while textbooks remain old). Reviews in this group focus on tangible infrastructure, health/hygiene, tech/equipment condition, or how funds are allocated across facilities vs instructional materials.\"",\n  \""square entries describe more administrative and staff professionalism failures, punitive discipline, favoritism, and poor school–family communication than circle entries\"": \""This bucket groups accounts of hostile leadership toward teachers, staff bullying, retaliation against complainants, favoritism (to athletes or certain parents), harsh attendance/ dress‑code sweeps, inconsistent enforcement, obstructive office staff, and poor responsiveness in square but not circle (examples: principal calling police on a bullied victim, 'nobody likes a snitch' dean comment, favoritism to coaches' families, secretaries refusing to provide paperwork, 'tardy sweep' policy complaints). Reviews fall here when the central issue is managerial culture, discipline policy misuse, or breakdowns in parent/school interactions.\"",\n  \""square entries report more failures and strain in student support services, counseling, and special education compliance than circle entries\"": \""This bucket contains reports of inadequate, overloaded, or unhelpful counseling and student‑support services and explicit failures to follow IEPs/504s or accommodate students with disabilities in square but not circle (examples: 4 counselors with 400–500 caseloads, counselors 'can barely give any guidance,' repeated IEP noncompliance, refusal to work with military recruiters, mentally disabled students 'constantly not given the right attention'). Reviews are sorted here when they focus on the availability, timeliness, quality, or legal compliance of supports (counseling, special ed, gifted supports, mental‑health services).\""\n}""]",,36.032089948654175,19147,1472,2237,,[],['resp_09bd78cb501b2d73006a7256d7dc10819f81b12f70fbc40361'],True
gen|0|45,"[""{\n    \""square entries report more frequent severe student-safety and misconduct incidents (drugs, fights, assaults, lockdowns, widespread bullying) than circle entries\"": \""These reviews describe concrete on-campus safety breakdowns—regular fights, weekly lockdowns, pervasive drug sales/vaping, students beaten and hospitalized, sexual assaults and repeated physical harassment—that circle reviews do not report (e.g., 'almost everyone does drugs', 'fights every day between classes', 'multiple kids were beaten up so badly they were hospitalized').\"",\n    \""square entries document more administrative governance failures, punitive or performative discipline, favoritism, censorship and opaque cover-ups than circle entries\"": \""These items allege leadership and policy-level dysfunction—prejudged discipline, favoritism/nepotism, administrators more focused on reputation, cover-ups, book bans, budget priorities that favor facilities or athletics over academics, and claims of forced retirements—whereas circle entries lack comparable claims (e.g., 'They are good at covering up problems', 'The athletic department focuses only on football', 'They were recently forced into retirement by bribery').\"",\n    \""square entries emphasize more extensive advanced academic and extracurricular programming and measurable postsecondary outcomes (AP/IB/dual-enrollment, magnets, vocational certificates, competitive arts/athletics) than circle entries\"": \""Many square reviews list concrete program breadth and results—IB and multiple AP courses, magnet/vocational tracks, welding certificates, college credits, National Merit winners, conservatory and Ivy/Top-college placements, and strong arts/athletics—while circle reviews rarely document comparable sustained programs or quantified outcomes (e.g., 'Three magnets...highest AP passing rate', 'Our sons will graduate with their welding certificates & many college credits', 'many many AP classes...National Merit').\"",\n    \""square entries report greater staffing and operational instability and instructional inconsistency (turnover, frequent substitutes, schedule volatility, variable teacher quality) than circle entries\"": \""These reviews chronicle frequent principal/teacher turnover, heavy substitute use, continual schedule/scheduling errors, and highly mixed teacher performance—sometimes long commutes and devoted staff, other times many subs and untrained teachers—creating inconsistent student experiences not mirrored in circle reviews (e.g., 'Katella averages a new principal every two years', 'The kids have had 8 algebra teachers since the beginning of the year', 'many of the historic teachers... are retiring').\"",\n    \""square entries contain more concrete, mixed reports about formal student support services and special-education/counseling practices (IEP implementation, counselor availability, remediation blocks, college counseling) than circle entries\"": \""Square reviews provide detailed evidence of both strengths and poor practices in student supports—descriptions of Task/learning blocks, proactive teacher interventions and strong college counseling alongside counselor overload, understaffing, IEP noncompliance and inconsistent special-ed experiences—whereas circle reviews largely omit or do not provide this level of detail (e.g., 'Implemented Task learning block', 'counselor was hardly ever in her office' , 'My case manager... doesn't even understand what my disabilities are').\""\n}""]",,36.25028991699219,19488,1664,2306,,[],['resp_0174b8fa0f3355f4006a7256d7b6cc8191ac07e09986b57cd7'],True
gen|3|44,"[""{\n  \""square entries report more extensive specialized academic pathways and measurable college-preparation outcomes than circle entries\"": \""This bucket groups differences about concrete, school-run academic offerings and documented postsecondary results: square reviews list IB/AP/Dual‑Enrollment programs, named career academies (health, engineering, NJROTC), SAT/ACT prep, parent‑run College & Career Centers and reported elite admits/college credit (examples: SAS program with Columbia/Stanford admits; UCONN ECE, full‑year/IB credits), whereas circle reviews offer only generic college‑readiness praise without named programs or measurable outcomes.\"",\n  \n  \""square entries report more frequent violent/bullying/substance/weapon incidents and attendant formal security responses than circle entries\"": \""This bucket covers safety incidents and security actions: square reviews document weekly physical fights, bomb/shooting threats, on‑campus drug/knife sales, illegal searches, metal detectors and police presence as well as both failures and later security upgrades (examples: 'girl on girl fights at least once a week', 'more than 6 bomb threats', 'metal detectors' and 'hall sweeps'), while circle reviews lack comparable accounts of repeated physical violence, weapons, or drug incidents.\"",\n  \n  \""square entries report more administrative favoritism, punitive or inconsistent discipline, nepotism, and unresponsiveness than circle entries\"": \""This bucket captures governance and discipline patterns: square reviews allege favoritism to athletes/wealthy/admin families, nepotistic hiring, punishments described as 'prison‑like', inconsistent enforcement (strict on minor infractions but lax on serious issues), administrative bullying, record‑keeping failures, and the need for parental escalation to get action (examples: 'love to hire alumni', 'suspended for trivial things', 'you have to contact the superintendent'), whereas circle reviews do not make these sustained governance/favoritism claims.\"",\n  \n  \""square entries report greater variability and inconsistency in classroom instruction, grading, counseling, and special‑education supports than circle entries\"": \""This bucket groups teacher‑and‑support‑service variability: square reviews repeatedly describe hit‑or‑miss teaching quality, unequal rigor between AP/honors and regular sections, late/missing grades, mixed counseling effectiveness and 504/IEP accommodation problems, and localized remediation programs (examples: 'teachers wait until last day to put in grades', 'special ed is good ONLY if you have the following teachers', 'multiple tutoring sessions with a late bus'), while circle reviews present more uniform teacher support and steady counseling descriptions.\"",\n  \n  \""square entries report more extensive extracurricular breadth, facility/funding investments and shortages, and community/parent engagement than circle entries\"": \""This bucket groups resources, extracurricular scale, and community ties: square reviews describe a wide array of clubs, arts and competitive athletics, vocational programs, internships and large capital projects (auditorium, STEAM lab, new gyms, athletic turf), but also operational shortages (poor lunch quality, mold, pest issues), overcrowding and tech shortfalls and contested funding priorities (examples: 'lots of clubs and sports', 'state‑of‑the‑art Automotive program', 'lunch food is horrible', 'overcrowded/one of over 2600 students'), whereas circle reviews rarely list comparable facility scale, diverse extracurricular footprints, or the same mix of investments and shortages.\""\n}""]",,34.75706601142883,19048,1536,2271,,[],['resp_041bd797e10e28b1006a7256d8a31c8191b08c2accee099bb6'],True
gen|1|39,"[""{\n  \""square entries report more extensive advanced-academic, vocational, and extracurricular program breadth and documented postsecondary outcomes than circle entries\"": \""These schools’ reviews list concrete program breadth (AP/IB, Pre‑AP, dual‑enrollment, Math & Science academies, career‑tech/CTE, JR ROTC, robust band/choir/theater, dozens of clubs and internships) and explicit alumni/college-placement evidence (Yale, strong scholarship claims, multiple students accepted to top universities), while circle reviews generally lack AP/IB/dual‑credit inventories and measurable postsecondary outcome claims.\"",\n  \n  \""square entries report more frequent and severe student-safety, substance-use, and harassment incidents (fights, assaults, drug use, sexual harassment, tolerated bullying) than circle entries\"": \""Multiple square reviews describe on‑campus drug epidemics, unsupervised hallway violence, sexual assault, repeated tolerated fights, severe bullying, and public sexual behavior and note police/security presence; circle reviews typically do not report these kinds of chronic safety/assault/drug problems (circle focuses on discipline/anti‑bullying needs rather than pervasive violent/drug incidents).\"",\n  \n  \""square entries report more administrative and governance dysfunction — unresponsiveness, opaque district/board problems, nepotism/financial irregularities, and inconsistent policy enforcement — than circle entries\"": \""Square reviewers repeatedly cite unresponsive or unprofessional admin, secretive boards, hiring favoritism, auditing irregularities, contradictory communications, discretionary/unequal handbook enforcement, and policies that hinder students (retention rules, misapplied discipline), whereas circle reviews contain fewer or milder governance/corruption complaints and more isolated calls for better leadership.\"",\n  \n  \""square entries report more facility, capacity, and operational logistics problems (overcrowding, portables, construction disruption, poor sanitation, cafeteria/traffic scheduling) than circle entries\"": \""Square reviews include concrete infrastructure and operational failures — severe overcrowding and high student:teacher ratios, portables and lack of books/seating, loud construction and blocked circulation, pest/dirty bathrooms, bad food and lunch scheduling, and chaotic traffic/arrival logistics — while circle reviews rarely mention these facility or systemic scheduling capacity problems.\"",\n  \n  \""circle entries describe more consistent, caring staff support, small‑school/small‑town personalization, and stronger parent/community integration than square entries\"": \""Circle reviews more often emphasize approachable/nurturing teachers, consistent counselor/teacher follow‑through, a family‑like small‑town feel and community attachment, and positive parent‑school relationships; square reviews instead present many accounts of inconsistent teacher quality, adversarial parent relations, or fragmented community ties.\"" \n}""]",,36.42745590209961,19362,1600,2169,,[],['resp_047ef42c85d38b21006a7256d83b58819d915f0e8c83a7f14d'],True
gen|0|16,"[""{\n  \""square entries report more frequent and severe student safety incidents, bullying, and criminalization than circle entries\"": \""This bucket groups raw claims about on‑campus physical danger and peer harm that are much more prevalent in square reviews — e.g., repeated fights, assaults and robberies, bomb threats, gang riots, pervasive bullying that led to therapy/suicide ideation, students vaping or doing drugs on campus, and incidents resulting in police handcuffing or criminal processing — whereas circle reviews largely omit or deny these safety crises.\"",\n  \""square entries describe a broader, more numerous, and more formally named set of specialized academic and extracurricular programs than circle entries\"": \""This captures square reviewers’ frequent listing of many concrete programs and pathways (multiple AP/Honors and dual‑credit options, Early College, numerous academies/CTE tracks, STEM/medical pathways, robotics, JROTC, extensive club lists, competitive band/theatre) versus circle reviews, which rarely name many distinct programs and tend to mention only a few offerings.\"",\n  \""square entries show an athletics‑dominant culture and resource/favoritism skew toward sports (coach misconduct, funding bias) more than circle entries\"": \""This groups square comments that athletics (especially football/cheer) receive outsized cultural status, budget priority, coach favoritism or corruption, and related inequities (arts defunded, athletes favored in discipline/selection), features that circle reviews do not emphasize.\"",\n  \""square entries reveal more administrative and governance dysfunction — cover‑ups, favoritism/nepotism, metric‑chasing, financial mismanagement, and punitive exclusion — than circle entries\"": \""This bucket covers systemic complaints in square texts about administrators ignoring or silencing bullying, suspending victims, pushing out low‑performers to protect statistics, nepotistic hires, misused fees/funds, PR/optics over supports, and refusal to comply with required processes (e.g., IEP noncompliance), contrasted with circle reviews that contain fewer or no such governance allegations.\"",\n  \""circle entries describe more uniformly nurturing, coherent, and college/career‑oriented instructional environments with consistent staff support than square entries\"": \""This groups circle claims about a stable, structured, academically coherent school culture — small or integrated community feel, strong teacher/student relationships, consistent career academies or magnet rigor, access to AP/dual credit or college pathways, and responsive staff — features that circle reviewers present more consistently than the mixed, conflicting accounts common in square reviews.\""\n}""]",,36.48418712615967,19098,1792,2331,,[],['resp_0a3170651357c88c006a7256d792c881a0a68a11619be62db1'],True
gen|0|25,"[""{\n  \""square entries describe more extensive advanced academic pathways and measurable college‑preparatory outcomes than circle entries\"": \""These reviews report named, formal college‑prep tracks (AP, IB, Cambridge, SAS, Project Lead the Way, dual‑enrollment, vocational/STEM pathways) and concrete postsecondary evidence (AP credits, top‑tier acceptances, scholarships, accelerated graduation), whereas circle reviews rarely cite such structured programs or measurable college outcomes (examples: square cites Cambridge/IB/AP/engineering programs and students admitted to MIT/Columbia/Stanford; circle contains no comparable program or outcome evidence).\"",\n  \""square entries report more frequent and severe safety, discipline, substance‑abuse, sexual‑misconduct, and student mental‑health crises than circle entries\"": \""These reviews detail gangs, repeated fights, pervasive drug/alcohol problems, sexual harassment/assault incidents, student suicides, and mishandled mental‑health crises, while circle reviews do not present this level or range of safety and mental‑health failures (examples: square alleges gangs/runaway discipline, teen suicides, sexual misconduct and administrators dismissing mental‑health needs; circle lacks such accounts).\"",\n  \""square entries document more explicit failures in special‑education/IEP compliance, counseling, and individualized support than circle entries\"": \""Square reviews contain legal and procedural complaints (OCR contacts, cancelled/delayed IEP meetings, failure to follow IEP accommodations) plus counselor/guidance breakdowns and strained remediation programs, whereas circle reviews offer little or no discussion of special‑education compliance or systemic counseling failures (examples: square: 'OCR has been contacted... won’t follow our IEPs,' 'counselors over‑worked/not providing college guidance'; circle: no comparable special‑ed/counsel detail).\"",\n  \""square entries show stronger and broader extracurricular/arts/athletics offerings and visible facility/investment support (and parent volunteer/fundraising engagement) than circle entries\"": \""Square reviews repeatedly praise robust extracurricular breadth (top‑rated band, theatre, extensive sports, magnet labs, flight simulator), cite facility upgrades or strong athletic/arts facilities, and describe active parent boosters/fundraising and volunteer coaching, whereas circle reviews do not evidence the same program depth or facility investment (examples: square: 'band program is phenomenal,' 'new gym/track,' 'parents involved in coaching/boosters'; circle lacks these program/facility claims).\"",\n  \""square entries allege more nepotism, favoritism, inconsistent policy enforcement, administrative cover‑ups, and selective accountability than circle entries\"": \""These reviews claim hiring favoritism, wealth/insider advantages, selective discipline (athlete immunity), cover‑ups to protect image, and uneven enforcement of rules, while circle reviews contain fewer or no allegations of systemic nepotism or board‑level corruption (examples: square: 'nepotism runs rampant,' 'they hire unqualified people…favor certain kids,' 'administration good at coverup'; circle typically critiques instruction/discipline without alleging entrenched favoritism).\""\n}""]",,36.48713302612305,19120,1600,2241,,[],['resp_089992b05bddf49e006a7256d79b3c81a3923ffeb124758020'],True
gen|2|28,"[""{\n  \""Square entries describe more extensive advanced academic programming and measurable postsecondary outcomes than circle entries\"": \""This bucket captures cases where square schools report formal advanced pathways (IB, AP, AP Capstone, large AP offerings, Early College/AA, dual‑enrollment, honors, STEM/academy tracks) and school‑level outcome metrics or named alumni successes (graduation rates, Ivy/MIT/UCLA admits, med school, scholarships), while circle reviews lack or criticize those offerings. Examples: square mentions an IB diploma, AP/dual enrollment and Early College AA pathways and lists alumni careers; circle often says no AP/advanced programming or poor college readiness.\"",\n  \""Square entries report more frequent and severe student safety, bullying, and race‑based harassment incidents than circle entries\"": \""This bucket groups reports of physical fights, bomb threats, repeated bullying, racial slurs/cliques, gendered harassment, self‑harm signals, and patterns of peer exclusion documented in square reviews—conditions circle reviews generally do not describe. Examples: square details ongoing racial incidents, male‑student intimidation, recurring fights and lockdowns, bullying ignored by administration, and reports of students self‑harming; circle typically portrays a safer, friendlier environment.\"",\n  \""Square entries describe more visible, concrete administrative and governance actions—and also more explicit policy/favoritism dynamics—than circle entries\"": \""This bucket covers detailed accounts of principal/superintendent engagement, district governance references (contracts, annexation, bond votes), explicit administrative policy changes (schedules, course eliminations, tardy rules), accusations of favoritism/nepotism, and contested board politics that appear in square reviews but not in circle. Examples: square cites superintendent callbacks, principals texting families, contract/annexation language, principal‑driven schedule changes that removed AP courses, and claims leadership prioritizes image/athletics or covers for staff.\"",\n  \""Square entries document greater variability in facilities, resourcing, and program infrastructure—ranging from well‑funded academies and 1:1 tech to severe overcrowding and neglect—than circle entries\"": \""This bucket groups concrete facility and resource descriptions (new building projects, arts/music buildings, pools, 1:1 laptops/Chromebooks, well‑funded academies) alongside contrasting reports of overcrowding, trailers, broken lockers, poor food/hygiene, and under‑resourced classrooms found in square reviews; circle reviews rarely mention comparable infrastructure detail. Examples: square reports 1:1 Apple/Chromebook programs, dedicated STEM/performing‑arts buildings and travel, renovations or rebuilding, and also descriptions of portables, odor, broken lockers, and bad cafeteria food.\"",\n  \""Square entries report more concrete student support services and programmatic interventions—(counseling, guidance, special education, tutoring, credit‑recovery, internships, dropout prevention)—including both documented successes and failures, than circle entries\"": \""This bucket captures specifics about counseling outreach, guidance‑facilitated internships, credit recovery/alternative programs, special education disputes (both successful individualized supports and allegations of mistreatment), and tutoring availability or absence; circle entries rarely supply such operational detail. Examples: square cites proactive counselors, award‑winning guidance offices, internships arranged by guidance, credit‑recovery transfers that rescued students, and also complaints of inadequate special‑ed services and lack of tutoring.\""\n}""]",,36.29176902770996,19489,1536,2241,,[],['resp_034bfc92f43d2b42006a7256d824d8819fb35a7fb5daa74ef8'],True
gen|2|20,"[""{\n  \""Square entries report more administrative dysfunction, favoritism, poor parent communication, and inconsistent discipline than circle entries\"": \""These reviews describe repeated governance and leadership failures—gaslighting/ghosting of parent complaints, named nepotism/corruption, favoritism toward athletes/wealthy families, scheduling and paperwork errors, and erratic discipline decisions (e.g., perpetrators protected while victims punished). Example evidence: “The principal and administrators do not care,” “staffed with power hungry, angry individuals,” “parents concerns are not well received,” and “perpetrator received a ‘No contact contract’ while the complainant was punished.”\"",\n  \""Square entries report more frequent student-safety incidents, bullying, substance use, weapons, and supervision gaps than circle entries\"": \""These comments document concrete safety problems and poor on‑site supervision—regular fights, weapons/brass knuckles, bomb threats, pervasive drug/alcohol use, severe bullying and assaults, and blind spots where attacks occur—often combined with claims staff ignore or under‑respond. Example evidence: “Fights every day,” “DRUGS.ARE.EVERYWHERE.HERE,” “a teacher now beaten by the students,” and “picked an area that was not under surveillance.”\"",\n  \""Square entries describe greater availability and institutional emphasis on advanced academic pathways and measurable college outcomes (AP, dual‑credit, honors, vocational-to-college) than circle entries\"": \""Many square reviews list robust AP/dual‑enrollment, honors tracks, specialized academies, and named college matriculations—sometimes paired with pressure to enroll in AP and stratified experiences between AP and on‑level students. Example evidence: “plethora of AP and dual credit,” “Advanced Placement courses offered,” “students compelled to take AP starting in 9th grade,” and named acceptances to Harvard/Yale/VA Tech/UVA.\"",\n  \""Square entries emphasize more extensive extracurricular breadth, athletics prominence, and recent capital/facility investments than circle entries\"": \""Square reviewers frequently report wide extracurricular menus (marching band, music, academic teams), championship‑level sports or strong athletic traditions, and visible capital upgrades or specialty facilities (new campus, STEAM lab, auditorium), sometimes noting athletics are prioritized in funding. Example evidence: “hundreds of sport and extracurricular activities,” “state‑of‑the‑art swimming pool,” “new building…looks like a private school,” and complaints that “money goes to school uniforms and sports equipment rather than textbooks.”\"",\n  \""Square entries document greater instructional capacity and resource constraints impacting classroom practice and supports (overcrowding, large class sizes, understaffing, counselor overload, outdated textbooks, tech/connectivity gaps, and special‑education neglect) than circle entries\"": \""These reviews cite concrete operational limits that degrade instruction and supports—classes of 38–41 students, counselors with 300 cases, understaffed departments, decade‑old textbooks, uneven or missing technology rollouts and home Wi‑Fi barriers, and failures to accommodate special‑needs students. Example evidence: “Classes are approx. 38 -1,” “counselors each have 300 kids,” “the majority of the textbooks…are over 10 years old,” and “If you have a child with special needs they do very little.”\""\n}""]",,36.726582050323486,18843,1216,1950,,[],['resp_08b4ebc4dbe68a91006a7256dafafc819fb8992588ee714cd3'],True
gen|2|45,"[""{\n  \""square entries report more recurring severe safety incidents, pervasive student misconduct, substance abuse, and an ongoing law‑enforcement/security presence than circle entries\"": \""This bucket groups concrete, safety‑and‑behavior reports found in square but not in circle — e.g., repeated bathroom fights and daily police presence (“The police are at this school almost everyday”), pervasive drug use/heroine/vaping (“Drugs are everywhere…even in class”), sexual harassment, pepper‑spray incidents, hospitalizations from assaults, and frequent physical fights and bullying. Items here describe on‑campus violence, victimization, and visible security interventions rather than abstract student rudeness.\"",\n  \""square entries report more formal advanced academic pathways, AP/IB/Cambridge/dual‑enrollment offerings, systematic counselor college‑planning/tracking, and concrete postsecondary outcomes than circle entries\"": \""This bucket captures square’s frequent, specific claims about higher‑level curriculum and college preparation — e.g., medical magnet programs, Cambridge/IB/AP courses, dual enrollment with community college, counselors who “follow/track the kids” for postsecondary success, and named outcomes/scholarships (ACT 33, full rides, honors placements). These items emphasize programmatic structures and measurable college readiness that circle reviews generally do not describe.\"",\n  \""square entries report more extensive extracurricular, vocational, and arts/athletics offerings — plus more institutional athletics prioritization and favoritism — than circle entries\"": \""This groups square’s concrete catalogs of clubs, electives and skilled programs (band, theatre, JROTC, culinary, aerospace, coding, genetic engineering) together with repeated claims that sports receive outsized funding, attention, and nepotistic favoritism (e.g., “the school focuses most of its money into sports,” coaches’ favorites). Entries here describe both breadth/depth of nonacademic programs and institutional choices that prioritize athletics over academics/arts.\"",\n  \""square entries report more concrete facility/resource and operational conditions, upgrades or strains (overcrowding, sanitation/pests, scheduling constraints, technology rollouts, parking/traffic, and budget misallocations) than circle entries\"": \""This bucket contains square’s concrete claims about the physical and logistical environment — e.g., filthy bathrooms, roaches, no books, overcrowded classes/3100 students, mall‑like layouts and lost locker time, four‑period day scheduling limits, school‑issued laptops/netbooks/Chromebooks and contested iPad purchases, renovations/new fields, and alleged misallocation of funds. Items here are tangible infrastructure, supply, scheduling or budget facts or explicit operational reforms.\"",\n  \""square entries report more administrative and staff governance problems or extremes — uneven teacher quality and absenteeism, arbitrary or preferential discipline, entrenched/defensive leadership, cover‑ups, and mixed responsiveness — than circle entries\"": \""This bucket groups reports of personnel and governance dysfunction in square: chronic teacher absenteeism and cancelled classes, broad variability in teacher effectiveness, favoritism and inconsistent rule enforcement (“they make the rules up as they go”), alleged administrative cover‑ups and protection of staff, entrenched principals, and transactional responsiveness (must ‘march down’ to get action). These items focus on how staff and leaders manage people, policies, and accountability rather than on facilities, programs, or student behavior alone.\""\n}""]",,36.54024314880371,19026,1728,2442,,[],['resp_0406ecd73c951c84006a7256d82268819e9b2ce9a132b43f2c'],True
gen|0|47,"[""{\n  \""square entries report more severe safety incidents, substance abuse, and unresolved bullying than circle entries\"": \""These reviews describe concrete, acute safety failures inside the building and on campus — e.g., fights, hospitalizations, stabbings, bomb/gun threats, overdose/drunk‑driving deaths, pervasive drug availability, vaping, teen pregnancy, and repeated unresolved bullying or cyberbullying with ineffective anti‑bullying follow‑up — whereas Circle reviews rarely report such extreme safety or drug incidents and often stress a safer, warmer environment.\"",\n  \""square entries document more neglectful, punitive, or noncompliant treatment of students with disabilities and other vulnerable students than circle entries\"": \""Square reviews repeatedly allege IEP/504 noncompliance, exclusionary discipline (suspensions, withholding extracurriculars, Certificates of Completion instead of diplomas), punitive enforcement of personal‑item rules, and counselors/administrators who ignore or deprioritize students with mental‑health, behavioral, or disability needs; Circle reviews lack these systemic special‑education or punitive‑treatment claims.\"",\n  \""square entries describe a broader, concrete set of specialized academic and career‑prep programs (IB/AP/dual‑enrollment/CTE/magnet/career academies) than circle entries\"": \""Square reviews enumerate formal program offerings — full IB/Pre‑IB, many AP and PreAP classes, Running Start/dual credit and Early College, vocational/CTE electives, BOCES/New Vision, career academies, internships and robotics/pre‑engineering tracks — while Circle reviews generally do not list this depth or breadth of named advanced and career pathways.\"",\n  \""square entries report more administrative mismanagement, poor parent communication, favoritism, and governance/policy irregularities than circle entries\"": \""Square reviewers cite parents being ignored, convoluted front‑office systems, uneven/favoritism‑based discipline (toward athletes/wealthy students), alleged budget/finance misallocation, nepotism, legal threats, selective enforcement (locker searches, dress code), and opaque district practices — claims that are far less prevalent or absent in Circle reviews.\"",\n  \""square entries provide more concrete measurable academic/postsecondary outcomes, named staff praise, and visible extracurricular or facility assets than circle entries\"": \""Square reviews frequently cite quantifiable outcomes and tangible assets — ACT/SAT/AP/FCAT scores, scholarship and elite college matriculation examples, counts/percentages of college‑bound students, named outstanding teachers/coaches, award‑winning band/programs, one‑to‑one devices and explicit facility descriptions (gyms, theaters, recent remodels) — whereas Circle reviews give fewer specific outcome metrics, named staff, or documented facility/extracurricular achievements.\""\n}""]",,36.750893115997314,19715,1664,2280,,[],['resp_017a6aff143049d1006a7256d80294819c9f370975afa33de3'],True
gen|2|44,"[""{\n  \""square entries report more safety breakdowns, pervasive bullying, drug/vape incidents, fights and criminalization of students than circle entries\"": \""This bucket groups many square reviews that describe concrete safety failures and punitive/criminal responses (e.g., daily fights, vaping in restrooms, on-campus drug sales, K9 searches, police escorts, students charged or expelled for minor possession) contrasted with circle reviews that emphasize a safe, caring environment and do not document such incidents (e.g., “it is a very safe place,” teacher help with bullying).\"",\n  \""square entries describe more extensive specialized academic & college‑preparatory infrastructure (IB/AP/magnets/dual‑enrollment/1:1 tech/credit recovery) than circle entries\"": \""Many square reviews list formal academies, wide AP/IB offerings, dual‑enrollment/college credits, credit‑recovery programs and schoolwide tech rollouts (examples: “Wall to Wall IB,” “30+ hours of AP credit,” Math & Science Academy, laptops for all, credit recovery), while circle reviews rarely mention these institutional programmatic pathways or comparable college‑prep infrastructure.\"",\n  \""square entries highlight broader, higher‑profile extracurricular offerings, large facilities, and visible school spirit (athletics, band, arts) more than circle entries\"": \""This bucket captures square reviews that enumerate many organized teams/clubs, award‑winning band/music, renovated athletic and arts facilities and active booster/parent involvement (e.g., marching band wins, new turf, exceptional weight room, extensive club lists), whereas circle reviews largely omit or give only limited mention of such large‑scale extracurricular breadth or facilities.\"",\n  \""square entries report more administrative dysfunction, politicization, uneven discipline, favoritism and poor responsiveness (turnover, legal disputes, opaque record handling) than circle entries\"": \""Grouped here are square reviews describing repeated principal turnover, district‑level failures, office unresponsiveness, alleged record‑manipulation or reinstatement of perpetrators, favoritism in discipline/athletics, and legal controversies (quotes: “third principal in three years,” “they twist and turn overheard conversations,” “this school cooks the books”), while circle reviews more often describe stable, involved leadership or do not report systemic administrative misconduct.\"",\n  \""circle entries (relative to square entries) report more consistent, caring teacher/counselor responsiveness and individualized student support\"": \""This bucket contains circle reviews that emphasize teachers and counselors who are involved, supportive and responsive to students’ needs (examples: “The teachers there are there for the students,” “teachers were respectful and involved in education,” and praise for attentive leadership/counseling), in contrast to many square entries which recount greater variability in classroom responsiveness, slow grading, or need for parental advocacy.\""\n}""]",,36.60186505317688,19715,1600,2215,,[],['resp_0cc18640cd951733006a7256d82290819db83bc740be61f84b'],True
gen|0|34,"[""{\n  \""square entries report more extensive specialized academic, vocational, and extracurricular program breadth (AP/IB/CTE, arts, dual‑enrollment, JROTC) than circle entries\"": \""This bucket captures concrete programmatic offerings and pathways: square reviews repeatedly name IB, AP/College‑in‑High‑School, career academies (AME), CTE/vocational classes (auto, cosmetology, culinary), JROTC, robust band/theater/arts, robotics, and large college‑credit partnerships (e.g., 42 SUPA credits), whereas circle reviews do not catalog comparable specialized pipelines or sustained program breadth.\"",\n  \""square entries report more frequent and severe student safety, violence, substance, and security incidents (fights, assaults, drug dealing, lockdowns) than circle entries\"": \""Square reviewers describe repeated physical safety problems and security failures (\\\""fights every day,\\\"" visible blood, assaults, daily drug deals near campus, code‑red lockdowns, building security that 'sucks'), while circle reviewers may note occasional fights but lack accounts of pervasive violence, drug dealing, or formal lockdown/security breakdowns.\"",\n  \""square entries report more explicit administrative mismanagement, punitive/arbitrary policies, poor communication, and retaliatory discipline than circle entries\"": \""This groups accounts of leadership and policy dysfunction: square entries detail rude or sarcastic administrators, abrupt policy changes (removing senior privileges, firing over Pledge incident), confidentiality breaches, punitive tardy/attendance enforcement, residency/transfer push‑outs, poor parent communication and scheduling, and claims of made‑up or retaliatory rules — problems circle reviews do not substantively report.\"",\n  \""square entries show greater internal variability in teacher/counselor performance and in‑school student supports (both pockets of outstanding tutoring, outreach, and special‑needs accommodations and reports of teacher bullying, misconduct, and counseling failures) than circle entries\"": \""Square reviews contain both concrete examples of strong one‑on‑one tutoring, counselors 'going above and beyond,' and successful special‑education supports, and opposing accounts of teacher bullying, unprofessional conduct, misconduct (named coaches), counseling errors, and lost records; circle reviews tend not to exhibit this same sharp coexistence of exemplary individualized support alongside grievous staff misconduct.\"",\n  \""square entries report more systemic inequity, favoritism, segregation, and exclusion (athlete/wealth/nepotism preferences; racial and program tracking; biased resource allocation) than circle entries\"": \""Square reviewers frequently allege favoritism (athlete priority, staff‑family selections, pay‑to‑play), grade/discipline bias by family income, race‑based tracking or segregation of IB/magnet students from regular students, and resource choices that favor athletics/stadiums over basic needs — patterns of structural inequity and exclusion absent or far less present in circle reviews.\""\n}""]",,36.87493872642517,19443,1664,2277,,[],['resp_0dac2020cf422123006a7256d7b6a081a28fa5cc0afcd826aa'],True
gen|0|40,"[""{\n  \""square entries report broader and more concrete advanced academic pathways and measurable postsecondary outcomes than circle entries\"": \""This bucket groups comparisons where square reviewers name specific, structured college‑prep and academic programs (many AP classes, IB/STEM Academy, dual‑credit, vocational CNA/Career Tech, Presidential Scholars, Ivy/elite matriculation and scholarship outcomes) that circle reviewers rarely enumerate; examples: “I took 9 AP classes total,” “STEM Academy offers great engineering opportunities,” and “both sons received scholarships,” contrasted with Circle’s vague calls to ‘improve grades’ or general college preparation.\"",\n  \""square entries describe far greater extracurricular breadth and high‑level arts/athletics achievements than circle entries\"": \""This bucket captures cases where square reviews list numerous clubs, competitive arts and state‑level athletic success and accessible extracurricular menus (top‑notch band, state championships, 50–200 clubs, NJROTC, ski academy), whereas circle entries lack comparable program breadth or named achievements; examples include “BEST BAND!... traveled to China, Paris” and “softball team won the 5A State Championships.”\"",\n  \""square entries report more severe and specific facility, maintenance, safety, crowding and environmental problems than circle entries\"": \""This bucket groups concrete, on‑site physical and safety deficits reported more in square entries — collapsing ceilings, asbestos, persistent foul odors and pests, broken HVAC, overcrowding from out‑of‑district enrollment, frequent bomb/shooting/drug threats and gang violence — e.g. “ceilings have already fallen,” “bees often flying around the room,” and “more than 6 bomb threats,” while circle reviews describe fewer or no such acute facility/safety crises.\"",\n  \""square entries report more administrative/governance failures, inconsistent or biased discipline, and misallocated resource priorities than circle entries\"": \""This bucket covers systemic governance and policy problems emphasized in square entries — unresponsive or inexperienced principals and superintendents, hostile board meetings, selective enforcement and favoritism (athletes/staff families/well‑connected), punitive attendance/suspension practices, and spending that favors athletics/amenities over core teachers — e.g. “administration is ineffective,” “you get followed out to your car by admin and an armed officer,” and “money on flat screens not enough for basics.”\"",\n  \""circle entries describe more consistently small‑school community cohesion, approachable leadership and steady student support than square entries\"": \""This bucket groups patterns where circle reviews emphasize a small, participatory community, approachable/visible leaders and uniformly supportive teachers/counselors (easy to make friends, wide individual attention, principal who ‘knows all students’), in contrast to square’s more polarized accounts; examples: Circle notes ‘small enough school that people can participate’ and ‘leadership... knows all of the students,’ whereas square reports mixed or highly variable social and staff experiences.\""\n}""]",,37.15250301361084,19236,1664,2295,,[],['resp_08a192b1c42dcbf1006a7256d7bdc8819fb001be3aac7452b2'],True
gen|3|13,"[""{\n  \""square entries report more pervasive student safety, violence, bullying, and substance/gang problems than circle entries\"": \""These reviews describe concrete, repeated on-campus safety incidents in square schools (daily/weekly fights, weapons/guns, assaults, bomb threats, ambulances, pervasive drug/vape use, gang activity, sexual misconduct and systemic bullying) while circle reviews either omit such recurring threats or only note isolated/acute incidents; examples include multiple accounts of guns on campus, \\\""fights at least once a day,\\\"" ambulances and a \\\""vape epidemic\\\"" in square entries versus no comparable recurring violence in circle entries.\"",\n  \n  \""square entries describe more extensive advanced academic and vocational pathways and measurable college outcomes than circle entries\"": \""Square reviews repeatedly list structured advanced offerings and postsecondary results (AP/IB/Pre‑AP breadth, dual‑enrollment, Career Pathways/CNA/EMT tracks, internships, quantifiable scholarships and elite college matriculation like MIT/Stanford) while circle reviews lack such cataloged pathways or concrete college‑placement evidence; examples include IB pulling school ratings, dual enrollment at a community college, and named scholarship/college acceptances in square entries.\"",\n  \n  \""square entries document a broader, more visible extracurricular ecosystem (large athletics, band, arts, leadership) and often note athletics‑first prioritization more than circle entries\"": \""Square schools are described with many named clubs, large performing‑arts units, high‑achieving sports programs, schoolwide spirit events and leadership opportunities (state championships, 800‑member marching bands, JROTC, theater awards), and also frequent complaints that activities leadership prioritizes sports over fine arts/STEM; circle reviews, by contrast, rarely enumerate such a wide extracurricular infrastructure and do not report the same scale or intramural culture.\"",\n  \n  \""square entries report more administrative instability, punitive enforcement, surveillance, favoritism and mishandling of incidents than circle entries\"": \""Square reviews contain many accounts of volatile governance—principal turnover, punitive discipline (excessive searches, cameras pointed at students, Saturday‑school lockouts), favoritism tied to donors/PTO, administrators punishing reporters, and investigators mishandling assaults—whereas circle reviews emphasize engaged or stable leadership and do not include the same pattern of adversarial or surveillant administrative practices.\"",\n  \n  \""square entries report more concrete resource, facility, scheduling, and student‑support service constraints (and mixed special‑education support) than circle entries\"": \""Square texts repeatedly cite overcrowding, large class sizes, outdated/broken technology, poor cafeteria/maintenance, stalled renovations, fundraising reliance, scheduling/placement errors, and mixed evidence on support services (broken 504/IEP follow‑through, inconsistent counseling or praised wraparound programs), while circle reviews rarely complain about such systemic facility or operational failures; examples include no soap/toilet paper, failing Chromebooks, trimester scheduling harms, and both reports of excellent and absent special‑education supports in square entries.\""\n}""]",,36.573827028274536,19279,1536,2169,,[],['resp_09ebf63ff12c71f2006a7256d86ad08191993b7cfdab44145d'],True
gen|1|32,"[""{\n  \""square entries report more severe student‑safety incidents and acute student harm than circle entries\"": \""This bucket captures reports of concrete, serious safety events and their harms in square reviews—assaults requiring hospitalization, arson/vandalism, frequent fights/gangs/bomb threats, pervasive drug exposure, sexual harassment, and explicit suicidal ideation or self‑harm tied to school experience (e.g., “multiple kids were beaten up so badly they were hospitalized,” locker set on fire, daily drug exposure, students saying they'd rather die). Circle reviews do not contain these kinds of acute, repeated safety crises.\"",\n  \""square entries describe more extensive advanced academic, vocational, and extracurricular programs and measurable college/career outcomes than circle entries\"": \""Square reviews repeatedly enumerate strong program breadth and tangible outcomes—many AP/IB/dual‑enrollment and CTE pathways, named capital facilities (math & science center, observatory, PAC, pool, stadium), strong band/arts and competitive athletic achievements, and concrete postsecondary metrics (scholarships, early college credit, full rides) — e.g., “AP classes, dual enrollment, new Aquatics Center,” “Class of 2019 received over Seven Million in Scholarships.” Circle reviews lack this level of programmatic detail or measurable college/career outcomes.\"",\n  \""square entries document more administrative/procedural failures, governance problems, and record‑keeping errors than circle entries\"": \""This group contains complaints about institutional operations in square reviews: special‑education IEP errors, misrecorded grade placement, unresponsive or turnover-prone leadership, nepotism/board dysfunction, district neglect, and monetized or opaque policies (fees tied to graduation, pay‑to‑play) — for example, “found another student’s information on my daughter’s IEP,” “The administration is only in it for the cash,” and repeated district favoritism claims. Circle reviews do not describe these systemic paperwork/governance breakdowns.\"",\n  \""square entries report more inconsistent, punitive, and politicized discipline policies and enforcement than circle entries\"": \""Square reviews detail discipline‑policy problems and uneven enforcement (suspensions for minor infractions, arbitrary handbook rule changes, inconsistent dress‑code enforcement, contested phone confiscations, intrusive security practices and variable principal/VP responses), e.g., “Suspensions for little things… phones/headphones on the bus,” “you can’t drop items off unless between classes,” and flip‑flopping dress‑code referrals. Circle reviews either do not discuss discipline in this way or emphasize clearer, consistent expectations.\"",\n  \""square entries show greater variability and inequality in teacher quality, student support, and favoritism (toward athletes, wealthy or legacy families, and high performers) than circle entries\"": \""Square reviews juxtapose high‑quality, transformative staff with many accounts of poor instruction, teachers teaching outside their expertise, concentrated help for honors/athletes, and favoritism toward affluent/legacy students (e.g., “honors/AP teachers really care” vs “they don’t care about anyone but athletes or people with good grades,” teachers assigned to unfamiliar subjects, and claims of ‘keep the good ole boys in control’). Circle reviews present a more uniformly supportive teacher/counselor picture and do not foreground this pattern of unequal support.\""\n}""]",,37.3810920715332,19376,1792,2517,,[],['resp_0d7f2d5db2eef641006a7256d7ea68819d987ff35817cd6e2a'],True
gen|1|25,"[""{\n  \""square entries report more frequent and severe safety incidents, bullying, drugs, and law‑enforcement responses than circle entries\"": \""This bucket captures school reports describing repeated physical violence, serious assaults, drug problems, sexual misconduct, suicides, lockdowns and visible police/EMS involvement (e.g., “fights weekly,” “EMS being dispatched,” “police cars outside every single day,” allegations of staff sexual harassment, and multiple suicides), conditions and responses that Circle reviews do not describe.\"",\n  \""square entries describe more explicit advanced college‑preparatory programming and measurable post‑secondary success (IB/AP/dual‑enrollment, elite college admits, scholarship support) than circle entries\"": \""This groups reports about formal advanced curricula and documented outcomes—IB Diploma programmes, strong AP offerings, dual enrollment/college credit, named scholarship assistance and elite matriculation evidence (e.g., “IB Diploma Programme,” “great selection of AP courses,” US News recognition, and alumni at MIT/Stanford/Johns Hopkins”) that appear in Square but are absent or far less detailed in Circle.\"",\n  \""square entries report more administrative favoritism, nepotism, opacity, fiscal mishandling and cover‑ups than circle entries\"": \""Includes claims of biased hiring/age discrimination, nepotism, favoritism toward athletes/insider families, manipulated metrics or graduation outcomes, levy/funding mismanagement, secretive administration and rigged student government (e.g., “honoring favors instead of hiring,” “nepotism,” “the superintendent has been juicing the graduation rates,” and complaints about levy/levy misuse) not found in Circle.\"",\n  \""circle entries report more systemic instructional failures, teacher overload/tenure‑driven disengagement, and poor college‑readiness/support than square entries\"": \""This bucket covers Circle reviewers’ repeated descriptions of chronically poor instruction, counselors/teachers overloaded or unresponsive, long‑term disengaged staff protected by tenure, and students being underprepared for college or requiring remediation (e.g., “haven't had a proper English teacher since 8th grade,” “teachers and counselors are overloaded,” and claims of poor college preparedness and remedial college struggles).\"",\n  \""square entries report broader, higher‑visibility extracurricular breadth and facility/program investments (arts, athletics, robotics, vocational, campus services) than circle entries\"": \""Groups concrete descriptions of expansive extracurricular ecosystems, award‑winning teams, large athletic/facility infrastructure and co‑located community services—band/robotics awards, Olympic‑sized pools, multiple gyms/fields, magnet/STEM academies, on‑campus clinic and banking, 1:1 laptop programs and vocational offerings (e.g., FFA, Tech Ed, Business Academy)—features emphasized in Square but largely missing or limited in Circle.\""\n}""]",,37.43658804893494,19171,1728,2308,,[],['resp_000af62b0d7c206d006a7256d7dba481a2a9418bc9e2aa5be6'],True
gen|3|17,"[""{\n  \""square entries show stronger advanced academic and vocational program infrastructure and measurable college‑prep outcomes than circle entries\"": \""This bucket captures programmatic depth (AP/IB/dual‑enrollment, STEM/magnet/academy tracks, industry‑aligned CTE and certifications) and concrete postsecondary outcomes that reviewers cite — e.g., many square reviews list AP/IB/dual enrollment, BASA, New Vision/BOCES, high AP credit totals, and specific college acceptances/scholarships and alumni success, while circle entries lack comparable measurable program/outcome claims.\"",\n  \""square entries document more frequent, severe on‑campus student safety, substance, and criminal incidents than circle entries\"": \""This groups accounts of pervasive student misconduct and acute safety events — fights, gang activity, bomb/shooting threats, police responses, rampant drug/vaping use, overdoses, arson, theft and sexual harassment — which numerous square reviews name explicitly, whereas circle reviews generally do not report the same level or frequency of criminal/safety incidents.\"",\n  \""square entries report more systemic administrative and guidance failures (recordkeeping, scheduling, counselor support, and graduation barriers) than circle entries\"": \""This bucket covers operational breakdowns that directly harm student progression and compliance — lost transcripts, repeated counselor churn/inaction, scheduling errors, IEP/504 neglect, punitive attendance/grade policies (tardy sweeps) and blocked graduations — all repeatedly described in square entries but largely absent from circle entries.\"",\n  \""square entries describe greater physical facilities, extracurricular breadth, and capital investment (arts/CTE/athletics infrastructure) than circle entries\"": \""Here reviewers highlight tangible campus investments and program infrastructure — large renovations, high‑quality performing arts centers, tech/CTE labs and equipment, broad elective catalogs, on‑site sports and staffed music/theater programs — claims common in square reviews while circle reviews typically lack or report reduced extracurricular/facility offerings.\"",\n  \""square entries report more socioeconomic, racial, and popularity‑based favoritism and exclusion (nepotism, athlete privilege, pay‑to‑participate) than circle entries\"": \""This bucket groups accounts of unequal access and discriminatory treatment — favoritism toward athletes/wealthy students, popularity‑based awards, nepotistic opportunity assignments, racial segregation and differential disciplining, and pay‑to‑participate barriers — themes repeatedly asserted in square reviews and not reflected in circle reviews.\""\n}""]",,36.766217947006226,19600,1536,2043,,[],['resp_0555465d349c735e006a7256d8872881a0b70cdbed86b52004'],True
gen|2|16,"[""{\n  \""Square entries document far more concrete academic programs, advanced-course/CTE pathways, and measurable post‑secondary outcomes than Circle entries\"": \""This bucket groups reviews that list specific curricular offerings (AP/IB/Honors, Gifted & Talented, CTE/vocational certificates, dual‑enrollment, academies), program-level metrics (AP exam performance, percent going to college, named alumni universities) or concrete curricular critiques (test‑teaching, gaps in college prep). Examples: many Square notes of 'numerous, challenging AP courses,' 'health sciences, culinary, automotive... certifications,' '98% go to college,' and program problems like 'teaching to the test' or 'refused AP placement.' Circle reviews generally lack that level of programmatic detail or measurable outcomes.\"",\n  \""Square entries discuss special‑education, IEP/504 compliance, newcomer onboarding, and counselor/mental‑health support (positive and negative) far more than Circle entries\"": \""This bucket captures mentions of special‑education quality, missed or implemented evaluations, ignored IEPs/504s, newcomer placement failures, counselors being overworked, and mental‑health accommodations (or lack thereof). Examples include Square complaints 'Pennsauken REFUSED to evaluate my daughter,' reports that 'IEP was ignored,' 'counselors care but are overworked,' and accounts of missed diagnoses and poor quarantine/remote instruction; Circle reviews rarely address these operational supports.\"",\n  \""Square entries report substantially more staff and administrative misconduct, favoritism, and governance problems than Circle entries\"": \""Grouping covers allegations about administrators/teachers (threats, sarcasm, avoidance of parents, nepotism, favoritism toward athletes, coaches neglecting classroom duties), poor procedural handling (credit/grade mismanagement, secrecy, legal escalation), and high leadership turnover. Examples: Square items like 'principal threatening my son,' 'nepotism is rampant,' 'the principal only spends money on football,' and 'administration hide in their office' contrast with Circle's fewer or milder governance complaints.\"",\n  \""Square entries describe more acute student safety, behavioral, and disciplinary problems — bullying, fights, substance use, harassment, and inconsistent enforcement — than Circle entries\"": \""This bucket captures reports of pervasive bullying and hazing, frequent physical fights, vaping/drug culture, homophobic/racial slurs and harassment, overwhelmed or punitive resource officers, and uneven or lax discipline. Representative Square claims include '2–4 fights a week,' 'vape in the bathrooms triggering fire alarms,' 'racial harassment at sporting event,' and 'so many drugs,' while Circle reviews largely omit or downplay these safety and conduct incidents.\"",\n  \""Circle entries emphasize a smaller, family‑like, consistently supportive school culture and steady college‑prep/administrative responsiveness more than Square entries\"": \""This bucket groups Circle reviews that portray cohesive community ties, welcoming/staff‑supportive environments, consistent magnet/IB rigor, and responsive counselors/principals (e.g., 'it’s more like a family,' 'guidance counselors and principal return emails in a timely manner,' 'preparing students for college'). These positive, institution‑level claims about culture and steady support appear more often in Circle than in the varied/contested accounts found in Square.\""\n}""]",,37.58166480064392,19039,1472,2190,,[],['resp_0bd3bad6b5c2d304006a7256d82948819ebca5a8deb0e1b6b8'],True
gen|1|18,"[""{\n  \""square entries report far stronger and more diverse advanced-academic, vocational, arts and extracurricular program offerings and measurable college/outcomes than circle entries\"": \""This bucket covers claims that square schools list extensive AP/IB/STEAM/CTE/magnet programs, strong music/arts and competitive teams, internships/dual-enrollment and concrete alumni outcomes (IB diploma rates, Ivy/UC/ivy-league admits, AP credits). Examples: mentions of IB cohorts with above-average diploma rates, STEAM academy courses (robotics, drone piloting), AME/CTE partnerships, award‑winning music/theater, and graduates attending Ivies—features circle reviews largely do not provide.\"",\n  \""square entries discuss facility, operational and logistic conditions (both positive upgrades and concrete deficiencies) far more than circle entries\"": \""This bucket groups mentions of physical plant and day-to-day operations—building condition, overcrowding, sanitation, AC/heating, lunch line times, construction disruptions, busing/transport policy, half‑days and scheduling problems. Representative evidence: explicit reports of broken AC and unsanitary bathrooms, long lunch lines and inadequate portions, newly built performing-arts centers or run‑down gyms, relocated graduations due to construction, and district busing criticisms—topics rarely raised in circle entries.\"",\n  \""square entries report more frequent and severe student-safety and social-climate problems (bullying, drug/vaping use, fights, gang/weapon incidents, racism/transphobia, self-harm) than circle entries\"": \""This bucket captures concrete safety and peer-culture incidents—recurrent bullying/cyberbullying, widespread vaping/drug claims, regular fights and lockdowns, gang presence and weapon threats, racial/religious/anti‑LGBTQ harassment, and even self-harm reports. Examples include statements about vaping in bathrooms, 80% drug use claims, multiple lockdowns/gun threats, anti‑Muslim prejudice, and explicit suicide/self‑harm mentions; circle reviews lack comparable safety incident reporting.\"",\n  \""square entries report more administrative instability, opaque or chaotic policy implementation, and selective/inconsistent discipline or favoritism (often prioritizing sports/reputation) than circle entries\"": \""This bucket groups complaints about leadership churn, last‑minute/poor communications, governance/prioritization (focus on rankings or athletics), biased enforcement, disciplinary overreach/underenforcement, and secrecy or alleged corruption. Illustrative items: multiple principals over short spans, IB seniors told rules changed at last minute, claims administration 'favors athletes', police interviews over off‑campus posts, and allegations that the district prioritizes test stats or booster-funded programs—issues present far more often in square reviews.\"",\n  \""square entries report more problems (and some structured services) related to special education, IEP/504 enforcement, medical accommodations and counseling/support interventions than circle entries\"": \""This bucket captures specific accounts of special‑education coordination failures, denied accommodations, IEP enforcement struggles, plus both criticisms and isolated praise for counselors/AVID-type supports. Examples include parents told the student is 'lazy' not evaluated for ADHD/autism, admonitions to 'get a lawyer' to enforce an IEP, refused make‑up exams despite doctor's notes, alongside other square mentions of strong school social workers or AVID/peer-support programs—patterns that circle reviews do not similarly document.\""\n}""]",,37.63135099411011,19666,1600,2310,,[],['resp_0d32d6fecc0c942d006a7256d9117481a1a88f9cd3fa959706'],True
gen|2|11,"[""{\n  \""square entries report stronger and broader advanced academic programs and measurable college outcomes than circle entries\"": \""These entries describe concrete, structured college-prep offerings (IB, many AP/honors, dual‑enrollment, engineering partnerships), higher AP/IB participation and credit transfer, and named college/counseling successes (scholarships, Ivy and top‑tier admits), whereas circle entries lack parallel program inventories or outcome claims. Example evidence: square mentions “full IB program,” “I was able to get 15 COLLEGE CREDITS transferred,” “Great AP classes and great honors courses,” and multiple scholarship/Ivy admits; circle contains no comparable AP/IB/college‑outcome documentation.\"",\n  \""square entries document more extensive extracurricular, arts, and organized enrichment (and booster/pay-to-play funding structures) than circle entries\"": \""These entries enumerate many sustained extracurricular pathways—music/band, theater, debate, JROTC, dozens of clubs, sports complexes—and describe booster activity, mandatory club logistics, or fee‑based participation, while circle entries rarely list comparable program breadth. Examples: square lists “great extra curricular activities,” “music program is the best in the state,” “26 sports,” active PTC/boosters and pay‑to‑play fees; circle mostly omits such program inventories.\"",\n  \""square entries report more pervasive student-safety and behavior problems (bullying, fights, drugs, assaults, vandalism) than circle entries\"": \""These entries contain frequent, concrete accounts of on‑campus violence, substance use, gang activity, sexual harassment, and unaddressed bullying or assault incidents, whereas circle entries do not document this breadth or frequency of safety threats. Illustrative lines: square reports “constant fights,” “Many drugs, fighting, drinking and few gangs,” recorded assaults and vandalism, sexual harassment by SROs, and pervasive vaping/drug odors; circle does not contain comparable claims.\"",\n  \""square entries report more punitive, inconsistent, or opaque administrative policies and accountability failures than circle entries\"": \""These entries highlight high‑stakes attendance/suspension contracts, 'one‑size‑fits‑all' punishments, unclear/uneven enforcement, administrative apathy or secrecy, turnover, and misallocation of priorities (image/finance over student welfare), whereas circle entries typically describe more supportive or at least different administrative patterns. Examples: square cites 'forced to sign a contract that says you take a fail for ALL of your classes,' 'administration are great at following rules…the student be damned,' cover‑up to avoid bad press, and slow/delayed discipline.\"",\n  \""square entries include far more concrete facility, infrastructure, and on-site service detail (capital spending, maintenance, health hazards, and specific support services) than circle entries\"": \""These entries give specific descriptions of campus size/amenities, renovations, pest and sanitation problems, cafeteria quality, technology rollouts, and on‑site services (nurse, tutoring, school resource officer), whereas circle entries rarely provide this level of operational facility detail. Examples: square reports 'nearly 153 acres' and 'new performing arts center,' or alternately 'mold, roaches, no air conditioning,' lists of on‑site nurse/Open Door Medical/tutoring, and explicit capital spending or parking/food complaints.\""\n}""]",,37.65203785896301,19668,1472,2176,,[],['resp_0a536692545640f1006a7256d8079881a1ab87a6b179d34a29'],True
gen|4|27,"[""{\n  \""square entries report broader and stronger advanced-academic, vocational, and extracurricular program offerings and demonstrable college-prep outcomes than circle entries\"": \""This bucket captures descriptions of concrete program breadth and measurable outcomes: Square reviews repeatedly list abundant AP/IB/dual‑enrollment/Early‑College/CTE pathways, rich arts and club offerings, championship athletics, and named college placements (e.g., AP credits, Early College AA, Ivy/Johns Hopkins admits) that Circle reviews do not document or describe, indicating a substantively deeper program ecosystem and college‑prep pipeline in the Square schools.\"",\n  \n  \""square entries report more pervasive student safety problems, bullying, substance use, fights, violent incidents, and on‑campus weapon/drug concerns with inconsistent or inadequate intervention than circle entries\"": \""This bucket groups reports about student behavior and campus safety: Square reviewers document repeated fights, bullying (including racial harassment), drug/alcohol use, teen pregnancy, lockdowns, illegal searches, and incidents causing therapy or transfers, often coupled with staff inaction or inadequate enforcement; Circle reviews lack this pattern and generally do not report comparable safety crises.\"",\n  \n  \""square entries report greater administrative and district‑level dysfunction, politicization, secrecy, favoritism/nepotism, budget shortfalls, and failures to investigate or act than circle entries\"": \""This bucket covers governance and resource issues: Square entries allege board/district mismanagement (stalled bond projects, levy failures, budget cuts), administrators prioritizing money or image, refusal to release evidence or investigate complaints, nepotistic hiring/favoritism, and inconsistent policy enforcement—systemic leadership and fiscal problems that Circle reviews do not present.\"",\n  \n  \""square entries report more variable and often problematic teacher/staff performance, turnover, and professional‑conduct issues than circle entries\"": \""This bucket focuses on classroom and staff behavior: Square reviewers describe wide variation in teacher quality (subject‑knowledge gaps, tenure‑protected poor teachers), higher turnover and burnout, poor substitutes, teacher‑perpetrated bullying or unprofessional conduct (including allegations of inappropriate behavior), and instances of teachers discouraging students from staying—patterns of staffing instability and misconduct largely absent from Circle reviews.\"",\n  \n  \""square entries report more detailed variability in counseling, special‑education, and student‑support services (documenting both notable supports and clear failures) than circle entries\"": \""This bucket captures the presence of concrete student‑support systems and their shortcomings: Square reviews include explicit accounts of structured supports (advocacy teachers, after‑school tutoring, special‑education communication, anti‑bullying awards) alongside detailed failures (understaffed/unresponsive counselors, IEP/assessment denial, stigmatization of special‑needs students, problematic credit‑recovery/attendance policies), whereas Circle reviews rarely provide similarly specific evidence about these support services.\""\n}""]",,35.17188024520874,19129,1408,1998,,[],['resp_0028e233457172d1006a7256dbdd5c81a292f1fcc7002c2386'],True
gen|0|50,"[""{\n  \""Square entries report more frequent and serious student-safety incidents (fights, threats, drugs, sexual violence) and visible police/security involvement than circle entries\"": \""These reviews describe recurring physical fights, threats (including social‑media shooting threats), pervasive drug/gang activity, sexual‑assault claims, and explicit on‑site enforcement (police officers, drug dogs, security escorts) as concrete school realities (e.g., “fights happening almost every day,” “drug dogs monthly,” “several rapists attend/attended…administrators did nothing”), whereas Circle reviews contain little or no comparable reporting of such severe safety incidents or law‑enforcement presence.\"",\n  \""Square entries describe more formal advanced/specialized academic and extracurricular programs and measurable postsecondary/award outcomes than circle entries\"": \""These reviews enumerate institutional programs and demonstrable outcomes — IB/AP tracks, magnets, dual enrollment, AVID, pre‑med/engineering pathways, award‑winning band/debate/theater, athletic championships, and scholarship/college placements (e.g., ‘IB students accepted to top universities,’ ‘Seven Million in Scholarships/Grants’) — a level of named programmatic breadth and concrete outcomes largely absent from Circle entries.\"",\n  \""Square entries document more administrative and district‑level mismanagement, favoritism/nepotism, politicization, and legal/financial controversies than circle entries\"": \""Reviewers report governance and ethical problems (retire‑rehire scandals, missing funds, legal threats over school practices, board/ superintendent macro‑management), plus explicit favoritism toward athletes/wealthy families and nepotistic discipline patterns (e.g., ‘money influences decisions,’ ‘favoritism toward teacher/admin kids’), whereas Circle reviews rarely raise district‑level scandals or systemic patronage claims.\"",\n  \""Square entries report more operational, logistical, and physical‑plant problems (overcrowding, schedule/registration failures, transportation and grade‑portal breakdowns, disrepair, pests or phased renovations) than circle entries\"": \""These reviews point to chronic capacity and operations failures — extreme overcrowding and modular classrooms, unresolved schedule/registration errors, long drop‑off delays and bus confusion, teachers not updating grade portals, broken toilets/infestations, and messy/partial renovations (e.g., ‘8 modular buildings,’ ‘PowerSchool not updated,’ ‘mouse traps in classrooms’), while Circle entries contain few or no such concrete operational breakdowns.\"",\n  \""Square entries show greater within‑school variability and inconsistent student supports (uneven teacher quality, mixed special‑education/IEP and counseling implementation, polarized student outcomes, and repeated parental advocacy) than circle entries\"": \""Many Square reviews contrast transformative, named teachers and successful IEP/counseling outcomes with accounts of disengaged teachers, IEP noncompliance, guidance misplacements, and the need for relentless parent intervention (e.g., ‘one miracle teacher vs many who shouldn’t be teachers,’ ‘IEP ignored…then another parent reports IEP prepared child for college’), producing starkly polarized experiences that Circle reviews do not similarly depict.\""\n}""]",,37.794265031814575,19699,1664,2353,,[],['resp_0f9da6c897eaa9d4006a7256d7bd2481928e20963dd3009252'],True
gen|1|54,"[""{\n  \""square entries document broader and more concrete curricular, vocational, extracurricular and advanced-program offerings (AP/IB/dual-credit, Career Center, robotics, arts/theatre, vocational pathways) than circle entries\"": \""This bucket covers program-level descriptions: square reviews enumerate Career Center services, FIRST Robotics, Auto/Cosmetology/Computer Game Design, IB/AP/dual-credit classes and specific arts/theatre honors (Thespian Troupe, critic's choices), plus alumni college-credit outcomes — whereas circle reviews largely omit or report limited AP/advanced offerings and do not list comparable vocational or extracurricular breadth.\"",\n  \""square entries report more and more-specific campus facilities, maintenance, sanitation, overcrowding and neighborhood-access safety details than circle entries\"": \""Square reviews frequently name physical- and access-related conditions (parking/entrance hazards tied to overcrowding and two campuses, trashed bathrooms and graffiti, lack of soap/toilet paper, vandalism, police presence for trespassing, and also mentions of new/well-kept buildings), while circle reviews rarely provide comparable concrete facility or neighborhood-safety descriptions.\"",\n  \""square entries report more punitive, uneven or discriminatory discipline and pervasive student social conflict than circle entries\"": \""This groups reports of disciplinary practice and social climate: square includes demeaning lunch-detention procedures, accusations that detentions disproportionately affect Black students, arbitrary rule enforcement ('make the rules up as they go'), strict phone/mentoring/lunch bans, and claims of universal student drama/bullying and social isolation, whereas circle contains fewer or less systemic discipline complaints.\"",\n  \""square entries provide more detailed accounts of classroom-level instructional practices, grading policies, workload, teacher qualifications, special‑education supports and technology/remote‑learning problems than circle entries\"": \""Square reviews contain concrete claims about nightly homework loads (1–5+ hours), lax late‑work/grading policies, AP classes treated non‑rigorously, science teacher qualification gaps, weak support for neurodiverse students, tutoring/office‑hour programs, and technology/online‑learning failures; circle reviews rarely offer this level of operational classroom detail.\"",\n  \""square entries include more explicit, varied reports about administration, governance, parent communication, staff recruitment/retention and family‑school interactions than circle entries\"": \""Square commentary spans active engaged principals and guidance counselors, reports of responsive handling of harassment incidents, criticisms of poor parent communication and adversarial interactions with families, leadership turnover and accusations of superintendent malfeasance, and district retention/low‑pay explanations for staffing problems — while circle reviews contain fewer or narrower governance and parent‑communication narratives.\""\n}""]",,37.89418315887451,5060,2496,3049,,[],['resp_0d9d4939a003b70c006a7256d7c99c819cb602d15ef79ce4ed'],True
gen|4|2,"[""{\n  \""square entries emphasize extensive advanced academic programs, AP/IB/CTE pathways, and measurable college/career outcomes more than circle entries\"": \""This bucket groups raw terms where square reviews list concrete program breadth and outcomes (AP, IB, dual‑enrollment, academies, STEAM/CTE, robotics, competition wins, on‑site college interviews, large scholarship & Ivy/Duke matriculation claims) while circle reviews omit or do not substantively describe such pathways (circle often lacks AP/IB/dual‑credit detail). Examples: square mentions “many AP classes,” “the entire IB Programme,” dual‑credit outcomes (graduating college early), Science Olympiad/Academic Decathlon awards, and large scholarship totals—patterns absent from circle.\"",\n  \""square entries report more safety incidents, student substance use, violent episodes, and physical/facility health hazards than circle entries\"": \""This bucket captures raw terms documenting concrete student safety and health failures in square reviews—unaddressed fights, sexual assault allegations, bomb threats, police presence, pervasive drug use/dealing, vaping, threats with weapons, asbestos/mold, unsanitary bathrooms, pest infestations and extreme HVAC problems—none of which circle reviews report. Examples: square claims “several rapists attend... administrators did absolutely nothing,” “bomb threats every other week,” “drugs run rampant,” “asbestos hanging from their ceilings,” and chronic bathroom/rodent problems, while circle makes no comparable safety/health allegations.\"",\n  \""square entries describe more administrative negligence, opaque/rigid policies, favoritism/nepotism, and poor counseling/guidance than circle entries\"": \""This bucket groups operational and leadership failures reported in square reviews: administrators who ignore problems or cover them up, rigid scheduling/policy enforcement, favoritism toward athletes/wealthy families, transcript/record errors, and ineffective or nonresponsive guidance/counseling that harms graduation and postsecondary advising. Examples: square alleges admins “turn a blind eye,” “hide all problems,” send bullied students to suspension, prioritize sports over discipline, have screwed up transcripts, and provide almost‑nonexistent college counseling—issues circle reviewers do not raise.\"",\n  \""square entries report more inconsistent or deficient teacher staffing, certification, and instructional practice problems than circle entries\"": \""This bucket collects raw terms focused on classroom‑level personnel and pedagogy: claims of uncertified teachers, high substitute use and turnover, teachers teaching outside their qualifications, poor professional development, visible in‑class disengagement, rote assignments/grade‑gaming, and variable access to tutoring/support. Examples: square alleges “Many teachers aren't even certified,” frequent substitutes harming continuity, teachers handing out packets or texting in class, ‘pass‑focused’ grading, and uneven after‑school support—whereas circle generally lacks these systemic teacher certification/continuity complaints.\"",\n  \""square entries report more pronounced social stratification, clique‑driven exclusion, racial/socioeconomic marginalization, and parental competitiveness/privilege shaping student opportunities than circle entries\"": \""This bucket contains raw terms describing school social ecology and community effects: pervasive cliques, bullying targeted at special‑education or minority students, nepotistic advantage for certain families, intense parent/peer competitiveness, small‑town gossip surveillance, and sociofinancial gatekeeping of opportunities. Examples: square notes “students are snotty with cliques,” “you have to be able to afford the real estate to attend,” racial stereotyping, and that ‘who you know’ determines access—social dynamics that circle reviews do not describe.\""\n}""]",,36.20877981185913,19157,1472,2224,,[],['resp_0f5b8a5374ad6f78006a7256d8d3d881a18d1e7b9d73be6d68'],True
gen|2|41,"[""{\n  \""square entries report more and deeper specialized academic, AP/IB/dual‑enrollment and extracurricular program offerings and documented college/career outcomes than circle entries\"": \""This bucket captures descriptions of substantial program breadth and measurable outcomes (IB diplomas, many AP classes, Dual Enrollment, JROTC, award‑winning band/arts, technical/CTE pathways, AP/college credits and Ivy/elite matriculations) that appear repeatedly in square (e.g., 'IB program…top notch', 'over half of the students have AP/dual‑enrollment options', 'several Ivy league students') but are largely absent or under‑evidenced in circle reviews.\"",\n  \""square entries report more frequent safety/behavior crises, unresolved bullying, substance use, fighting and uneven or biased discipline than circle entries\"": \""This bucket groups concrete accounts of student violence, daily fights, blood in halls, gang/drug problems, and complaints about inconsistent or preferential discipline (e.g., 'Fights every day…saw blood', 'Drugs are a huge problem…the administrators refuse to deal with it', 'upper middle class kids were treated like kings') that square reviewers report far more often than circle reviewers.\"",\n  \""square entries report more administrative dysfunction, turnover, poor recordkeeping, and accountability failures than circle entries\"": \""This cluster includes concrete operational/leadership failures—lost enrollment paperwork, high principal/administrator turnover, protection of underperforming staff, alleged nepotistic hires, and top‑down management problems (e.g., 'they lost the paperwork', '170 teachers leaving…blame leadership', 'principal's main job is to protect teachers') that square reviews attribute to leadership more than circle reviews do.\"",\n  \""square entries report more variability and concrete problems (and some strong examples) in student support services and school operational resources—special education compliance, counseling, tutoring, after‑school transport, nurse and facility condition—than circle entries\"": \""This bucket covers explicit statements about availability or failure of targeted supports and services (IEP noncompliance, insufficient mental‑health support, praised child study teams, Writing Center, no after‑school bus, full‑time nurse, outdated labs/overcrowding) found in square reviews (e.g., 'On my IEP… they don’t plan on following it'; 'Writing Center…during lunch'; 'no after school bus') whereas circle rarely documents these concrete service details.\"",\n  \""square entries describe stronger, more polarized community culture and parental engagement—either high pride/active volunteerism and fundraising OR entrenched localism, elitism and outsider exclusion—more than circle entries\"": \""This bucket groups social/community reports that co‑occur in square: vigorous parent/PTSA involvement and school pride (parents 'come out in droves to fundraise', 'tradition, history, great spirit') alongside accounts of program‑driven elitism, nepotism and exclusion ('IB causes division', 'unless your past 5 generations were born here you are an outsider', 'favorites were chosen'), a polarization less evident in circle reviews.\""\n}""]",,37.99902606010437,19171,1472,2112,,[],['resp_01e2b3540ea6f591006a7256d823048192adc89f367102444b'],True
gen|0|51,"[""{\n  \""square entries report more acute and frequent student safety, violence, substance‑use, and gang incidents than circle entries\"": \""This bucket captures concrete safety problems described in square reviews—regular fights, bomb threats, riots, pervasive drug use and vaping, gang activity, assaults, thefts and EMS dispatches—while circle reviews contain little or no comparable reporting of such severe on‑campus incidents. Example raw details: 'at least 3 bomb threats per year', 'Drugs are everywhere, even in class', 'Extremely high gang activity', and 'many serious assaults resulting in EMS'.\"",\n\n  \""square entries report more administrative dysfunction, favoritism, discipline‑avoidance, and governance problems than circle entries\"": \""This groups descriptions of leadership failure and governance issues in square reviews—administrators who ignore or blame victims, protect favored students or coaches, discourage parental involvement, retain unqualified staff, and prompt board/leadership scandals or litigation—contrasted with circle reviews that more often describe cooperative or involved staff. Illustrative items include: 'administration is afraid to tighten the screws', 'board of directors keep unworthy teachers', 'they clearly did NOT want parents to actually help', and named principal/vice‑principal misconduct or governance scandals.\"",\n\n  \""square entries describe stronger, more formalized advanced academic pathways and measurable outcomes (IB/AP/Honors/dual enrollment, national rankings) than circle entries\"": \""This bucket groups concrete programmatic claims in square reviews about institutionalized, high‑level pathways and outcome metrics—IB/IB dominance, Cambridge status, extensive AP/Honors offerings, dual‑credit/college matriculation rates and national/state rankings—which circle reviews generally do not document. Representative claims: 'Wall to Wall IB', 'one of only 20 International Cambridge Fellowship Centers', 'over 90% of graduates going to college', and 'ranked 4th on average in Atlanta'.\"",\n\n  \""square entries show greater variability and extremes in instructional quality, academic pressure, remediation needs, and grading/workload policies than circle entries\"": \""This bucket covers square reports that teachers and instruction range from excellent to incompetent, that workloads/pressure are intense (multi‑hour nightly homework, suicidality/mental‑health impacts), and that there are concrete remedial or grading issues (remedial college math, opaque grading, need for tutors), whereas circle reviews generally describe more consistent, caring instruction and less extreme pressure. Examples: '3–5 hours of homework EVERY NIGHT', 'teachers, as always, vary in quality', 'two requiring remedial level college math', and 'Student GRADES DO NOT REFLECT THEIR KNOWLEDGE'.\"",\n\n  \""square entries report more extensive facilities, extracurricular breadth, arts/music/athletics excellence, and classroom technology than circle entries\"": \""This bucket groups tangible resource and program breadth claims in square reviews—large numbers of clubs and no‑cut sports, award‑winning music/band programs, major athletic facilities and stadium investments, new arts buildings, and 1:1 student devices/Promethean boards—that contrast with circle reviews which more often note limited electives or lack of performing‑arts space. Sample items: 'about 100 different student clubs', '#2 in the state for their music program 4 years in a row', 'stadium of a staggering $60 million', and 'Every student is given a netbook'.\""\n}""]",,38.34600877761841,19546,1664,2378,,[],['resp_027c246878028970006a7256d7d28881a3aa3d6fb8c8adb77d'],True
gen|3|16,"[""{\n  \""square entries describe richer, formal advanced-academic and college/career pathways than circle entries\"": \""These reviews emphasize concrete program infrastructure (AP/IB/magnet tracks, concurrent enrollment, academies like 'Academy of Justice' or Running Start, documented college-credit classes and elite acceptances) that reviewers link to measurable college outcomes; circle reviews rarely name such formal pathways or postsecondary partnerships and instead focus on general instruction or single alumni anecdotes.\"",\n  \""square entries report more safety incidents, tolerated bullying, substance use, and physical violence than circle entries\"": \""Multiple square reviews recount assaults, daily fights, frequent lockdowns, vaping/drug odors, tolerated bullying (including racism/homophobia) and delayed or absent medical/parent notification, whereas circle reviews contain no comparable accounts of pervasive violence, substance problems, or institutional tolerance of such behavior.\"",\n  \""square entries report more administrative and operational dysfunction, poor communication, and leadership failures than circle entries\"": \""Square reviewers document scheduling and transportation breakdowns, transcript/registration errors, slow grading and confusing grading policies, front‑office rudeness, overloaded counselors, fiscal/austerity issues and politicalized leadership or corrective‑action sanctions; circle reviews instead describe organized community engagement, supportive principals, and fewer systemic office/operations failures.\"",\n  \""square entries describe more extensive, better‑resourced extracurricular/athletic programs and facilities (often sport‑focused) than circle entries\"": \""Square comments repeatedly list broad club offerings, high‑level band and athletics achievements, upgraded stadiums/gyms and active booster/parent support (and sometimes a noticeable prioritization of sports over arts/academics), whereas circle reviews do not report comparable breadth, facility investment, or championship‑level extracurriculars.\"",\n  \""square entries report greater variability, gatekeeping, and pressure in classroom instruction and assessment than circle entries\"": \""Square reviews contain repeated claims of uneven teacher preparation, large/imbalanced class loads, honors/AP gatekeeping, grade inflation coupled with high AP/test pressure, slow/missing grading, and favoritism that advantages high‑achievers—contrast with circle reviews that more often describe consistent teacher support and fewer systemic access/assessment abuses.\""\n}""]",,37.69623589515686,19201,1280,1737,,[],['resp_0d63a6f9299bfe60006a7256d888c481a3b180f934c334c7c6'],True
gen|1|34,"[""{\n  \""square entries report frequent physical violence, drug incidents, and aggressive security measures more than circle entries\"": \""This bucket groups reviews that describe repeated on-campus safety problems (daily/weekly fights, on‑campus drug use, bus safety incidents, gun and bomb-threat reports) and the school’s use of visible security responses (metal detectors, cameras, guards, random searches) — e.g., “there are physical fights here daily,” “kids doing drugs left and right,” and “metal detectors… random spot checks,” contrasts with Circle which contains no comparable accounts of frequent violence or such security protocols.\"",\n  \""square entries document a far broader array of specialized academic, CTE, arts, IB/AP and extracurricular programs with measurable awards and college/athletic outcomes more than circle entries\"": \""This bucket captures reviews listing concrete curricular and extracurricular breadth and outcomes — AP/IB counts, dual‑credit pathways, vocational certifications, award‑winning band/theater, athletic championships, and scholarship/National Merit metrics — e.g., “17 different Advanced Placement Courses,” “award winning music education,” “earned a full athletic scholarship,” whereas Circle rarely names such programmatic scope or quantified outcomes.\"",\n  \""square entries report pronounced academic tracking, favoritism, and unequal access to high‑quality programs/teachers more than circle entries\"": \""This bucket groups reports of segregation between honors/AP/arts tracks and regular classes, counselor/coach favoritism, nepotistic extracurricular selection, and counselors arranging extra tutoring for select students — e.g., “If your child gets into the Paideia program they have a chance at a good education… regular classes, forget it,” and “unless you’re in the ‘inner circle’…,” a pattern Circle does not describe.\"",\n  \""square entries report administrative protectionism, concealment, poor parent communication, and adversarial management more than circle entries\"": \""Reviews here allege administrators shield underperforming staff, avoid accountability, mishandle parent complaints, and sometimes behave disrespectfully or provoke litigation — e.g., “Principal’s main job is to protect teachers,” “lied to by office staff… talked down to by the principal,” and references to lawsuits — while Circle reviews more often describe prompt, accessible administration or do not report systemic protectionism.\"",\n  \""square entries report chronic facility, staffing, and operational resource shortfalls and misallocated spending more than circle entries\"": \""This bucket contains complaints about unsanitary/damaged facilities (vandalized restrooms, mold, poor maintenance), overcrowded/undersupplied classrooms, unfilled teacher positions, scheduling problems, and contentious resource choices favoring athletics over academics — e.g., “two restrooms open… rundown and disgusting,” “some of my classes don't even have teachers,” and “paid $1.7 mil for a new football turf” — issues Circle’s reviews generally do not raise.\""\n}""]",,38.4462251663208,19089,1792,2435,,[],['resp_075912af0610f49a006a7256d7e1a481a190d00df0facf8353'],True
gen|1|11,"[""{\n  \""square entries report more frequent and severe student-safety, behavior, and substance incidents than circle entries\"": \""This bucket groups reviews that describe ongoing fights, bullying, gang activity, everyday drug/vaping use, K‑9/drug searches, police escorts, lax or inconsistent enforcement, and students feeling unsafe (e.g., “Every single day there are at least 2–3 fights,” “kids open do drugs,” “multiple k‑9 unit drug searches”), contrasted with Circle reviews that do not report comparable safety breakdowns.\"",\n  \""square entries report greater administrative dysfunction, unresponsiveness, turnover, and accountability failures than circle entries\"": \""Includes reviews alleging principals/staff ignore or cover up complaints, lost records/IEPs, chronic non‑response to parents, centralized governance that blocks recourse, grade‑inflation or pressure, and frequent leader turnover (e.g., “The Principal and Assistant Principal cover up…,” “they lost her transcripts,” “turnover of principals in the past 4 years”), while Circle reviews lack these persistent administration-accountability complaints.\"",\n  \""square entries document more extensive advanced/specialized academic programs and measurable college‑prep outcomes than circle entries\"": \""Captures concrete, named curricular offerings and outcomes—AP/IB/honors, dual‑enrollment/early‑college credit, PLTW, arts or STEM magnets, National Merit recognition and explicit college-credit totals (e.g., “7 AP classes and UConn Calculus,” “15 COLLEGE CREDITS transferred,” “full IB program”)—whereas Circle reviews do not list comparable breadth or documented college-credit metrics.\"",\n  \""square entries describe more concrete facilities, extracurricular breadth, booster/community investment, and contested resource allocation than circle entries\"": \""Groups reviews that name recent renovations/new buildings, strong band/music/arts programs, stadium and travel opportunities, active booster support, parking/busing impacts, and also disputes about funding priorities (athletics vs arts) (e.g., “new arts and sciences facilities,” “THE BAND IS ALL THAT MATTERS!!!!,” “adding college classes and FINALLY getting a stadium!!!,” “sports are over‑funded while programs that teach real skills … struggle”), while Circle reviews rarely cite such specific facility or program-investment detail.\"",\n  \""square entries show larger within‑school variability in teacher/staff practice and student-facing supports (both strong, personalized help and overt misconduct/favoritism) than circle entries\"": \""This bucket covers reviews that simultaneously praise highly committed, credentialed, creative teachers, peer‑tutoring/study‑hall supports and targeted intervention, and also report unprofessional staff behavior, favoritism, bias, inconsistent instruction, or heavy substitute coverage (e.g., “AP teachers are the best,” “peer tutoring…evening before Math tests,” alongside “teachers curse at students,” “Culinary teacher throws chair at student,” and long‑term subs), a pattern of pronounced teacher‑level contrast not observed in Circle reviews.\""\n}""]",,38.56830906867981,19501,1536,2167,,[],['resp_0d9d76ee721b30a6006a7256d80aac819cae79280ae68b4634'],True
gen|2|53,"[""{\n  \""square entries report broader, structured advanced-academic and extracurricular programs (AP/IB, dual-enrollment, CTE, arts, academies) and stronger measurable college-prep outcomes than circle entries\"": \""These reviews repeatedly name specific programs and outcomes (e.g., “IB is exceptional,” multiple AP classes, “Pinnacle Early College,” CNA/EMT and CTE pathways, music/band awards, AP scores and scholarships), and cite concrete college placements and AP/IB credit; Circle reviews rarely list comparable named pathways, dual-credit options, or measurable outcome anecdotes.\"",\n  \""square entries report more severe and frequent student safety and conduct problems (bullying, fights, gang activity, drug dealing, suicides) than circle entries\"": \""Many Square reviewers describe violent or dangerous incidents and persistent misconduct—gang presence, hallway drug deals, stabbings, multiple fights, ongoing bullying tied to suicides—while Circle reviews do not document this level or frequency of safety incidents and largely omit gang/drug problem detail.\"",\n  \""square entries report more explicit administrative and staff failures, favoritism/nepotism, and mishandled complaints (unresponsive offices, rude principals, biased placements) than circle entries\"": \""Square reviews repeatedly allege favoritism toward athletes/legacy families and nepotistic placements (e.g., front‑row roles reserved for connected kids), name administrators as culpable (requests to replace principals, ‘tyrant’ principals), and describe rude, unresponsive office/counseling behavior and unresolved complaint handling—claims that Circle reviews generally do not make or make far less often.\"",\n  \""square entries report more chronic facility, capacity, and resource-allocation problems (overcrowding, trailers, construction disruption, maintenance failures, and athletics‑first funding) than circle entries\"": \""Square reviewers note severe overcrowding and infrastructure problems (trailets, 3,000+ enrollment, no heat/AC in some rooms, broken fire alarms, construction interfering with learning) and cite inequitable spending priorities (multi‑million athletic upgrades vs program cuts), whereas Circle reviews rarely describe such large-scale capacity, safety‑critical maintenance, or district funding allocation crises.\"",\n  \""square entries exhibit greater internal inconsistency and polarized student experiences (sharp contrasts in teacher quality, special‑education support, program quality, and postsecondary outcomes) than circle entries\"": \""Square contains strongly conflicting accounts—some reviewers praise caring, high‑quality teachers and exceptional programs while others describe incompetence, special‑education neglect, and students who fail to be prepared for college—producing a polarized mosaic of outcomes; Circle reviews are comparatively more uniform in their characterization of the school.\""\n}""]",,38.287113904953,19557,1856,2405,,[],['resp_00b1ed7c7a33163a006a7256d82698819289ec0ef98738bb02'],True
gen|0|28,"[""{\n  \""square entries report more acute safety incidents, weapons, gangs, and physical violence than circle entries\"": \""This bucket captures reviews that describe immediate, high‑severity safety problems inside or near school grounds (stabbings, gun/AR‑15 incidents, police raids, sexual assaults/coercion, frequent hallway fights, open drug use, gang activity, students transferred out for safety). Examples: square mentions a student bringing an AR‑15, a stabbing, 'gangs working inside the school,' 'trash can fire' and families transferring children for safety; circle contains no comparable acute weapon/assault/gang incidents.\"",\n  \""square entries document more concrete advanced-academic programs and measurable college/career outcomes than circle entries\"": \""This groups reviews that list specific rigorous curricular opportunities and tracked, measurable postsecondary results (AP/IB offerings, dual‑enrollment/college credits, PLTW/CAS/gifted programs, career academies/health/ROTC, and named elite matriculations or scholarship totals). Examples: square cites IB/AP/dual enrollment, students getting 33–125 college credits, National Merit Scholars, and admits to Yale/Princeton/Stanford; circle typically lacks these concrete program/outcome claims or only gives generic college‑readiness assertions.\"",\n  \""square entries describe broader, higher‑profile extracurricular and athletics programs and booster-supported achievements than circle entries\"": \""This bucket groups reviews emphasizing a wide, accomplished activity ecosystem—award‑winning bands, national choir/ranking, robotics champions, championship athletics, many clubs, stadium investments and active booster funding—claims that circle reviews do not match. Examples: square lists a #1 robotics design award, consistently award‑winning band, CIF football, new auditorium/stadium and active boosters; circle mentions sports or programs far less often and with fewer documented achievements.\"",\n  \""square entries report more administrative and operational dysfunction (leadership turnover, policy inconsistency, poor communication, staffing instability, resource misallocation) than circle entries\"": \""This groups reviews focused on governance and day‑to‑day operations problems such as repeated principal turnover, phone/email non‑response, inconsistent discipline (either arbitrary suspensions or retention‑driven leniency), grade‑inflation/appeal systems, high teacher turnover, misused funds, broken paid programs and bussing/logistics failures. Examples: square details 'phone system is horrendous,' 'many teachers come and go,' 'appeals always favor students,' and 'pay for AP exams but can’t fix bathrooms'; circle offers far fewer such procedural/operational complaint specifics.\"",\n  \""square entries report more pervasive social exclusion and systemic inequity (race/class/gender/religion/ideology‑based favoritism, segregation, poor integration of newcomers and minorities, and disabled‑student mistreatment) than circle entries\"": \""This bucket captures reviews describing entrenched discriminatory or exclusionary dynamics—socioeconomic/preppy cliques, racial self‑segregation and explicit racism, sexism in athletics, religious/political bias, favoritism toward insiders or affluent demographics, and reports of IEP/noncompliance or special‑needs mistreatment. Examples: square alleges 'segregated school,' 'unless you are rich or Scandinavian you are invisible,' 'staff discriminate,' and 'IEPs not followed'; circle contains little or no comparable reporting of systemic, identity‑based exclusion.\""}""]",,38.72025394439697,19526,1600,2345,,[],['resp_057e53ac56042c99006a7256d79fec819e9cd94f1163360261'],True
gen|3|27,"[""{\n  \""square entries exhibit stronger, more extensive college‑preparatory and advanced academic programming than circle entries\"": \""These reviews describe concrete, school‑level advanced offerings and outcomes (AP/IB/honors, dual‑enrollment, formal AVID/Smart Block supports, college advisors and recruiter visits, measurable matriculation rates and awards) that are repeatedly present in square but absent or vague in circle (examples: dual enrollment/early college programs, College Board recognition for AP access, claims like “98% go to college” and Ivy/HYPSM matriculation).\"",\n\n  \""square entries report more pervasive student safety, bullying, substance‑use, and severe misconduct incidents — and more documented failures to handle them — than circle entries\"": \""Square reviews repeatedly cite cyberbullying, physical assaults and hospitalizations, theft, gang/drug problems, sexual harassment/abuse allegations, arson/lockdowns and students’ suicidal statements, plus staff dismissing or mishandling reports (examples: stolen phones, students beaten and hospitalized, pedophile teacher allegations, multiple lockdowns, staff saying victims were 'faking').\"",\n\n  \""square entries document more active, individualized teacher‑ and staff‑led student supports and remediation than circle entries\"": \""Square reviews often recount hands‑on interventions — teacher review sessions, after‑school programs (SOAR, MASH, homework centers), targeted remediation and test prep, college counseling and staff actions that ‘saved’ graduations — whereas circle rarely supplies these concrete, personalized support examples (examples: teachers offering Google‑meets, AVID program, guidance helping with financial aid and recruiter visits).\"",\n\n  \""square entries describe more administrative dysfunction, punitive governance, and poor parent communication (including favoritism and policy controversies) than circle entries\"": \""Square reviews contain frequent, specific complaints about leadership and policies — absent/hostile principals, punitive attendance/detention practices, inconsistent enforcement, gatekeeping waivers, uniform fights, CPS threats, office rudeness and accusations of hidden agendas or financial misallocation — while circle reviews lack comparable governance controversy detail and often report more cooperative administration. \"",\n\n  \""square entries emphasize greater extracurricular breadth, athletic prominence, booster‑funded facility investment, and visible resource allocation issues than circle entries\"": \""Square reviews enumerate wide extracurricular offerings and high‑profile program success (marching band, state football championships, JROTC, DECA/FBLA, theater), booster‑driven stadium/field upgrades and 1:1 tech or renovated buildings — and also note crowding, trailers, or unequal spending (sports prioritized over academics/arts) — a level of program/facility detail that circle reviews do not provide.\""\n}""]",,37.39940309524536,19647,1344,1899,,[],['resp_0e2e91b67ac842ab006a7256d8951081a1a3005ac90d29e413'],True
gen|2|30,"[""{\n  \""Square entries report broader, deeper, and more measurable advanced-academic and college-preparatory programs (AP/IB/honors, dual-enrollment, vocational CTE) and clearer college-placement outcomes than circle entries\"": \""This bucket groups items where reviewers describe extensive AP/honors/IB offerings, career academies, vocational classes (automotive, woodworking, culinary), dual‑enrollment, formal internship/college-credit programs and named college matriculations (MIT, William & Mary, Johns Hopkins, Ivy admits) — e.g. 'so many AP and college level courses,' 'career academy is awesome,' and concrete alumni outcomes — contrasted with Circle's lack of comparable program breadth or specific placement evidence.\"",\n  \""Square entries report more frequent and more severe student-safety, bullying, substance-abuse, and discriminatory incidents and exclusionary discipline than circle entries\"": \""This bucket captures reports of fights, daily hallway violence, drug overdoses, bus safety problems, racial slurs/hate-crime allegations, sexualized hazing and claims of a school‑to‑prison pipeline or exclusionary discipline (favoring athletes/privileged students) — e.g. 'fights every day,' 'ODing in class,' 'white supremacist symbols,' and 'many disadvantaged students will be kicked out' — which Circle reviews do not describe to the same extent.\"",\n  \""Square entries report more visible facilities, infrastructure and operational-resource problems (overcrowding, sanitation, HVAC/wifi, odor, funding gaps, pay-to-play) and misallocation than circle entries\"": \""This bucket groups concrete complaints about physical conditions and operational systems — overcrowded classes, unsanitary bathrooms, sewage/odor, lack of AC, terrible wifi and aggressive network filtering, cafeteria/food safety, and local funding conflicts or pay-to-play fees — e.g. 'wifi is TERRIBLE,' 'poop plant behind the school,' and 'teachers have MacBooks while school is falling apart' — issues that are largely absent or less pronounced in Circle entries.\"",\n  \""Square entries describe a wider and higher‑profile extracurricular ecosystem but also a stronger athletics/ prestige emphasis and selective culture than circle entries\"": \""This bucket covers reviewers who list many clubs, nationally ranked teams, specialized magnets (theater, journalism, marching band), international travel, leadership opportunities and easier multi-activity participation, yet also criticize an athletics- or Ivy-tracked prestige bias and selective recognition (e.g. 'endless opportunities,' 'state champions,' but 'competition and emphasis on the ivy track destroyed their joy of learning' and 'sports are glamorised'). Circle lacks this same scale of specialized competitive programming or prestige-driven extracurricular stratification.\"",\n  \""Circle entries report more consistently described caring, stable teacher support and a cooperative school climate, whereas square entries report greater variability in staff behavior including both strong mentors and staff-perpetrated bullying or administrative unaccountability\"": \""This bucket groups contrasts about adult-student relationships and institutional accountability: Circle reviewers repeatedly emphasize teachers who 'care' and supportive administrators, while Square reviews are mixed — some praise standout teachers and rapid parent‑teacher responsiveness, but many allege staff apathy, front‑office rudeness, teachers bullying students, and administrators who fail to hold staff accountable (e.g. 'Those teachers really care' versus 'there are bullies... also the staff' and 'no accountability in the administration').\""\n}""]",,39.02120900154114,19042,1792,2543,,[],['resp_0fa491e07126dd83006a7256d82904819e9a5dde07e1125df0'],True
gen|2|18,"[""{\n  \""square entries report more pervasive student safety, bullying, fights, drugs and police incidents than circle entries\"": \""This bucket groups differences where square reviews describe routine physical fights, daily bullying, gang/drug/activity threats, weapon/gun anxiety and police responses (e.g., “fights almost everyday,” “many gangs and gang related fights,” “gun threat,” “I gotten a major concussion in one fight”), whereas circle reviews rarely report such recurring safety incidents.\"",\n  \""square entries describe broader/clearer advanced academic pathways and measurable college‑prep outcomes than circle entries\"": \""This captures passages where square reviews enumerate AP/IB/dual‑enrollment, CTE/vocational tracks, STEM/magnet offerings, 1:1 tech, and concrete matriculation or test metrics (e.g., IB program, AP/PAP/Dual courses, ‘earned 12 college credits,’ ‘valedictorian attended Duke,’ ‘highest ACT scores’), while circle reviews lack comparable specific advanced-program detail or measurable outcomes.\"",\n  \""square entries document more administrative instability, operational failures, poor communication, and high teacher turnover than circle entries\"": \""This groups claims of frequent principal/staff churn, missed grades/transcript errors, scheduling miscues, repeated lack of follow‑up and counselor unresponsiveness (e.g., ‘70% faculty turnover,’ ‘grades not posted on time,’ ‘had to contact superintendent,’ ‘counselors unwilling to help’), contrasts with circle entries that more often report stable, responsive administration.\"",\n  \""square entries report more extensive extracurricular, athletics, arts, and vocational program breadth — and more evidence of athletics/funding prioritization — than circle entries\"": \""This bucket covers concrete descriptions of many clubs, championship sports, JROTC/ROTC, award‑winning music/theater, hands‑on trade programs, boosters and pay‑to‑play costs, or claims that sports receive budget preference (e.g., ‘band and theatre programs are fantastic,’ ‘CIF championships,’ ‘vocational classes… brick layers, plumbers,’ ‘funds all toward sports’), while circle reviews seldom list comparable breadth or championship-level extracurricular portfolios.\"",\n  \""square entries report more pronounced special‑education, inclusion, language‑diversity and equity problems (and also conflicting accounts of strong supports) than circle entries\"": \""This groups references to large ESOL populations and linguistic diversity plus allegations of IEP noncompliance, exclusion of students with disabilities, racial insensitivity, and racially biased discipline (e.g., ‘over 25 languages,’ ‘IEPs are not honored,’ ‘Race discrimination is rampant,’ ‘People with disabilities are never included’), while circle reviews rarely raise systemic inclusion or special‑education failures; note many square reviews also include counterexamples praising strong special‑needs programs, so this bucket captures both the prevalence of inclusion‑related reporting and its internal conflicts.\""\n}""]",,39.23331308364868,19085,1856,2465,,[],['resp_0e160af5a640e310006a7256d822d8819f9b19f7b0f69c4c70'],True
gen|0|43,"[""{\n  \""square entries report more frequent, concrete safety and student-behavior problems (drugs, fights, bullying, police presence, self‑harm) than circle entries\"": \""These reviews describe recurring, operational safety incidents and visible enforcement (e.g., 'police cars outside every single day,' 'Between 2–4 fights on a regular basis,' frequent vaping/drug use in bathrooms, multiple student suicides/attempts, metal detectors and random searches), whereas circle entries lack reports of sustained violence, pervasive substance problems, or routine law‑enforcement presence.\"",\n  \""square entries document more administrative instability, politicized favoritism, inconsistent policy enforcement, and punitive parent/teacher reprisals than circle entries\"": \""Many square reviews recount turnover and leadership dysfunction (e.g., 'revolving door of new people,' 'administration is self‑serving,' policy flip‑flopping, removed student traditions), allegations of favoritism toward athletes or influential families, and punitive responses to parents (e.g., charging $5/day for make‑ups, administrators who 'punish your child' when parents complain), while circle reviews do not describe this pattern of politicized, inconsistent governance.\"",\n  \""square entries report stronger, more numerous formal advanced academic pathways and measurable college‑preparation outcomes than circle entries\"": \""Square reviews name concrete programmatic offerings and outcomes—AP/IB breadth, Early College/AA pathways, academies (Engineering, Criminal Justice), dual‑enrollment, National Merit Scholars and Ivy/competitive college matriculations, and scholarship figures—whereas circle entries provide little or no comparable evidence of institutional advanced‑program scope or quantifiable postsecondary outcomes.\"",\n  \""square entries describe greater facilities, extracurricular infrastructure, and scheduling/logistical supports (capital projects, sports/arts facilities, buses, many clubs) than circle entries\"": \""Square reviewers cite recent capital upgrades and specialized facilities (new campus/aquatics center/observatory/renovated buildings and fields), a wide array of clubs and performing‑arts achievements (band, national trips, theater), athletic prestige and on‑campus sports, and concrete logistics that enable participation (after‑school buses, bell schedules), while circle entries rarely report comparable facility investment or broad extracurricular infrastructure.\"",\n  \""square entries present more specific, variable accounts of classroom instruction quality, curriculum relevance, and student academic workload (heavy homework, outdated curriculum, grade inflation, virtual‑learning failures) than circle entries\"": \""These reviews offer many concrete instructional claims—extreme homework loads and student stress ('four hours of homework... cried weekly'), curriculum problems ('outdated... not prepared for college writing'), grade inflation and low AP exam pass rates, reliance on online/virtual classes for hands‑on subjects, and counseling/guidance shortfalls—whereas circle entries do not provide the same degree of operational detail about instructional failures or mixed preparation outcomes.\""\n}""]",,39.23594379425049,19474,1664,2284,,[],['resp_011cd6785b87d722006a7256d7ba28819e99c81ec79db083d5'],True
gen|1|24,"[""{\n  \""square entries report more severe and pervasive student safety, bullying, substance‑use, and mental‑health crises than circle entries\"": \""These reviews document concrete safety failures and harms inside square schools (physical assaults, repeated bullying and targeted harassment, drugs and weapons on campus, arrests, threats of shootings, camera/surveillance failures) and link school experience to serious student mental‑health outcomes (panic attacks, suicide attempts) — contrasts that circle reviews generally do not raise. Examples: vivid accounts of being jumped after reporting bullying, ’lots of drugs at Thomas Dale,’ multiple student deaths/suicides, and administrators failing to address threats or drills properly.\"",\n  \n  \""square entries report more explicit, formal advanced‑academics and measurable college‑preparation pathways (AP/IB, dual‑credit, partnerships, documented college outcomes) than circle entries\"": \""Many square reviews enumerate structured academic pathways, outcomes, and metrics — full IB/AP offerings, dual‑enrollment/college credit counts, specialized academies (pre‑med, engineering, STEAM), AP pass rates and district test rankings, and concrete alumni college placements — whereas circle entries rarely provide the same breadth of formal, credit‑bearing program detail or measurable outcomes. Examples: ’offers full IB program,’ students earning 59–78 transferable college credits, partnerships with hospitals for pre‑med, and named Ivy/competitive college acceptances (and in some square reviews accompanying AP pass‑rate data).\"",\n  \n  \""square entries report more administrative dysfunction, unresponsiveness, and misconduct (including nepotism, deceptive practices, and punitive parent responses) than circle entries\"": \""Square reviews frequently allege leadership failures and personnel misconduct — principals and district officials described as rude, nonresponsive to parent emails/concerns, deceptive about billing, hiring relatives (nepotism), inconsistently or harshly disciplining students, or discouraging parental involvement — while circle entries seldom make these claims and sometimes praise leadership. Examples: ’principal flat out lying,’ ’allowed to hire her own daughter and son‑in‑law,’ threats to call police for parent complaints, and guidance departments characterized as unprofessional or non‑communicative.\"",\n  \n  \""square entries report more contested resource‑allocation and funding disputes favoring athletics/high‑cost projects and shifting costs to parents/teachers than circle entries\"": \""These reviews describe concrete budget and priority conflicts — large fundraising drives for turf or facilities at the expense of curriculum/technology or arts, disproportionate spending on football/athletics, pay‑to‑play fees, and teachers purchasing supplies out‑of‑pocket — contrasts not emphasized in circle entries. Examples: parents angry about million‑dollar turf fundraising while curriculum suffers, ’most the money goes to choir and football,’ and teachers donating thousands for classroom equipment.\"",\n  \n  \""square entries report a broader and more visible set of extracurricular, arts, vocational, and wraparound student programs and competitive achievements than circle entries\"": \""Square reviews more often list extensive extracurricular breadth and high‑level programmatic offerings and successes — award‑winning music/choir/orchestra, nationally ranked sports, JROTC honors, vocational/trade pathways, experiential off‑site academies, career certifications (CNA/EMT/IT), and community scholarships/support programs — whereas circle reviews rarely catalogue this variety or level of competitive recognition. Examples: marching band invited to Carnegie Hall, JROTC winning district cups, STEAM/academies, extensive elective/trade offerings, and named college‑prep support programs (AVID, Gear Up, credit recovery).\""\n}""]",,39.294182777404785,19600,1472,2246,,[],['resp_03a50ab2037afd02006a7256d7f35081a0be6ee5a1d4fc6ef3'],True
gen|1|49,"[""{\n  \""Square entries report more pervasive student safety, violence, drugs, and bullying problems than circle entries\"": \""This bucket captures reports of frequent, concrete student-safety incidents and peer misconduct in square reviews—e.g., “bomb threats and fights happened regularly,” “huge drug problem,” routine sexual misconduct, gang activity, shooting scares, arrests, and pervasive bullying—while circle reviews contain little or no comparable mention of drugs, fights, or systemic student violence.\"",\n  \""Square entries document more administrative leadership failures, unresponsiveness, coverups, and turnover than circle entries\"": \""This groups claims about principals/administrators gaslighting or threatening families, ignoring reports, refusing to communicate, hiding incidents to protect ratings, frequent principal/leadership changes, and district-level mismanagement (e.g., “the gaslighting begins,” “new principal…doesn’t mean better,” allegations of under‑reporting fights), whereas circle reviews do not center on those kinds of sustained leadership/communication breakdowns.\"",\n  \""Square entries describe stronger or broader formal academic programs and measurable college-prep outcomes than circle entries\"": \""This bucket groups concrete programmatic depth and outcome evidence in square reviews—IB/AICE/AP/honors, dual enrollment, STEM academies, documented scholarship dollars, and elite college admits (e.g., ‘nearly full ride,’ ‘accepted at Harvard, MIT…’), contrasted with circle reviews that mention general college preparation or improvements but lack the same breadth of advanced pathways and quantified postsecondary results.\"",\n  \""Square entries report greater inconsistency in teacher quality and failures in student support services (special education, counseling, mental‑health accommodations) than circle entries\"": \""This covers recurring square complaints about uneven teacher effectiveness, favoritism/nepotism, burnout and turnover, plus dysfunctional special‑education placement, counselor nonresponse, and failures to accommodate student mental‑health needs (e.g., ‘put in special education and never taken out,’ ‘counselors take a week and a half to respond,’ teachers ‘quit every year’); circle reviews do not foreground those systemic staff/support breakdowns.\"",\n  \""Square entries emphasize concrete facility, operational, scheduling, and extracurricular resource conditions and priorities (overcrowding, renovations, transportation, tech, athletics/boosters) more than circle entries\"": \""This bucket groups square details about physical plant and operations—overcrowded classrooms, bathrooms in disrepair, renovation projects, chronic bus delays, device rollouts and Wi‑Fi issues, block schedules, mandatory laptop fees—and debates over resource allocation and extracurricular emphasis (e.g., ‘cutting courses over sports,’ active boosters, marching band legacy), while circle reviews rarely surface this same level of operational or resource‑priority detail.\""\n}""]",,39.42928099632263,19043,1728,2308,,[],['resp_0a5c8230ecdfdbb7006a7256d7f074819c9c860e6006c24a1e'],True
gen|3|22,"[""{\n  \""square entries describe substantially more advanced academic pathways and measurable college‑preparatory outcomes than circle entries\"": \""This bucket captures descriptions of formal, high‑level academic programming and concrete postsecondary outcomes—AP/Pre‑AP, IB, engineering/STEM academies, specialized magnet/dual‑enrollment partnerships, honors/tracking, 1:1 tech, and reported college credits or Ivy/medical school matriculations (e.g., 'offers a lot of advanced AP classes,' 'IB program,' '25 college credits,' 'full ride to USC'), whereas circle entries lack or downplay these structured, high‑attainment pathways.\"",\n  \""square entries report substantially more frequent and severe student safety, bullying, and substance incidents than circle entries\"": \""This bucket groups accounts of on‑campus violence and unsafe conditions—daily/’bloody’ fights, large multi‑student brawls, repeated bullying (including LGBT and racial targeting), sexual assault allegations, vaping/drug epidemics, bathroom fires, and lockdowns (e.g., 'two fights a day,' 'vaping epidemic,' 'Someone set fire to the bathrooms'), contrasted with circle entries that mostly omit or only briefly mention isolated bullying or misconduct.\"",\n  \""square entries document more administrative instability, poor parent communication, favoritism/nepotism, and governance failures than circle entries\"": \""This bucket covers leadership and governance problems—frequent principal turnover or contested leadership, unresponsive or contradictory communications (emails/robocalls/bussing notices), alleged nepotism/favoritism in hiring/awards, cover‑ups, inconsistent discipline and policy enforcement, and resource‑allocation complaints (e.g., 'each form of contact states DIFFERENT times,' 'pay raises to their friends,' 'administration more concerned about test rankings or sports'), whereas circle entries describe fewer or different administrative failures.\"",\n  \""square entries evidence greater variability in teacher instructional quality and student support (including special education), ranging from standout, highly supportive teachers to widespread disengagement or noncompliance, more than circle entries\"": \""This bucket groups reports about classroom practice and direct student supports—wide variance in teacher effectiveness, favoritism, teachers not teaching or relying on websites, teacher shortages, teachers funding classrooms, remediation/tutoring availability, and both strong and abysmal special‑education/IEP experiences (e.g., 'many excellent teachers who really care' vs 'The Special Education department is abysmal'), while circle entries are comparatively uniform in their portrayal of staff.\"",\n  \""square entries emphasize stronger community/extracurricular identity and local ties (multigenerational pride, arts/athletics offerings, JROTC/band, and community partnerships) than circle entries\"": \""This bucket groups concrete social and extracurricular features tied to community identity—multi‑generational school loyalty, pronounced school spirit, named strong programs in arts, band, JROTC, broadcasting and athletics, local college/technical partnerships and magnet choice status (e.g., 'families in the zone for many generations,' 'broadcasting program outstanding,' 'Choice School… STEM Academy'), whereas circle entries provide fewer of these community/tradition or program‑breadth claims.\""\n}""]",,38.08480620384216,19697,1344,2016,,[],['resp_085a13d9cb1edef3006a7256d8948481a1ba25b87646d84bef'],True
gen|3|18,"[""{\n  \""square entries describe far stronger and more concretely enumerated advanced academic programs and measurable college-prep outcomes than circle entries\"": \""This bucket captures references to formal advanced offerings and outcomes (AP/IB/Cambridge/magnet programs, paid AP exams, dual enrollment, National Merit, lists of college matriculations and test-score statistics). Example evidence: square notes “AP and IB programs… pays for your AP exams,” “12 National Merit Semifinalists,” and alumni attending Yale/Princeton/Berkeley, whereas circle generally lacks such program detail or measurable outcomes.\"",\n  \""square entries emphasize a broader, higher‑profile extracurricular ecosystem (music/arts, NJROTC, many sports, competitive teams and clubs) than circle entries\"": \""This groups accounts that name many specific, celebrated extracurriculars (award‑winning band, show choir, NJROTC, 26 sports, state/national championships, Model UN, programming/cyber teams), tying them to school identity and student opportunity; square contains repeated examples like Carnegie Hall performances, state championships, and extensive club lists, while circle rarely enumerates or claims competitive extracurricular prestige.\"",\n  \""square entries report more frequent and concrete on‑campus safety, substance‑use, and physical bullying/violence incidents than circle entries\"": \""This bucket covers reports of drugs, gangs, fights, weapons/gun incidents, student assaults, and related security consequences or responses (K9s, metal detectors, SROs, security guards). Example evidence: square warns of a “clear drug problem,” “kids get jumped,” students with a gun, and calls for safety alerts—issues circle does not substantively describe.\"",\n  \""square entries document greater administrative favoritism, inconsistent or punitive policy enforcement, and problematic governance (including special‑education noncompliance and confidentiality breaches) than circle entries\"": \""This groups allegations that administrators protect staff/athletes, unevenly apply rules, mishandle discipline (punishing victims), breach bullying-report confidentiality, refuse to implement IEPs, or exhibit entrenched/ungovernable leadership. Example evidence: square claims an administration that “cares if your child is in sports or comes from money,” that “they punish the victim,” and “refuse to comply with IEPs,” contrasts circle’s lack of these systemic governance claims.\"",\n  \""square entries describe more concrete variability in in‑class instruction, student supports, and operational academic services (teacher qualifications, instructional quality, counseling/scheduling/credit‑recovery practices) than circle entries\"": \""This bucket captures both praise and critique of classroom practice and support systems — mentions of energetic/caring teachers, teacher burnout, widespread ineffective instruction or heavy worksheet/test‑prep teaching, counselor unresponsiveness, scheduling/guidance failures, credit‑recovery programs, and technology rollout problems. Example evidence: square contains claims like “almost all teachers have graduate degrees” and also “many teachers can’t teach… counselors were difficult to reach,” plus specifics such as credit recovery, disrupted scheduling, and distracting issued laptops; circle lacks this same density of operational instructional detail.\""\n}""]",,38.77255392074585,18977,1280,1957,,[],['resp_0c11dee1757a54e9006a7256d8855881a187d51baaaa98c313'],True
gen|1|42,"[""{\n  \""Square entries report more frequent student safety incidents and emergency-response failures than circle entries\"": \""These reviews repeatedly describe on-campus violence, bullying, drug/vaping/gang activity, and mishandled emergencies (e.g., daily fights with blood witnessed, students vaping triggering fire alarms, an unreported concussion, food-poisoning events, and a botched fire evacuation), whereas Circle reviews contain few or no comparable safety incident reports.\"",\n  \""Square entries report more administrative unprofessionalism, opaque communication, favoritism, and governance failures than circle entries\"": \""Square reviews document front-office rudeness and non-response, contradictory/withheld information, arbitrary or uneven discipline, claims of favoritism (by participation or wealthy families), union-protected low accountability, and even alleged cover‑ups or dishonest attendance/transfer handling (e.g., officials told parents to lie about absences, refused admissions, or delayed parent notification of assaults); Circle reviews seldom make these specific governance/communication accusations.\"",\n  \""Square entries describe broader and more varied advanced academic pathways and measurable college-prep offerings — but also greater variability in course quality and outcomes — than circle entries\"": \""Many Square reviews list AP/IB/Cambridge classes, dual‑enrollment/college‑credit courses, vocational certs (e.g., SolidWorks engineering), and concrete alumni college outcomes, while also flagging uneven AP pass rates and low‑quality sections; Circle reviews lack comparable, detailed catalogs of advanced pathways or measurable postsecondary outcomes.\"",\n  \""Square entries document a wider, higher‑profile extracurricular ecosystem and superior facility/athletics/fine‑arts breadth than circle entries\"": \""Square reviews frequently enumerate many clubs, no‑cut sports, strong band/choral/drama achievements, athletic state titles, travel trips, and notable facilities (performing arts centers, multiple gyms and fields), whereas Circle reviews do not provide comparable lists of breadth, achievement, or facilities.\"",\n  \""Square entries provide more concrete accounts of counseling, special‑education supports, alternative programs and individualized interventions (including both successes and failures) than circle entries\"": \""Square reviews contain many specific anecdotes about guidance counselors tracking students, 504/IEP accommodations or failures, alternative‑school interventions, career planning, and both effective individualized supports and damaging special‑education shortcomings (e.g., Asperger accommodations praised in one case and IEP neglect or misdiagnosis in others); Circle reviews rarely report this level of concrete student‑support detail.\""\n}""]",,39.50406503677368,19458,1920,2456,,[],['resp_0cf837401363a088006a7256d7dcf881a2b023568317449b37'],True
gen|2|49,"[""{\n  \""square entries document more extensive, formalized advanced academic pathways and measurable college‑prep outcomes than circle entries\"": \""Captures reviews that list named programs (IB, AICE, AVID, multiple academies), many AP/honors/dual‑enrollment options, explicit college credit/results and objective metrics (US News ranks, scholarship totals, AP/college credits), and teacher qualifications — concrete examples include IB/Running Start, Engineering/Medical academies, and reported scholarship/US News numbers; circle entries generally offer only vague claims of 'academic excellence' or single anecdotes rather than program names or measurable outcomes.\"",\n  \""square entries report more pervasive student safety/behavior problems, substance use, and unresolved bullying or violence than circle entries\"": \""Groups reviews describing ongoing gang/drug presence, frequent fights, assaults/EMS calls, severe bullying (including homophobic/ableist attacks), and accounts of administration failing to address incidents or punishing victims, as well as harsh surveillance/escort policies; circle entries lack these detailed safety/violence allegations and often describe a safer or less incident‑filled environment.\"",\n  \""square entries report more administrative and operational failures, favoritism, and contested resource‑prioritization than circle entries\"": \""Includes procedural breakdowns (wrong course placements, missed scholarship deadlines, unreturned counselor messages), claims of nepotism/favoritism (athletes/wealthy families get leeway, rigged student government), and budget/prioritization disputes (money spent on signage/stadium/football rather than textbooks or arts); circle reviews rarely raise these systemic managerial or resource‑allocation controversies.\"",\n  \""square entries describe broader, better‑resourced extracurricular, arts, athletics, and parent/community engagement than circle entries\"": \""Covers reviews that list extensive clubs, top marching bands/athletics, well‑funded arts programs, active PTAs/boosters, large parent donations and community pride (big events, volunteer culture), often noting facility investments and large participation; circle entries more often describe a smaller school with fewer extracurricular breadth or declining arts offerings.\"",\n  \""square entries report more special‑education noncompliance, derogatory staff behavior toward disabled/protected students, and uneven counseling/support for vulnerable learners than circle entries\"": \""Contains accounts of IEP/504 failures, ignored evaluations/missed deadlines, staff ableism or refusal to accommodate (derogatory language, denial of services), and inconsistent counseling (e.g., counselors effective only for IB students); circle entries rarely discuss special‑education breakdowns or targeted ableist misconduct.\""\n}""]",,39.31837821006775,19134,2112,2678,,[],['resp_01fd00beba9b64b0006a7256d82960819db5a44cfd3f6e74c8'],True
gen|1|45,"[""{\n  \""square entries report more severe student-safety and behavior crises (bullying, frequent multi-student fights, substance use, sexualized harassment, suicides, and cybercriminal harassment) than circle entries\"": \""This bucket groups raw terms describing concrete, repeated threats to student safety and peer conduct—e.g., multiple accounts of daily fights and 20–30‑student brawls, pervasive bullying and body‑shaming, drug/alcohol use on campus, two suicides, felony‑level cyber‑harassment, sexual harassment by resource officers, and expulsions for social‑media content—issues that Circle reviews do not document or document far less frequently.\"",\n  \""square entries report more administrative dysfunction, lack of accountability, and communication/turnover problems than circle entries\"": \""This captures claims about school leadership and governance: repeated allegations of incompetent or defensive principals, calls to replace leadership, administrators who ignore reports, failure to return parent calls, high principal/teacher turnover, alleged manipulation of ratings, and budget misallocation; Circle entries, by contrast, emphasize responsive staff and stable leadership and make fewer such governance accusations.\"",\n  \""square entries report a more extensive and better‑documented set of academic programs, tracks, and measurable college‑prep outcomes (and simultaneously more explicit accounts of instructional variability and special‑education failures) than circle entries\"": \""This bucket groups terms describing concrete academic structures and outcomes—AP/Pre‑AP/IB, dual‑credit and college‑credit accumulation, vocational pathways, BOCES/New Vision, and numeric matriculation rates (e.g., 98% to college)—alongside documented problems in classroom instruction, grade inflation, and repeated IEP/504 noncompliance; Circle reviews rarely enumerate these programmatic details or measurable outcomes.\"",\n  \""square entries report more concrete facility, sanitation, overcrowding, and resource‑allocation conditions (pest infestations, filthy bathrooms, extreme overcrowding, renovation needs, and transportation/security gaps) than circle entries\"": \""This bucket groups descriptions of the school's physical and operational infrastructure—e.g., roach/rat problems, 51 health violations, locked/filthy bathrooms, 2,000–3,100 student overcrowding, bus tardy marking issues, contested spending on technology vs renovations, and calls to renovate or build new facilities—which Circle rarely raises or frames as systemwide facility crises.\"",\n  \""square entries report broader, higher‑profile extracurricular/arts/athletics offerings and stronger community/alumni engagement (marching band, award programs, many clubs, strong PTSA/boosters, sports fame) than circle entries\"": \""This groups concrete claims of a rich extracurricular ecosystem and civic support—Grammy‑nominated teachers, state championships, award‑winning bands, many non‑sport clubs, spirited traditions, active PTSA/boosters and industry/community partnerships—features that Square reviewers repeatedly point to and Circle reviews mention far less or emphasize a narrower athletics focus.\""\n}""]",,39.720109939575195,19372,1472,2100,,[],['resp_0ff388d348023e85006a7256d8506c819d8d087533ecec1692'],True
gen|1|43,"[""{\n  \""square entries emphasize stronger academic rigor, breadth, and measurable college‑preparation outcomes than circle entries\"": \""These reviews report extensive advanced curricular offerings (AP, IB, honors, DE/PSEO, STEM tracks, Governor’s School, pre‑apprenticeships) and concrete success metrics (ACT scores, college acceptances, alumni in medicine/PhDs, scholarship/full‑ride claims) that circle reviews do not. Examples: 'wide variety of top notch AP courses,' 'IB made college a piece of cake,' 'my son rec'd a 34 on his ACT,' and 'pre‑apprenticeships with 100% job placement.'\"",\n  \""square entries report more extensive extracurricular ecosystems and visible facility investments than circle entries\"": \""Square reviews enumerate dozens of clubs, award‑winning music/theater programs, competitive athletics and vocational electives and cite major capital projects and specialized facilities (auditorium, new gyms/fields, STEM/fine‑arts buildouts) that circle reviews largely omit. Examples: 'dozens (and dozens) of clubs,' 'world class music program...Carnegie Hall,' 'new football field, new seating for the games,' and 'huge auditorium.'\"",\n  \""square entries document more safety, bullying, gang, racial/sexual harassment, and security‑breach incidents than circle entries\"": \""These entries recount concrete assaults, pervasive bullying, racial and homophobic slurs, gang intimidation, weapon incidents/lockdowns, sexual harassment, and failures of security (outsiders entering, bypassed metal detectors) that circle entries do not describe. Examples: 'shouting slurs in the hallway,' 'HUGE issue with gangs on this campus,' 'student OD in class,' 'lock down twice... because kid brought guns,' and 'students skip past the metal detectors.'\"",\n  \""square entries describe more staff misconduct, punitive favoritism, inconsistent accountability, and counseling/guidance failures than circle entries\"": \""Square reviews include allegations of teacher abuse/unprofessional conduct, favoritism toward athletes/top students, tenure‑protected poor teachers, inconsistent disciplinary outcomes, selective truancy enforcement, and both ineffective and at times lifesaving counselors—patterns largely absent or reversed in circle entries. Examples: 'teachers scream in your children's face,' 'administration plays favorites,' 'I got suspended for no reason,' 'guidance counselors have made my experience so unbearable,' and contrasting praises like 'My guidance counselor saved my life.'\"",\n  \""square entries indicate more operational, logistical, and maintenance failures (communications, recordkeeping, portals, food/transport, scheduling, facility upkeep) than circle entries\"": \""These reviews cite broken/untimely gradebooks and parent portals, poor communication/late event notices, bus scheduling and dismissal chaos, cafeteria problems and pests, aging or decaying infrastructure alongside bond/renovation disputes—operational details circle reviews seldom report. Examples: 'The portal doesn't work,' 'lunch room floors look they have never been cleaned,' 'students have to catch the bus at 6:30am,' 'cockroaches in the bathrooms,' and 'teachers don't update Edsby timely.'\""\n}""]",,39.85594391822815,19527,1408,2090,,[],['resp_0d51e130cd4a27f0006a7256d7f52481a087709ec13372d25e'],True
gen|4|18,"[""{\n  \""square entries report more frequent and severe student safety, violence, and substance‑use problems than circle entries\"": \""This bucket captures concrete accounts of bullying, weekly physical fights, gang activity, on‑campus assaults, rampant vaping/drug use, and related threats to student mental health (e.g., suicidal ideation) that appear throughout square reviews but are absent or minimal in circle (examples: “fights breaking out almost daily,” “Vape epidemic they can’t control,” “gangs… my daughter was beaten…”).\"",\n\n  \""square entries document broader, more numerous, and higher‑level academic pathways and measurable college outcomes than circle entries\"": \""This groups claims of plentiful AP/IB/Honors offerings, CHS/dual‑enrollment and vocational/industry programs (BASA, pilot classes, internships), documented scholarship and elite‑college acceptances, and explicit test/ranking performance that square reviewers report but circle reviewers largely do not (examples: “18 AP courses… 60 college credits,” “full academic scholarship… accepted to Ivy,” “highest scores in ACT testing,” and named academies and internships).\"",\n\n  \""square entries allege more staff and administrative misconduct, inconsistent discipline, favoritism/nepotism, and operational mismanagement than circle entries\"": \""This bucket covers staff‑perpetrated bullying and physical misconduct, coaches neglecting classroom duties, favoritism toward athletes/insider groups, punitive or criminalizing discipline practices, leadership intimidation or tone problems, plus cited operational failures tied to management (misallocated capital, ineffective security tech, intrusive visitor‑screening) that square reviewers emphasize and circle reviewers do not (examples: “teachers are bullies,” “coach throws chairs,” “they cite students instead of alternative placement,” “wasted money on vape detectors,” “principal is heavy handed”).\"",\n\n  \""square entries report more systemic failures and inconsistency in individualized student supports (special education, IEP/504 enforcement, guidance/counseling and mental‑health services) than circle entries\"": \""This bucket groups repeated reports that IEPs/504s aren’t followed, case managers and counselors are unresponsive or ineffective, gifted/twice‑exceptional students are unsupported, and mental‑health supports are inadequate — concrete program and compliance failures that square reviewers document but circle reviewers largely omit (examples: “IEP not enforced,” “counselors were difficult to reach,” “504 accommodations refused,” “fails twice‑exceptional students”).\"",\n\n  \""square entries emphasize richer extracurricular/arts/athletics offerings, active parent/booster fundraising, and community partnerships (but also fee‑dependence) more than circle entries\"": \""This bucket captures detailed lists of strong band/music/arts and athletic programs, many clubs and specialty electives, booster/PTA activism, paid extracurricular fees and pay‑to‑play dynamics, and external partnerships/internships/boarders that square reviews highlight while circle reviews do not (examples: “superb band program,” “plethora of after‑school activities,” “PTC/booster clubs and $200–$400 sports fees,” “internships at the port,” “small boarding program brings world exposure”).\""\n}""]",,37.757904052734375,19086,1600,2311,,[],['resp_0653e92ec7f5402f006a7256d944f0819cbdd68eb59752ad17'],True
gen|2|3,"[""{\n  \""square entries report more severe and chronic safety and student‑behavior problems (bullying, fights, weapons, drugs, frequent lockdowns) than circle entries\"": \""These reviews repeatedly cite concrete safety incidents and an unsafe climate—e.g., “almost always a fight everyday,” “students have guns on campus,” “lock downs are nearly a weekly event,” and “comes home with bruises and wounds”—claims that Circle reviews do not mirror and that indicate systemic behavioral and security failures in Square schools.\"",\n  \""square entries describe more concrete college‑preparatory programs, advanced coursework and measurable postsecondary outcomes (AP pass rates, dual enrollment, elite admits, scholarships) than circle entries\"": \""Many Square reviews list specific advanced pathways and outcomes—AP/dual‑enrollment participation and pass‑rates, Governors/engineering magnets, PLTW, students admitted to Ivy/elite colleges, and scholarship evidence—whereas Circle reviews generally lack comparable measurable college‑prep outcomes or specific advanced‑course metrics.\"",\n  \""square entries contain more detailed, tangible accounts of specialized student supports and special‑education services (tutoring, counselors, resource teachers, IEP/504 implementation, credit recovery)—both successful and failing—than circle entries\"": \""Square reviewers provide concrete program and personnel details (Gear‑Up and NHS tutoring, guidance counselors, resource teachers, psychologists, credit recovery/summer school) as well as explicit IEP/504 failures and parent‑communication breakdowns, while Circle entries seldom report this level of specialized‑support detail.\"",\n  \""square entries report broader and higher‑level extracurricular breadth (arts, band, FFA, JROTC, competitive teams) but also more extracurricular‑linked inequities (athlete favoritism, pay‑to‑play fees, unequal enforcement) than circle entries\"": \""Square reviews enumerate award‑winning music/theater, agricultural and competitive teams and also direct problems tied to extracurriculars—e.g., athlete exemptions from rules, mandatory player dues/fees, and favoritism toward sports/cheerleaders—features Circle reviews do not describe at the same scale or with the same linkage between strength and inequity.\"",\n  \""square entries report more administrative governance, communication, funding and resource‑allocation problems (nepotism, misused funds, prioritizing image/test scores/athletics over student welfare, administrative unresponsiveness) than circle entries\"": \""Square reviewers repeatedly accuse leadership of prioritizing AYP/image/athletics over students, cite misuse of funds or contested building investments, describe poor parent communication and need for external escalation, and allege nepotism/top‑heavy management—systemic governance and resource complaints largely absent from Circle reviews.\""\n}""]",,40.18338489532471,19369,1984,2551,,[],['resp_09ceed7a48107015006a7256d7f2f481a195ae516a1d1ec839'],True
gen|4|5,"[""{\n  \""Square entries describe more administrative unresponsiveness, favoritism, and punitive leadership than circle entries\"": \""These reviews allege leadership problems and accountability failures inside the building — e.g., claims that administrators \\\""refuse to fire\\\"" problematic teachers, engage in cronyism (\\\""who you know\\\""), encourage staff to post fake positive reviews, bully parents/students, lose or mis-handle records, or retaliate when complaints are raised; Circle reviews lack these specific accusations and instead report more stable, praised leadership.\"",\n  \""Square entries report more student safety, discipline, and crisis incidents (drugs, gangs, bullying, emergency mishandling) than circle entries\"": \""Many Square reviews recount concrete safety and discipline breakdowns — rampant drug use and on‑campus dealers, vaping epidemics, gang activity, frequent fights and bus harassment, sexualized conduct, security‑staff searches, bomb threats and confused emergency pick‑ups — while Circle reviews do not describe this breadth of safety/crisis incidents.\"",\n  \""Square entries detail more concrete advanced academic and career programs and measurable outcomes (AP/IB, dual‑enrollment, CTE, test scores, college acceptances) than circle entries\"": \""Square reviewers name specific program infrastructure and outcomes — AP/IB cohorts, dual‑enrollment/college credit, robust CTE/vocational academies, formal internship/college partnerships, stated high SAT/FCAT scores and scholarship totals — whereas Circle tends to give general praise without naming comparable program breadth or concrete outcome metrics.\"",\n  \""Square entries report more problems and specifics in counseling, special‑education, and individualized student support (IEP noncompliance, guidance dysfunction, remediation) than circle entries\"": \""Square reviews frequently describe counselor overload or unresponsiveness, IEP noncompliance/shaming, transcript/credit transfer mistakes, and both failed and successful targeted interventions (e.g., remediation that rescued a student or refusal to allow AP testing); Circle reviews rarely mention counseling, special‑education compliance, or such individualized support details.\"",\n  \""Square entries document more facility/resource constraints and contested funding priorities (overcrowding, unsanitary/aging facilities, trailers, and athletic spending over academics) than circle entries\"": \""Many Square reviewers cite overcrowded enrollment and logistical fallout (trailers, insufficient bathrooms, lost dismissal time), unsanitary or vandalized restrooms and pests, broken transportation/cafeteria overcharging, and contested budget choices (large athletic turf or gym spending while shops/classes are underfunded); Circle reviews contain far fewer concrete facility or contested‑funding reports.\""\n}""]",,38.3600800037384,19250,1984,2533,,[],['resp_0a8afe1af04bb9e6006a7256d8ed24819ebf8088388f91c83a'],True
gen|1|40,"[""{\n  \""square entries report far more student-safety, substance-use, bullying and violence incidents than circle entries\"": \""This bucket groups raw terms describing concrete in-school safety harms and peer misconduct (e.g., fights every day, gang activity, easy access to drugs, vaping and pot smells, students self-harming/cutting, racist/homophobic slurs and swastikas, repeated bullying, sexualized harassment) — phenomena repeatedly asserted in square reviews but largely absent from circle reviews.\"",\n  \""square entries allege weaker leadership, inconsistent discipline, favoritism and governance failures more than circle entries\"": \""This captures complaints about administration and school governance (e.g., 'administration is extremely inadequate', nepotism/athlete favoritism, ignoring or delaying bullying responses, refusal to investigate racist incidents, holding transcripts over fees, telling families to sue, tenure-protected ineffective teachers, chaotic scheduling and counselor failures) that square reviewers report at scale while circle reviewers more often praise leaders or describe responsive staff.\"",\n  \""square entries describe substantially broader and higher‑level academic and extracurricular programming and measurable outcomes than circle entries\"": \""This groups claims about concrete program depth and achievement (e.g., many AP/Honors/IB and magnet/STEM offerings, specialized academies, flight simulators/engineering labs, strong band/theatre, state and national athletic and competitive wins, documented college matriculation like UCLA) which square reviews enumerate in detail whereas circle reviews lack comparable program breadth or quantified college outcomes.\"",\n  \""square entries report more operational, facilities and resource issues (and specific financial/administrative practices) than circle entries\"": \""This covers tangible infrastructure and operational topics (e.g., dilapidated buildings vs. large remodels, unreliable busing/transportation, repeated fire-alarm evacuations, outdated technology and unmonitored laptops, unsanitary/COVID concerns, punitive fees and transcript-withholding, registration/portal failures) that square reviewers document more frequently than circle reviewers.\"",\n  \""square entries show much more polarized, inconsistent student experiences and parental/community reactions than circle entries\"": \""This groups contrastive patterns of variability (e.g., sharply divergent first‑hand accounts within the same school — 'fantastic' vs 'horrible', families withdrawing or suing, some students thriving in elite tracks while others fall through the cracks) while circle reviews are more uniformly positive, multi‑generational endorsements and cohesive small‑community praise.\"" \n}""]",,40.672475814819336,19567,2048,2553,,[],['resp_0ff46642d3ad59ac006a7256d800ec819d8ef1e31171c0d5e6'],True
gen|0|17,"[""{\n  \""square entries report more frequent and severe student-safety and misconduct incidents than circle entries\"": \""This bucket captures schools where reviews describe persistent on-campus safety problems (daily or weekly physical fights, pervasive peer bullying, gang/drug activity, sexual misconduct, restroom assaults) and corresponding security measures (metal detectors); examples include “I saw at least one fight a day,” “full of drug use and gangs,” “The bullying is one of the worst I’ve ever seen,” and reports of metal detectors and unsafe decisions to keep school open in extreme heat—issues Circle reviews do not raise.\"",\n  \""square entries describe more and higher‑level structured academic programs and measurable college‑prep outcomes than circle entries\"": \""This groups schools whose reviews list concrete advanced-curriculum infrastructure and demonstrable postsecondary results—AP/IB offerings, dual‑enrollment/UConn ECE, AVID/SOAR, honors scholarships and alumni placements—evidenced by statements like “7 AP classes and UConn Calculus,” “adding an International Baccalaureate,” “AVID … prepares you for college,” and alumni going to top colleges, whereas Circle lacks such concrete advanced-program and outcome detail.\"",\n  \""square entries show more concrete administrative governance, policy and parent‑communication failures (and related district escalation) than circle entries\"": \""Includes reviews reporting institutional policy problems, opaque or deceptive administrative practices, poor parent communication, punitive or Kafka‑esque bureaucracy, staffing/cutback decisions, and documented escalation to district/state authorities—e.g. denied graduation after online courses, principals described as 'flat out lying,' cuts to the school nurse/language programs, locked bathrooms, and 'CC: Texas education association'—problems Circle reviews do not substantively describe.\"",\n  \""square entries report more teacher instability, instructional incompetence, favoritism, absenteeism, and retaliatory staff behavior than circle entries\"": \""This bucket groups schools where reviewers report uneven or poor teacher performance and professionalism—tenure‑protected ineffective teachers, daily substitutes, vindictive/retaliatory teachers, socioeconomic/athletic favoritism, and refusal to support struggling students—illustrated by quotes such as 'Many teachers are lazy,' 'sub at least once a day,' 'vindictive towards students,' and 'Teachers still have their favorites,' a pattern largely absent from Circle’s uniformly positive teacher accounts.\"",\n  \""square entries report broader extracurricular offerings, stronger/updated facilities and visible athletics emphasis (often with skewed resource allocation) than circle entries\"": \""Covers reviews emphasizing a wide menu of clubs, successful band/athletics, renovated or state‑of‑the‑art facilities and high event attendance alongside notes that funding/priorities may favor sports (e.g. 'state‑of‑the‑art gymnasium,' 'tons of clubs... even a Zombie Club,' 'athletic events are very well attended,' and complaints that 'all funding goes towards athletics'), features Circle reviews rarely document.\""\n}""]",,40.8617959022522,18858,1920,2566,,[],['resp_0767342dd5eb25f2006a7256d79ffc8191a90d367e7223b226'],True
gen|0|53,"[""{\n  \""square entries report more and stronger advanced/specialized academic programs and measurable college‑prep outcomes than circle entries\"": \""These reviews name concrete programmatic offerings (AP, IB, AICE, early‑college/dual enrollment, medical magnets, Freshman/academy splits) and cite external recognition and college results (US News rankings, scholarships, students admitted to top colleges), whereas circle reviews lack or criticize such advanced pathways; examples include 'IB/IBCC/AP', 'early college Academy', 'recognized by the Department of Education', and alumni reports of strong college preparedness.\"",\n  \""square entries report more frequent and severe student safety and conduct problems (fights, gangs, drugs, pervasive bullying, self‑harm incidents) than circle entries\"": \""Many square reviews recount chronic, high‑severity safety incidents—daily fights, gang affiliation, vaping/drug epidemics, ambulances, suicides, sexual‑abuse allegations and failures to intervene—claims not present in circle; representative lines include 'multiple fights a day', 'A LOT OF GANG affiliation', 'Vape Epidemic', 'There have been 2 suicides this year', and 'pedophile teachers'.\"",\n  \""square entries show greater polarization and inconsistent staff/administration behavior—simultaneous strong teacher praise and explicit administrative incompetence, favoritism, intimidation, or turnover—than circle entries\"": \""Square reviews frequently contain conflicting but co‑occurring reports (teachers 'highly qualified and caring' vs. 'teachers just collect a paycheck', 'administration is responsive' vs. named leaders accused of cover‑ups, favoritism, or indictment), and describe guidance‑counselor neglect, principal turnover, and targeted favoritism; examples: 'guidance department… laugh in your face' alongside 'fantastic teachers', 'I fought with the district on getting him his 504', and 'business manager resigned... indicted'.\"",\n  \""square entries describe a broader, more active and higher‑achieving extracurricular/arts/athletics ecosystem than circle entries\"": \""Square reviewers list many clubs, career academies, high‑level arts and sports achievements (state championships, outstanding music/theater departments), strong school spirit events and community facilities (stadium, pool), whereas circle reviews rarely enumerate comparable extracurricular depth; evidence includes 'state champion One Acts', 'music department is PHENOMENAL', 'many extra activities', and 'the football stadium is amazing'.\"",\n  \""square entries report more concrete facility/resource and capacity issues, capital projects, and contested funding allocations than circle entries\"": \""Square reviews more often name tangible campus conditions (recent renovations, new gyms/stadiums, issued Chromebooks) alongside facility problems (overcrowding/'warehouse school', science lab shortages, mold/rodents) and disputes over spending priorities and budget shortfalls; examples include 'very modern facilities... newer building', 'crowded…maximum capacity', 'very little/no labs for the Sciences', and 'taxpayers nearly always approve the school referendums' versus complaints that 'money is used for other things'.\""\n}""]",,41.17860293388367,19208,1984,2664,,[],['resp_0759adf9ddc91c71006a7256d7bbfc819f8c774a2b6ec0fe79'],True
gen|2|13,"[""{\n  \""square entries report broader and higher‑level academic and extracurricular offerings (AP/IB, dual‑credit, arts, sports, clubs) than circle entries\"": \""These reviews describe concrete program breadth available at the square schools — many AP/IB courses, multiple language options, robust band/choir/drama, competitive athletics, academies, dual‑credit and internship pipelines — while circle reviews rarely enumerate comparable on‑campus AP/IB/dual‑credit depth or high‑level arts/athletics. Examples: square reviewers cite “full IB program,” “over 20 AP classes,” state‑level band/show‑choir and multiple academies (STEM, Culinary, Agri‑Sciences), whereas circle mostly notes limited athletics/foreign languages and only occasional AP tracks.\"",\n  \""square entries document more and higher‑level measurable postsecondary outcomes and external validation (elite college matriculation, rankings, awards) than circle entries\"": \""Square reviews contain named alumni placements and external recognitions (e.g., Naval Academy, Oxford, Princeton/Stanford/MIT alumni, state/national championships, department awards, district/state rankings), while circle reviews offer little or no concrete college‑placement evidence or formal external validation. Representative evidence: square lists graduates at Ivy/equivalent schools and cites official rankings and award winners; circle provides only isolated GPA metrics or no matriculation details.\"",\n  \""square entries describe more frequent and severe student safety and behavioral problems (violence, drugs, fights, police presence, pervasive bullying) than circle entries\"": \""Square reviewers report explicit incidents and ongoing safety threats — stabbings, guns, drug culture, repeated violent fights, police/SRO presence on campus, students arriving high or bringing weapons — whereas circle reviews seldom describe this level of acute on‑campus violence. Illustrations include reports of ‘trash can fire, fights, a stabbing, a gun problem,’ ‘cops there in parking lot,’ and persistent drug/violence claims in square entries.\"",\n  \""square entries report more administrative and staff unprofessionalism, favoritism, secrecy, and poor responsiveness than circle entries\"": \""Square reviews repeatedly allege broken administrative promises, non‑responsive communication, favoritism (to athletes/connected families), cover‑ups/toxic internal communications, discriminatory grading and rehiring of problematic staff, while circle reviews rarely make systemic cover‑up or favoritism claims. Examples: square claims ‘staff make hundreds of promises and follow up on none,’ ‘open records show toxic communications,’ favoritism in hiring/coaching and ‘placed on leave then welcomed back’ after misconduct — patterns not present in circle entries.\"",\n  \""circle entries describe more responsive, caring administration and teacher engagement with demonstrable improvement efforts and student supports than square entries\"": \""Circle reviews more frequently praise accessible, engaged leadership, dedicated teachers, active counselors, and explicit improvement initiatives (better discipline, growth over two years, responsive parent communication), while square entries more often criticize those same functions. Examples: circle notes ‘administration/school board has done an outstanding job,’ ‘staff has been very understanding,’ and counselors/teachers who ‘answer any question’ and drive school improvement, descriptions that contrast with many square reports of unresponsiveness.\""\n}""]",,41.513803005218506,19582,1728,2408,,[],['resp_062868bb166f3850006a7256d81c4c819d895c0dcb720ae48c'],True
gen|4|0,"[""{\n  \""square entries describe more advanced/college‑career academic pathways and measurable postsecondary outcomes than circle entries\"": \""This bucket captures reviews that list concrete advanced-course offerings (AP/IB/honors, Early College, dual‑enrollment/dual credit), named articulation success and scholarship totals, specialized academies, and selective admissions or top‑tier college placements (e.g., “excellent dual enrollment…95% of credits transferred,” “honors, AP and dual enrollment…full tuition scholarship,” “IB/AP accepted to Ivy League”), whereas circle reviews tend to make only generic claims about meeting state benchmarks or limited pathway programs.\"",\n  \""square entries report broader, higher‑cost extracurricular/arts/athletics programs and visible facility investments than circle entries\"": \""This bucket groups descriptions of extensive club ecosystems, flagship performing‑arts and band programs, strong JROTC and competitive athletics, booster/community attendance and named capital projects (e.g., “over 60/80/100 clubs,” “THEATRE…TAJ Mahal of a school,” “band program is fantastic,” new/remodeled buildings), while circle reviews generally mention smaller, more limited program lists (isolated athletics or single technical program) and lack the same serialized facility or high‑cost investment detail.\"",\n  \""square entries report more frequent, severe, and concretely described student safety/behavior incidents and disorder than circle entries\"": \""This bucket covers repeated, specific accounts of fights, drug deals, bomb threats, daily physical violence, overcrowding‑driven chaos, negligent or insufficient security, and claims of nonreporting of violent incidents (e.g., “almost always a fight everyday,” “students involved in bloody fights do not get reported,” “stay out of the bathrooms… drug deals”), whereas circle reviews generally emphasize prompt bullying responses, improved daily order, and a sense of safety.\"",\n  \""square entries document more administrative dysfunction, favoritism, politicized or financially driven decision‑making, and mismanagement than circle entries\"": \""This bucket groups allegations about corrupt or biased leadership behavior and district politics (favoritism, graft, misuse of funds, donor influence), contested budget priorities and levies/tuition pressures, refusal or bungled record/transfer handling, principal/superintendent instability or absence, and unethical administrative advice or inaction (e.g., “overrun with favoritism and graft,” “lost my transcripts,” “blames lack of levies,” “principal nowhere to be found”), while circle reviews commonly praise stable, dedicated administration and transparent responsiveness.\"",\n  \""square entries report more inconsistent or deficient student supports and teacher‑level instructional variability (special education, counseling, attendance/absenteeism, and classroom quality) than circle entries\"": \""This bucket covers failures or variability in frontline supports—weak or unresponsive counselors, systemic special‑education neglect, poor mental‑health follow‑up, chronic teacher absenteeism or unqualified substitutes, subject‑specific teaching failures, and mixed grading/late‑work policies (e.g., “Guidance counselors who neither guide nor counsel,” “teachers sometimes gone… unqualified subs,” “math department is horrible,” “special education is awful”), whereas circle entries more often describe consistent counselor contact, coherent supports, or do not raise these programmatic support failures.\""\n}""]",,39.98114013671875,19449,1280,2001,,[],['resp_01a01dd3ab3b8e41006a7256d8d200819e857f61d2fe103c24'],True
gen|4|4,"[""{\n  \""square entries report more serious student-safety, violence, and substance-use incidents than circle entries\"": \""This bucket captures concrete reports of school-safety crises described far more often in square reviews — fights and daily physical altercations, gang activity and violent threats, student suicides, widespread drug/alcohol/vaping use, thefts and trespassing, repeated lockdowns and failed camera/security systems (examples: “fights every day,” “drug culture was rampant,” “teen suicides,” “bike gets stolen, cameras didn’t catch anything,” “lockdowns for drug-dog searches”). These are operational safety and enforcement problems (incidents, searches, security failures) rather than tone or sentiment, and distinguish square schools from circle schools which rarely document comparable serious safety events.\"",\n  \n  \""square entries report more extensive advanced-academic and high‑achievement programmatic offerings and measurable college-prep outcomes than circle entries\"": \""This bucket groups statements about formal academic breadth/rigor and externally measurable success that appear much more in square reviews — availability of AP/IB/Honors/dual-credit tracks and specialized academies, large AP participation and AP workload, high ACT/SAT/state assessment rankings, and championship-level extracurriculars (examples: “outstanding IB, AP, and arts programs,” “Many AP teachers and classes out perform private schools,” “marching band won state and supernationals,” “98% of students go to college,” “early college Academy”). These are claims about program structure, curricular pathways, and documented outcomes rather than individual anecdotes.\"",\n  \n  \""square entries report more concrete individualized student supports, parent outreach, and remedial/alternative pathways than circle entries\"": \""This bucket covers explicit, actionable supports described mostly in square reviews — teacher email/phone outreach, before/after-school tutoring, teacher coordination with private tutors, active guidance counselors (including life‑saving endorsements), parent coordinators, dean-referred alternative completion programs and credit-recovery paths (examples: “teachers volunteer their time before and after school,” “My guidance counselor saved my life,” “the dean suggested a program to finish high school,” “calling to the parents when students cut class”). It captures operational student-support practices and family engagement actions that reviewers attribute to the school.\"",\n  \n  \""square entries report more administrative favoritism, mismanagement, politicization, and inconsistent discipline/enforcement than circle entries\"": \""This bucket groups governance and management problems emphasized in square reviews — accusations of nepotism or corruption, selective/pick-and-choose enforcement, leadership instability or radical counterproductive policy changes, punitive or performative discipline (lunch-monitor shaming, locker searches), and politicized board actions (examples: “administration is a joke… favorites teachers,” “run by irresponsible adults… create positions for friends,” “principal tries to make radical, counter-productive changes,” “scream into a microphone, give students trash duty”). These are structural/managerial features of how the school is run rather than classroom pedagogy or extracurricular offerings.\"",\n  \n  \""square entries contain more concrete facility, capacity, hygiene, and district-level technology/resource details than circle entries\"": \""This bucket captures specific physical- and resource-focused reporting that square reviews mention far more — overcrowding and classroom/cafeteria/parking capacity problems, sanitation and hazardous-building issues (roaches, asbestos, broken bathroom stalls), detailed tech rollouts or mandatory 1:1 laptop/iPad programs, recent capital projects or delayed renovations, and explicit facility praise or criticism (examples: “school is way over crowded…not even enough bathrooms,” “issued iPads to all students,” “asbestos in classroom tiles,” “Performing Arts Center and new College and Career building,” “men’s bathrooms aren’t in good shape”). These are concrete infrastructure and resourcing observations that circle reviews rarely document.\""\n}""]",,40.036983013153076,19250,1856,2672,,[],['resp_082f84ea13a36dfa006a7256d8db1c8192a419f3bc315ffab0'],True
gen|0|33,"[""{\n  \""square entries emphasize advanced academic pathways and measurable college‑preparatory outcomes more than circle entries\"": \""These reviews repeatedly list concrete rigorous offerings and downstream metrics (AP/Pre‑AP, AP Capstone, IB, dual‑enrollment/early college, UT OnRamp) and alumni/college credit outcomes (students graduating with college credits, scholarship & elite acceptances), while circle reviews lack comparable program breadth or measurable postsecondary evidence (examples: 'AP Capstone', 'IB diploma', 'early college associates', '80% of freshman year of college complete before graduating').\"",\n  \""square entries report more severe and widespread student safety, behavioral, and mental‑health crises than circle entries\"": \""Square reviews contain numerous explicit accounts of drugs, overdoses, gangs, pervasive bullying, physical assaults, hazing, and systemic student mental‑health strain and under‑resourced counselors (examples: '5 freshman overdosed', 'rampant drug use', 'severe bullying… attacked and seriously injured', 'almost all kids end up severely depressed'), whereas circle reviews do not describe this level or breadth of safety/mental‑health incidents.\"",\n  \""square entries document more facility, maintenance, sanitation, overcrowding, and health‑hazard problems (and related capital projects) than circle entries\"": \""Many square reviews cite persistent cleanliness and pest problems, mold outbreaks and health impacts, overcrowded/undersized buildings, leaking roofs, exposed wiring, plus active levies/major construction plans or renovations—often noted together (examples: 'mold in the auditorium causing infections', 'roaches in classrooms', 'way too small and overcrowded', and '45 million dollar campus levy'), while circle reviews rarely report this mix of health, sanitation, overcrowding, and capital‑project detail.\"",\n  \""square entries describe more frequent administrative and staff dysfunction, inconsistent or punitive discipline, favoritism, politicization, and leadership instability than circle entries\"": \""Square reviews contain numerous, specific allegations about principals/vice‑principals, teacher rudeness or incompetence, tenure‑protected poor teachers, politicized board decisions, favoritism toward athletes/families, inconsistent or display‑style punishments, grade disputes and guidance obstruction (examples: 'vice‑principal runs the school', 'invented the grade D- so more can play sports', 'administration is rude and dismissive', 'last two principals have cut programs'), whereas circle reviews provide far fewer or only mild staffing/leadership complaints.\"",\n  \""square entries report a broader, better‑documented set of extracurricular, CTE, arts, music and athletics offerings (and also note access barriers and program variability) more than circle entries\"": \""Square reviews enumerate many structured non‑academic opportunities—career centers, FIRST Robotics, JROTC, strong band/drama, auto/tech shops, numerous clubs and sports—and also call out fee/access barriers, politicized selection, and uneven program funding (examples: 'Career Center, FIRST Robotics, AFJROTC, marching band state champions', alongside 'show choir participants pay $1,200', 'sports so political… forget your kid ever playing'), while circle reviews rarely catalog such an extensive mix of CTE/competitive arts/athletics plus program‑access detail.\""\n}""]",,42.09633994102478,19250,2240,2936,,[],['resp_0cb4426fc9ebe445006a7256d78b1081a380114a8bd130d194'],True
gen|3|42,"[""{\n  \""square entries report more serious student safety and conduct problems (drugs, frequent fights, racial harassment, bullying) than circle entries\"": \""This bucket groups reviews that describe concrete safety and behavioral incidents inside the school (e.g., “There are fights almost every day,” “Too many students did drugs,” reports of a sexual predator, explicit racial‑harassment episodes like students yelling “white power,” and frequent bullying leading to injury) and/or heavy security responses (K9 searches, barb wire, armed guards). These detailed, incident-level claims are much more prevalent in square entries than in circle entries, which rarely describe on‑campus violence, racial hate‑crimes, or wide drug problems.\"",\n  \""square entries document broader and more explicit advanced academic and vocational offerings and measurable college outcomes than circle entries\"": \""This groups reviews that enumerate named rigorous programs and outcomes in detail—AP Capstone, IB, dozens of APs/dual‑enrollment options, career/technical academies, vocational certifications, national merit finalists and multi‑million dollar scholarship tallies—(e.g., “AP Capstone... dual enrollment... Over 7 million dollars in scholarships,” “Governors School of Engineering”). Square entries repeatedly list program breadth and concrete college/certification results that circle entries do not.\"",\n  \""square entries report more administrative governance failures, concealment, and district‑level turnover or misconduct than circle entries\"": \""This bucket captures reports of leadership problems and governance issues—superintendent/school‑board blame, principals accused of lying or hiding incidents, contested raises despite declining performance, frequent superintendent/principal turnover, and cover‑ups (e.g., “The superintendent and current school board need to go,” “the principal lied... hides things and sweeps things under the rug,” “All the good teachers are leaving”). Such district/leadership‑level accusations appear far more often in square reviews than in circle reviews.\"",\n  \""square entries describe more concrete facility, capacity, and resource trade‑offs (both major capital upgrades and severe maintenance/overcrowding) and explicit funding priorities than circle entries\"": \""This groups comments about physical plant and budgeting decisions—new, private‑school‑like buildings and athletic turf alongside mold, fallen ceilings, pervasive portables and overcrowding, cafeteria closures, and explicit spending choices favoring sports over staffing (e.g., “brand new building is beautiful,” “ceilings have already fallen,” “40+ portables,” “they paid $1.7 mil for a new football turf” while lacking teachers). Square reviews more often give specific facility conditions, renovation projects, and funding trade‑offs than circle reviews.\"",\n  \""square entries report more inconsistent or problematic staff performance and student‑support practices (teacher incompetence/favoritism, grade/assessment practices, and guidance/special‑education failures) than circle entries\"": \""This bucket includes classroom and support failures and inconsistencies reported in detail—tenure‑protected ineffective teachers, teacher ridicule or nepotism, permissive grading/retake practices and grade inflation, reliance on tutors, and counseling/504 noncompliance or understaffing (e.g., “There are some teachers that need to be let go...,” “Teachers publicly ridiculing students,” “not allowed to fail... multiple retakes,” “My child is on the 504 plan and it has NOT been followed,” and “Only two counselors… never available”). Square entries contain substantially more concrete claims about instructional accountability and the breakdown of guidance/special‑education supports than circle entries.\""\n}""]",,40.805068016052246,19270,1792,2530,,[],['resp_0c788cb0b16383da006a7256d9222c81a0abc12e53700986f1'],True
gen|0|1,"[""{\n  \""square entries report more frequent serious safety, violence, substance‑use, and harassment incidents than circle entries\"": \""This bucket captures concrete accounts of on‑campus danger and unaddressed peer harm in square reviews (fights, concussions, senior riots, gang violence, drug odor/overdoses, sexual assault, racial slurs, Title IX filings, lockdowns, police/K‑9 searches) contrasted with circle reviews that largely omit or deny such pervasive safety breakdowns.\"",\n\n  \""square entries document more leadership failure, administrative unresponsiveness, and policy/accountability breakdowns than circle entries\"": \""Includes operational and governance critiques in square reviews (principals who 'took ZERO responsibility', ignored parent emails, guidance counselors who do not respond, protection/retention of problematic staff, failure to implement bonds, mismanaged graduation/grade posting, alleged budget priorities over student welfare) whereas circle reviews more often describe attentive staff or improving leadership.\"",\n\n  \""square entries describe more extensive named advanced academic programs, formal honors/AP/IB/STEM pathways and measurable college‑prep outcomes than circle entries\"": \""Square reviews commonly list program infrastructure and metrics (AP/IB/Gifted tracks, Calc III, STEM academies, high AP pass rates, US News rankings, college acceptances, college partnerships), while circle reviews emphasize dual‑credit or lack gifted/accelerated options and provide fewer school‑level outcome metrics.\"",\n\n  \""square entries report stronger and also more documented variability in student support services (special education, counseling, tutoring, guidance) than circle entries\"": \""This bucket covers concrete programmatic and compliance descriptions in square reviews—both positive (named special‑ed programs, scheduled tutoring/snack programs, counselor tracking) and negative (missing IEP/504 coordinator, counselors ignoring parents, late remediation until 11th grade)—whereas circle reviews rarely detail formal special‑education or centralized counseling systems and more often simply note attentive teachers.\"",\n\n  \""square entries emphasize larger/better‑documented facilities, extracurricular breadth, and external partnerships than circle entries\"": \""Square reviewers frequently enumerate physical assets and activity breadth (arts/theatre buildings, orchestra/choir, swimming pool, fitness centers, many clubs and sports, JROTC, college collaborations, booster/parent fundraising), while circle reviews contain fewer program/facility specifics and focus instead on a smaller set of quality programs or local traditions.\""\n}""]",,42.416582107543945,19271,2176,2701,,[],['resp_08aeaaac34bd995f006a7256d7b174819faa52a408a90b1b04'],True
gen|1|10,"[""{\n  \""square entries describe stronger advanced-academic rigor, specialized pathways, and measurable college outcomes than circle entries\"": \""These reviews emphasize AP/IB/Honors/STEM pathways, formal college-prep advising, and concrete postsecondary results (e.g., 'tons of AP classes', 'STEM and a 4 year BioMed program', 'Sixteen 2016 seniors received early decision acceptance at Georgia Tech', 'Naviance...counselors were accessible'), whereas circle entries rarely document comparable advanced-program breadth or measurable college metrics.\"",\n  \""square entries describe a broader, more formalized set of extracurricular, CTE and student‑leadership opportunities than circle entries\"": \""Square reviews enumerate many clubs, CTE/vocational shops, career academies and leadership groups (e.g., 'over 80 different activities', 'culinary arts, cosmetology, welding, Pro Start, Project Lead the Way', 'student-led PLUS program', 'many leadership clubs'), while circle reviews focus narrowly on a few athletics/trades and do not list that breadth of organized extracurricular or credentialing programs.\"",\n  \""square entries report more on‑campus safety and behavioral problems (bullying, frequent fights, drug/alcohol use, weapons threats, supervision lapses) than circle entries\"": \""Square contains repeated concrete safety/behavior incidents and supervision gaps—'There are a lot of children drinking and on drugs', 'Fights broke out everyday', 'threatened to bring guns and knifes', 'the dances never have adults watching kids'—whereas circle reviews do not describe this level of pervasive student misconduct or weapons/drug threats.\"",\n  \""square entries report more facility, hygiene, overcrowding, and material‑resource shortfalls than circle entries\"": \""Square reviews list concrete infrastructure and health problems (e.g., 'sewage pipes burst leaking into the hallways', 'mold on the air vents', 'Half the ceiling panels are missing', 'Half of the restrooms are locked and the ones open are filthy', overcrowded classes and outdated textbooks), while circle reviews rarely raise these kinds of physical/hygiene resource failures.\"",\n  \""square entries report more administrative and guidance dysfunction, inconsistent discipline/favoritism, parental/political influence and procedural failures that harm student outcomes than circle entries\"": \""Square documents leadership turnover or misconduct, counselor unavailability, lost credits/IEP/504 implementation failures, selective enforcement and nepotism (e.g., 'counselors were unavailable', 'shipped to CBOE or Triumph', 'The counselors keep 0 track... lost the file', 'staff will rub elbows with the richer students'), whereas circle reviews typically lack these detailed accounts of governance, guidance breakdowns, or client-facing procedural harm.\""\n}""]",,42.51786971092224,19020,1088,1653,,[],['resp_062e0b89da54f4a0006a7256d7c2e08192abd9a7672d4966c9'],True
gen|1|21,"[""{\n  \""square entries report stronger, broader, and better‑documented advanced academic programs and measurable college/career outcomes than circle entries\"": \""This bucket captures when reviewers describe concrete, structured academic pathways and outcomes in square schools — e.g., multiple AP/IB offerings, dual‑enrollment/college credit (Bunker Hill, community‑college dual enrollment), vocational/STEM/NAF certifications, SAT/AP rankings, scholarships and conservatory/Broadway/IVY placements — whereas circle reviews lack named programs, measurable outcomes, or sustained college‑prep evidence.\"",\n  \""square entries describe more and higher‑quality extracurricular, arts, and athletics programs with visible administrative support than circle entries\"": \""Includes square accounts of robust extracurricular breadth and prestige (award‑winning band, nationally recognized theater, state‑championship athletics, top MUN, broadcasting, extensive clubs) and administrators/coaches actively supporting events, versus circle reviews that report limited activities, reliance on external partners, activity fees, or no comparable arts/sports program depth.\"",\n  \""square entries report more pervasive student safety, misconduct, and systemic discipline failures (bullying, drugs, fights, gangs) than circle entries\"": \""This groups reports where square reviews document serious on‑campus incidents and enforcement problems — 'drugs run rampant', bloody fights, gang presence, sexual incidents, normalized bullying and slow staff response or administrative tolerance — while circle reviews do not present the same level of sustained safety/crime problems or describe them as less pervasive.\"",\n  \""square entries show greater internal variability and contradiction in staff quality, tenure, and counselor/administrative responsiveness than circle entries\"": \""Covers square reviewers reporting wide swings — veteran, long‑tenured teachers and collaborative professional development alongside inexperienced hires, heavy substitute reliance, favoritism, abusive teacher conduct, guidance office failures and transcript/IEP mismanagement — whereas circle reviews tend to present a more uniform picture of staff (either consistently praised or consistently criticized) without the same internal polarity.\"",\n  \""square entries contain more concrete operational and resource details — facilities, overcrowding, scheduling, fees, technology, and administrative/process problems — than circle entries\"": \""Captures square descriptions of material and logistical realities (well‑maintained or run‑down buildings, metal detectors/K‑9 searches, severe overcrowding and class‑size effects, poor wifi, elective/activity fees, scheduling conflicts that block honors/extracurricular participation, cuts to nurses/languages, and mishandled transcripts/attendance systems), relative to circle reviews which rarely enumerate this level of operational detail.\""\n}""]",,42.525343894958496,19341,1152,1711,,[],['resp_0e0dedb769980489006a7256d86d3c81a29bd23c889390e34f'],True
gen|0|19,"[""{\n  \""square entries report richer, named college‑preparatory and advanced academic programs and measurable postsecondary outcomes than circle entries\"": \""These reviews name concrete advanced offerings and outcomes—AP, IB, honors, dual‑enrollment/college‑credit classes, SAT prep, magnets and technical pathways—and cite specific college placements (Cornell, UC Berkeley, conservatory admits) and measurable gains; Circle reviews lack those programmatic details and postsecondary evidence and instead make general claims about college readiness or lack thereof. Examples: square mentions the IB Diploma Programme, Calculus II for credit, SAT prep classes and students admitted to top colleges, while Circle gives only generic statements like 'does NOT prepare students for college.'\"",\n  \""square entries report more robust, numerous, and nationally recognized extracurriculars, fine arts, and school‑spirit traditions than circle entries\"": \""Square reviews repeatedly list a wide array of organized extracurriculars (marching band, choir, theater, speech & debate, UIL, numerous clubs), strong arts/music programs and spirited traditions (rallies, ‘Riot Squad’), sometimes nationally recognized; Circle reviews rarely enumerate such breadth and often report low club/sports engagement. Examples: square names 'TOP NOTCH' band, 'nationally recognized' theater and debate, many clubs and spirit weeks, whereas Circle notes little or no extracurricular vitality.\"",\n  \""square entries report more frequent and severe safety, bullying, gang/drug, fight, and harassment incidents than circle entries\"": \""Square reviews contain explicit, repeated accounts of violence, pervasive bullying, gang activity, substance use, sexual harassment, frequent fights and police/tasing incidents—concrete safety and supervision breakdowns that Circle reviews do not describe. Examples: square says the school is 'riddled with violence,' reports gangs and heroin in the area, students being tazed, threats with scissors, rampant homophobic slurs and victim‑blaming, while Circle focuses on other operational or academic complaints and omits such chronic safety crises.\"",\n  \""square entries report more detailed administrative and governance problems—favoritism, opaque/entrenched leadership, inconsistent discipline, and parent‑communication failures—than circle entries\"": \""Square reviews give concrete examples of politicized staffing, nepotism, 'teacher‑pet' favoritism (often toward athletes or high‑status students), secretive school board behavior, inconsistent or punitive policies, and either unresponsive or overly controlling administrators; Circle reviews seldom make these governance or favoritism claims and often portray more stable, fair discipline. Examples: square cites 'cookie‑cutter' district mandates, 'good ole boy' networks, board meetings held secretly, favoritism for athletes, and contradictory enforcement (selective discipline/phone confiscation disputes).\"",\n  \""square entries report more explicit facility and resource narratives—either named capital investments/specialty facilities or acute maintenance, overcrowding, and material shortfalls—than circle entries\"": \""Square reviews frequently mention concrete facility facts at both extremes: recent capital projects or specialty facilities (new performing arts center, $12M athletic project, solar panels, renovated pools) and, separately, acute maintenance/resource problems (A/C failures, cockroach infestations, unusable bathrooms, missing textbooks, massive overcrowding); Circle reviews rarely present such specific facility or resource claims. Examples: square documents both 'brand new performing arts center' and 'bathrooms are unusable / leaking toilets,' plus class sizes of 2,000–3,000 and cancelled after‑school services due to budget cuts.\""\n}""]",,42.59983587265015,19069,1792,2521,,[],['resp_056a43b6372cc78a006a7256d788a0819e90b90e73b5e2269e'],True
gen|2|8,"[""{\n  \""square entries report more frequent serious safety incidents, on‑campus violence, substance use, and visible security interventions than circle entries\"": \""This bucket groups items where reviewers describe concrete safety problems at the school (weekly fights, weapons, sexual assaults, student deaths, pervasive drug use), and note escalated security responses (police presence, bag checks, drug‑sniffing dogs, tasings). Representative evidence: “girl on girl fights at least once a week,” “students do drugs right in the classrooms,” “a kid got tazed,” and “police walking around because a fight breaks out nearly every day,” whereas Circle reviews include no comparable reports of routine severe violence or intrusive security sweeps.\"",\n  \""square entries describe substantially broader, named specialized academic and extracurricular programs and measurable college/STEM/arts outcomes than circle entries\"": \""This bucket captures cases where reviewers list concrete, high‑level programs (IB, multiple magnets, Running Start/dual enrollment, PLTW, robotics, top AP counts, CTE pathways, strong band/athletics) and cite measurable outcomes (top‑university admits, statewide awards). Examples: “the IB program…many IB students accepted into top universities,” “PLTW Biomed, First Robotics, AP Capstone,” “nearly 30 AP classes,” and state championship band/athletics—features Circle reviews do not aggregate or name with similar breadth or outcomes.\"",\n  \""square entries report more administrative governance failures, inconsistent or punitive discipline enforcement, favoritism, and policy/board-level mismanagement than circle entries\"": \""This bucket groups reviewer claims about school leadership, governance, and formal policy problems—unresponsive or unprofessional administrators, selective enforcement (athlete exemptions, popularity‑based rewards), confidentiality breaches, harmful handbook/discipline changes, and contested school‑board/funding choices. Illustrative items: “administration is unapproachable…frigid and overwhelmed,” “If you are an athlete in season you can get away with weapons,” “administrators share names of bullying victims,” and criticisms of board funding choices favoring football over other programs—contrasting with Circle’s lack of these governance/policy failure reports.\"",\n  \""square entries report greater variability and deficits in classroom instruction, teacher responsiveness, and academic management than circle entries\"": \""This bucket covers concrete classroom‑level issues: large and overcrowded classes, polarized teacher quality (few excellent vs many ineffective), missing lesson plans, poor grading/gameable assessment practices, rushed pedagogy, and procedural academic breakdowns (missed credits, unclear deadlines). Examples include “all of my classes are packed…teacher only gets to work with a few students,” “a majority of my teachers would not help me,” “grades drastically bumped up,” and “teachers lecture and ramble…don’t give enough time to finish assignments,” while Circle reviewers emphasize small classes, individualized attention, and more consistent teaching.\"",\n  \""square entries record more concrete facility/resource and operational details (either acute shortages or explicit investments) and describe student support/counseling & special‑education service problems and accommodations more than circle entries\"": \""This bucket groups tangible reports about physical plant, materials, logistics, and student support infrastructure—overcrowded/dilapidated buildings, cafeteria/food policies, transportation failures, textbook shortages, remodels or new construction, 1:1 tech initiatives—as well as explicit accounts of counseling, mental‑health, IEP, and special‑education outcomes (both positive and negative). Representative items: “bathrooms never have soap,” “buses left students stranded,” “paper shortage due to budget cuts,” “the special education program is terrible / or conversely ‘the special ed team were very helpful’,” and “counselors were difficult to reach,” whereas Circle reviews rarely contain this level of operational or special‑education detail.\""\n}""]",,42.71719002723694,19268,1728,2512,,[],['resp_00d8dc7ea6c98379006a7256d7f358819db500f93d1465dab8'],True
gen|0|6,"[""{\n  \""square entries report more frequent and severe student-safety incidents, substance use, and pervasive bullying than circle entries\"": \""This bucket captures claims about day-to-day student threats and unsafe peer behavior (fights, gang activity, stabbings/assaults, vaping/drug use leading to unconscious students, teen pregnancy, metal detectors, repeated bullying and targeted harassment). Example raw evidence: numerous square items cite \\\""2–4 fights a week,\\\"" \\\""students dropping unconscious from drugs,\\\"" \\\""sexual harassment/assault,\\\"" pervasive vaping in bathrooms, and gang activity — complaints that circle reviews largely do not make.\"",\n  \""square entries report more staff/administrative misconduct, governance failures, and operational mismanagement than circle entries\"": \""This groups allegations about adult behavior, leadership and systems breakdowns (missing background checks, nepotism, administrative arrogance/retaliation, lack of accountability for teacher misconduct, high turnover, scheduling/communication failures, mishandled events/fees). Example raw evidence: square reviewers allege \\\""no background checks,\\\"" \\\""principal and assistant principal are arrogant,\\\"" cover‑ups and retaliations, persistent miscommunication about events/fees, scheduling failures, and leadership instability that circle entries do not emphasize.\"",\n  \""square entries describe broader, more formalized advanced-academic programs and show stronger documented college-preparatory outcomes than circle entries\"": \""This bucket covers concrete programmatic depth and measurable postsecondary results (extensive AP/Honors offerings, IB/AVID/CCAP, dual‑credit, Gear Up, and named elite college matriculations). Example raw evidence: many square items list \\\""30+ AP courses,\\\"" AVID and concurrent enrollment, dual credit through community college, and alumni placed at Ivy/elite universities — claims that are absent or far less developed in circle entries.\"",\n  \""square entries report wider, higher‑achieving extracurricular and arts offerings and external recognition than circle entries\"": \""This groups descriptions of a broad slate of extracurriculars (marching band, competitive drama, Cirque program, JROTC, state/national awards, extensive athletics) and documented program success at regional/national levels. Example raw evidence: square reviewers cite \\\""marching band wins 1st in LAUSD every year,\\\"" a unique Cirque program, state championships, award‑winning visual art and strong music programs — whereas circle reviews typically omit such breadth or high‑level recognition.\"",\n  \""circle entries portray a more consistently caring, professional, inclusive, and well‑communicated school climate with engaged staff and parent welcome than square entries\"": \""This bucket groups circle reviewers' recurring themes of dependable, warm staff, effective counselors, an inclusive/family atmosphere, clear communication, and perceived safety — claims that contrast with many of square's reports of adult/administrative problems and inconsistent support. Example raw evidence: circle items repeatedly state \\\""teachers & staff are great,\\\"" \\\""family type atmosphere,\\\"" \\\""staff was always very warm and welcoming,\\\"" and \\\""always a safe environment,\\\"" positioning circle schools as more uniformly supportive than the varied/negative adult experiences described in many square entries.\""\n}""]",,43.10013127326965,19440,2240,2881,,[],['resp_0b5cd2a550a07c6d006a7256d7b3bc81a390e6b3f498d0ec1f'],True
gen|2|29,"[""{\n  \""square entries report more advanced academic programs and measurable college‑preparatory outcomes than circle entries\"": \""This bucket captures descriptions of concrete AP/IB/honors/dual‑enrollment/AVID offerings and measurable postsecondary results (AP '5's, scholarship wins, competitive college admissions, early‑college graduations) that appear frequently in square reviews but not in circle ones (e.g., “the AP options are fantastic,” “6 IB diplomas,” “helped prepare me for undergrad and graduate coursework,” “student earned scholarships and a 3.85 GPA”).\"",\n\n  \""square entries report more extensive extracurricular breadth and active parent/community partnerships than circle entries\"": \""Includes explicit lists and evaluations of athletics, fine arts, clubs, internships, booster organizations, regional/national awards and business/charity partnerships emphasized in square reviews (e.g., “fantastic sports programs,” “Jazz band has been excellent,” “Ram Fans and Wilson Music Boosters,” “almost all Science and IT students do interns”), whereas circle reviews rarely enumerate comparable program breadth or external support.\"",\n\n  \""square entries report more frequent concrete student safety, behavioral incidents, and classroom disruption than circle entries\"": \""Covers specific allegations of fights, gang presence, drug use, sexual harassment/assault, knives, frequent physical altercations, and classroom disruption or administrators returning violent students that are repeatedly reported in square entries (e.g., “HUGE drug problem,” “there is a serious gang issue,” “knife pulled on him… school did nothing”), while circle entries do not document these kinds of acute safety incidents.\"",\n\n  \""square entries report more administrative, operational, facilities, and funding dysfunction (including guidance/counseling and device rollout problems) than circle entries\"": \""Groups concrete operational failures and governance problems frequent in square reviews — broken communication systems/late report cards, bell/schedule chaos, principal turnover, budget/levy disputes, facility decay or renovation projects, unsafe hygiene, messy Chromebook/device distribution, and guidance‑counseling failures (misassigned credits, IEP/504 inconsistency, lack of mental‑health supports) — e.g., “website is rarely updated,” “drop in enrollment → funding spiral,” “counselor gave no help about making up credits,” which are largely absent from circle entries.\"",\n\n  \""square entries report more pronounced academic and social stratification and favoritism than circle entries\"": \""Captures repeated claims in square reviews about two‑tier academics (AP/honors vs regular), programmatic racial/socioeconomic segregation, athletic favoritism/nepotism in recognition and discipline, and preferential treatment of established/local families (e.g., “two worlds… the AP kids and the non‑AP kids,” “zoned program looked down upon,” “If your parent is a teacher… a kid is nothing,” “plays favorites and leaves people out”), phenomena not described in circle reviews.\""\n}""]",,43.32187104225159,19063,2112,2733,,[],['resp_011d7b65ccfa3290006a7256d8211881a28cca0875409daa3a'],True
gen|4|10,"[""{\n  \""square entries report more extensive, structured academic and extracurricular programs and measurable postsecondary outcomes than circle entries\"": \""These entries describe formal college-prep pathways (IB, AP, Pre‑AP, dual‑enrollment/CCP, early‑college credit), specialized academies (STEM, media, vocational/magnet programs), and high‑profile extracurriculars (band, AFJROTC, theater, championship athletics) with concrete college acceptances and credit totals — e.g., multiple Square notes of IB recognition, dual enrollment yielding 18–60 college credits, AP breadth, and state/national band/athletic achievements — while Circle reviews lack comparable program depth or documented college outcomes.\"",\n  \""square entries report more safety, discipline, and student‑behavior problems (drugs, fights, gangs, vandalism, pervasive bullying) than circle entries\"": \""These entries contain specific accounts of on‑campus violence and disorder — fights, vaping/drug use, gang presence, bathroom vandalism, repeated bullying and harassment — and describe inadequate safety coverage or chaotic hallways (e.g., fights in bathrooms, ‘80% do drugs,’ closed bathrooms for vaping), whereas Circle reviews rarely document such pervasive physical-safety or substance‑use incidents.\"",\n  \""square entries report more administrative unresponsiveness, favoritism, inequity, mishandled complaints, and district/board dysfunction than circle entries\"": \""These entries detail operational and governance failures — unapproachable or overwhelmed principals, failure to investigate or silence complainants, favoritism toward athletes or wealthy families, racially biased tracking, record‑transfer/legal escalations, and board-level apathy or litigation tied budget cuts — for example: accusations that administrators ‘bully nonconforming students,’ ‘play favorites,’ or required legal action to secure graduation; Circle reviews do not raise comparable systemic administrative or governance breakdowns.\"",\n  \""square entries exhibit greater internal inconsistency and polarized experiences/outcomes (coexisting high achievement and severe problems) than circle entries\"": \""Many Square reviews juxtapose top‑tier outcomes (honors/AP/IB success, strong extracurricular wins, alumni at elite colleges) with severe negatives (safety crises, administrative failure, inequitable tracking), producing conflicting portraits within the same school (e.g., ‘EXEMPLARY’ ratings alongside reports of violence and mold); Circle entries tend to present a narrower, more uniform set of issues or consistently positive snapshots rather than such polar extremes.\"",\n  \""circle entries portray more consistently supportive, student‑centered teachers/staff and a small, family‑like climate than square entries\"": \""Circle reviews repeatedly emphasize approachable, caring teachers/counselors, close-knit or family atmosphere, responsive PTA/parent collaboration, and small‑school personal attention (e.g., ‘teachers are sweet and helpful,’ ‘it’s like a family’), while Square reviews more often document teacher variability, staff unresponsiveness, or explicit claims of mistreatment and workplace cliques.\""\n}""]",,41.544219970703125,19747,2176,2805,,[],['resp_00178c22660f37a2006a7256d90f6c819fb3315d4e7972815a'],True
gen|2|4,"[""{\n  \""square entries report more acute student-safety and disciplinary incidents on campus than circle entries\"": \""This bucket captures reports of violent/unsafe student behavior and on-campus misconduct that appear far more often in square entries — e.g., “bloody fights,” repeated lockdowns for guns, gangs/theft, rampant vaping/drug use, and severe bullying or sexual harassment — plus examples where staff fail to report or meaningfully intervene; circle entries rarely describe weapons, bloody fights, or pervasive drug/physical-violence problems.\"",\n  \""square entries report a much broader set of named advanced, vocational, and college-preparatory programs and measurable postsecondary outcomes than circle entries\"": \""This groups claims that square schools offer explicit AP/IB/magnet/Governor's/CTE/dual‑enrollment pathways and documented college/career results (e.g., 'International Baccalaureate Program,' '12 college credits through dual enrollment,' 'BASA… Embry‑Riddle… FAA CERTIFIED A&P'), whereas circle entries typically do not list these specialized pathways or concrete outcome metrics.\"",\n  \""square entries report more concrete facility, technology, food-service, and logistical resource problems (and occasional visible renovations) than circle entries\"": \""This bucket covers physical‑plant, technology and operational logistics mentioned in square reviews — overcrowding/portables, pest and sanitation complaints, outdated computers, locked restrooms, food shortages/unsafe meals, unreliable busing, and also notes of renovations or new buildings — while circle entries rarely provide this level of concrete facilities/logistics detail.\"",\n  \""square entries report more chronic administrative and governance dysfunction, politicization, and poor parent communication than circle entries\"": \""This captures systemic leadership failures and governance issues in square entries — turnover and calls for replacement, politicized or preferential enforcement (favoring athletes/staff kids), erroneous failing notices/robot calls, refusal to engage parents, budget/policy decisions prioritized over students, and board/superintendent blame — contrasted with circle entries that rarely allege this kind of district‑level dysfunction.\"",\n  \""square entries report greater variability and failures in instruction and student support services than circle entries (teacher competence, counseling, special‑education compliance, and course access)\"": \""This bucket groups concrete instructional/support shortcomings emphasized in square reviews — teachers 'unable to teach their subject,' inconsistent grading or pass‑through practices, poor or absent guidance/counseling (no 4‑year plans), special‑education/IEP noncompliance, and inability to get required classes — whereas circle entries seldom document pervasive IEP failures or the same depth of instructional/support breakdowns.\""\n}""]",,43.95033311843872,19415,2112,2694,,[],['resp_0d5819650f43abb6006a7256d7f9c881929b1bd1aa9d6b6000'],True
gen|3|45,"[""{\n  \""square entries emphasize broader and deeper academic & career pathways and stronger measurable postsecondary outcomes than circle entries\"": \""These reviews repeatedly name concrete, school-run academic and career programs (AP/IB/Honors, STEM, vocational/CTE classes, dual‑enrollment and college‑credit programs, pre‑apprenticeships) and cite measurable outcomes (scholarship totals, Ivy/elite admits, high college matriculation/graduation rates). Examples: square lists AP/IB/STEM, Black Hawk/College at High School, '100% job placement' pre‑apprenticeships, 'each year over 6 million dollars in scholarships' and named Ivy/college placements, whereas circle offers few comparable program or outcome claims.\"",\n  \""square entries report more frequent and severe student safety and behavioral incidents than circle entries (bullying, fights, drugs, gang activity, sexual misconduct)\"": \""Many square reviews describe ongoing peer victimization, cyberbullying, physical fights, pervasive drug/alcohol use and even gang-related threats or sexualized staff behavior; these concrete safety incidents are largely absent from circle. Examples: square mentions 'students smoking/drinking on/off campus,' 'massive problem with kids using drugs IN THE BUILDING,' 'I've been harassed most of the time,' 'male gym teachers creeping on girls,' and gang/jump threats, while circle contains little or no comparable incident-level safety reporting.\"",\n  \""square entries document more operational, facility, and resource problems or system-level maneuvers than circle entries (overcrowding, mold/health hazards, scheduling, grading/portal failures, bus/transportation, funding disputes/lawsuits)\"": \""Square reviews are rich in specific operational complaints and infrastructure observations—overcrowded classes, unfinished construction, mold outbreaks causing respiratory infections, lost/late grades and parent‑portal misuse, chronic bus/tardy handling, contested textbook/fee allocations, bond projects, and district lawsuits—which circle reviews rarely recount. Examples: square cites 'over 30 students in classes,' 'untreated mold in the auditorium causing fungal respiratory infection,' 'Parent Self Serve not updated,' late buses causing unexcused marks, and 'Why has the District been sued 6-7 times?'\"",\n  \""square entries contain far more detailed accounts of special education, counseling, and student‑support services (both inclusive programming and service failures/missed diagnoses) than circle entries\"": \""Square reviews include both descriptions of large special‑education infrastructures and unified/inclusive programs and contrasting reports of IEP mismanagement, ineffective counseling, missed clinical diagnoses, and private placements that rebuilt confidence—material descriptions of how the school serves or fails students with special needs and mental‑health needs that circle reviews do not. Examples: square notes a 'huge student services department' and 'unified program' alongside 'counseling department is atrocious,' parents refused evaluations, missed ADHD/Aspergers diagnoses, and private placements that 'rebuilt my confidence.'\"",\n  \""square entries report more staff favoritism, socioeconomic cliquishness, and inequitable extracurricular selection/prioritization than circle entries\"": \""Numerous square reviews allege selection and reward systems favor athletes, cheerleaders, wealthy/connected families, or those who 'kiss up' to staff, describe community socioeconomic gatekeeping, and cite extracurricular favoritism (team/award selection by connections). Examples: square claims 'selection for any team...is based on who you know,' 'this school is for kids with money,' 'they value athletics over anything else,' and 'if it is not about the football players and cheerleaders it doesn't matter,' whereas circle contains far fewer or no parallel accusations of programmatic favoritism or wealth‑based exclusion.\""\n}""]",,42.589717864990234,19208,2048,2872,,[],['resp_0965266b50393661006a7256d8a52c819cb7c9b7c41a55ef3a'],True
gen|1|23,"[""{\n  \""Square entries report stronger, measurable college‑prep academics and advanced coursework (AP/IB/honors/dual‑enrollment) than circle entries\"": \""This bucket captures claims about rigorous curriculum and documented outcomes — e.g., Square reviewers cite AP/Honors availability, dual‑enrollment, high ACT/State scores, National Merit students, and concrete college placements ('sent kids to Harvard, Stanford', 'U.S. Dept of Education ... Blue Ribbon'), whereas Circle reviews lack or contradict those measurable college‑prep claims and often report blocked college access or weaker academics.\"",\n  \n  \""Square entries describe broader, higher‑quality specialized programs and competitive extracurricular/CTE offerings (arts, band, JROTC, academies, tech labs) than circle entries\"": \""Includes program breadth and competitive success: Square repeatedly names academies, LISA/arts diplomas, award‑winning band/theatre, JR/AFJROTC, robotics/CTE shops, and industry STEM linkages (Lockheed, Embry‑Riddle), while Circle contains far fewer or no such programmatic details and awards.\"",\n  \n  \""Square entries report more pervasive student safety and discipline problems (bullying, frequent fights, drugs, lockdowns, sexual misconduct) than circle entries\"": \""This groups concrete incident and climate reports: Square reviews reference daily fights, widespread drug/alcohol use, lockdowns, bomb/gun threats, sexual misconduct allegations, and unaddressed bus bullying, whereas Circle reviews do not report comparable pervasive safety/criminal incidents.\"",\n  \n  \""Square entries report greater administrative dysfunction, favoritism/nepotism, and poor complaint handling (board retention, coverups, protecting staff/athletes) than circle entries\"": \""Covers governance and leadership practices — Square alleges board/administration protect staff, engage in nepotistic hiring, prioritize image/athletics over student safety, and fail to investigate complaints ('administration very good at coverup', 'board keeps unworthy teachers'), while Circle lacks these systemic governance accusations.\"",\n  \n  \""Square entries document more heterogeneous and inconsistent instructional and staff practices (variable teacher quality, grade‑inflation/automatic passing, rushed instruction, uneven counseling/IEP follow‑through) than circle entries\"": \""This bucket focuses on classroom‑level accountability and support: Square reviewers report wide teacher quality variance, examples of grade inflation or administrative pressure to pass, rushed pacing over learning, inconsistent grading/communication, and both strong and failed special‑education/ counseling cases — Circle reviews more often describe consistently caring/helpful teachers or different, non‑overlapping instructional complaints.\""\n}""]",,44.160934925079346,19081,1088,1661,,[],['resp_0fc025b1aa63accd006a7256d89f8c819c89d007d4b231fa0c'],True
gen|1|9,"[""{\n  \""square entries report more pervasive student safety problems, violence, bullying, and substance abuse than circle entries\"": \""These entries describe frequent physical fights, severe assaults, gang/drug presence, chronic peer bullying (including staff‑perpetrated harassment), and student self‑harm—e.g., “fights daily/in the hallways,” a student beaten with a metal baton, “the whole school smells like pot,” “Bullying happens all the time and nothing is done,” and reports of suicide attempts—whereas circle entries contain little or no comparable documentation of repeated violence, drug use, or pervasive bullying.\"",\n  \""square entries report greater administrative instability, unresponsiveness, and operational failures than circle entries\"": \""These entries document leadership churn, unreturned communications, lost or mishandled records, governance refusal to act, and procedural breakdowns—examples include ‘three principals since it opened,’ ‘they lost the transfer paperwork,’ ‘counselors do not return emails,’ and ’the board will not approve changes’—while circle entries rarely report systemic turnover, lost records, or persistent administrative nonresponse.\"",\n  \""square entries document broader, higher‑quality advanced academic pathways and measurable college‑preparation outcomes than circle entries\"": \""These entries provide concrete programmatic and outcome evidence (AP/IB offerings, dual‑enrollment, STEM academies, AP test placement and elite college matriculation), e.g., ‘many AP classes and dual credit,’ ‘IB diplomas,’ ‘graduated to U.C. Berkeley / Georgetown,’ and ‘graduate with associates credits,’ whereas circle entries typically lack such extensive AP/IB/dual‑credit detail and often report limited AP access.\"",\n  \""square entries highlight diverse, competitive, and well‑supported extracurricular and external‑partnership programs relative to circle entries, which foreground athletics prioritization and reduced arts\"": \""Square entries enumerate high‑level arts/theater magnets, award‑winning music, debate success, many clubs, CTE partnerships and local business/charity support—e.g., national theater troupe, state debate titles, dual partnerships with colleges—whereas circle entries more often describe a sports‑first culture, complaints that ‘sports is number one’ and that arts/band/program budgets are marginalized.\"",\n  \""square entries contain more concrete, specific accounts of special education, counseling, and student support (both failures and notable successes) than circle entries\"": \""Square reviews frequently name case carriers, describe missed IEP deadlines or goal resets, praise particular counselors or social‑skills interventions, and report transition programs—examples: ‘missed deadlines for evaluations,’ ‘request Mr. Gregory as the special needs case carrier!,’ ‘guidance counselor makes sure I’m doing good,’ and ‘social skills program helped my son’—whereas circle entries seldom provide detailed special‑education or counseling process narratives.\""\n}""]",,44.642311096191406,19180,1664,2280,,[],['resp_0e7705c8d0958e82006a7256d8247c819eb4e3ecdcdaec1b86'],True
gen|2|14,"[""{\n  \""square entries report more severe student-safety, discipline, substance and gang problems (with administrative tolerance or inaction) than circle entries\"": \""This bucket groups raw terms describing frequent fights, gang presence, on-campus dealers, pervasive drug/alcohol use, sexual impropriety, pervasive bullying and racialized harassment, and claims that administration ignores or minimizes these threats (e.g., “infested with gangs…does nothing,” “every day at least one fight,” “drugs run rampant,” teacher fired for sleeping with a student, “RAMPANT bullying that teachers claim to stop, but never even see”). Content in this bucket centers on student conduct and immediate safety breakdowns rather than staffing, curriculum, or facilities alone.\"",\n  \""square entries report broader formal advanced-program availability and extracurricular breadth (AP, IB, CCP, magnet/tracks, arts, STEM) than circle entries\"": \""This bucket captures concrete programmatic offerings and pathways—presence of IB diplomas, many AP classes, college-credit partnerships/CCP, MERIT/magnet programs, robotics/pre-engineering tracks, and rich arts/music/theater programs (e.g., “IB program sets it apart,” “many AP classes and partnership with NWTC,” “NESA program rocks,” “added Robotics and pre-engineering”), plus notes about extensive clubs and athletic scouting; it is about what programs exist and curricular/extracurricular choices available.\"",\n  \""square entries exhibit greater extremes and variability in instructional rigor, assessment practices, and academic outcomes than circle entries\"": \""This bucket groups reports of polarized academic quality—heavy AP/IB-level expectations and heavy homework loads alongside claims of intentional lowering of standards, test-focused 'spoon-feeding,' inconsistent grading, high failure rates, and contradictory college-readiness signals (examples: “4–6 hours homework nightly,” “ALL ABOUT the MCAS,” “they keep the standards low on purpose,” “64% of freshmen failing Physics,” and both strong college-prep success and claims of poor preparedness). Entries here focus on how teaching, testing, grading, and academic standards operate and their direct effects on student outcomes.\"",\n  \""square entries report more administrative/staff governance dysfunction, favoritism, personnel misconduct, and resource/logistics failures than circle entries\"": \""This bucket groups raw terms about governance and staff behavior—nepotism, favoritism toward athletes or lifers, punitive/legal focus, confidentiality breaches, firing/retaliation, high turnover, teacher unprofessionalism, outsourcing/cost disputes, budget misallocation, severe facility neglect (mold/asbestos/roofs, overcrowding), and operational breakdowns like bus/schedule failures (e.g., “Nepotism galore,” “the school cares more about money…try to get students into court,” “toxic mold…administration not informing public,” “we are overcrowded…no books or desks,” and “counselors gave incorrect advice about classes”). Entries in this bucket are about how the school is managed and resourced rather than student behavior per se.\"",\n  \""circle entries report stronger small-school, family-like teacher familiarity, individualized support, and calmer student behavior than square entries\"": \""This bucket collects terms where circle reviews emphasize teachers/staff who know students personally, a family atmosphere, routine follow-up and extra help, small-school individualized attention, and generally well‑behaved students and parental satisfaction (examples: “All the teachers and administration know your children…family atmosphere,” “teachers follow up…extra help was always available,” “students are really fun to be around,” and “small class sizes make it easier for teachers to help”). Content here describes a community-oriented environment with predictable teacher–parent engagement and fewer of the safety/overcrowding/program-extensiveness issues raised in square entries.\""\n}""]",,44.85891103744507,19277,2752,3529,,[],['resp_03d15b6d502c2041006a7256d81f7c8192b708b7bbb87fecae'],True
gen|2|43,"[""{\n  \""square entries report more acute safety, security incidents and formal enforcement (lockdowns, police/K‑9, metal detectors, law/legal escalation) than circle entries\"": \""This bucket covers concrete, high‑severity safety events and institutional security responses described in the reviews — e.g., multiple gun lockdowns, metal detectors, K‑9 locker searches, 'you may find a cop at your door', and reports of court paperwork for attendance. Items belong here when reviews describe emergencies, law‑enforcement involvement, campus lockdowns or formal security infrastructure and legal escalation rather than everyday classroom discipline.\"",\n  \""square entries report more pervasive peer‑level toxicity, bullying, substance use, truancy and social exclusion than circle entries\"": \""This bucket groups ongoing student behavior and social‑climate problems such as verbal bullying, clique/exclusion dynamics, racial harassment, widespread drug/alcohol use, students sneaking outsiders in, routine truancy and gang fights (examples: 'a lot of back biting, gossiping, cheating and drugs', 'students are divided totally along racial lines', 'girls cut themselves', 'a ton of people just walk out of the school'). Use this bucket when reviews emphasize student‑to‑student misconduct and hostile peer culture rather than formal security responses.\"",\n  \""square entries report more concrete advanced academic pathways and measurable postsecondary outcomes (AP/IB/honors, dual‑enrollment, magnets, college placement, test‑score claims) than circle entries\"": \""This bucket captures descriptions of explicit curricular depth and documented outcomes: named AP/IB/dual‑enrollment classes, career academies and magnets, rising rankings and college matriculation claims (e.g., 'AP, Honors, dual enrollment', 'students placed into top colleges', 'NJ Monthly Best HS Rankings'). Put reviews here when they list formal accelerated programs, specialty curricula, or measurable academic/college results.\"",\n  \""square entries report more administrative/staff dysfunction, favoritism, retaliation and inequitable or unprofessional personnel practices than circle entries\"": \""This grouping covers leadership and personnel problems — biased discipline, favoritism toward athletes/wealthy families, retaliation against complaining parents, counselors or front‑office unresponsiveness, principal criticisms, chronic turnover and teacher misconduct (examples: 'favoritism is rampant', 'The guidance counselors are worthless', 'principal is horrific', 'teachers publicly ridiculing students'). Use it for reviews that emphasize governance, equity in enforcement, staff professionalism and administrative responsiveness failures.\"",\n  \""square entries report more extensive extracurricular breadth, programmatic resources (arts/athletics/CTE), active community/parent financial support and concrete facility or operational details (either strong facilities or tangible shortages/overcrowding) than circle entries\"": \""This bucket groups programmatic richness and physical/resource realities — big, well‑resourced band/athletics or many CTE/magnet offerings and parent fundraising, alongside explicit facility conditions and logistics (examples: 'largest marching band', 'GREAT focus on sports', 'parent fundraising drives', 'building in midst of remodel', and contrary reports like 'THERE WEREN'T ENOUGH DESKS' or 'bathrooms don't work'). Use it when reviews focus on extracurricular program scale, community investment, or concrete facilities/operational infrastructure rather than classroom instruction or safety incidents.\""\n}""]",,44.89219903945923,18984,1856,2534,,[],['resp_0af004bfebd25d8a006a7256d822f4819dad776ac704aa9e2c'],True
gen|2|12,"[""{\n  \""square entries report stronger and more extensive advanced academic programs and college-placement outcomes than circle entries\"": \""These reviews emphasize concrete college‑prep offerings and measurable outcomes (AP/IB/honors, dual‑enrollment, intensive AP tracks, on‑site college interviews, scholarships, and elite admissions). Examples: repeated mentions of IB and many AP/dual‑credit classes, students entering college with credits or Presidential Scholar recognition, and claims of preparation for Ivy‑level schools versus Circle’s lack of comparable advanced‑course detail or aggregate elite placements.\"",\n  \n  \""square entries report broader, better‑resourced extracurriculars, vocational tracks, and campus facilities than circle entries\"": \""Square reviews catalogue a wide roster of non‑academic programs and tangible campus assets (sports depth, music/arts, ROTC, robotics, Career Center, pools/stadiums, community partnerships, and dual‑enrollment university links). Illustrative evidence: many named clubs and vocational tracks (FIRST Robotics, pre‑med/business/culinary), strong athletics and music, and on‑site community facilities that Circle reviews do not enumerate.\"",\n  \n  \""square entries document more frequent and severe student safety, bullying, substance‑use, and on‑campus illicit activity than circle entries\"": \""Many Square reviews list acute safety incidents and pervasive behavioral problems (bomb/shooting threats, drug sales/overdoses, vaping, gang activity, sexual harassment, repeated bullying and targeted racial slurs) that Circle reviews do not describe. These are concrete operational/safety failures — e.g., multiple bomb threats, students selling drugs in bathrooms, and suicide‑level bullying impacts — making safety a distinguishing fault in Square schools.\"",\n  \n  \""square entries report more administrative failures, favoritism, policy manipulation, and record/discipline mismanagement than circle entries\"": \""Square reviewers repeatedly call out governance and process breakdowns — lost transcripts, public grade‑changing scandals, grade‑inflation pressure, favoritism (pay‑to‑play or donor advantages), inconsistent/exclusionary discipline, and efforts to conceal code or safety violations — which Circle reviews lack. Examples include an official multi‑year grade‑changing trial, administration pressured grade inflation, and claims that leadership covers up hazards during inspections.\"",\n  \n  \""circle entries describe more consistently supportive teachers, smaller scale/class sizes, stable daily operations, and effective student supports than square entries\"": \""Circle reviews emphasize reliable, teacher‑centered supports and a safer, more orderly social environment (small class sizes, engaged teachers who provide office hours/tutoring, effective counseling/504 compliance, visible principals, and enforceable discipline), whereas Square reviews frequently report wide teacher variability, rushed or passive instruction, high substitute use, or burnout. Representative Circle evidence: praise for interactive teachers, low student‑to‑teacher ratios, and administrators who back staff, contrasted with Square’s frequent accounts of teacher inconsistency and problematic pedagogy.\""\n}""]",,45.30801582336426,19641,1408,2039,,[],['resp_0c022d6b1605174f006a7256d8226c81a0984bf8fb8c512e57'],True
gen|1|36,"[""{\n  \""square entries document richer formal advanced‑academic programming and measurable college‑preparatory outcomes than circle entries\"": \""This bucket captures reviews that describe concrete advanced‑course infrastructure and outcomes at the school (AP/IB/dual‑credit, specialized academies, college‑credit partnerships, high AP performance and named college matriculations, scholarships and external rankings). Examples: many square reviews name IB, Cambridge, plentiful AP/dual‑credit offerings, PSEO/NWTC partnerships, students admitted to Ivy/MIT/Harvard/UCLA, endowment scholarships and measurable test/graduation statistics, whereas circle reviews rarely report that program breadth or specific college placement metrics.\"",\n  \""square entries report more pervasive student safety incidents, substance use, fights, and supervision failures than circle entries\"": \""This bucket groups reviews documenting tangible safety and behavior problems (frequent fights, police presence/lockdowns, visible drug/tobacco/vaping use and on‑ or near‑campus sales, sexual‑predator reports, roaming/truancy, random searches, and unsupervised events) and the operational supervision that fails to prevent them; some square entries also cite removal‑from‑instruction discipline (suspensions) as commonplace. Examples: square reviews report '2–4 fights on a regular basis', ‘lots of smokers, pot heads’, police officers on site, rats/roaches in buildings and students roaming halls — contrasts that circle reviews do not make.\"",\n  \""square entries show greater variability in teacher/staff instructional quality and conduct — including both highly qualified, highly supportive staff and frequent reports of teacher disengagement, bullying, or biased behavior — than circle entries\"": \""This bucket covers on‑the‑ground classroom and staff behavior: reports of exemplary, credentialed, and highly available teachers (weekend tutoring, strong math/choir teachers) alongside frequent, concrete claims of teachers who don’t teach, use phones/watch movies, bully or humiliate students, or show bias toward certain students. Examples: square reviews praise nationally certified teachers and weekend tutors yet also report 'teachers bully you along with students', 'handouts instead of teaching', and substitute teacher problems; circle entries by contrast tend to portray more consistently positive, accessible classroom staff.\"",\n  \""square entries report more administrative and guidance‑office operational failures, scheduling/IEP mismanagement, poor parent communication, and favoritism/nepotism in handling complaints than circle entries\"": \""This bucket groups review content about school leadership and support systems — counseling/guidance scheduling errors, late or incorrect course placements that affect graduation, ignored IEPs/special‑education failures, denied parent access/observations, robo‑call/email misuse, and allegations of administrative favoritism or 'protected' students. Examples: square reviews cite '24 hours to finish a course before graduation', 'counselors are absent or slow to respond', refused emergency contact without permission, and claims that principals give special treatment to staff/legacy kids; circle reviews rarely include these operational failure narratives.\"",\n  \""square entries emphasize broader extracurricular breadth and visible resource/facility disparities plus a stronger athletics/parent/community pressure culture than circle entries\"": \""This bucket captures concrete programmatic and community context: many square reviews enumerate wide elective and extracurricular offerings (award‑winning band/arts, robotics, culinary, sports), large athletics investment and football culture, but also document facility decay, overcrowding (two campuses, portables), contested budget priorities and fundraising burdens, and a competitive/wealth‑driven parent culture. Examples: square entries praise marching band, performing arts, and regional awards while also complaining about leaking roofs, 2000+ enrollment/traffic chaos, 'sports funded at expense of academics', and parental pressure to chase top college outcomes — themes not emphasized in circle reviews.\""\n}""]",,45.50979995727539,19396,1920,2713,,[],['resp_06bba26b2faa9f60006a7256d7e20481a088cafcbbe933c387'],True
gen|2|0,"[""{\n  \""square entries report more frequent, severe, and varied student safety and behavioral crises (fights, gangs, drugs, bullying, arson, arrests) than circle entries\"": \""This bucket captures incidents and patterns of student harm and disorder described in Square—e.g., “fights every other week,” pervasive drug use and students selling/using in bathrooms, locker set on fire with accelerant, gang activity, arrests, homophobia and bullying left unaddressed, students arriving intoxicated—problems that Circle reviews do not raise.\"",\n  \""square entries report more administrative dysfunction, punitive/favoritist discipline, and governance/accountability failures (unresponsiveness, favoritism toward athletes/advanced tracks, withheld documentation/penalties) than circle entries\"": \""Includes detailed accounts in Square of leadership and governance breakdowns—unreturned calls, principals absent or protecting ineffective staff, administrators who punish or withhold diplomas/deny documentation, board-level failures, and visible favoritism (e.g., athletics or IB/AVID students getting preferential treatment)—concerns that Circle reviews largely do not mention.\"",\n  \""square entries document broader and more formalized academic and vocational program offerings and college‑credit pathways (AP/IB/magnet/CTE/dual‑enrollment/Career Centers) than circle entries\"": \""Square repeatedly lists concrete curricular options and pathways—AP lists, IB programs, magnet/tech offerings, Career/College Centers, CTE/shop classes, dual‑enrollment and work‑based learning, remediation programs—where Circle typically lacks equivalent program-level detail or formal college‑credit/vocational pathways.\"",\n  \""square entries report more explicit, named, and varied student support and community engagement (supportive teachers, mentorship, Life‑Skills/SE programs, alumni/parent involvement) than circle entries\"": \""This bucket groups Square’s many concrete endorsements and named examples of adult support—teachers who stay after school, mentors, praised special‑education Life Skills classes and recommended case carriers, strong PTA/alumni pride and multi‑generational ties—features Circle reviews do not similarly document.\"",\n  \""square entries report more visible facility, funding, and operational contradictions (both recent capital/tech investments and chronic neglect, pest/health issues, food/transportation problems, contested budgeting and staffing shortfalls) than circle entries\"": \""Square reviews describe a juxtaposition of concrete capital wins (new gyms, iPad rollouts, remodeled spaces) alongside chronic operational problems—dirty buildings, cockroaches/lead water, closed cafeterias, bullying bus drivers, canceled classes for lack of teachers, levy failures and parent‑fundraising reliance—issues Circle reviews rarely raise.\""\n}""]",,46.16497993469238,19605,1920,2514,,[],['resp_0d5af7e1f2ca9d1d006a7256d7f0cc81a19a5069c3e1143b4b'],True
gen|4|21,"[""{\n  \""square entries report far richer, named academic & extracurricular offerings (AP/IB, dual‑credit, arts, STEM, vocational academies, competitive teams) than circle entries\"": \""This bucket groups raw terms where square reviews list concrete program breadth and high‑level offerings (e.g., “over 20 AP classes,” IB diploma/workload, PLTW Biomed/Engineering, robotics Team 981, theater troupe with international tours, strong band/orchestra, dual‑enrollment and CNA certification) while circle reviews lack comparable program‑level detail or only make generic claims about academics.\"",\n  \""square entries report substantially more severe and frequent student safety and behavior incidents (fights, gangs, weapons, drug/vaping use, arrests, hate incidents) than circle entries\"": \""This captures raw terms describing concrete safety problems in square—daily/recurring fights, gang activity, brass‑knuckles/knife incidents, police arrests on campus, pervasive vaping/drug use, hate/neo‑Nazi remarks and suicides/social‑media public humiliations—whereas circle reviews do not document this level of violent or criminalized student behavior.\"",\n  \""square entries report greater administrative/staff instability, unprofessionalism, favoritism, and governance failures (turnover, coverups, lawsuits, board corruption, lack of accountability) than circle entries\"": \""This groups items where square reviewers call out repeated principal/teacher turnover, gossipy or vindictive staff, administrative favoritism toward elite athletes or groups, allegations of cover‑ups/racial discrimination, frequent district lawsuits and board self‑interest, and systemic accountability failures—issues that circle reviews do not raise with the same frequency or specificity.\"",\n  \""square entries document more formalized student‑support services, community partnerships, material supports and remediation/college pathways (named counselors/programs, laptops, food drives, scholarship outcomes) than circle entries\"": \""This bucket covers square items that specify organized supports and community resources—CASA/CASSY counselors, peer connections, remediation classes for state tests, voter‑approved funding, donor drives and local businesses stepping in, universal laptop programs, large scholarship totals and direct employment/credential pathways—which circle reviews typically omit or do not detail.\"",\n  \""square entries report more operational instability and punitive/inconsistent everyday policies (scheduling/transport disruptions, strict/abusive ISS, attendance/excusal enforcement, bathroom closures, poor lunch service, COVID policy failures) than circle entries\"": \""This groups raw terms focused on concrete day‑to‑day operational problems in square—constantly changing bus/school schedules, Arena scheduling errors, harsh in‑school‑suspension practices (sitting on gym floor, restroom denial), refusal to accept excused absences, closed bathrooms due to vaping, chaotic lunch lines, and lack of COVID precautions—areas circle reviews discuss far less or differently.\""\n}""]",,43.93745708465576,19196,1728,2354,,[],['resp_0de09d52860e6685006a7256d9607c81a1830fa4ec2cf3450c'],True
gen|0|7,"[""{\n  \""Square entries report more concrete advanced academic programs, accelerated pathways, and measurable college‑placement outcomes than Circle entries\"": \""These reviews enumerate named programs (AP, Pre‑AP, IB diploma, Cambridge, Cambridge Academy, magnets, dual‑enrollment/college credit, ROP/ICL), concrete AP/IB/dual‑credit participation and scholarship/college acceptances (Ivy/Stanford/Georgetown references, a $173,200 scholarship), and explicit advice about placement into advanced tracks — details that Circle entries generally lack or mention only generically.\"",\n  \""Square entries report more frequent and serious student safety, violence, and substance‑use incidents than Circle entries\"": \""Many Square reviews describe recurring physical fights, weapons/brass‑knuckle incidents, on‑ or near‑campus drug use and sales, vaping closures, ‘huge drug problem’ language, police involvement, and teen pregnancy/dropout concerns, whereas Circle reviews do not report comparable counts or severe safety/substance incidents.\"",\n  \""Square entries report more systemic administrative, governance, and operational failures (mismanagement, resource misallocation, communication breakdowns, legal/financial crises) than Circle entries\"": \""Square reviewers cite district debt and lawsuits, near‑loss of accreditation, grade‑changing scandals, punitive residency enforcement (48‑hour eviction letters), chronic transcript/testing/portal delays, budget priorities (overspending on turf vs classroom supplies), and repeated poor parent/incident communication and counselor failures — documenting governance and operational breakdowns not present in Circle.\"",\n  \""Square entries report more (and more detailed) specialized student‑support and alternative pathways — both program descriptions and service failures — than Circle entries\"": \""Square texts repeatedly name ELL/bilingual programs, alternative education, work‑release, JMG/vocational/technical pathways, formal IEP/IEP scheduling experiences, and both praise (effective ELL, IEP success stories) and critique (special‑education neglect, incorrect placements), whereas Circle reviews rarely provide this level of programmatic detail or mixed service evidence.\"",\n  \""Square entries report stronger multigenerational community/alumni engagement and broader extracurricular/athletics offerings (and corresponding prioritization/favoritism) than Circle entries\"": \""Square reviews contain many alumni testimonials, multigenerational ties, named strong programs (highly ranked band, many sports, theater, theater ‘Taj Mahal’ facilities), high participation claims and also complaints that athletics receive outsized funding/favoritism — a set of community/extra‑curricular specifics and tensions that Circle entries do not portray.\"" \n}""]",,47.30833411216736,19179,1344,1915,,[],['resp_0323336ad800631e006a7256d9d4188191aa9d07ca5eb3829c'],True
gen|4|34,"[""{\n  \""Square entries report broader, deeper academic and extracurricular programming and stronger college‑preparatory outcomes than circle entries\"": \""These reviews describe concrete, institution-level offerings and results (AP and IB programs, named academies, vocational shops, extensive arts and music pathways, dozens of clubs, athletics, for‑credit arts, 1:1 device programs, measurable API/test gains, and named college matriculations) that are far more numerous and specific in Square than in Circle (examples: IB/Business Academy, Engineering Design with SolidWorks, AVID/Gear Up, ‘many AP classes’, documented acceptances to Ivy/large universities).\"",\n  \""Square entries report more frequent and severe student safety, bullying, drug/gang, and violence incidents than circle entries\"": \""Square reviewers repeatedly document safety problems inside the building and on campus—daily fights, assaults, guns, gang activity, widespread bullying (including staff complicity), sexual harassment, drug use in bathrooms, police responses, and restroom safety fears—whereas Circle contains little to none of these concrete safety/violence claims.\"",\n  \""Square entries report more administrative and operational failures, inconsistent discipline, and staff‑led favoritism/politics than circle entries\"": \""These items describe internal governance and execution problems—broken parent/admin communication, missing records, scheduling/enrollment errors, selective truancy/legal action, arbitrary enforcement of dress codes, athletic favoritism/nepotism, named administrators and cover‑ups, and misplaced budget priorities (athletics over books)—all reported substantially more in Square than in Circle.\"",\n  \""Square entries report more failures (and occasional noncompliance) in special‑education, disability access, and mental‑health supports than circle entries\"": \""Square reviews contain numerous concrete allegations that special‑needs students and disability accommodations are neglected or noncompliant (ADA failures, no hearing‑impaired program, inappropriate Special Ed practice), and they also record severe student mental‑health incidents (self‑harm, suicides) and uneven availability of counselors/therapies—claims that are far less present in Circle, which more often notes IEP support.\"",\n  \""Square entries report stronger, more active community/alumni engagement and simultaneously greater socioeconomic gating, demographic homogeneity, and local prejudice than circle entries\"": \""Square reviews frequently mention powerful community dynamics—enthusiastic levy/fundraising support, alumni pride, close parent involvement, and organized outreach—alongside explicit socioeconomic barriers and exclusion (pay‑to‑participate fees, ‘money talks,’ social clique access, racial bias in enforcement, very white or very diverse demographics depending on campus), a complex community-level pattern largely absent from Circle.\""\n}""]",,44.55599308013916,19200,1344,1926,,[],['resp_0f74ea0ee5b3bd30006a7256d9bb88819f87e57fe92c273a56'],True
gen|4|23,"[""{\n  \""square entries report more pervasive student safety and behavior breakdowns (fights, drug/gang activity, unchecked bullying, theft, arrests) than circle entries\"": \""This bucket covers concrete safety/discipline failures described in square reviews — daily hallway fights, pervasive drug and alcohol use at school and games, gang violence, student property theft, felony cyber‑harassment, police/k‑9 searches and arrests, and repeatedly ineffective bullying policies (e.g., 'There are fights literally every single day', 'The drug use... is unbelievable', 'bullying goes unchecked', 'many arrests were made'). Circle reviews lack comparable recurring, severe safety incidents and instead emphasize community/caring staff or isolated concerns.\"",\n  \""square entries document more formal advanced academic programs and measurable college‑prep outcomes (AP/IB/dual enrollment, test rankings, college credits/scholarships) than circle entries\"": \""This bucket groups concrete program and outcome evidence square reviewers cite: extensive AP/IB/dual‑enrollment catalogs, documented college credits and scholarships, high state test rankings and measurable alumni outcomes (examples: 'tons of AP class options', 'two college credits from taking AP classes/tests', 'perennial State Champions' in academics/testing, alumni attending Ivy League or earning full tuition scholarships). Circle reviews generally lack these concrete advanced-course pathways or quantified outcomes and instead report limited rigor or general college‑prep claims.\"",\n  \""square entries describe greater administrative dysfunction, inconsistent or biased discipline, and poor school–family communication (favoritism, nepotism, ignored scheduling/transfer/IEP requests) than circle entries\"": \""This bucket collects operational and governance failures square reviewers report: favoritism toward athletes/wealthy students and nepotistic hiring, inconsistent enforcement of rules and racially disparate discipline, unresponsive counselors/administration, scheduling and registration errors, and district-level transfer/budget barriers (e.g., 'the deans are very biased', 'They will not let her change out of the district', 'no one returns calls', 'they make us pay $60...'). Circle reviews do not show the same frequency of entrenched favoritism, chronic unresponsiveness, or formal procedural breakdowns.\"",\n  \""square entries describe broader, award‑winning extracurricular, arts, and athletics offerings and stronger alumni/competitive achievements than circle entries\"": \""This bucket groups tangible extracurricular breadth and success that square reviewers highlight — award‑winning performing arts and music programs, many clubs and niche club sports, state/regional athletic championships, strong band/ROTC offerings and active alumni engagement (examples: 'Performing Arts school... top notch and award winning', 'student council, basketball, Crew, Equestrian', 'we have won CIFs for football and Nationals with our cheerleading team', 'alumni still come back'). Circle reviews rarely enumerate comparable program breadth, awards, or long‑term alumni outcomes.\"",\n  \""square entries report more contested resource and facility allocation patterns (large capital projects, athletics‑prioritized spending, pay‑to‑play fees, and material shortages) than circle entries\"": \""This bucket covers disputes and concrete resource signals in square reviews: high‑visibility capital builds or new sports arenas alongside claims facilities/funding neglect for academics (e.g., 'building a new sports arena', 'the principal only spends money on football', 'they make us pay... if we lose textbooks', reports of asbestos or outdated supplies and also new state‑of‑the‑art rebuilds). These accounts emphasize contested priorities, visible spending on athletics/appearance, fees and inequities in material access that circle reviews do not consistently report.\""\n}""]",,44.90065789222717,19452,1152,1944,,[],['resp_01b1bbd0433d2912006a7256d96fc0819cb93f8750ce14224f'],True
gen|0|3,"[""{\n  \""square entries report more severe, concrete student-safety and discipline crises (fights, violence, drugs, gangs, lockdowns, suicides) than circle entries\"": \""This bucket captures reports of acute safety incidents and widespread disciplinary breakdowns in Square: multi‑student brawls (\\\""8 fights, each involving 20 or 30 students\\\""), repeated lockdowns and sheriff/police presence (\\\""3 gun lock downs so far this year\\\"", \\\""Police present almost everyday\\\""), gang/drug activity (\\\""HUGE issue with gangs... 50% of the students smoke and drink and 15% do drugs\\\""), and bullying linked to suicides (\\\""There have been a few suicides in recent years due to the awful bullying\\\""). Circle reviews do not describe this level of violent incidents or systemic student-safety crises.\"",\n  \""square entries report more systemic social-exclusion and equity problems (racial/socioeconomic segregation, cliquishness, homophobia/sexism, discriminatory placement) than circle entries\"": \""This bucket groups testimony about hostile or exclusionary school climates concentrated in Square: racialized course placement and harassment (\\\""Pre-AP classes filled with cynical white students... minorities fill our on-level classes\\\""), socioeconomic cliques and 'rich kid' stratification (\\\""If you're not rich nobody cares about you\\\""), homophobia/sexism and targeted exclusion (\\\""HSE is filled with racism, homophobia, and sexism to the very core\\\""), and cliquish/unwelcoming social cultures (\\\""Very 'cliquey'... They accept no one\\\""). Circle reviews lack comparable allegations of systemic discrimination or entrenched social exclusion.\"",\n  \""square entries document stronger and more numerous formal advanced-academic programs and measurable college-prep outcomes (AP/IB/magnet, high test scores, elite matriculation) than circle entries\"": \""This bucket groups Square reports that name rigorous curricular pathways and outcomes: IB and AP offerings, magnet/Governor's School mentions, concrete metrics and college placement (\\\""teach over 30 AP classes\\\"", \\\""average SAT score is 1850\\\"", \\\""students have gone to MIT, Stanford, Ivies\\\""). Circle reviews generally do not cite these named advanced programs or school‑level outcome metrics.\"",\n  \""square entries describe broader, higher-profile extracurricular, arts, CTE and competitive program breadth and achievements (band, music, FFA/ROTC, vocational labs, awards) than circle entries\"": \""This bucket captures Square's long lists of extracurricular, CTE and competitive strengths: award‑winning marching band and music programs (\\\""140+ member award‑winning marching band... invited to play in Normandy\\\""), extensive vocational/CTE offerings and labs (\\\""aquaculture lab, culinary, welding, automotive, Adobe/AutoCAD classes\\\""), FFA/ROTC, and competitive wins (Academic Decathlon, National Merit), while Circle mentions far fewer or more limited extracurricular/CTE specifics.\"",\n  \""square entries report more detailed operational, facility, staffing and governance-level issues or investments (construction/overcrowding, sanitation, lunch service, tech rollouts, principal turnover, union/labor disputes, parent-communication problems) than circle entries\"": \""This bucket groups Square's concrete operational narratives—both failures and capital projects—such as active construction affecting access (\\\""walk through a construction site everyday\\\""), overcrowding and portables (\\\""over 3,700 students... portables collapsing\\\""), sanitation and lunch-service breakdowns (\\\""bathrooms are disgusting\\\"", \\\""long lines means half the kids don't eat\\\""), mixed tech rollouts (\\\""we are given iPads but teachers were not trained\\\""), frequent principal turnover and ignored parent emails, and governance/labor conflicts (\\\""superintendent and school board at the mercy of a teachers' union\\\"", lawsuits). Circle reviews rarely provide this degree of operational, facilities, or district‑level governance detail.\"" \n}""]",,47.74297595024109,19401,2048,2889,,[],['resp_061ddd8508af05ee006a7256d781048192af8d5836b902a4a8'],True
gen|2|40,"[""{\n  \""square entries report more pervasive student safety, bullying, violence, and substance‑use incidents than circle entries\"": \""This bucket captures reports of daily fights, sexual assaults/threats, pervasive bullying (including homophobia and racial harassment), students offered or using drugs, and families transferring children out for safety—e.g., “fights breaking out almost daily,” “students are extremely homophobic,” “kids are offered drugs many times,” and withdrawals due to bullying—contrasted with Circle reviews that describe a welcoming, low‑bullying environment and isolated incidents rather than pervasive danger.\"",\n  \""square entries document broader, concrete advanced‑academic and college‑preparation programs and measurable student outcomes than circle entries\"": \""Includes explicit, measurable academic offerings and results reported in Square: AP counts and exam success, dual‑enrollment/CCAP programs, STEM academies, high SAT/graduation statistics and named college matriculations (e.g., “I finished 6 AP courses,” “95% of college credit courses transferred,” “highest SAT average,” and lists of Ivy/top‑tier acceptances); Circle reviews rarely cite similarly detailed AP/dual‑credit breadth or quantifiable postsecondary outcomes.\"",\n  \""square entries emphasize wider extracurricular breadth, stronger athletics/arts programs, and visible community/booster funding (and often note athletics‑first spending) more than circle entries\"": \""Groups reports that Square has large band/choir programs, state championships, many clubs and sports, active booster/parent fundraising, and recurring complaints that money is prioritized for turf/athletics over academics (e.g., ‘Marching Band and music are strong,’ ‘perennial State Champions,’ ‘most of the money goes into the football team,’ and passed bond referenda), while Circle mentions fewer programs and less documented extracurricular achievement.\"",\n  \""square entries provide more detailed, mixed or critical accounts of administration, governance, operational practices, counseling/scheduling, and special‑education implementation than circle entries\"": \""This bucket covers specific allegations and examples in Square about leadership turnover, favoritism, auditing irregularities, secretive school‑board behavior, counselor scheduling errors, IEP/504 mishandling or supports, punitive schoolwide discipline, and staffing/layoff decisions (e.g., ‘administration doesn’t care if your kid gets bullied,’ ‘principal resigned due to auditing irregularities,’ ‘failed to place me in AP despite months of appeals,’ and ‘does not support students with disabilities as individuals’); Circle reviews generally contain fewer concrete governance/operational examples and fewer detailed special‑education narratives.\"",\n  \""circle entries describe more consistently caring, responsive teachers and a more welcoming social climate with less chronic safety concern than square entries\"": \""This bucket groups Circle statements that emphasize helpful, fair teachers and counselors, respectful/polite student behavior, remediation efforts and improvement under district leadership (e.g., ‘teachers work hard to ensure ALL students are successful,’ ‘everyone in my graduating class was treated with respect,’ and ‘Since the hiring of the District Superintendent… the system has made tremendous gains.’) — a distinct pattern from Square’s frequent reports of unsafe climate and administrative inaction.\""\n}""]",,47.561431884765625,19635,2304,3001,,[],['resp_0b40fae4165651cc006a7256d8247881918b3e6ad75c47224b'],True
gen|4|19,"[""{\n  \""square entries describe broader, deeper advanced-academics and college-prep pathways and stronger documented college outcomes than circle entries\"": \""This bucket captures concrete programmatic depth (AP, IB, Cambridge, AVID, STEM/medical magnets, dual‑enrollment, paid AP exams, vocational/CTE pathways) and measurable results (Ivy/MIT admits, large scholarships, common college credit) that reviewers attribute to the school; examples include many square lines about “AP and IB programs… pays for AP exams,” “new STEM program,” “AVID can graduate you as a sophomore in college,” and explicit college acceptances/scholarships, whereas circle reviews lack named advanced pathways and report weaker college prep.\"",\n  \""square entries report more frequent severe student-safety and conduct problems (bullying, fights, drugs, sexual assault) than circle entries\"": \""This bucket groups raw terms documenting concrete student-behavior and safety incidents—daily fights, gang activity, vaping/drug offers, sexual assault, hospitalizations and suicidality—that reviewers place inside the school building or on campus; many square examples state “fights EVERY day,” “multiple kids beaten... hospitalized,” “drug use galore,” and “sexual assault in freshman year,” while circle reviews contain few or no comparable reports.\"",\n  \""square entries document more administrative and governance dysfunction, poor operational communication, favoritism/nepotism, and policy/discipline mishandling than circle entries\"": \""This bucket covers concrete governance and operations failures (unresponsive/slow email, grade‑posting/scheduling errors, confidentiality breaches, cover‑ups, board/superintendent scandals), plus favoritism (athlete/wealthy family protection, nepotism) and inconsistent or punitive discipline policies; square examples include “administration takes weeks to reply,” “burying racism scandals,” “athletes get grades inflated,” and “parents reprimanded by superintendent,” whereas circle reviews do not show this pattern of systemic governance dysfunction.\"",\n  \""square entries emphasize athletics prominence, extracurricular scale, and uneven resource allocation/facility disparities more than circle entries\"": \""This bucket groups descriptions of athletics as a central institutional priority (recruiting, pay‑to‑play, boosters), breadth of extracurricular offerings (band, JROTC, archery, many clubs), and complaints about funding/facility inequities (football vs baseball locker rooms, arts underfunded); square examples: “This school's main focus is sports,” “Walk into the football locker room… then baseball locker room,” and “drama and dance limited while football funded,” while circle mentions fewer or no comparable program/funding details.\"",\n  \""circle entries describe more consistently supportive, caring staff, safer/closer community climate, and long-term local family ties than square entries\"": \""This bucket captures concrete, positively framed school-community features that circle reviewers repeatedly describe: caring teachers and counselors, perceived student safety, generational attendance and long family ties, and stable community support (fundraising, fiscal stability); representative circle claims include “teachers and staff care…ensure they succeed,” “been at CAL 7 years… we will miss CAL,” and “students felt safe,” in contrast to square’s mixed/variable staff and climate reports.\""\n}""]",,45.8277063369751,19778,1280,1999,,[],['resp_09d6cc97a7785307006a7256d9484c81928f35e67b0d7dea2b'],True
gen|3|9,"[""{\n  \""Square entries report substantially stronger and more numerous advanced academic, AP/IB, dual‑enrollment and career‑technical pathways and measurable college outcomes than circle entries\"": \""This bucket groups raw items where square reviews list concrete advanced offerings (e.g., 18 AP classes, full IB program, dual enrollment, Cambridge Academy, CNA/CTE/ROTC/STEAM pathways) and cite measurable post‑secondary results (Ivy admits, full scholarships, high ACT/Bright Futures) that circle reviews do not provide or downplay.\"",\n  \""Square entries describe a broader, deeper extracurricular, arts and athletics ecosystem and related program leadership/achievements than circle entries\"": \""Included here are raw terms where square reviews enumerate many clubs/arts/sports (marching band, theater, robotics, award‑winning music, state CTE/aviation/culinary programs), note strong coaches/teachers and facility investments (new pool, performing center), and claim higher extracurricular participation or success that circle reviews lack.\"",\n  \""Square entries report more pervasive student safety and behavior problems — bullying, fights, gang/drug presence, assaults — (often described as daily or routine) than circle entries\"": \""This bucket captures numerous reports from square of ongoing bullying, physical assaults, daily fights, bomb threats, gang activity, classroom drug use and police involvement; circle entries rarely document comparable persistent safety or substance/gang problems.\"",\n  \""Square entries document more administrative and governance dysfunction — unresponsiveness, favoritism/athletic/wealth bias, leadership turnover, fiscal scandal and punitive or opaque policies — than circle entries\"": \""Raw terms here point to square reviewers alleging nonresponsive administrators and boards, favoritism toward athletes/affluent families, published GPA practices, indictment/levy misuse, frequent principal turnover, and opaque/ vindictive policies — themes distinct from operational or pedagogical complaints.\"",\n  \""Square entries report more systemic failures in student support services — special education/IEP/504 noncompliance, overwhelmed or ineffective guidance/counseling, and mental‑health neglect — than circle entries\"": \""This bucket groups items where square reviews recount canceled IEPs, ignored 504 accommodations, counselors with 200+ caseloads, poor college counseling, and insufficient mental‑health support (students needing professional help), problems that circle reviews do not substantively report.\""\n}""]",,48.22031903266907,19311,2432,2921,,[],['resp_06ad3c8fce6f440b006a7256d8256481a0bf7c745d0c67be18'],True
gen|3|14,"[""{\n  \""square entries document substantially more explicit advanced-academic programming, institutional partnerships, selective admissions signals, and measurable college‑prep outcomes than circle entries\"": \""This bucket captures mentions of formal AP/IB/Honors curricula, AP pass rates, IB narratives, advanced diplomas, selective admissions/competitive test-rank claims, and downstream college placements and metrics (e.g., “IB and Advanced Placement classes,” “overall AP passing rate of 75%,” “accepted to UCLA/NYU,” and university partnerships like UCD/The Seed) — patterns that appear often in square reviews but are absent or unreported in circle reviews.\"",\n  \""square entries describe broader and better-documented extracurricular, performing-arts, vocational, and facility resources than circle entries\"": \""Includes claims of wide extracurricular breadth and high-cost facilities (sports traditions, Cirque/public Cirque program, state championships, strong band/choir/theater, pools, vocational shops, TAJ‑Mahal‑style buildings and campus amenities) and organized student leadership bodies (ASB), which are repeatedly enumerated in square reviews yet are missing or diminished in circle reviews.\"",\n  \""square entries report more frequent, concrete safety, violence, drug, sanitation, and physical‑facility health crises than circle entries\"": \""Groups reviews that recount fights, sexual harassment, severe bullying, assaults, drug offers/use, arrests, pest infestations, locked/insufficient bathrooms and explicit health‑code violations (e.g., ‘A LOT of fights,’ ‘pepper spray used,’ ‘Huge roaches… 51 health violations,’ ‘one bathroom for 500 girls’), a cluster far more common in square entries than in circle entries.\"",\n  \""square entries record more formal, named student‑support structures, special‑education accommodations, and documented individualized interventions than circle entries\"": \""Covers explicit references to IEP/504 supports, Life Skills and special‑education praise or failure-to-support anecdotes, organized tutoring and test-prep (peer tutoring, evening programs), concussion/medical accommodations, and counselor/office systems (CASA, CASSY, house advisers) — tangible support programs and accommodation stories that square reviewers often cite but circle reviewers rarely enumerate.\"",\n  \""square entries exhibit greater internal polarization and variability in teacher quality, student outcomes, and social inclusion (insider/outsider, socioeconomic and athletic favoritism) than circle entries\"": \""This bucket groups instances where square reviews present both high praise and severe criticism about the same school — e.g., glowing AP/Honors success stories alongside reports of abusive teachers, tenure-protected bad actors, athletic immunity, ‘good old boy’ nepotism, and insider exclusion — reflecting a wider spread of experiences and uneven discipline/treatment that circle reviews do not portray as variably.\""\n}""]",,48.39469265937805,19497,2112,2717,,[],['resp_005026b5251f5089006a7256d86f40819cba5afca28934b26d'],True
gen|1|2,"[""{\n  \""square entries document substantially broader and higher‑level advanced academic programs, AP/IB/STEM pathways, and measurable college outcomes than circle entries\"": \""These reviews describe concrete curricular breadth and measurable outcomes in square — IB, Running Start/dual enrollment, many AP/Pre‑AP courses, specialized academies (engineering/medical/tech), state‑of‑the‑art biotech and robotics labs, and explicit college matriculation/scholarship evidence — while circle reviews largely report limited honors/DE options, weaker course variety, or a core curriculum without comparable AP/IB/STEM pipeline detail (examples: 'IB program,' '15 AP classes,' 'new biotechnology lab,' and 'students accepted to Ivy League' in square vs 'may not have the best technology department' and only single DE offerings in circle).\"",\n  \n  \""square entries report more frequent and severe student safety, substance‑use, bullying, and mental‑health crises than circle entries\"": \""Square reviews repeatedly document on‑campus drug/alcohol/vaping use, fights, lockdowns, sexual activity, thefts, targeted and racist bullying, and even suicides/attempted suicides and overdoses, plus failures to identify student depression — while circle reviews contain little or no mention of these severe safety/health incidents (examples: 'drug problem... closed most bathrooms because students have been vaping,' 'many suicides,' 'roving mobs,' contrasted with circle's absence of drug/violent incident reporting).\"",\n  \n  \""square entries report more administrative, district‑level, and staff misconduct, favoritism/nepotism, and governance failures than circle entries\"": \""Square reviews allege named administrator misconduct, leadership cover‑ups, district unresponsiveness, nepotistic favoritism (e.g., protection of connected athletes), coach/front‑office misconduct, IEP/504 and special‑education failures, and hiring/certification problems; circle reviews by contrast emphasize competent administration, welcoming staff, or avoid alleging systemic governance abuse (examples: 'Bullying starts from the top,' 'teachers abscond funds from student athletes,' 'no IEP/504 coordinator' in square vs circle's praise of administration and staff inclusivity).\"",\n  \n  \""square entries describe more extensive extracurricular breadth, high‑level performing‑arts/STEM clubs, and athletic/music achievements (and accessible student participation) than circle entries\"": \""Square reviews enumerate dozens of clubs, award‑winning band/choir, competitive robotics, robust performing arts, and high‑profile athletic scouting/championships, often noting broad student access or strong parental/alumni engagement; circle reviews typically do not list comparable arts/STEM/club depth and instead emphasize a narrower activities menu or competitive exclusivity (examples: 'more than 100 clubs,' 'bands rank at the very top nationally,' 'state champions' in square vs circle's limited sports/activities mentions).\"",\n  \n  \""square entries report more chronic facility, capacity, and resource problems — and visible funding allocation issues favoring athletics — than circle entries\"": \""Square reviewers repeatedly call out overcrowded classes, facility disrepair (mold, leaking ceilings, pests, broken fixtures, extreme classroom temperatures), supply shortages, inconsistent maintenance, pay‑to‑participate fees, and budget choices favoring athletic capital/spending, while circle reviews rarely describe comparable physical‑plant or allocation crises (examples: 'moldy smell,' 'class with more than 40 students,' 'no soap/toilet paper,' and 'most extra money goes to the football team' in square).\""\n}""]",,49.23418378829956,19681,1280,2058,,[],['resp_059df0112151bd08006a7256d8809c81a189b992ccfe3db33e'],True
gen|4|42,"[""{\n  \""square entries report stronger, broader advanced-academic and college-prep programs and measurable postsecondary outcomes than circle entries\"": \""These reviews frequently name AP/IB/dual-enrollment, modular scheduling, SAT/PSAT/SAT-prep programs, active college advising/recruiting, and concrete alumni outcomes (full rides, high college matriculation, AP pass rates), whereas circle entries seldom list such programs or documented college results; examples include repeated Square claims of 'IB/AP/dual credit,' 'mod system prepares students for college,' and 'numerous college recruiters' versus Circle’s lack of named advanced-course offerings or alumni outcomes.\"",\n  \""square entries report more frequent and severe student-safety and behavior problems (bullying, fights, drugs, gang threats, acute violent incidents) than circle entries\"": \""Many Square reviews document ongoing safety incidents—bomb/gun threats, recurring fights, gang presence, pervasive bullying, drug use, and even a reported suicide attempt—while Circle reviews generally omit or deny such threats and emphasize respectful students and safer climates; samples include 'bomb threats and fights happened regularly,' 'high drug use,' and 'bullying ignored' from Square contrasted with Circle’s 'polite and respectful' student descriptions.\"",\n  \""square entries document more facility, capacity, and operational resource failures (overcrowding, broken utilities, filthy restrooms, broken A/C, security lapses, tech rollout problems) than circle entries\"": \""Square reviewers repeatedly cite tangible infrastructure and logistics issues—overcrowded buildings, broken heating/AC, contaminated soap, single bathrooms for hundreds of students, nonfunctional fire alarms, poorly executed iPad rollouts and insecure password policies—whereas Circle reviews rarely mention such concrete maintenance, capacity, or IT failures; representative lines include 'only one bathroom open for girls,' 'A/C was constantly broken,' and 'no synergy among faculty on software platforms.'\"",\n  \""square entries emphasize a broader, higher‑profile extracurricular ecosystem and athletic culture — including award‑winning arts/robotics and competitive sports — along with access barriers and sport-driven favoritism more than circle entries\"": \""Square reviews enumerate extensive programs (nationally ranked band/robotics, Center-for-the-Arts, vocational shops, many sports) and often celebrate high-quality arts and athletics, yet they also report exclusionary coaching practices, pay‑to‑play costs, and athletic favoritism; Circle entries rarely list that breadth or awards and do not report comparable program scale or athletic-politics concerns.\"",\n  \""square entries contain more reports of polarized or inconsistent staff/program quality plus governance and accountability problems (misconduct, favoritism, unequal discipline, principal/board conflict) than circle entries\"": \""Square reviews frequently swing between strong praise and severe condemnation within the same school—detailing teacher excellence alongside arrests/suspensions, cheating/grade‑inflation, favoritism toward staff kids or wealthy students, failure to implement 504/IEP accommodations, and calls to remove principals or criticize school boards—while Circle reviews present steadier, less contradictory staff narratives; examples include 'some teachers are outstanding…two teachers have been arrested,' 'favoritism runs rampant,' and 'principal is horrific' appearing in Square but not in Circle.\""\n}""]",,46.49901580810547,19076,1344,2047,,[],['resp_0088d29d2a3cf913006a7256d9ed3c81a0b8b46c21327d5a98'],True
gen|0|42,"[""{\n  \""square entries report more student-safety problems, bullying, substance use, hazing, and violent incidents than circle entries\"": \""These reviews describe concrete threats to student wellbeing inside and around the building — e.g., repeated fights ('fights last week three in one day'), pervasive bullying tolerated by staff ('Bullying is something... the teachers/administration do nothing'), widespread vaping/drug use and weekend contraband, allegations of sexual assault being overlooked, and suicide/self-harm conversations tied to counselor devaluation; circle entries instead emphasize a safe, nurturing, and welcoming student climate.\"",\n  \""square entries report more administrative misconduct, unresponsiveness, favoritism, and governance failures than circle entries\"": \""Many square reviews allege leadership problems and unethical or negligent administrative actions — e.g., principals who are unapproachable or protect ineffective teachers, accusations of grade/discipline tampering ('VP changing the teachers grades on students'), financial misconduct tied to boosters, failure to document/discipline (suspending victims, hiding referrals), and calls for state takeover — whereas circle reviews rarely allege systemic corruption and focus on isolated admin delays or personnel turnover.\"",\n  \""square entries report more concrete advanced-academic programs and measurable postsecondary outcomes than circle entries\"": \""A large subset of square reviews lists specific advanced offerings and outcomes — IB credit transfers ('15 COLLEGE CREDITS'), numerous AP/Pre‑AP/dual‑enrollment classes, honors/CHS programs, concurrent-enrollment pathways and explicit college placements/scholarships ('accepted to UT Austin', 'full paid scholarship to SDSU') — while circle reviews provide fewer concrete AP/IB/dual-credit metrics or named college outcomes.\"",\n  \""square entries report greater extremes and concrete problems in facilities, resources, scheduling, and infrastructure than circle entries\"": \""Square reviews repeatedly cite physical and operational facility issues or investments — severe overcrowding (2,600–3,500+ students; packed halls), sanitation and safety hazards (mold, asbestos), material/technology shortages ('no books, very few computers'), meal/transportation problems, plus both large capital projects (new pool, performing arts center) and crippling maintenance deficits — whereas circle reviews focus less on infrastructure detail and more on routine internal supports.\"",\n  \""square entries report more variable and polarized teacher/staff behavior and instructional quality (from highly supportive tutoring to active misconduct and staffing shortages) than circle entries\"": \""Square reviews contain both strong examples of teachers going 'above and beyond' with out‑of‑class tutoring and counselors securing scholarships, and direct reports of classroom-level failures and misconduct — e.g., 'math teachers... don't teach', public ridiculing, unlicensed/substitute-led classes, favoritism/coach-prioritization of athletics, and grade inflation — while circle reviews tend to describe more consistently supportive or uniformly problematic teacher patterns rather than this wide polarity.\""\n}""]",,49.57212686538696,19370,1536,2134,,[],['resp_085ab21d57a0cf81006a7256d7b5d8819da225e8ff1d6f7587'],True
gen|4|31,"[""{\n  \""Square entries document more pervasive student-safety incidents, unchecked bullying, substance use, thefts and violent episodes than circle entries\"": \""This bucket captures reports of direct safety/discipline events and their handling—bullying that goes unaddressed, frequent fights, widespread drug use/overdoses, stabbings/theft, bomb threats, metal detectors and problematic security-police behavior (e.g., “bullying goes unchecked,” “the school smells like pot,” “we had so many deaths of drug overdoses,” “expensive item stolen… No call back, ever.”) Circle entries lack comparable claims of pervasive violence, campus drug problems, or repeated unresolved thefts.\"",\n  \""Square entries describe more concrete, diverse advanced academic and career-readiness programs and measurable postsecondary outcomes (AP/IB/dual-credit/CTE/academies) than circle entries\"": \""This groups reviews that list substantive curricular pathways and quantifiable results—multiple AP/IB/dual‑credit classes, academies, CTE/vocational tracks, dual-enrollment and alumni college/career outcomes (e.g., “a ton of dual credit classes…credits fully transferred,” “IB program…entered UNC with 25 credit hours,” “saved a lot of college tuition money!”). Circle reviews generally omit these concrete program listings and outcome metrics.\"",\n  \""Square entries report more systemic inequities, stratification, and favoritism—tracking, athlete/affluence-based privileges, racial/socioeconomic exclusion and discriminatory enforcement—than circle entries\"": \""This bucket covers claims of unequal access and biased treatment: academic tracking and gatekeeping (honors/AP GPA gates), favoritism for athletes/wealthy parents, clique-based exclusion, race- or sexuality‑based harassment, and selective discipline (e.g., “there was 1 college prep class that all the preppies went to,” “teachers give athletes better grades,” “TERRIBLE STAFF AND STRONG RACISM,” “Bullied from freshman year to senior year”). Circle reviews do not portray these pervasive, systemic inequities.\"",\n  \""Square entries report more administrative/operational instability, coordination failures, and visible leadership change (turnaround efforts or policy flip-flops) than circle entries\"": \""This bucket groups structural and process-level administration issues—recordkeeping and transfer problems, poor communication/robot calls, scheduling/site outages, many layers of bureaucracy, leadership turnover or newly active principals, and policy inconsistency (e.g., “education file was destroyed…military family transfer issues,” “There isn’t coordination between offices,” “new principal…will turn this school around,” “repeatedly set policies, just to ignore them”). Circle reviews rarely describe these concrete operational breakdowns or rapid leadership churn.\"",\n  \""Square entries report more concrete facility and resourcing contrasts and varied extracurricular resourcing (overcrowding/renovation, sanitation, tech/books shortages, or robust arts/athletics support) than circle entries\"": \""This bucket captures tangible campus and resourcing statements—overcrowding and class-size pressure, renovations/new buildings, sanitation/pest or HVAC problems, missing textbooks/computers, and either well‑supported or underfunded arts/athletics and many extracurricular offerings (e.g., “1000 to 1600 students…overcrowding,” “no books, very few computers,” “brand new building is beautiful,” “one of the best choir and band programs”). Circle reviews do not include the same breadth of facility, material‑resource, or extracurricular-resourcing claims.\""\n}""]",,47.06853103637695,19266,2176,2920,,[],['resp_0351c55455d88922006a7256d9b1bc8192822b29b603979d48'],True
gen|3|35,"[""{\n  \""square entries describe far more extensive advanced-academic pathways, AP/IB/honors breadth, measurable college-prep outcomes, and explicit tracking than circle entries\"": \""This bucket groups reviews where square schools list concrete advanced programs (AP/IB, honors, Dual‑Enrollment, named pathways like PACE/CIC), quantified outcomes (scholarships, National Merit, percent college matriculation, test-score metrics), and advice to ‘get into honors/AP’—e.g., “many AP courses… graduate with 25 AP credits,” “we continually send students to the top universities,” and “IB diploma… college was a breeze.” Circle entries lack comparable named programs, metrics, or documented college-placement evidence and thus fall outside this cluster.\"",\n\n  \""square entries report more and better‑resourced extracurriculars, athletics, and facility investments (performing arts centers, sports complexes, state‑of‑the‑art labs, 1:1 devices) than circle entries\"": \""This captures reviews emphasizing tangible extracurricular breadth and capital investment—strong marching band and music programs, PACs, new sports complexes, robotics, extensive clubs, and universal take‑home laptops—e.g. “state‑of‑the‑art swimming pool,” “new PAC… music and drama renowned,” and “every student gets their own laptop.” Circle reviews either omit such facilities or report weaker/limited extracurriculars, so they are not in this bucket.\"",\n\n  \""square entries report more frequent, concrete student safety and behavioral incidents and inconsistent enforcement (fights, drugs, bullying, vaping, assaults) than circle entries\"": \""This bucket groups reviews that detail repeated safety/discipline problems or visible punitive practices—e.g. “2–4 fights a week,” ‘drugs and vaping are out of control,’ reports of sexual assault brushed aside, and complaints about supervisors not intervening—often paired with requests for police-incident counts. Circle entries do not provide the same volume of specific safety incidents and instead tend to emphasize a safer, more orderly atmosphere or only isolated problems.\"",\n\n  \""square entries allege more administrative and governance dysfunction, inequitable enforcement, favoritism/nepotism, cover‑ups, and contested resource priorities than circle entries\"": \""Reviews here describe district/board conflict, leadership-driven curriculum/policy shifts, accusations of sweeping incidents ‘under the rug,’ nepotism in extracurricular placements, athletic‑first budgeting, and calls to restaff leadership—e.g. “Board of Education sharply divided,” “swept under the rug,” and “favoritism… only people with family members get placed in the front.” Circle reviews rarely make these systemic governance/cover‑up claims and instead focus on other issues.\"",\n\n  \""circle entries emphasize pervasive instructional failure, teacher apathy or inconsistency, and a harmful everyday learning environment more than square entries\"": \""This bucket groups reviews where the central complaint is poor teaching and a schooling experience that is ‘harmful’—e.g. repeated statements like “terrible teachers,” students ‘literally dumbed me,’ lack of academic challenge or support, and parents warning ‘do not send your kids here.’ While square reviews often foreground programmatic strengths or concrete outcomes, circle reviews concentrate on instruction quality, classroom management failures, and the claim that the school is damaging to students’ learning.\""\n}""]",,48.34768986701965,18849,2176,2881,,[],['resp_02644c64701d9c76006a7256d8a5ac81a19aaabcdc77ca8561'],True
gen|3|50,"[""{\n  \""square entries report more frequent, detailed student safety problems (bullying, violence, drugs, racism) and inadequate incident response than circle entries\"": \""This bucket captures concrete accounts of peer-on-peer violence, persistent bullying, drug use, racial and homophobic incidents, and staff inaction or problematic policing (e.g., “a kickboxing student pummeled another student for racial slurs,” “Drug use on campus, no repercussions,” school resource officers creating civil-liberty concerns, and administrators who “turn a blind eye”). Items here describe safety incidents, hotspots (bathrooms, yard, social media), threats, and claims of retaliation/blacklisting when families complain — all reported repeatedly in square but absent or far rarer in circle.\"",\n  \""square entries document more concrete advanced academic programs, measurable outcomes, and college-credit pathways than circle entries\"": \""This bucket groups references to named rigorous curricula and quantifiable outcomes — AP/IB counts, SAT/ACT scores, dual enrollment and concurrent-credit programs, college acceptances and scholarship metrics (e.g., “They teach over 30 AP classes,” “Our average SAT score is 1850,” “Dual College program with Bunker Hill Community College,” and students accepted to flagship universities). These are specific program/pathway and outcome claims that square reviewers enumerate while circle reviewers typically do not provide equivalent metrics or program detail.\"",\n  \""square entries report more evidence of administrative governance, policy enforcement, favoritism, and accountability failures (or turnover-driven improvement) than circle entries\"": \""This cluster includes concrete governance and policy descriptions — strict/ punitive rules (attendance fines, ID citations), alleged favoritism/cronyism toward athletes or connected families, manipulation of metrics (pushing weak students through), unresponsive or turnover-prone leadership, and claims of retaliation (e.g., “they refuse to hold a student back,” administrators “so concerned about their stats,” “black listed” families, and both praise for new principals and accusations of entrenched cronyism). These are operational leadership/governance behaviors and consequences reported much more often in square.\"",\n  \""square entries describe more detailed facilities, operational issues, and program infrastructure (building condition, restrooms, traffic, capital projects) than circle entries\"": \""This bucket covers tangible, on-the-ground physical and operational details — aging or run-down buildings, vandalized/restroom conditions, ventilation/cleanliness problems, campus traffic/safety hazards, cafeteria/food complaints, and also capital projects or modernization plans (e.g., “old, small and crammed,” “only two restrooms open because the others were vandalized,” “Traffic is horrendous,” and “new campus plan will bring facilities up”). Square reviewers provide many such facility/operational specifics that circle reviewers largely omit.\"",\n  \""square entries report more detailed accounts of instructional quality and student support services (teacher effectiveness, extra help, counselors, IEP/special‑education handling, mental‑health supports) than circle entries\"": \""This bucket groups concrete statements about classroom practice and student supports — both positive and negative: teacher availability or poor pedagogy, tenure-protected underperforming staff, before/after-school tutoring, counselor shortages or failures, IEP noncompliance, and inadequate mental‑health accommodations (e.g., “Many teachers offer extra hours,” “some tenured teachers mail it in,” “OCR has been contacted…won't follow our IEPs,” and “no social worker…teachers don’t know how to refer”). These operational instructional and support-system details recur in square reviews far more than in circle.\""\n}""]",,48.33128094673157,19393,1920,2688,,[],['resp_0e38a27c8f6f3df2006a7256d8c404819ca67cd0887a86ab22'],True
gen|0|0,"[""{\n  \""square entries report more frequent and severe safety, bullying, substance‑abuse, and violent incidents than circle entries\"": \""These square reviews describe concrete, recurring threats to student safety (fights every week/‘a fight every other day’, weapons/guns brought to school, OD incidents, prostitution, Nazi graffiti, sexual‑assault threats), pervasive substance use (drugs, vaping, chewing tobacco, students smoking at drop‑off), and routine bullying or self‑harm reports — problems that circle reviews do not recount and that circle often frames as comparatively safe.\"",\n  \""square entries describe broader and more tangible advanced academic, career‑technical, and extracurricular program breadth and measurable college outcomes than circle entries\"": \""Square reviewers repeatedly name concrete programs and outcomes (many AP/IB classes, dual‑credit, AVID, engineering/CTE pathways, AFJROTC, internships, award‑winning music/theater, sports complexes, students leaving with college credits or elite acceptances), while circle reviews rarely list this programmatic breadth or measurable post‑secondary outcomes.\"",\n  \""square entries reveal greater internal stratification, favoritism, gatekeeping and racial/socioeconomic exclusion than circle entries\"": \""Square accounts emphasize systemic inequity (teacher/coach favoritism toward athletes or wealthy/white students, nepotistic athletics selection, AP gatekeeping/‘sorting hat’ admissions, racially based cliques and exclusion), documenting how privilege and cliques determine access and treatment — contrasts circle’s relative absence of these claims.\"",\n  \""square entries document more administrative and operational dysfunction, inconsistent discipline, and communication/recordkeeping failures than circle entries\"": \""Square reviews give specific operational complaints (erased credits, phones not answered, unresponsive counselors, contradictory attendance/discipline policies, delayed punishments, cover‑ups, outdated catalogs, broken LMS/processes, principal scandals), describing administrative breakdowns and poor follow‑through that circle reviews rarely allege.\"",\n  \""circle entries describe more consistently supportive, responsive staff and a safer, student‑centered school culture than square entries\"": \""Circle reviewers repeatedly praise teacher/counselor responsiveness, supportive college guidance, constructive parent–school outreach and an ethos of student support (e.g., 'everyone's voice matters', 'teachers go above and beyond', students feel safe), portraying cohesive staff engagement and student‑focused practices that are less prominent in square reviews.\""\n}""]",,52.162731885910034,19420,1152,1689,,[],['resp_014aa1d25e45ab0c006a7256d788ec8192babe4bf56fdace9a'],True
gen|4|24,"[""{\n  \""square entries report more safety incidents, pervasive student misconduct, and lax or inconsistent discipline than circle entries\"": \""These reviews describe concrete safety failures (frequent fights, stabbings, lockdowns, large drug problems, physical bullying, normalized substance use and gang incidents) and weak or inconsistently enforced discipline (teachers/administration not intervening, ineffective restorative practices, OSS tolerated as a reward), e.g., 'fights break out all the time,' 'a student was stabbed,' 'HUGE drug problem,' and 'teachers do nothing about bullying.'\"",\n  \""square entries report more extensive advanced‑academic programming and measurable college/career outcomes than circle entries\"": \""Square reviews repeatedly list formal college‑preparatory offerings and quantifiable outcomes — AP/IB/Honors, dual‑enrollment/college credit, National Merit finalists and Ivy/elite placements, high ACT scores — with claims like 'full IB candidates,' '6 national merit finalists,' '125 college credits,' and alumni at top universities, while circle reviews seldom cite these programmatic or measurable outcomes.\"",\n  \""square entries report more administrative unresponsiveness, favoritism, and inequitable practices (including special‑education noncompliance) than circle entries\"": \""These comments document pattern-level leadership problems and unequal treatment — administrators not returning emails, pressuring teachers to pass athletes, rigged student government, discrimination and preferential treatment for wealthy/athlete families, CPS/attendance policing, and IEP/noncompliance in special ed — e.g., 'principal pressured a teacher to pass a football player,' 'special ed services non‑compliant,' and 'they only care about student council or athletes.'\"",\n  \""square entries describe broader and more varied extracurricular, vocational, and arts offerings (and contested access/funding for them) than circle entries\"": \""Square reviews enumerate CTE/vocational pathways, robust arts and music programs, many clubs and career academies (welding, culinary, automotive, aerospace, band/chorus/theatre, MBIT, Model UN, Mock Trial) while also noting cuts or access constraints (auditions, caps, funding cuts), e.g., 'health sciences, culinary, welding,' 'the band is truly outstanding,' and 'Music and art programs have seen significant cuts.'\"",\n  \""square entries report more concrete facility/funding/operational problems and large capital projects (or controversies about resource allocation) than circle entries\"": \""These entries reference physical plant and budget realities — major renovations or new facilities alongside chronic maintenance, overcrowding, misallocated funds, outsourcing, admin raises vs teacher pay, and disruptive tech rollouts (school laptops, inept tech support) — with examples like '$192 million remodel' or 'can't even refurbish the bathrooms,' 'over 50 students in one room,' and 'kids run rings around a comically inept tech dept.'\""\n}""]",,49.698331356048584,19562,1536,2125,,[],['resp_011089865bfb805c006a7256d9b5e481a3873f16dcca55af9a'],True
gen|1|8,"[""{\n  \""square entries report more extensive advanced academic and postsecondary pathways (AP/IB/dual‑enrollment/magnet/STEM/vocational) and measurable college outcomes than circle entries\"": \""These entries describe concrete programmatic offerings and outcomes (AP/IB courses, dual‑enrollment, engineering/medical/STEM magnets, vocational certificates, AVID, Freshman Academy) and cite measurable results (ACT/ACT 34, college scholarships, alumni degrees), e.g. “offer[ed] good AP courses…Dual Enrollment…and he graduated with honors and received a huge academic college scholarship,” whereas circle reviews lack comparable program detail or measurable outcomes.\"",\n  \""square entries report a broader, higher‑profile extracurricular ecosystem (sports, band, arts, ROTC, boosters) — plus attendant costs/favoritism — more than circle entries\"": \""These entries enumerate many named clubs, arts programs, high‑level athletic successes, booster/parent engagement and explicit complaints about athletic favoritism or fees (e.g. marching band, ROTC, district champs football, boosters active, “Paying for sports… almost $1000+”), while circle reviews do not detail a comparably broad or high‑profile set of extracurricular offerings or associated finance/favoritism issues.\"",\n  \""square entries report more frequent and more severe on‑campus safety and behavior incidents (drugs, fights, lockdowns, searches, bullying, hate incidents) than circle entries\"": \""These reviews document repeated concrete safety events and misconduct — frequent fights, drug use and drug busts, bomb/lockdown incidents, random searches by school police, racism/homophobia, sexual misconduct and vandalism (e.g. “Lock downs are nearly a weekly event,” “Kids come to school high… drug busts… every week,” “There are fights all of the time”), whereas circle reviews generally do not report this scale or frequency of safety incidents.\"",\n  \""square entries report more governance, leadership, funding and operational breakdowns (board/administration failures, politics, budget cuts, facility funding) than circle entries\"": \""These items link systemic problems to district/board/administration choices — poor leadership, politicized hiring, budget shortfalls that cut programs or favor athletics, uneven building support and facility neglect (e.g. “Poor leadership by school board… budget cuts and seniority and politics,” “roof started falling down… levy failing”), while circle entries rarely make parallel governance or budgetary attributions.\"",\n  \""square entries describe greater inconsistency in classroom instruction and student supports — variability in teacher quality, grading/discipline practices, and inconsistent special‑education/counseling implementation — compared with circle entries\"": \""These reviews emphasize classroom‑level variability and unreliable support: teachers who are highly available or refuse remediation, contradictory grading leniency vs. punitive practices, coaching favoritism, plus mixed IEP/counseling experiences and counselor workloads (e.g. “Some teachers give no homework, some give too much,” “they don’t follow the IEP accommodation,” “Her counselor was amazing…on‑call”), whereas circle reviews rarely report this spread of instructional inconsistency or detailed special‑education/counseling systems.\""\n}""]",,52.14552092552185,19269,1600,2272,,[],['resp_087d254a8534cc93006a7256d93ee8819c9fe6a0a030e15a94'],True
gen|1|20,"[""{\n  \""Square entries report more extensive, specialized academic, vocational, and extracurricular program offerings than circle entries\"": \""This bucket captures descriptions of institutional programs and curricular breadth: square reviews list IB and AP tracks, multiple career academies (medical, culinary, engineering, JMG, Pathways), internships, dual‑enrollment, FFA/UIL/agricultural offerings, and rich arts/music programs—things Circle reviews rarely mention (Circle mostly lacks IB/AP/career‑academy detail). Examples: 'the CSRA's only IB program', 'Great school with medical, law, sports fitness, engineering, Geico, and culinary Academies', 'senior internship program up to 80+ hours.'\"",\n  \""Square entries emphasize athletics prominence, competitive success, and athlete favoritism more than circle entries\"": \""This bucket groups mentions of sports priorities, high‑level athletic facilities/records, scholarships for athletes, and complaints about resources prioritized for athletics over academics; Circle reviews rarely discuss sports. Examples: championship records and national athletic recognition, 'majority of the funding... is given to the football team,' 'athletic facility is just plain awesome,' and claims athletes receive special treatment.\"",\n  \""Square entries document more frequent and severe student safety, bullying, drug, gang, violence, and related administrative inaction than circle entries\"": \""This bucket covers concrete incident reports (physical assaults, gang fights, drug deals in hallways, vandalism, severe bullying including homophobic/racial harassment), plus allegations that administration fails to respond or enforce policies. Examples: 'kids get jumped and best up,' 'Drug deals are made in the hallways,' 'Principals do not care if students are bullied,' and accounts linking school experience to depression/suicidality.\"",\n  \""Square entries provide more concrete measurable academic outcomes, counseling and college‑preparation evidence (both positive and negative) than circle entries\"": \""This bucket groups explicit, data‑style and outcome descriptions: named SAT/ACT/AP scores, scholarship numbers, alumni college placements, concrete counselor actions (both praise and complaints), and transcript/credit‑handling incidents—details that Circle reviews seldom present. Examples: 'scored 33 on her ACT,' '3 scholarships with Western Michigan University,' 'they dropped her to needing 22 credits,' and 'guidance counselors are fantastic' vs. 'the counselors never help.'\"",\n  \""Circle entries present more uniformly negative, system‑level accounts of staff disengagement, administrative dysfunction, and limited program/resource breadth, while square entries more often show polarized/mixed experiences with active parent/alumni involvement\"": \""This bucket captures the pattern that Circle reviews tend to offer consistent complaints about uncaring teachers, poor administrative communication, missing supports (IEP silence), and lack of program breadth, whereas Square reviews more often contain conflicting accounts (strong praise and strong warnings), named exemplary staff, active parent/fundraising involvement, and long‑standing alumni/community pride. Examples: Circle: 'teachers are babysitters... wish I could go back' and 'closed nit group' with no program detail; Square: 'Mrs. McKay... are some of the best teachers,' 'parents... come out in droves to fundraise,' and multi‑generational alumni testimony.\""\n}""]",,52.92331099510193,19052,1664,2357,,[],['resp_0edfecaf9545d830006a7256d7e17481a3ab907db5abce3738'],True
gen|4|43,"[""{\n  \""square entries report more severe student-safety incidents, drug/weapon threats, and bullying left unresolved than circle entries\"": \""This bucket captures concrete reports of physical danger and harassment at school (fights, lockdowns for guns, pervasive drug use, repeated physical assaults, sexual harassment) and claims that leadership failed to contain or appropriately discipline perpetrators — e.g., 'in 2 months the school has been on lock down twice… kid brought guns,' 'fights are an everyday occurrence,' 'lots of drug activity,' and 'racial slurs… administration is passive' — whereas circle reviews do not describe lockdowns, weapons, or unresolved violent incidents.\"",\n  \""square entries document broader, formalized academic and extracurricular pathways and measurable college/career outcomes than circle entries\"": \""This bucket groups descriptions of explicit advanced/programmatic offerings and documented outcomes such as AP/IB/dual credit, academies/pathways, robotics/STEM, award‑winning band/theater, vocational certifications and scholarship/college-placement metrics — e.g., 'IB, AP and DATA programs,' 'great AP program… 48 AP credits,' 'marching band wins…', and 'Each year over 6 million dollars is offered in college scholarships' — while circle reviews rarely list such formal program breadth or school‑wide outcome figures.\"",\n  \""square entries provide more concrete accounts of special‑education, counseling, IEP coordination and individualized student supports (including both strong supports and implementation failures) than circle entries\"": \""This bucket covers both detailed praise for individualized supports and explicit systemic special‑education problems: named effective counselors and successful inclusion ('guidance counselor is amazing,' 'students with disabilities receive outstanding supports') alongside IEP/IEP‑implementation failures and overwhelmed guidance staff ('Guidance is SWAMPED!', 'special needs kids fall through the cracks'), whereas circle reviews rarely discuss special‑education services or counselor-driven college support.\"",\n  \""square entries contain more detailed, concrete reports about facilities, operations, and on‑campus logistics (maintenance, cleanliness, overcrowding, transportation, cafeteria, security hardware) than circle entries\"": \""This bucket groups infrastructure and operational specifics such as decaying buildings, remodeling, metal detectors/cameras, overcrowded classes, transportation failures, poor ISS meals and cafeteria problems — e.g., 'exposed wires,' 'ceiling tile fell off,' 'metal detectors,' 'left at school without a ride,' and 'two slices of bread…' — while circle reviews typically omit those granular facilities/operational details.\"",\n  \""square entries report more explicit accounts of administrative behavior, discipline policy inconsistency, favoritism/nepotism, poor parent communication and community governance conflict than circle entries\"": \""This bucket captures leadership and governance dynamics distinct from isolated safety events — named problematic administrators, claims of preferential treatment for athletes/wealthy families, inconsistent enforcement and punitive trivial‑rule policing, repeated failures to inform parents, and parent activism or calls for removal (e.g., 'guidance counselors pick favorites,' 'administration does not value employees,' 'students heavily penalized for being late,' 'REMOVE THE MASK MANDATE NOW!'), a level of specific administrative critique that circle reviews do not generally present.\""\n}""]",,50.276691913604736,19094,2496,3194,,[],['resp_0ba9b8ddb75f505f006a7256d9fa4881a18d66ee0d421f1c10'],True
gen|2|2,"[""{\n  \""Square entries report more student-safety problems, pervasive bullying, substance use, and enforcement failures than circle entries\"": \""This bucket groups reviews that describe concrete safety and behavior failures inside the school—e.g., multiple reports of vaping/drug use, frequent fights, ignored knife/threat reports, repeated bullying (including staff complicity), and even suicide-risk warnings—plus claims that policies (zero-tolerance, parking-lot smoking rules, etc.) are not enforced. Examples: “Almost every time I go into the bathroom there is a group of students vaping,” “the principal said he would talk to him but he never did,” and “What are they waiting for (someone to take their life)?.”\"",\n\n  \""Square entries describe broader, formal advanced-academic and career-technical programs and clearer measurable college/career outcomes than circle entries\"": \""This bucket captures concrete programmatic depth and outcomes (AP/IB/dual-enrollment, vocational pathways, STEM/PLTW, Governor’s School, college recruiters, scholarship totals, credit-recovery and associate-degree pathways) that reviewers tie to student success. Examples: “full IB program…dual enrollment…graduate with their Associates Degree,” “AP exam fees paid by the district,” “over $7 million in scholarships,” and “college recruiters from around the country.”\"",\n\n  \""Square entries describe more extensive extracurricular breadth and visible facility/athletic investment than circle entries\"": \""This bucket covers reviews emphasizing a wide range of clubs/arts/athletics, award-winning music/TV-production programs, and concrete capital or athletic upgrades (new turf, pools, renovated gyms, marching-band/state awards), often noting boosters/fundraising around these assets. Examples: “Great Music program…robotics, theatre, and dance,” “newly renovated…smart board in each classroom,” and “the marching band has been top in state for the last several years.”\"",\n\n  \""Square entries document more teacher/administrator unprofessionalism, staffing instability, and governance problems (favoritism, nepotism, inaction) than circle entries\"": \""This bucket groups claims about staff misconduct or instability (verbal abuse, physical destruction of student work, strikes, long‑term subs, high turnover) together with governance failures—administrative favoritism, cronyism, mishandled harassment, and ignoring parent advocates. Examples: “One teacher threw my project on the ground,” “the teachers are currently on strike,” “now it's a case of who you know. The administration is very biased,” and “If you are a parent who involves yourself… you will be ignored and labeled a trouble maker.”\"",\n\n  \""Square entries show stronger community/parental socioeconomic stratification, boosterism, and reliance on parental action or private transfer than circle entries\"": \""This bucket captures community-level patterns reviewers describe—wealth/legacy driving access and treatment, booster enthusiasm/fundraising around athletics, parents moving students to/from private schools, real-estate warnings tied to the school, and advice that parental advocacy is needed to secure supports. Examples: “This school is for kids with money… If you're not wealthy expect to be dismissed,” “Buy season tickets now…,” “if I could afford priv.school my 2 kids would be gone,” and “I would suggest nobody buy a house in this entire area.”\""\n}""]",,53.542661905288696,19177,1664,2386,,[],['resp_089542bb291e2c80006a7256d7ee24819ea886dea4032017d7'],True
gen|0|54,"[""{\n  \""square entries report more systemic safety, substance‑abuse, bullying (including staff bullying), racist incidents, and administratively‑unaddressed misconduct than circle entries\"": \""These reviews allege concrete safety and behavior crises—e.g., “The amount of drugs within the school is sad,” “Bullying, from kids, and staff is off the walls,” and “racisim that leads to fighting”—paired with claims that administrators deny or ignore these problems (e.g., “the school will deny it,” “Vice principal Funk also does nothing to protect his students”), a cluster of complaints largely absent from circle.\"",\n  \""square entries describe more concrete, formalized advanced academic pathways and targeted student supports (IB, AP/Pre‑AP, magnet, special programs) than circle entries\"": \""Square reviews call out structured program offerings and college‑prep routes—e.g., IB as an enrollment driver (“The ONLY reason... is because of this Program”), Pre‑AP/AP and magnet programs, and targeted supports for military students or successful mainstreaming of special‑needs students—details that circle generally does not provide.\"",\n  \""square entries report more detailed problems with instructional delivery, teacher effectiveness, and student placement operations (poor remote teaching, uneven teacher quality, misassigned classes, excessive study halls) than circle entries\"": \""These comments focus on how learning is delivered and organized—examples include “the teachers barely spend any time instructing,” “4! study halls EVERYDAY,” counselors who place students in classes “that mean nothing,” and praise + naming of a few strong teachers amid broad unevenness—operational and pedagogical complaints largely absent from circle.\"",\n  \""square entries emphasize a broader, better‑documented extracurricular, athletics, and arts ecosystem and stronger school spirit than circle entries\"": \""Square reviews list rich programmatic offerings and outcomes—sports, drama, band, Latin, clubs, fundraising support, claims of “some of the best sports programs” and competitive arts wins (“Marching Band won first place - GOLD”) and explicit statements like “Lots of school spirit,” whereas circle offers little comparable program detail.\"",\n  \""square entries provide more concrete facility, logistical, administrative‑management, and community/financial details (facility renewals, security/cleanliness problems, operational disruptions, on‑campus personnel, parental enrollment strategies, fees) than circle entries\"": \""Square reviewers note physical and operational realities and community actions—e.g., a new building and capital renewal, frequent fire‑alarm evacuations, closed bathrooms, on‑campus police and a support dog, lost transfer paperwork and disorganized administration, parents buying homes or paying fees to influence school placement—topics circle rarely mentions.\""\n}""]",,53.699538230895996,4923,3264,3858,,[],['resp_0410f341ee77696e006a7256d796a0819e8aa63312f1aee74b'],True
gen|3|11,"[""{\n  \""square entries report more frequent and severe student safety incidents, substance abuse, and peer violence than circle entries\"": \""This bucket captures concrete safety crises described in reviews—stabbings, classroom fires, daily fights, gang mentality, pervasive drug/alcohol/vaping use, suicides, and retaliation after reporting (e.g., “a student was stabbed in the hallway,” “kids doing drugs,” “kids that vaped turned the bathrooms into a vaping break place,” “everyone I know… has became addicted…,” and reports of student suicides). Content here signals acute, recurring threats to physical and emotional student safety inside the school community.\"",\n  \""square entries report more punitive, criminalizing, and inconsistently enforced discipline and favoritism (including police involvement) than circle entries\"": \""This bucket groups reviews describing harsh or uneven disciplinary systems—minor infractions leading to detention/suspension, police processing/handcuffing for fights, coerced expulsions or pay-to-stay threats, and selective leniency for athletes/staff/wealthy families (e.g., “My phone went off once in class and I got a detention,” “if there is a fight… they are taken to the police dept. handcuffed,” “kids that do drugs and are in sports… completely overlooked,” and “handed me a letter telling me I was being kicked out or charged $10,000”). These entries point to punitive or uneven enforcement practices rather than balanced restorative discipline.\"",\n  \""square entries report more extensive specialized academic programming, higher instructional rigor/teacher support, and stronger measurable college outcomes and counseling than circle entries\"": \""This bucket covers named advanced offerings and instructional supports—AP/IB/STEM academies, majors/majors‑style curricula, honors/dual‑credit, one‑to‑one tech programs, evidence of high test scores and college matriculation, and praised guidance (e.g., “My child was accepted into their new STEM program,” “perennially rated the top school,” “PreAP or AP courses… 50+ national merit scholars,” and “The guidance counselors are excellent”). It includes both program breadth and reported instructional/counseling practices that prepare students for postsecondary success.\"",\n  \""square entries report more and stronger extracurricular, arts, and athletics programs and organized booster/community support than circle entries\"": \""This bucket groups reviews highlighting robust co‑curricular life and community investment—award‑winning theater and music, state athletic championships, intensive arts conservatory links, many clubs, and active booster fundraising (e.g., “Performing Arts program is amazing,” “softball team won the 5A State Championships,” “Excellent band… All State Band admissions,” and “Booster Club and Foundation fund the school well”). Presence in this bucket signals abundant extracurricular opportunity and visible community booster engagement.\"",\n  \""square entries report more administrative and operational dysfunction, resource misallocation, staffing instability, special‑education mishandling, and facility/overcrowding problems than circle entries\"": \""This bucket collects concrete managerial and resourcing failures—absent/corrupt or rapidly changing leadership, auditing irregularities and financial misconduct, scheduling/placement and records failures (including lost special‑education files), forced fees and program cuts, outsourcing/benefit cuts, and chronic facility/maintenance issues and overcrowding (e.g., “principal resigned due to 'auditing irregularities',” “they claim they never received the files,” “one bathroom was shut for an entire year,” “overcrowded… classrooms without AC,” and “forced into classes… told if you do not pay… you can not graduate”). These entries indicate systemic operational breakdowns affecting services, equity, and the physical plant.\""\n}""]",,54.252197265625,19371,2496,3287,,[],['resp_0889f61a31b51a96006a7256d8265481a3bd5eac943f11a39d'],True
gen|2|32,"[""{\n  \""square entries report more frequent and severe student safety incidents, substance use, and peer-on-peer violence than circle entries\"": \""This bucket captures accounts of ongoing threats to safety in the building and on campus (fights almost every week, gang activity, daily death threats, sexual assaults, regular drug busts, vaping/tobacco use, students arriving drunk/high, pepper‑spray/lockdowns) and unresolved bullying on buses and in classrooms — all repeatedly attributed to student behavior rather than isolated incidents. Examples: “There’s many fights every year,” “kids come to school high, or drunk, all. The. Time.,” “Bullying on the busses is seldom followed up,” and “death threats heard everyday and teachers do nothing about it.”\"",\n\n  \""square entries describe more extensive advanced academic programs and measurable college-preparatory outcomes than circle entries\"": \""This bucket groups claims about available rigorous curricular tracks and concrete academic outcomes (AP/IB/honors, 30+ AP courses, dual‑enrollment/college credit, engineering/STEM certification, AOIT, high SAT scores, counts of students accepted to top universities) and mixed but tangible college-placement evidence. Examples: “Advanced programs are great,” “30+ AP courses,” “I had 80% of my freshman year of college complete before graduating,” and “Sixteen 2016 seniors received early decision acceptance at Georgia Tech.”\"",\n\n  \""square entries report broader, higher-quality extracurricular, arts, and competitive athletics offerings and achievements than circle entries\"": \""This bucket covers descriptions of a wide extracurricular ecosystem and distinguished programmatic achievement (award‑winning band, strong performing arts center, NJROTC scholarships, competitive D1‑level athletics, many clubs, no‑cut sports, student leadership opportunities and murals/projects) that reviewers link to student engagement. Examples: “Outstanding performing arts programs,” “excelling NJROTC Program which…allows them to get scholarships,” “award winning band program,” and “lots of activities/clubs/sports to be a part of.”\"",\n\n  \""square entries document more administrative, governance, and staff-accountability failures and favoritism than circle entries\"": \""This bucket contains reports of leadership and process problems (administrators refusing to act, protecting staff or athletes, prioritizing rankings/athletics over student welfare, opaque discipline and recordkeeping, poor responsiveness, school‑board and district blame, revolving principals and teacher turnover) and examples of favoritism or selective enforcement. Examples: “Administration ignores problems… more concerned about national rankings,” “they maintain results by eliminating the 'bad' kids,” “They doNot return phone calls,” and “the administration doesn’t ever give students a second chance, unless that child participates in sports.”\"",\n\n  \""square entries report more failures in special-education implementation and supports for vulnerable students than circle entries\"": \""This bucket groups concrete claims about inadequate IEP/IAP enforcement, lack of placement capacity, neglect of students with learning disabilities, mishandling of mental‑health crises, and repeated battles with the school over accommodations. Examples: “If your child has an IEP, know it will be a major struggle,” “they run out of slots for those students,” “constant fighting over her IAP and push‑back from the school,” and “This school caused a great deal of PTSD… by refusing to help me.”\""\n}""]",,54.719181060791016,19578,1280,2007,,[],['resp_0de2fb3adbea66d0006a7256d86fbc819c8c9af640172db676'],True
gen|4|49,"[""{\n  \""square entries report stronger advanced-academic pathways and measurable college-preparation outcomes (including engaged teachers who provide individualized support) than circle entries\"": \""This bucket groups reviews that describe concrete AP/IB/honors/dual-enrollment tracks, active college counseling, high test scores and alumni college success, often accompanied by teachers who ‘go above and beyond’ or offer office hours (examples: named IB/AP/honors programs, 'perfect test scores', 'college counselor has been helpful', graduates attending top universities). Falling here means the school narrative is defined by formal advanced programs plus staff-driven supports that produce measurable postsecondary outcomes.\"",\n  \""square entries report broader, higher-performing extracurricular arts and athletics programs and visible facility investments than circle entries\"": \""This groups reviews that name strong, active extracurriculars and capital investments—marching band/chorus/drama wins, CIF/state athletics, new gyms/tracks, performing arts centers and upgraded libraries (examples: 'Wrestling and cheer won CIF', 'brand new performing arts center', 'state of the art facilities for band'). Content in this bucket emphasizes plentiful, high‑quality arts/athletics and related facility spending and achievements.\"",\n  \""square entries report more frequent and severe student safety, bullying, substance-use, and violent-incident problems than circle entries\"": \""This bucket captures reviews that recount recurring physical fights, gang activity, on-campus drinking/drug use, sexual harassment/assault, severe bullying and safety scares (examples: '1–2 fights a week', student beaten and concussed in hallway, 'students showing up drunk and high', 'metal detectors/need for them'). Inclusion here means the school is described as having persistent, concrete safety and peer‑behavior crises.\"",\n  \""square entries report more operational and administrative dysfunction—scheduling and counseling failures, grading-policy manipulation, record/placement errors, transportation and district governance problems, and leadership turnover—than circle entries\"": \""This groups reviews focused on bureaucratic or governance breakdowns: unhelpful counselors and misassigned classes or excess study halls, deliberate grading rounding ('circle 50'), failed record transfers, chronic bus-driver shortages, retire–rehire/financial scandals, poor parent communication and rapid principal turnover (examples: 'counselors will hardly do anything to change your schedule', 'three principals within three years', 'we ran out of paper', 'bus drivers not arriving'). Membership here signals systemic operational failures rather than classroom pedagogy or extracurriculars.\"",\n  \""circle entries report more pervasive underfunding, teacher indifference or decline in instructional quality, limited course/program breadth, and community‑level decline that undermine college‑readiness compared with square entries\"": \""This bucket groups reviews that emphasize resource shortfalls, demoralized or underperforming teachers, cuts to programs and shrinking AP/STEM offerings, and a narrative of institutional decline (examples: 'not good funding', 'math teachers were terrible', 'fewer APs, fewer internships', 'I would not want my kids to be in the regular classes'). Falling here means the school is characterized primarily by budget/staffing constraints and eroding instructional capacity that harm student outcomes.\""\n}""]",,52.70617604255676,19000,2624,3309,,[],['resp_0776a52f21a4ae7c006a7256da25a081a2b9b088f839edf57a'],True
gen|2|38,"[""{\n  \""square entries report far more frequent and severe student-safety, discipline, and punitive‑enforcement incidents than circle entries\"": \""This bucket captures concrete on-campus safety and discipline problems (fights nearly every day, stabbings with pencils, drug deals and contact‑highs in bathrooms, heavy police/SRO presence, random drug testing, punitive ISS practices, expulsions and surveillance). Square reviews repeatedly cite these kinds of immediate physical‑safety and punitive‑discipline incidents (e.g., 'fights break out all the time', 'security/police in the school all day', 'random drug testing', 'students sent to sit on gym floor in ISS'), whereas Circle reviews do not report routine, severe safety or prison‑like discipline patterns.\"",\n  \""square entries report more administrative dysfunction, opaque/uneven policy enforcement, and cover‑ups than circle entries\"": \""This bucket groups governance and operational failures: unresponsive or absent principals, inconsistent rule enforcement, favoritism/nepotism, data/discipline cover‑ups, opaque enrollment and transfer practices, and poor communication with parents (e.g., 'principal nowhere to be found', 'administration hides problems', 'punish out‑of‑district students', 'fudging suspension counts', 'no communication with parents about injuries'). These specific managerial and policy breakdowns are far more frequent in Square than in Circle.\"",\n  \""square entries describe substantially greater advanced academic programming and measurable college‑prep outcomes than circle entries\"": \""This bucket covers concrete curricular offerings and outcomes—AP/IB/dual‑credit/CHS college classes, explicit AP exam/college‑credit results, scholarship totals, and named advanced teachers or programs (examples: 'over 21 AP courses', 'IB program', 'student entering college with 16–32 credits', '$1.2M in scholarships'). Square reviews repeatedly point to explicit advanced‑course access and quantifiable postsecondary results, a pattern Circle reviews generally lack or report far less.\"",\n  \""square entries emphasize broader extracurricular breadth and stronger parent/community/booster engagement than circle entries\"": \""This bucket groups descriptions of a rich activity ecosystem and active community support: many clubs (often dozens), award‑winning band/arts/athletics, career academies and robotics, active boosters/PTO and alumni outreach, formal transition programs and spirit events (e.g., '50+ clubs and sports', 'boosters are very active', 'Link Crew freshman program', 'top robotics team'). Square reviews repeatedly highlight these organized, community‑driven extracurricular resources and visible parental involvement, whereas Circle reviews mention fewer or narrower extracurricular and booster activities.\"",\n  \""square entries report more targeted discrimination, social stratification, and exclusion (race, religion, wealth, LGBTQ+, disability) than circle entries\"": \""This bucket captures allegations of bias and social exclusion—racial and anti‑Muslim incidents, wealth‑based cliques and social elitism, homophobia/transphobia, language‑based microaggressions, and excluding students with disabilities from activities (e.g., 'anti‑Muslim prejudice', 'rich snobby kids... you will be bullied if you don't have a $400,000+ home', 'transgender students constantly harassed', 'no football for a child with a learning disability'). These specific reports of targeted harassment and systemic exclusion appear far more often in Square than in Circle.\""\n}""]",,56.136926889419556,19647,1472,2205,,[],['resp_0dcb820f2500be62006a7256d88c9081a1b9216675111fb6a1'],True
gen|0|8,"[""{\n  \""square entries report more extensive, formal advanced-academic programs and measurable college-prep outcomes than circle entries\"": \""These reviews describe concrete, school‑level curricula and signals — AP/IB/dual-enrollment/MERIT classes, AP scores and IB diploma pathways, named college acceptances and scholarship totals — that square reviewers cite as evidence of strong college preparation (examples: IB diploma and AP successes, dual enrollment, “Alot of kids got into UGA & Georgia Tech,” millions in scholarships). Circle reviews lack comparable program names, metrics, or alumni/college‑placement detail.\"",\n  \n  \""square entries report broader, higher-performing extracurricular programs and facility investment (music, arts, STEM, and competitive teams) than circle entries\"": \""Square reviewers enumerate many named activities, competitive achievements, and capital/facility projects — marching band wins and Carnegie Hall appearances, FFA/rodeo/robotics/flight/STEM internships, performing‑arts buildings and new construction — presenting a rich extracurricular ecosystem and facility investment that Circle reviews do not document.\"",\n  \n  \""square entries report more frequent and more severe student-safety and behavioral problems plus punitive/exclusionary discipline than circle entries\"": \""Square reviews contain repeated accounts of assaults, pervasive bullying, drug/sexual behavior, suicide/burnout concerns, use of police, and harsh exclusionary penalties (green‑school placements, denied attendance, fines, forced homeschooling), often coupled with claims that administration failed to act; Circle reviews do not describe this scale of safety incidents or such punitive exclusions.\"",\n  \n  \""square entries document more concrete administrative and operational breakdowns and inconsistent policy enforcement (including mishandled accommodations) than circle entries\"": \""Square reviewers report specific failures in day‑to‑day operations and policy follow‑through — scheduling errors, wrong classes, website shutdowns, delayed/erroneous failing notices, mismanaged 504/IEP accommodations, brutal tardy/attendance policies, guidance‑counselor mistakes and records-transfer problems — indicating systemic communication and execution gaps that Circle reviews rarely mention.\"",\n  \n  \""square entries report more systemic parental/community favoritism, nepotism, and athletics-first resource/prioritization that privileges some students over others than circle entries\"": \""Square reviews frequently allege that family wealth, last name, or athletic participation drives preferential treatment—coaches'/staff kids placed on teams, resources funneled to football, parents shielding misbehaving kids, and uneven support for IB/AVID vs regular students—describing a politicized, unequal access structure absent from Circle's accounts.\""\n}""]",,57.165817975997925,19577,2112,2687,,[],['resp_0dbd72c59f3c9b9c006a7256d79e88819db21c156f1621fcd9'],True
gen|0|36,"[""{\n  \""Square entries report stronger, broader, and more documented advanced academic pathways and measurable college‑preparation outcomes than circle entries\"": \""These reviews describe concrete advanced offerings and outcomes (full IB programs, dozens of AP courses, dual‑enrollment/CTE pathways, students entering college with AP/college credits, high college‑matriculation rates and top‑college admits, rising test scores and state/national rankings) while Circle reviews lack comparable named AP/IB/dual‑enrollment breadth or measurable college outcomes. Examples: claims of “over 21 AP courses,” AP/IB credits translating to college credit, and 90% college matriculation versus Circle’s no specific AP/college‑credit evidence.\"",\n  \""Square entries report more frequent, severe, and systemic student safety and behavior problems (fighting, gangs, drugs, hazing, pervasive bullying) and related crisis responses than circle entries\"": \""Many Square reviews detail ongoing on‑campus violence, gang fights, regular drug/alcohol incidents, repeated bomb threats, hazing and chronic bullying—and describe administration actions or failures tied to those crises—whereas Circle reviews rarely allege such severe safety problems. Examples: multiple accounts of daily fights, students arriving intoxicated, gang activity, and statements like “bomb threats and fights happened regularly.”\"",\n  \""Square entries report more extensive, award‑winning, and competitively successful extracurricular programs and invested facilities than circle entries\"": \""Square reviews frequently enumerate large, high‑quality extracurricular offerings (award‑winning marching bands, state champion teams, drama, DECA, robotics, outdoor education), capital investments (bond‑funded renovations, top facilities, specialized labs), and competitive achievements, while Circle reviews do not document comparable program breadth, awards, or facility scale. Examples: descriptions of 'award winning marching unit,' performing arts center bonds, extensive AP/academic teams and strong athletic coaching/facilities.\"",\n  \""Square entries describe more pronounced insider culture, social elitism, and favoritism/nepotism (cliques, status‑based discipline, athlete privilege) than circle entries\"": \""Numerous Square reviews report legacy/status advantages, nepotism in hiring and activity access, discipline applied by social status or parental influence, and exclusionary cliques that marginalize newcomers—claims that Circle reviews do not make. Examples: statements like 'If your last name is not important... you kind of fall by the wayside,' athletes 'get away with murder,' and 'nepotism at this school district is disgraceful.'\"",\n  \""Square entries report more detailed operational and governance dysfunctions—including leadership turnover, financial/corruption allegations, recordkeeping and scheduling failures, staffing instability, and contested student‑support/IEP/504 implementation—than circle entries\"": \""Reviewers in Square provide repeated, concrete accounts of high principal turnover, audit irregularities, board failures, mismanaged schedules/busing, understaffed counselors, and both documented wraparound supports and bitter IEP/504 battles (requests for attorneys, altered IEP notes), while Circle reviews contain far fewer such operational or governance complaints. Examples: 'constant changing of leadership,' principal resigned over 'auditing irregularities,' 'process of getting your child enrolled in special education is a nightmare,' and counselors described as 'overworked' or 'worthless.'\""\n}""]",,57.951947927474976,19232,1984,2699,,[],['resp_07c8fe6639ccd9ee006a7256d7a0f0819f91284876439e2caa'],True
gen|1|0,"[""{\n  \""square entries report more frequent and severe student safety and misconduct incidents (bullying, fights, drugs, assaults, gang activity, threats, lockdowns) than circle entries\"": \""This bucket captures reports of on-campus danger and unmanaged student misconduct: e.g., claims that 'there are fights every day,' 'students openly use drugs in the bathrooms and sell in hallways,' 'many gang fights,' 'death threats heard everyday,' student assaults, and allegations of teacher/SRO violence — patterns that appear repeatedly in square but are absent or far less frequent in circle.\"",\n  \n  \""square entries document broader, concrete curricular and postsecondary pathways and measurable outcomes (AP/IB/Cambridge, vocational certifications, dual‑credit, scholarships, tech distribution) than circle entries\"": \""This groups descriptions of substantive academic programs and results: square reviews name IB, AICE, AP, BASA, NJROTC, health‑career certifications, dual‑credit/college pathways, mandatory Chromebooks, and quantified scholarship totals (e.g., 'over 1.2 million dollars received in scholarships'), whereas circle rarely provides comparable, specific program lists or measurable postsecondary outcomes.\"",\n  \n  \""square entries report more administrative governance failures, favoritism/nepotism, inconsistent or punitive discipline, poor recordkeeping, and refusal-to-accommodate behaviors than circle entries\"": \""This bucket covers personnel, policy, and governance breakdowns: square reviewers allege nepotistic favoritism ('if your parent is a teacher...'), administrators ignoring or denying bullying, punitive exclusion (barring attendance, fining students), refusal to honor medical accommodations, lost grades/late records, and lax accountability for teacher misconduct — recurring operational/governance complaints that distinguish square from circle.\"",\n  \n  \""square entries provide more specific and polarized facility/operational detail — both evidence of capital investment and concrete maintenance/overcrowding/transportation/sanitation problems — than circle entries\"": \""Square reviews include named renovations and new turf or bleacher upgrades alongside concrete problems (overcrowding and trailers, no AC, mice in cafeteria, filthy bathrooms, bus driver bullying, lack of practiced drills), showing a pattern of vivid facility/operations reporting (upgrades and severe deficits) that circle entries do not similarly document.\"",\n  \n  \""square entries describe richer extracurricular arts/athletics programs, strong school‑spirit traditions, and active parent/community engagement (or parental response actions) more than circle entries\"": \""This groups accounts of organized extracurricular breadth and community life: square reviewers cite award‑winning choirs and theatre, CIF champions, active ASB/NJROTC/band, plentiful clubs, homecoming traditions and parent organizations — and even parent reactions (moving students, homeschooling) tied to those programs — while circle rarely lists such extensive arts/athletics/tradition detail.\""\n}""]",,59.1817626953125,18869,1600,2183,,[],['resp_0f3df3288e8acd36006a7256d7b6a8819dbcf74daf0c5fe5e4'],True
gen|4|50,"[""{\n  \""square entries describe substantially more advanced academic programs, formal college‑prep pathways, and measurable postsecondary outcomes than circle entries\"": \""This bucket groups reports that square schools list concrete advanced-offering and outcome evidence (AP/IB prominence, many AP/Honors, dual‑enrollment/college credits, ACT/SAT/award records, documented college matriculation) while circle reviews lack comparable program depth or measurable outcomes (examples: 'IB is the most prominent', '15 COLLEGE CREDITS transferred', 'SLU 1818 and ACT prep' vs. circle's general 'prepared for college' statements).\"",\n\n  \""square entries report more pervasive student safety, substance‑use, bullying, and law‑enforcement incidents (and punitive enforcement) than circle entries\"": \""This bucket captures concrete behavioral and safety problems tied to students and campus security that are much more frequently described in square reviews — drugs, gang activity, assaults/hazing, pepper‑spray/tasing, on‑campus weapons, repeated lockdowns, and punitive suspensions/police ticketing — whereas circle reviews generally do not document systemic safety incidents (examples: 'loaded handgun and drugs', 'Gangs are becoming a bigger problem', 'tazzing', 'suspensions that block coursework').\"",\n\n  \""square entries document more administrative dysfunction, suppression, favoritism, and lack of institutional accountability than circle entries\"": \""This includes repeated claims about unresponsive or defensive principals/boards, administrative cover‑ups, politicized or nepotistic decisionmaking, punitive personnel actions, inconsistent policy enforcement, and blocked parent/student reform efforts — items square reviewers cite frequently (e.g. 'administration created defensive barriers', 'they even fired a great teacher', 'Good Ol' Boy system', 'suspension counts do not add up'), while circle reviews rarely allege systemic governance failures.\"",\n\n  \""square entries show greater variability in teacher/staff behavior and concrete student supports — from intensive one‑on‑one help to high turnover and instructional breakdowns — than circle entries\"": \""This bucket groups raw terms describing both strong, tangible teacher support (weekend tutoring, long commutes, active counselors, good special‑ed instances, parent‑run college centers) and contrasting reports of dud teachers, classroom abandonment, high turnover, and poor classroom management; square reviews thus more often contain specific examples of both committed teacher practices and notable instructional failures, while circle reviews are more uniformly positive about teacher consistency (examples: 'meet with me for hours', 'teachers commute 60+ miles' vs. 'my teacher gave up teaching the class', 'constant teacher turnover').\"",\n\n  \""square entries provide more concrete detail about physical/programmatic infrastructure and resource allocation — facilities, capacity, specialized labs, extracurricular breadth, and funding tradeoffs — than circle entries\"": \""This bucket covers descriptions of overcrowding/portables, facility disrepair or renovations, food/sanitation issues, specialized labs/technology/CTE credentials, robust arts/music/theater and athletic programs, zoning/transportation barriers, and contested resource choices (athletics vs. arts), which square reviews name explicitly ('portables 102', 'fab lab', 'roof leaks/mold', 'metals lab with credentials', 'sports are excellent' or 'shortage in money caused smaller activities tossed aside'), while circle entries rarely provide this level of facility/programmatic detail.\""\n}""]",,57.40020298957825,19523,2112,2831,,[],['resp_08efff76614ebaae006a7256da2e4481a0b982776972884670'],True
gen|3|21,"[""{\n  \""square entries report far more named advanced-academic pathways, AP/IB/dual-credit breadth, and concrete college-credit/outcomes than circle entries\"": \""This bucket groups instances where reviewers list specific advanced programs and measurable postsecondary results (e.g., “20 AP classes…30+ hours of credit,” “42 college credits,” IB diploma outcomes, PLTW/robotics/STEM academies, and students admitted to Harvard/elite colleges) — circle entries instead give general claims of rigour or college readiness without comparable named pathways or quantified credit/outcome evidence.\"",\n  \n  \""square entries report more frequent and detailed student-safety, behavior, and substance-abuse incidents and inconsistent/enforcement failures than circle entries\"": \""This captures reports of bullying, everyday fights, gang activity, pervasive drug use/overdoses, weapons threats and visible police presence (e.g., “fights are an everyday occurrence,” “5 freshman overdosed,” “police cars outside every single day”) as well as claims that administrators fail to respond — circle entries largely omit these systemic safety/drug/violence problems.\"",\n  \n  \""square entries report more special‑education visibility and conflict (both concrete strong IEP/504 supports and repeated noncompliance/discrimination) than circle entries\"": \""Many square reviewers describe individualized IEP wins and guidance (e.g., “support teacher has been over the top,” “moved into regular classes from Asperger’s support”) alongside legal/procedural failures and discrimination (refusal to follow IEPs/504s, denied accommodations, exclusion from graduation, blaming students with disabilities), whereas circle entries contain little or no discussion of special‑education provision or disputes.\"",\n  \n  \""square entries report more administrative governance problems, favoritism, nepotism, and punitive/opaque leadership actions than circle entries\"": \""This groups claims about bureaucratic cover‑ups, hiring family/friends, fiscal misuse, public shaming, grade‑changing scandals, selective discipline and retaliatory behavior (quotes like “administration stinks,” “create positions for friends,” “principal publicly singled out and yelled at a student,” grade‑changing trial), while circle entries do not present this pattern of systemic leadership misconduct and instead focus on staff attitudes or solvable culture issues.\"",\n  \n  \""square entries report more facility/resource constraints and uneven extracurricular/athletics access — including overcrowding, maintenance problems, pay-to-play and athlete favoritism — than circle entries\"": \""Includes concrete building and capacity problems (roof leaks, mold smells, roaches, overcrowded hallways/lunch lines), budget cuts or misallocated spending, and the paradox of wide extracurricular offerings that are costly or restricted (pay-to-play, competitive access, favoritism toward athletes) — circle entries typically do not report pervasive facility decay, nor the same mix of broad offerings plus access inequities.\""\n}""]",,60.347201108932495,19479,1792,2413,,[],['resp_004d9521123f8df9006a7256d8bbe4819f828da58bcb3c25a5'],True
gen|4|36,"[""{\n  \""square entries document stronger formal advanced academic and career pathways, measurable college/career outcomes, and program-level metrics than circle entries\"": \""This bucket captures descriptions of school‑wide, credentialed academic tracks and demonstrable outcomes that appear much more often in square reviews (IB diploma program, many AP classes, Early College/dual‑enrollment, dedicated career academies, TRIO/upward bound, cited ACT/SAT/AP/graduation statistics and named alumni placements) while circle reviews lack comparable program-level offerings or metrics (no IB/early‑college pathways or school‑level outcome data). Examples: multiple square items name an IB academy, ’Took at Least One AP® Exam 46%’, ’ACT Avr. = 20’, alumni working at ESPN or attending Ivy‑level colleges, and explicit career‑academy‑to‑placement stories; circle contains few or no such structured program claims.\"",\n  \""square entries report more frequent and severe safety, discipline, and campus supervision problems than circle entries\"": \""This bucket groups concrete accounts of fights, bomb/shooting threats, drug/alcohol use on campus, locker break‑ins, lax door control/open campus, security delays, and daily supervision failures that are repeatedly asserted in square reviews but not described in circle. Examples: square notes 'fights on a daily basis,' 'students doing drugs in the bathroom,' multiple bomb/shooting threats, broken‑into lockers, and security that 'takes a long time to get there,' whereas circle reviews include no comparable safety or supervision incidents.\"",\n  \""square entries portray a sports‑centric culture with athlete favoritism and athletics‑first resource/practice decisions more than circle entries\"": \""This bucket captures square reviewers’ recurring claims that athletics dominate school culture and decision‑making (football/varsity prioritization, hand‑picked teams, athletes getting class/grade privileges, turf/field investments tied to athletics), contrasted with circle reviews that do not center athletic domination. Examples: square alleges 'If you don’t play sports ... you don’t really matter,' 'players are grandfathered,' 'most interested in how well the football team performs,' and notes athletic facility upgrades and classification impacts on varsity access; circle lacks comparable claims of athletic favoritism.\"",\n  \""square entries describe more administrative governance problems and fiscal/organizational dysfunction (nepotism, hiring favoritism, misallocated funds, opaque decision‑making, and poor communication) than circle entries\"": \""This bucket collects reports of district/school leadership practices that undermine trust and operations—hiring or hiring‑by‑nepotism, budget mismanagement/requests for outside audit, optics/quick‑fix initiatives, unreturned calls/emails, and inconsistent or punitive discipline—that are much more prominent in square reviews than in circle. Examples: square notes 'If you aren’t related ... you will not get the same treatment,' 'budget is a joke...needs outside audit,' 'superintendent does not return phone calls,' and leadership seeking 'a quick fix' rather than substantive supports; circle contains far fewer of these governance allegations.\"",\n  \""square entries report more concrete, personal student supports and operational access (teacher/counselor availability, IEP/504 implementation, after‑school help/transportation, parent/alumni engagement) than circle entries\"": \""This bucket groups descriptions of day‑to‑day human supports and enabling operations that reviewers attribute to the school—teachers available after school, involved counselors who secure missing credits, explicit IEP/504 planning and special‑education communication, after‑school buses/bell scheduling, active PTA/alumni fundraising and alumni networks—which square reviews mention substantially more than circle. Examples: square says 'teachers were accessible during after school hours,' 'talk to the office about your kid’s I.E.P,' 'MHS provides after‑school buses at both 3pm and 5pm,' and 'a very active parents group which raised over $300,000,' whereas circle reviews rarely document these concrete supports.\""  \n}""]",,58.72934889793396,19531,2048,2912,,[],['resp_01fdb86a589c7d27006a7256d9c97481928cc5472c29039977'],True
gen|0|30,"[""{\n  \""square entries describe broader/stronger advanced academic programs and measurable college/career outcomes than circle entries\"": \""These reviews emphasize concrete, high‑level academic offerings and outcomes at square schools — IB/AP breadth, formal career/academy pathways (STEM, medical, vocational, dual‑enrollment), measurable test/college-placement results, and remediation/academic-support programs — whereas circle reviews lack or minimize such documented program strength. Examples: repeated praise of IB and AP programs, dual‑enrollment/tuition‑free college credit, career pathway academies, explicit college admit lists and test‑score growth (IB program, “most AP classes,” “accepted to West Point/Yale,” “87% passed state Math test”) versus circle’s absence of comparable programmatic evidence.\"",\n  \""square entries report more frequent and severe student safety problems, substance use, and pervasive bullying/discrimination than circle entries\"": \""Square reviews contain many concrete safety incidents and community exposure — drug dealing and use in hallways, frequent fights and bloody assaults, stabbings, overdoses, visible vaping, racial slurs and student discrimination — while circle reviews generally do not report this level of on‑campus violence or substance prevalence. Illustrative raw claims include: 'Drug deals are made in the hallways,' 'There are fights almost every week,' 'stabbing... overdoses... N word is used a lot,' and students so anxious they wear kevlar/ankle pads.\"",\n  \""square entries document more punitive, exclusionary discipline practices, pushout, police/punitive enforcement, and inconsistent rule enforcement than circle entries\"": \""Square reviewers describe policies and enforcement that push students out or punish disproportionately — encouraged dropouts, expulsions/pushout, excessive write‑ups/detentions, police presence and threats, strict dress‑code enforcement, teacher‑driven class drops and inconsistent minor/major enforcement — whereas circle reviews either lack these systemic punitive practices or describe less exclusionary discipline. Examples: 'Many \\\""at‑risk\\\"" students have been encouraged to \\\""drop‑out\\\"",' 'teachers threaten kids with the cops,' 'handouts of write ups and lunch detentions over things as silly as having your mask below your nose,' and 'a teacher, not counselor, has the authority to drop a student from a class.'\"",\n  \""square entries report more staff unresponsiveness, high turnover, counseling and special‑education failures, and administrative rudeness/nepotism than circle entries\"": \""Square reviews frequently document understaffed/ineffective counseling, IEP/504 neglect, high teacher turnover, dismissive office staff, favoritism toward staff kids, and named staff misconduct or allegations — while circle reviews generally do not describe this combination of counseling/SPED breakdowns and staff hostility. Representative items: 'Only two counselors... never available,' 'teachers never looked at his 504 plan,' 'half the teachers have resigned,' 'receptionist would not acknowledge our presence,' and explicit staff misconduct investigations/suspensions.\"",\n  \""square entries foreground stronger or more politicized extracurriculars, athletics favoritism, and resource allocation issues than circle entries\"": \""Square reviews both praise concrete, high‑quality extracurricular pockets (music, robotics, ROTC, vocational labs) and strongly call out athletics‑first budgeting, coach favoritism, and misallocation of funds toward sports/tech over core instructional materials — whereas circle reviews do not present the same mix of prominent extracurricular achievements plus athletic favoritism/resource controversy. Examples range from 'top Robotics team/award‑winning band' and 'great performing arts' to complaints like 'spent $5 MILLION on a SPORTS facility when education is lacking' and 'coaches defend bad behavior / star athletes get preferential treatment.'\""\n}""]",,72.35387706756592,19147,1664,2454,,[],['resp_08ad224ae2582cc2006a7256d8053c819c980a6bdcd04b3158'],True
gen|0|27,"[""{\n  \""square entries describe more administrative dysfunction, indifference, turnover, and governance failures than circle entries\"": \""This bucket captures claims about leadership and district governance inside the building (e.g., eliminated supervisory positions, lost transcripts, constant counselor/principal turnover, rude front‑office behavior, calls for state/district intervention, and demands to fire principals/superintendents). Examples: Square reviewers ask for state supervision, report administrators who 'do not respond' or are 'very very rude', and describe repeated superintendent/board failures — phenomena not reported in Circle, which instead praises stable, revered leadership and regular principal communication.\"",\n  \""square entries document broader and more numerous structured academic/extra‑curricular pathways and formal college‑prep programs than circle entries\"": \""This bucket groups references to curricular and programmatic supply (AP/IB/Pre‑AP, dual enrollment, extensive electives, CTE/tech wings, robotics/biotech labs, language breadth, arts/magnet programs, and organized college counseling). Examples: Square lists 'huge selection of electives', 'IB and AP offerings, dual‑enrollment and strong career/tech partnerships', and named college counseling programs, whereas Circle typically reports few electives, limited honors/DE options, and no comparable programmatic catalogs.\"",\n  \""square entries report more frequent and severe student safety, disciplinary, and peer‑misconduct problems (bullying, gangs, drugs, fights, sexual harassment) than circle entries\"": \""This bucket groups concrete safety/behavior incidents and discipline failures: pervasive bullying and retaliation on reporting, gang activity, drug and vaping epidemics, frequent fights and vandalism, sexual harassment, and inconsistent or punitive enforcement that escalates problems. Examples: Square reviews cite 'drugs and gangs', 'bullying that worsens when reported', 'constant fights', bathroom smoking/vandalism, and students 'physically threatened', while Circle contains few or no comparable severe safety allegations.\"",\n  \""square entries describe more inconsistent or inadequate student support services (special education/IEP/504, counseling, mental‑health, and college advising) than circle entries\"": \""This bucket covers claims about the presence, reliability, and quality of student support systems — including IEP/504 noncompliance, missed special‑ed meetings, counselor overload/turnover, denial of health accommodations, scarce mental‑health supports, and uneven college advising. Examples: Square reports 'IEPs not honored', parents hiring advocates/attorneys, 'constant changing counselors', and both explicit special‑ed praise and serious failures; Circle rarely mentions special‑education or counseling breakdowns.\"",\n  \""square entries evidence greater teacher/staff instability, mixed instructional quality, and favoritism/nepotism than circle entries\"": \""This bucket aggregates reports of variable teacher competence (PhD holders who can't teach, teachers assigning work without instruction, young/inexperienced staff), high turnover and long‑term substitutes, and personnel bias (favoring athletes/affluent families, office hiring favoritism, nepotism). Examples: Square reviewers say 'a few very good teachers but many who expect kids to teach themselves', 'revolving door with teachers', and 'staff rub elbows with richer students', whereas Circle typically highlights consistently caring or effective teachers without widespread accusations of nepotism or chronic turnover.\""\n}""]",,84.11475396156311,19292,1472,2194,,[],['resp_0478c43ee6387424006a7256d876ac81929ae69e5291f8ece0'],True
