Identifier,Response,Web Search Sources,Time Taken,Input Tokens,Reasoning Tokens,Output Tokens,Reasoning Effort,Error Log,Response IDs,Successful
vote|reduce2|0|1,"[""{\n    \""square entries report greater variability and failures in instruction and student support services than circle entries (teacher competence, counseling, special‑education compliance, and course access)\"": \""This bucket groups the many raw terms about uneven/poor teaching, counselor shortages, IEP/504 noncompliance, missed classes/substitutes and restricted course access — a clearly instructional/student‑support domain distinct from (a) administrative/governance misconduct, (b) campus safety/incidents, (c) facility/capacity/resource problems, and (d) the existence or breadth of advanced academic programs.\"",\n    \""square entries report more frequent and severe student safety and discipline incidents (fights, gangs, drugs/vaping, weapons, lockdowns, pervasive bullying) than circle entries\"": \""This bucket captures the cluster of raw terms documenting physical safety threats, fights, drugs, weapons, bullying and mishandled discipline — issues about day‑to‑day student safety and peer misconduct that are separate from administrative governance failures, instructional quality, facility/crowding problems, or academic-program breadth.\"",\n    \""square entries report more concrete facility/resource and capacity issues, capital projects, and contested funding allocations than circle entries\"": \""This bucket groups raw terms about overcrowding, broken/restroom/maintenance problems, textbook/technology shortages, contested capital projects and visible funding choices — material and capacity constraints distinct from governance malpractice, teacher/support variability, safety incidents, or programmatic academic offerings.\"",\n    \""square entries describe substantially broader formal advanced/magnet/STEM/AP/IB/CTE academic programs and clearer college‑prep pathways — but also stronger intra‑school academic tracking and stratification between advanced and regular courses — more than circle entries\"": \""This bucket collects the many mentions of explicit AP/IB/honors/magnet/dual‑credit/CTE programs and measurable college outcomes — including descriptions of tracking and resource stratification — which are programmatic/ curricular features different from facility, safety, instruction/support, or governance problems.\"",\n    \""square entries report more administrative and governance dysfunction — unresponsiveness, opaque district/board problems, nepotism/financial irregularities, and inconsistent policy enforcement — than circle entries\"": \""This bucket groups reports of board/district mismanagement, nepotism, fiscal irregularities, punitive or arbitrary policy enforcement and cover‑ups — problems of leadership and governance that are conceptually distinct from instructional quality, physical safety incidents, facilities/capacity, or the presence of advanced academic programming.\""\n}""]",,21.22413969039917,22272,1152,1668,,[],['resp_04ca8768aba8ba6f006a72579d9ca081a0978e2012a1847588'],True
vote|reduce2|23|0,"[""{\n    \""square entries report more administrative and operational dysfunction (leadership turnover, policy inconsistency, poor communication, staffing instability, resource misallocation) than circle entries\"": \""Captures complaints about governance, policy shifts, opaque district/board behavior, staffing churn and misallocated budgets; this is distinct from safety, facilities, academic-program breadth, and special‑education/service failures because it focuses on leadership/operational governance rather than student behavior, physical plant, curricular offerings, or direct student‑support compliance.\"",\n    \""square entries report more pervasive student safety and conduct problems (bullying, fights, vaping, substance use, assaults) than circle entries\"": \""Groups all reviews documenting on‑campus violence, frequent fights, drug/substance problems, hazing and bullying and visible policing; this cluster is exclusive because it concerns student safety/behavior incidents and supervision breakdowns rather than administrative governance, program offerings, building logistics, or IEP/504/counseling compliance.\"",\n    \""square entries describe a broader, more documented menu of specialized academic pathways and extracurricular breadth (AP/IB/dual‑enrollment, vocational tracks, award‑winning arts/athletics, academies) than circle entries\"": \""Aggregates reports of concrete advanced-course offerings, IB/AP/dual‑enrollment, vocational/CTE programs, award‑winning arts and competitive athletics and measurable college outcomes; this bucket is programmatic (curriculum and extracurricular opportunity) and kept separate from facility/operational descriptions, safety incidents, administrative dysfunction, and individualized‑support failures.\"",\n    \""square entries contain more concrete facility, operational and infrastructure descriptions (both deficiencies and capital investments) than circle entries\"": \""Groups all material, logistical and infrastructure details—cafeteria/food safety, odors/pests, overcrowding/traffic, renovations/technology rollouts, transportation and scheduling problems—distinct from governance, safety/behavior, curricular breadth, or special‑education/service issues because it addresses the physical and operational environment of the school.\"",\n    \""square entries report more systemic failures and inconsistency in individualized student supports (special education, IEP/504 enforcement, guidance/counseling and mental‑health services) than circle entries\"": \""Captures essays about IEP/504 noncompliance, counseling shortages/mishandling, mental‑health neglect and both documented rescue successes and failures; this bucket is narrowly about individualized supports and legal/process compliance and is therefore distinct from admin governance broadly, facility conditions, safety incidents, or programmatic academic breadth.\""\n}""]",,24.279036283493042,26798,1344,1895,,[],['resp_08044a1df2346bfe006a72579dd00c819c8d471f2233634814'],True
vote|reduce2|23|1,"[""{\n    \""square entries report more administrative/staff governance dysfunction, favoritism, personnel misconduct, and resource/logistics failures than circle entries\"": \""Groups reviews describing leadership unresponsiveness, nepotism/favoritism, staff misconduct, record‑keeping and communication breakdowns and policy cover‑ups (e.g., hostile principals, wrongful withdrawals, administrative retaliation); this bucket is about governance and personnel practice and is kept distinct from student‑safety, student‑support, academic-program, and facilities issues which each address different actors and domains.\"",\n    \""square entries report more safety, bullying, substance‑use, and race/harassment incidents and ineffective disciplinary responses than circle entries\"": \""Captures concrete student‑safety and hostile‑climate reports (fights, EMS calls, pervasive bullying, LGBT/race‑targeted harassment, drug use) and repeated failure or inconsistency of disciplinary responses; it differs from the administrative bucket because it codes incidents and climate outcomes rather than managerial or personnel practices.\"",\n    \""square entries describe more inconsistent or inadequate student support services (special education/IEP/504, counseling, mental‑health, and college advising) than circle entries\"": \""Groups accounts about special‑education noncompliance, uneven IEP implementation, overworked/unhelpful counselors, poor college guidance or targeted remediation (both success and failure stories); this is focused on the availability and fidelity of student‑facing supports, not on program breadth, facilities, or governance per se.\"",\n    \""square entries report more concrete advanced-academic programs and measurable postsecondary outcomes than circle entries\"": \""Collects explicit mentions of AP/IB/Pre‑AP, dual‑enrollment, CTE/vocational pathways, measurable college credits and alumni college/career outcomes (e.g., dual credits, IB/AICE/tech pathways); it is expressly about program offerings and measurable outcomes and kept separate from support‑service quality or governance complaints.\"",\n    \""square entries report more acute facility, capacity and maintenance problems than circle entries\"": \""Groups complaints about overcrowding, sanitation, leaking roofs, supply shortages, scheduling/logistics constraints and infrastructure swings (new buildings vs. interior neglect); this bucket is about the physical environment and operational capacity and is mutually exclusive from governance, safety incidents, student supports, and academic program descriptions.\""\n}""]",,27.191709995269775,22229,1408,1885,,[],['resp_0d8bbfecc3a822b2006a72579d9bd0819c9b41b1ec4eaa6db0'],True
vote|reduce2|21|0,"[""{\n    \""square entries document more administrative dysfunction, favoritism, politicized or financially driven decision‑making, and mismanagement than circle entries\"": \""This bucket groups all governance- and personnel-centered reports (board/district blame, nepotism, cover‑ups, leadership turnover, punitive/opaque policies and fiscal/prioritization complaints) and is distinct from operational, safety, instructional, or programmatic buckets because it focuses on decision‑making, personnel conduct and governance rather than facility conditions, student incidents, classroom quality, or program offerings.\"",\n    \""square entries contain more detailed, concrete reports about facilities, operations, and on‑campus logistics (maintenance, cleanliness, overcrowding, transportation, cafeteria, security hardware) than circle entries\"": \""This bucket captures day‑to‑day physical and logistical issues (broken bathrooms, overcrowded corridors, meal/bussing/tech rollouts, construction/renovation swings) and is mutually exclusive from the governance bucket (which is about who makes decisions), the safety bucket (which is about student harm), the instructional/support bucket (which is about teaching and counseling), and the academic-program bucket (which is about AP/IB/CTE offerings).\"",\n    \""square entries report more frequent and severe student safety and discipline incidents (fights, gangs, drugs/vaping, weapons, lockdowns, pervasive bullying) than circle entries\"": \""This groups concrete reports of student harm, peer harassment, substance and gang activity, sexual harassment, and administrative failure to protect — a distinct theme centered on safety/discipline incidents and responses rather than facilities, governance, curricular offerings, or teacher/counseling variability.\"",\n    \""Square entries report richer, more detailed specialized academic pathways, AP/IB/magnet offerings, and measurable college‑prep outcomes than circle entries\"": \""This bucket clusters all explicit descriptions of formal advanced-program breadth and outcomes (AP/IB/dual‑enrollment, magnets, CTE/STEM academies, scholarship/college acceptances) and is separate from instructional variability (how classes are taught), operational problems, governance, or safety issues because it deals with program availability and postsecondary results.\"",\n    \""square entries show greater variability in classroom instruction and in student-facing supports (teacher quality, counseling, and special‑education access) — including both praised individualized help and repeated reports of unmet accommodations — than circle entries\"": \""This bucket captures inconsistencies in pedagogy, counselor/IEP performance, special‑education compliance, and polarized teacher quality (from standout mentors to neglectful staff), which is conceptually distinct from governance decisions, physical/logistical conditions, campus safety incidents, and the existence/level of formal advanced programs.\""\n}""]",,29.037472009658813,26904,1216,1778,,[],['resp_01daef6926b30674006a72579da0f8819292e8083d97bd8dbe'],True
vote|reduce2|12|0,"[""{\n    \""square entries describe more concrete college‑preparatory programs, advanced coursework and measurable postsecondary outcomes (AP pass rates, dual enrollment, elite admits, scholarships) than circle entries\"": \""Groups many raw items that list named AP/IB/dual‑credit pathways, measurable college placements and scholarship/test metrics into a single, program‑and‑outcomes bucket that is distinct from extracurricular, safety, facilities or governance concerns.\"",\n    \""square entries report more frequent and more severe student-safety and behavioral problems plus punitive/exclusionary discipline than circle entries\"": \""Captures the many reports of fights, bullying, drugs, assaults, threats, police/security involvement and heavy use of alternative/punitive placements — a concrete student‑safety/discipline cluster that is substantively different from program breadth, facilities, administrative governance, or support‑service issues.\"",\n    \""square entries document more administrative and governance failures, unresponsiveness, turnover, and fiscal/policy mismanagement than circle entries\"": \""Groups allegations about cover‑ups, favoritism/nepotism, board/leadership failures, opaque policy decisions, and high turnover together so governance/administration failures are separated from facilities problems, student safety, academic programming, and direct student supports.\"",\n    \""square entries report more concrete facility, technology, food-service, and logistical resource problems (and occasional visible renovations) than circle entries\"": \""Bundles sanitation, cafeteria quality, overcrowding, mold/health hazards, transport/scheduling, device rollouts, and visible capital projects into a single operational/resources bucket distinct from administration, safety, curricular or support‑service themes.\"",\n    \""Square entries provide more concrete accounts of counseling, special‑education supports, alternative programs and individualized interventions (including both successes and failures) than circle entries\"": \""Collects the many concrete, often conflicting reviewer accounts about IEP/504 mishandling, counseling/guidance performance, credit recovery, tutoring and special‑needs accommodations into one bucket focused on individualized student supports, separate from governance, facilities, safety, or advanced‑program claims.\""\n}""]",,30.847233772277832,26825,2432,2879,,[],['resp_06a88a6ae4330da5006a72579d9e6c819d8ba14e16ffbf7d5b'],True
vote|reduce2|10|0,"[""{\n    \""square entries report more administrative dysfunction, unresponsiveness, and misconduct (including nepotism, deceptive practices, and punitive parent responses) than circle entries\"": \""Covers governance/board/discipline/record‑keeping/favoritism failures (nepotism, cover‑ups, punitive transfers, mismanaged IEPs) described across many square reviews and is distinct from physical facility complaints, student safety incidents, program breadth, or variability in classroom supports.\"",\n    \""square entries report more frequent and severe student-safety incidents, bullying, fights, substance use, weapons, and discrimination than circle entries\"": \""Groups the many concrete reports of violence, bullying, gangs, drug/vaping incidents, sexual harassment and weapons threats in square entries and is clearly about student safety/behavior rather than administrative governance, facilities, academic offerings, or teacher/support variability.\"",\n    \""square entries report more extensive advanced academic and postsecondary pathways (AP/IB/dual‑enrollment/magnet/STEM/vocational) and measurable college outcomes than circle entries\"": \""Captures the numerous square claims of formal advanced pathways, AP/IB/dual‑credit, magnet/STEM/CTE programs and explicit college/scholarship outcomes (distinct from complaints about resources, safety, or administration).\"",\n    \""square entries report more facility, maintenance, and resource allocation problems (pests, overcrowding, HVAC, limited tech, uneven funding) than circle entries\"": \""Collects the concrete operational and physical‑plant failures in square reviews (overcrowding, dirty bathrooms, HVAC, construction, contested spending) and is separate from governance misconduct, student safety incidents, programmatic richness, or inconsistent classroom supports.\"",\n    \""Square entries show greater within‑school variability and inconsistent student supports (uneven teacher quality, mixed special‑education/IEP and counseling implementation, polarized student outcomes, and repeated parental advocacy) than circle entries\"": \""Groups square descriptions of stark intra‑school contrasts — standout teachers and college pipelines alongside IEP noncompliance, variable counseling, and widely divergent student outcomes — which is about instructional/support inconsistency rather than facilities, safety, governance, or sheer program breadth.\""\n}""]",,31.61918306350708,27038,1792,2288,,[],['resp_089c2c4bb56efba8006a72579d9e5481a3ab58d6621a3cb034'],True
vote|reduce2|16|0,"[""{\n    \""square entries report more frequent and severe student safety, substance, and security incidents (fights, assaults, drug dealing, lockdowns) than circle entries\"": \""Many raw items document fights, gang activity, drug epidemics, weapon/gun threats, pervasive bullying and police responses—this bucket isolates operationalized safety/violence/substance incidents (what happens to students physically and criminally) and is distinct from facility upkeep, administrative misconduct, or program offerings.\"",\n    \""Square entries document more administrative and district‑level mismanagement, favoritism/nepotism, politicization, and legal/financial controversies than circle entries\"": \""Numerous reviews name principals, indictments, favoritism, cover‑ups, opaque board decisions and fiscal scandal—this groups governance/leadership and systemic misconduct issues (who runs the school and how) and is conceptually separate from student safety events, instructional programs, facilities, or counseling/service breakdowns.\"",\n    \""square entries report more concrete advanced-academic programs and measurable postsecondary outcomes than circle entries\"": \""Many square reviews enumerate AP/IB/dual‑enrollment, academies, college credit and scholarship/acceptance metrics—this bucket captures programmatic academic breadth and measurable college‑prep outcomes (what curricular pathways exist and their results), not facility problems, safety incidents, or administrative behavior.\"",\n    \""Square entries report more concrete facility, operational, and resource problems (overcrowding, maintenance failures, textbook/technology shortages, scheduling/logistics, and fee pressures) than circle entries\"": \""Raw terms repeatedly cite overcrowding, HVAC/extreme temperatures, pests, broken infrastructure, tech/portal failures, outdated catalogs and scheduling failures—this groups physical plant and day‑to‑day logistics/resource constraints (how the building and operations function) and is distinct from student support services, safety incidents, or program offerings.\"",\n    \""square entries report more failures and strain in student support services, counseling, and special education compliance than circle entries\"": \""Numerous items describe unresponsive guidance counselors, IEP/504 breakdowns, special‑education dumping, and unmet mental‑health needs—this bucket isolates student‑facing supports and legal/accommodation compliance (services intended to help students) and is kept separate from governance, facilities, safety incidents, or academic program breadth.\""\n}""]",,32.0435688495636,26533,1728,2249,,[],['resp_0ce750c34aaded6d006a72579d9c88819d8f453d36845739bb'],True
vote|reduce2|7|0,"[""{\n    \""square entries report more severe and pervasive student safety, bullying, substance‑use, and mental‑health crises than circle entries\"": \""Captures the large cluster of reports about fights, weapons, gang/drug presence, pervasive bullying, suicidality and mental‑health harm in square reviews — a distinct operational safety/climate theme that is separate from program offerings, administration behavior, staffing/support services, or facility/resource issues.\"",\n    \""square entries report more concrete advanced academic pathways and measurable postsecondary outcomes (AP/IB/honors, dual‑enrollment, magnets, college placement, test‑score claims) than circle entries\"": \""Groups the many square claims about formal AP/IB/dual‑enrollment/magnet/CTE tracks, test‑score and scholarship evidence and college placements — a program/outcome dimension that is materially different from safety, extracurricular/facility footprint, administrative governance, or counseling/IEP failures.\"",\n    \""square entries emphasize richer extracurricular/athletics offerings and visible facility investments but also more crowding, resource‑allocation controversies, and maintenance problems than circle entries\"": \""Collects the mixed square material about abundant clubs/band/athletics, booster/funding dynamics, capital projects and simultaneously reported overcrowding, pests, hygiene and contested budget priorities — a facilities/extra‑curricular/resource allocation cluster distinct from academic-program quality, safety incidents, administrative misconduct, or student‑support compliance.\"",\n    \""square entries report more administrative dysfunction, procedural errors, favoritism/nepotism, and governance instability than circle entries\"": \""Groups complaints about boards/principals, retaliation, opaque recordkeeping, politicized priorities, favoritism toward athletes/prominent families and leadership turnover — a governance/authority dysfunction theme that is operationally different from safety events, program availability, facilities/fees, or frontline student supports.\"",\n    \""square entries report more failures and strain in student support services, counseling, and special education compliance than circle entries\"": \""Captures the many square-specific reports about ignored IEPs/504s, overworked or unhelpful counselors, graduation-blocking record errors and inconsistent accommodation — a focused student‑support/compliance cluster that is distinct from teacher/program quality, administration/governance, safety incidents, or facility/extracurricular descriptions.\""\n}""]",,32.56047606468201,26897,2176,2683,,[],['resp_011ec9a243c4444d006a72579d9f9081a2af35a517fa074f38'],True
vote|reduce2|18|0,"[""{\n    \""square entries report more administrative and operational dysfunction (leadership turnover, policy inconsistency, poor communication, staffing instability, resource misallocation) than circle entries\"": \""This groups all governance, leadership and process failures (turnover, opaque policies, record/scheduling errors, poor parent communication and staff mismanagement) into a single administrative bucket that is distinct from facilities, safety, academics, or student‑support concerns.\"",\n    \""Square entries provide more concrete measurable academic outcomes, counseling and college‑preparation evidence (both positive and negative) than circle entries\"": \""This bucket captures the detailed, evidence-based academic claims in square (AP/IB/dual enrollment metrics, scholarships, college admits, documented counseling/college‑prep services) and is explicitly about academic/programmatic outcomes, not about administration, safety, facilities, or special‑education.\"",\n    \""square entries report more frequent and severe student safety incidents and failed incident responses (bullying, fights, drugs, self‑harm, sexual assault) than circle entries\"": \""This groups all peer‑misconduct and safety/discipline failures (bullying, fights, substance use, assault, and administrators' mishandling of incidents) into a single safety/climate bucket, separate from resource, governance or instructional program themes.\"",\n    \""Square entries report more concrete facility, operational, and resource problems (overcrowding, maintenance failures, textbook/technology shortages, scheduling/logistics, and fee pressures) than circle entries\"": \""This bucket isolates tangible physical and operational resource constraints—building condition, overcrowding, custodial/tech/textbook shortages, transportation/traffic and pay‑to‑participate fees—distinct from leadership decisions, instructional quality, or student support services.\"",\n    \""square entries report weaker or under‑resourced special‑education, counseling, and mental‑health supports than circle entries\"": \""This groups complaints about IEP/504 noncompliance, denied evaluations, overwhelmed counselors, inadequate mental‑health support and inconsistent accommodations into a focused student‑support bucket that is conceptually separate from broad academics, facilities, safety incidents, or governance problems.\""\n}""]",,33.417840003967285,26953,2048,2488,,[],['resp_077593172789e462006a72579da02c81a193211699be092f64'],True
vote|reduce2|1|0,"[""{\n    \""Square entries document more administrative and governance dysfunction — unresponsiveness, favoritism/athletic/wealth bias, leadership turnover, fiscal scandal and punitive or opaque policies — than circle entries\"": \""This bucket groups reviews that describe district/board/leadership failures, cover‑ups, favoritism/nepotism and budget or policy scandals (e.g., calls for outside audits, secretive boards, punitive graduation/discipline policies) and is distinct from facility, safety, programmatic or classroom‑level issues because it centers on governance and managerial misconduct rather than physical resources, student incidents, curricular breadth, or teacher variability.\"",\n    \""Square entries report more frequent and severe student safety, bullying, substance‑use, violence, and disciplinary mishandling than circle entries\"": \""This bucket captures the many accounts of fights, gangs, drugs, weapons, sexual‑harassment, police involvement and tolerated bullying/mental‑health crises in square reviews and is mutually exclusive from governance, facilities, academic programming or instructional variability because it focuses on incidents harming student safety and the school’s crisis/discipline outcomes rather than who runs the district, what programs exist, or how teachers perform.\"",\n    \""Square entries report more concrete facility and resourcing contrasts and varied extracurricular resourcing (overcrowding/renovation, sanitation, tech/books shortages, or robust arts/athletics support) than circle entries\"": \""This bucket groups descriptions of physical infrastructure, overcrowding, pests/mold, parking/traffic hazards, capital projects, equipment/textbook shortages and contested funding priorities (athletics vs arts) and is separate from governance (decision‑making), safety incidents, curricular breadth, or teacher/support variability because it concerns observable material capacity and resource allocation rather than policy misconduct, safety events, program content, or staff practice.\"",\n    \""square entries describe more extensive advanced academic, CTE, and measurable college‑preparation offerings and outcomes than circle entries\"": \""This bucket collects reviews documenting AP/IB/dual‑enrollment, vocational/CTE tracks, magnet/academy programs and measurable postsecondary outcomes (scholarships, elite college admits, college credits) and is distinct from facility, governance, safety, or teacher‑quality buckets because it concerns programmatic breadth and student academic pathways and outcomes rather than infrastructure, managerial problems, campus safety, or instructional consistency.\"",\n    \""square entries evidence greater variability in teacher instructional quality and student support (including special education), ranging from standout, highly supportive teachers to widespread disengagement or noncompliance, more than circle entries\"": \""This bucket groups the polarized accounts of teachers/counselors—examples of exceptional one‑on‑one remediation and staff sacrifice alongside claims of absenteeism, favoritism, poor IEP handling and counseling shortages—and is exclusive from governance, safety, facilities or program‑breadth buckets because it focuses on in‑class instruction and student‑facing support system variability rather than governance failures, violent incidents, material conditions, or available programs.\""\n}""]",,33.54945397377014,26818,1856,2514,,[],['resp_0a27fd5475512679006a72579d9be4819c9fbeeb0c9dec4e03'],True
vote|reduce2|7|1,"[""{\n    \""square entries report more severe student-safety, discipline, substance and gang problems (with administrative tolerance or inaction) than circle entries\"": \""Groups every raw term about fights, bullying, suicides, drugs, sexual misconduct, gang issues, police/lockdown events and explicit administrative inaction or tolerance—distinct from program/offering, staffing-variability, governance, or facilities/resource themes captured by the other buckets.\"",\n    \""square entries report more administrative unresponsiveness, favoritism, procedural inconsistency, and cover‑up behavior than circle entries\"": \""Collects complaints about nepotism, favoritism, unresponsive leadership, cover‑ups, inconsistent/punitive discipline, governance/board failures and opaque parent communication, which are governance and process issues separate from safety incidents, curricular/program breadth, facilities/resource problems, or within‑school instructional variability.\"",\n    \""square entries describe more extensive, rigorous, and varied advanced‑academic and career pathways (AP/IB/honors/STEM/CTE) than circle entries\"": \""Captures the suite of concrete advanced‑academic and vocational offerings, AP/IB/dual‑enrollment outcomes, CTE certificates and measurable college matriculation claims—a programmatic/outcome dimension that is conceptually separate from safety, administration, facilities, or teacher/support variability.\"",\n    \""Square entries exhibit larger divergences in facilities, resources and budgeting—reporting both recent capital investments and acute maintenance/overcrowding/resource shortfalls—more than circle entries\"": \""Groups raw terms about new buildings, cleanliness, overcrowding, portables, technology rollouts, budgeting/prioritization debates and logistical/facility failures—an operational/infrastructure axis distinct from curricular programs, administrative misconduct, safety incidents, or intra‑school staff variability.\"",\n    \""Square entries show greater within‑school variability and contradictory reports about teacher effectiveness, special‑education services, and student supports than circle entries\"": \""Captures polarization and contradictory accounts (pockets of excellent one‑on‑one support vs. neglect, IEP/504 failures, uneven teacher quality, and mixed counseling/tutoring reports) which is a distinct pattern about variability of practice inside the school separate from systemic governance, program breadth, safety crises, or facility/resource issues.\""\n}""]",,34.75928497314453,22081,1984,2479,,[],['resp_0b75003c0ab61145006a72579d95b081a3ac1a14bc37c4689b'],True
vote|reduce2|4|1,"[""{\n    \""square entries report more administrative unresponsiveness, favoritism, and inequitable practices (including special‑education noncompliance) than circle entries\"": \""Groups many reviews describing governance failures, opaque board/district actions, favoritism/nepotism, recordkeeping/transcript/scheduling barriers, retaliatory or dismissive leadership, and inequitable treatment (including mishandled IEP/504 cases) — distinct from safety, programming, facility, or instructional themes because it centers on managerial/governance behavior and policy enforcement rather than student incidents, extracurricular breadth, infrastructure, or academic program content.\"",\n    \""square entries report more frequent and severe student-safety and social-climate problems (bullying, drug/vaping use, fights, gang/weapon incidents, racism/transphobia, self-harm) than circle entries\"": \""Groups the many concrete accounts of bullying, assaults, weapons/drug sightings, lockdowns, racialized harassment, suicidality/self‑harm concerns, and failures to respond — distinct from administrative mismanagement (which is about governance) and from program/facility descriptions (which are about offerings or infrastructure) because this bucket is about on‑site student harm and crisis incidence and response.\"",\n    \""square entries document broader and more explicit advanced academic and vocational offerings and measurable college outcomes than circle entries\"": \""Captures all reports of AP/IB/honors/STEM/CTE/dual‑enrollment, internships, vocational certificates, and named college acceptances or scholarship totals — separate from extracurricular/athletics breadth and from facility or governance issues because it focuses on curricular pathways, credentials, and measurable postsecondary outcomes.\"",\n    \""Square entries emphasize broader extracurricular, arts, vocational and athletic program breadth and often report athletics‑first resource/favoritism dynamics more than circle entries\"": \""Groups reviews that list numerous clubs, award‑winning band/music, robust sports, ROP/CTE offerings, booster/parent support and also critique preferential funding for athletics — distinct from the advanced‑academics bucket (which is curricular/college‑prep) and from facilities/funding shortages (which are about physical resources and maintenance) because this bucket is about programmatic breadth and community/booster involvement plus sport‑centric prioritization.\"",\n    \""Square entries document more concrete facility, overcrowding, and resource shortfalls (infrastructure, HVAC, pests, textbooks, equipment, technology) than circle entries\"": \""Collects complaints and descriptions of overcrowded classes, broken bathrooms, poor sanitation, outdated or missing textbooks/technology, transportation overcrowding, and contested capital investments — distinct from governance/favoritism (decision actors) and from extracurricular or curricular program presence because this bucket is about tangible physical/logistical conditions that constrain daily schooling.\""\n}""]",,35.07550811767578,22670,1984,2583,,[],['resp_0074e3a3971072c1006a72579d812c819c8544558641a17a87'],True
vote|reduce2|3|0,"[""{\n    \""Square entries report more frequent and severe student safety, bullying, substance‑use, violence, and disciplinary mishandling than circle entries\"": \""This bucket groups all concrete reports of fights, weapons, drugs, assaults, pervasive bullying, lockdowns, suicides, and administrators mishandling safety—distinct from facility, programmatic, staffing, or governance complaints because it centers on student harm and incident response rather than resourcing or curricular offerings.\"",\n    \""Square entries report substantially stronger and more numerous advanced academic, AP/IB, dual‑enrollment and career‑technical pathways and measurable college outcomes than circle entries\"": \""This bucket captures the large cluster of named advanced‑academics, dual‑credit, IB/AP/CTE/magnet programs and documented college placements/scholarships—which is programmatic/outcome‑focused and therefore separate from safety, facilities, governance, or teacher‑variability issues.\"",\n    \""square entries report greater administrative/governance dysfunction, inconsistent staff quality, punitive or uneven policy enforcement, and parental withdrawal actions than circle entries\"": \""This bucket aggregates allegations of nepotism, fiscal mismanagement, opaque board/policy behavior, selective or punitive discipline, retaliatory responses to parents, and mass withdrawal campaigns—distinct from physical safety incidents, facility conditions, program breadth, or classroom instructional variability.\"",\n    \""square entries provide more concrete operational facility, resource, and logistical detail and report more overcrowding, maintenance, and communication failures than circle entries\"": \""This bucket groups detailed, tangible accounts of building decay, HVAC/asbestos/pest problems, overcrowding/trailer use, cafeteria/food charges, scheduling/transportation breakdowns and contested spending—a facilities/operations focus that is separable from governance, safety, curricular programs, or teacher practice variability.\"",\n    \""square entries exhibit greater variability and polarization in teacher quality, instructional rigor, and student‑support practices than circle entries\"": \""This bucket gathers reports that the same school has both standout, highly supportive teachers and many unqualified/unstable instructors, inconsistent grading/attendance practices, and mixed special‑education/counseling implementation—an instructional/support variability theme that is conceptually distinct from safety incidents, program offerings, governance, or physical facilities.\""\n}""]",,35.172444343566895,26884,2176,2655,,[],['resp_0dac27d206dba3c5006a72579d9d98819290ee7482cbc2868e'],True
vote|reduce2|12|1,"[""{\n    \""Square entries describe more concrete, diverse advanced academic and career-readiness programs and measurable postsecondary outcomes (AP/IB/dual-credit/CTE/academies) than circle entries\"": \""Groups reviews that repeatedly cite named AP/IB/AVID/dual‑enrollment/CTE pathways, scholarships, and measurable college admissions—this is focused on structured academic/career opportunities and outcomes and is distinct from governance, facilities, safety, or counseling issues.\"",\n    \""square entries report more administrative/staff dysfunction, favoritism, retaliation and inequitable or unprofessional personnel practices than circle entries\"": \""Captures repeated claims about nepotism, selective discipline, cover‑ups, punitive staff behavior, and personnel misconduct—this bucket targets governance and staff conduct problems specifically and is mutually exclusive from facility, safety, programmatic, or student‑support/service failures.\"",\n    \""square entries report more concrete facility, operational, and resource problems (overcrowding, maintenance failures, textbook/technology shortages, scheduling/logistics, and fee pressures) than circle entries\"": \""Clusters reviews describing tangible infrastructure, scheduling, capacity, funding‑allocation, and day‑to‑day operational faults (broken AC, overcrowded classes, tech/textbook shortfalls, transportation/half‑day issues), which are physical/operational problems distinct from administrative misconduct, safety incidents, program breadth, or counseling/special‑education failures.\"",\n    \""square entries report more frequent and severe student-safety and social-climate problems (bullying, drug/vaping use, fights, gang/weapon incidents, racism/transphobia, self-harm) than circle entries\"": \""Groups accounts of violence, pervasive bullying, substance use, racial/sexual harassment, and related security/law‑enforcement responses—this bucket is centered on student safety and climate and is separate from program offerings, facilities/operations, administrative governance, or counseling compliance.\"",\n    \""Square entries report more systemic failures in student support services — special education/IEP/504 noncompliance, overwhelmed or ineffective guidance/counseling, and mental‑health neglect — than circle entries\"": \""Collects reports about IEP/504 noncompliance, counselor dysfunction, unmet accommodations, and ignored mental‑health needs—this bucket addresses formal student‑support systems and compliance distinct from teacher/program quality, physical resources, governance/favoritism, or campus safety incidents.\""\n}""]",,35.235270977020264,22111,2240,2744,,[],['resp_008ad7f1a741175c006a72579d9f9481a3a8398ed65685458c'],True
vote|reduce2|11|0,"[""{\n    \""Square entries detail more concrete advanced academic and career programs and measurable outcomes (AP/IB, dual‑enrollment, CTE, test scores, college acceptances) than circle entries\"": \""This bucket groups all items about named advanced programs, measurable college‑prep outcomes, dual‑credit/CTE offerings and scholarship/placement evidence — a distinct program/outcome dimension separate from safety, facilities, special‑education, or governance issues.\"",\n    \""square entries report more frequent and severe student safety/behavior incidents (bullying, fights, drugs, weapons, racialized harassment) and visible policing than circle entries\"": \""This bucket captures concrete on‑campus safety, bullying, substance, weapons, gang, lockdown and policing incidents — a student‑safety/discipline cluster that is different from program richness, facilities/logistics, special‑education failures, or administrative governance problems.\"",\n    \""square entries document more administrative dysfunction, inconsistent or coercive disciplinary policies, favoritism/nepotism, and district‑level scandals than circle entries\"": \""This bucket groups governance and leadership failures — unresponsive principals, favoritism, recordkeeping/scheduling/legal disputes and politicized policy — which are organizational/governance problems distinct from safety events, program offerings, facilities, or direct special‑education support failures.\"",\n    \""square entries provide more concrete facility, logistical, administrative‑management, and community/financial details (facility renewals, security/cleanliness problems, operational disruptions, on‑campus personnel, parental enrollment strategies, fees) than circle entries\"": \""This bucket aggregates material and operational evidence — overcrowding, renovations, sanitation, scheduling/registration/transportation breakdowns, technology rollouts, and fee/funding allocation descriptions — a physical/logistical theme that is separate from safety incidents, governance failures, academic programs, or special‑needs supports.\"",\n    \""square entries report more inadequate special-education, mental-health, counseling, and targeted student-support failures than circle entries\"": \""This bucket collects IEP/504/IEP record problems, counseling shortages, mental‑health/accommodation noncompliance and related discriminatory exclusion — a distinct student‑support/accommodation dimension that does not conflate with general administration mismanagement, facilities, safety incidents, or academic program breadth.\""\n}""]",,35.42839217185974,26487,2048,2552,,[],['resp_079e3d67580a9a86006a72579da95481a28cbac3be08a7578d'],True
vote|reduce2|6|1,"[""{\n    \""square entries document greater administrative/governance dysfunction, inconsistent enforcement, favoritism/nepotism, poor parent communication, and budget/staffing mismanagement than circle entries\"": \""This bucket captures the many reports about leadership failures, politicized boards, grade/record tampering, favoritism, unresponsive admin and budget/HR problems in square reviews — a governance/decision‑making theme distinct from physical plant, student safety, curricular offerings, or extracurricular life covered by the other buckets.\"",\n    \""Square entries report more frequent and severe student safety, bullying, drug/gang, and violence incidents than circle entries\"": \""This groups every account of fights, assaults, drug use, weapons, pervasive bullying, sexualized misconduct and lockdowns in square reviews — a clear safety/behavioral‑climate cluster that is about student conduct and harm (not about facilities, admin processes, academic programs or clubs).\"",\n    \""square entries contain more detailed, concrete reports about facilities, operations, and on‑campus logistics (maintenance, cleanliness, overcrowding, transportation, cafeteria, security hardware) than circle entries\"": \""This captures the many concrete operational complaints in square reviews — HVAC, asbestos, trailers/overcrowding, ports, food, busses, security lanyards and technology rollouts — a facilities/operational category separate from governance decisions, student safety incidents, curricular rigor, or extracurricular breadth.\"",\n    \""Square entries detail more concrete advanced academic and career programs and measurable outcomes (AP/IB, dual‑enrollment, CTE, test scores, college acceptances) than circle entries\"": \""This groups the dense, named evidence in square reviews about AP/IB/dual‑enrollment, STEM/CTE academies, test scores and college/scholarship outcomes — an academic‑pathways and measurable‑outcomes cluster that is distinct from extracurricular/arts presence, safety/climate, governance, or facilities issues.\"",\n    \""square entries report broader, higher‑profile extracurricular/arts/athletics offerings and stronger community/alumni engagement (marching band, award programs, many clubs, strong PTSA/boosters, sports fame) than circle entries\"": \""This bucket collects the many square mentions of award‑winning bands, competitive sports, large clubs, booster/PTSA activity and alumni ties — focusing on program breadth and community support separate from academic-program rigor, physical plant problems, safety incidents, or administrative dysfunction.\""\n}""]",,35.575007915496826,22295,2112,2624,,[],['resp_01f3825a41c27b9d006a72579d7c7c8192b58af19041006650'],True
vote|reduce2|9|0,"[""{\n  \""square entries contain more concrete facility, capacity, hygiene, and district-level technology/resource details than circle entries\"": \""Groups all raw items about physical plant, overcrowding, sanitation/pest/odor, construction/renovation, device/tech rollouts, textbook/equipment shortages and district resource tradeoffs — a distinct operational/resource domain separate from academics, safety, governance, or extracurricular breadth.\"",\n  \""square entries describe more concrete specialized academic and career‑technical pathways, AP/IB/magnet offerings, dual‑enrollment and measurable college outcomes than circle entries\"": \""Captures the many items about AP/IB/CP/CTE/magnets, dual‑enrollment, academies, AVID/GEAR UP and documented alumni/college outcomes — a focused academic-programming and postsecondary-prep cluster that is conceptually distinct from facility, safety, admin, or extracurricular/booster claims.\"",\n  \""square entries report more pervasive student safety and behavior breakdowns (fights, drug/gang activity, unchecked bullying, theft, arrests) than circle entries\"": \""Groups the extensive reports of fights, drug/use, weapon/threat incidents, pervasive bullying, vandalism, normalized substance use and related security/lockdown failures — a student‑safety/behavioral-climate category distinct from administrative governance, facilities, academics, or extracurricular descriptions.\"",\n  \""square entries report more administrative and governance dysfunction — unresponsiveness, opaque district/board problems, nepotism/financial irregularities, and inconsistent policy enforcement — than circle entries\"": \""Collects allegations about unresponsive principals/boards, cover‑ups, favoritism/nepotism, inconsistent or punitive discipline, budget mismanagement and recordkeeping failures — an institutional/governance theme separate from physical resources, safety incidents, curricular offerings, or extracurricular scope.\"",\n  \""square entries report broader, higher-quality extracurricular, arts, and competitive athletics offerings and achievements than circle entries\"": \""Groups the many concrete references to extensive clubs, award‑winning band/JROTC/theater, booster/PTSA activity, competitive sports performance and pay‑to‑play / favoritism disputes — an extracurricular/arts/athletics ecosystem theme that is meaningfully separate from academics, facilities, safety, or governance issues.\""\n}""]",,35.664971113204956,26901,2304,2809,,[],['resp_0720bbe8c9770822006a72579d61cc819e8af247dd3f9011d3'],True
vote|reduce2|19|0,"[""{\n    \""Square entries emphasize broader extracurricular, arts, vocational and athletic program breadth and often report athletics‑first resource/favoritism dynamics more than circle entries\"": \""This bucket groups items that praise wide extracurricular/arts/CTE offerings while also noting athlete favoritism or resource prioritization; it is distinct from academic-program rigor, safety, resources, or support-service themes because it focuses specifically on extracurricular breadth and athletics‑centric allocation.\"",\n    \""Square entries provide richer, often contradictory detail about student supports and special‑needs/mental‑health services (both available supports and failures) compared with circle entries\"": \""This bucket captures the many square reviews that discuss counseling, special‑education/IEP/504, mental‑health staff, and both praised individualized help and explicit failures — a distinct theme centered on student‑support services rather than facilities, academics, safety, or governance.\"",\n    \""square entries report more frequent and severe student safety and behavior incidents (bullying, fights, drugs, weapons) than circle entries\"": \""This groups all reports of on‑campus harm, repeated fights, drug/vaping/gang activity, sexual harassment, threats, and alleged cover‑ups of such incidents — clearly separable from administrative/operational failures, program breadth, academic rigor, or special‑needs support problems.\"",\n    \""square entries describe substantially more formal advanced/magnet/STEM/AP/IB/CTE academic programs and clearer college-prep pathways — but also stronger intra-school academic tracking and stratification between advanced and regular courses — more than circle entries\"": \""This bucket aggregates detailed claims about AP/IB/dual‑enrollment, measurable college outcomes, selective admissions, and explicit tracking/stratification, distinguishing programmatic academic rigor and pathways from extracurricular breadth, safety, facilities, or student‑support concerns.\"",\n    \""square entries report more concrete facility, capacity, and operational logistics problems (overcrowding, sanitation, transportation, parking, and maintenance) than circle entries\"": \""This groups the numerous concrete complaints and specifics about building upkeep, HVAC, overcrowded classes/periods, fire‑alarm disruptions, textbook/tech shortages and scheduling/transportation logistics, keeping physical/operational infrastructure distinct from governance, safety/behavior, academic programming, or support‑service topics.\""\n}""]",,37.669183015823364,26796,2112,2590,,[],['resp_042827d901e355c3006a72579d9f0881a188213c6a54196ea9'],True
vote|reduce2|14|0,"[""{\n    \""square entries report more concrete advanced-academic programs and measurable postsecondary outcomes than circle entries\"": \""This groups many raw items describing AP/IB/dual‑credit/CTE pathways, vocational certifications, and concrete college placements/metrics; it is distinct from the other buckets because it captures programmatic offerings and measurable student outcomes rather than facility/logistical failures, safety incidents, governance behavior, or individual teacher variability.\"",\n    \""Square entries report more operational, logistical, and physical‑plant problems (overcrowding, schedule/registration failures, transportation and grade‑portal breakdowns, disrepair, pests or phased renovations) than circle entries\"": \""This groups raw terms about overcrowding, broken infrastructure, scheduling/registration/portal breakdowns and construction/maintenance needs; it is mutually exclusive because it focuses on tangible facility and logistical conditions rather than safety/behavior incidents, administrative favoritism/policy, classroom staff behavior, or advanced-program breadth.\"",\n    \""square entries report more pervasive student safety problems, bullying, substance use, fights, violent incidents, and on‑campus weapon/drug concerns with inconsistent or inadequate intervention than circle entries\"": \""This captures the cluster of raw items reporting bullying, fights, drugs, weapons, suicides, and mishandled harm or mental‑health crises; it is separate from the governance/facility/program/teacher buckets because it concerns student conduct, safety outcomes, and crisis responses rather than infrastructure, curricular offerings, policy/favoritism, or staff‑level variability.\"",\n    \""square entries report more administrative governance failures, favoritism/nepotism, inconsistent or punitive discipline, poor recordkeeping, and refusal-to-accommodate behaviors than circle entries\"": \""This groups many raw complaints about board/principal unresponsiveness, nepotism/favoritism, opaque or punitive policies, recordkeeping/transfer/IEP mishandling and cover‑ups; it is distinct because it addresses governance and policy practice rather than physical plant, student misconduct, advanced programs, or individual teacher conduct.\"",\n    \""square entries show greater variability in teacher/staff behavior and student support—including both strong individualized rescue support and explicit reports of neglect, rudeness, favoritism, grading abuse, absenteeism, and counseling inconsistency—than circle entries\"": \""This captures raw items describing stark contrasts among teachers/staff (standout supportive teachers vs. absenteeism, grading abuse, counselor failures and inconsistent special‑ed support); it is mutually exclusive because it focuses on classroom and student‑facing personnel practices and support variability rather than systemwide governance, facility/logistics, safety incidents, or programmatic breadth/outcomes.\""\n}""]",,37.8179771900177,26820,2048,2636,,[],['resp_0ce69179ba4cebaa006a72579da20c819ca93b0c6f0093377c'],True
vote|reduce2|17|1,"[""{\n    \""square entries report substantially broader/higher‑stakes academic and career pathways and measurable postsecondary outcomes than circle entries\"": \""Groups together the many square claims about AP/IB/magnet/dual‑enrollment/CTE/academy pathways, alumni college placements, scholarships and measurable test outcomes — a distinct programmatic/outcomes axis that is about curricular opportunity and postsecondary success, not about physical plant, discipline, boosters, or governance (those are captured separately).\"",\n    \""square entries report more frequent and severe student safety, bullying, substance‑abuse, violence, and bullying incidents than circle entries\"": \""Captures the cluster of concrete safety complaints in square reviews (daily fights, bullying, gang/drug activity, sexual misconduct, self‑harm incidents and injured students) and is focused on student harm and supervision failures, which is conceptually separate from administrative mismanagement, facilities deficits, academic programming, or extracurricular breadth.\"",\n    \""square entries report more administrative dysfunction, procedural errors, favoritism/nepotism, and governance instability than circle entries\"": \""Groups allegations of biased discipline, cover‑ups, record/registration/IEP failures, nepotism, board/superintendent failures and inconsistent enforcement — an organizational/governance cluster distinct from physical resources, safety incidents, curricular offerings, or programmatic extracurricular assets.\"",\n    \""square entries report more material/facility deficits, overcrowding, and visible resource/funding misallocation than circle entries\"": \""Aggregates concrete, physical and operational resource issues appearing in square reviews (overcrowding, broken desks/restrooms, food quality, sanitation, maintenance, capital vs. operating tradeoffs) and addresses infrastructure/capacity problems rather than admin favoritism, student safety incidents, curricular breadth, or extracurricular prioritization.\"",\n    \""square entries emphasize broader/extracurricular breadth and visible facility/capital investment but also higher out‑of‑pocket fees and athletics‑first resource allocation than circle entries\"": \""Groups the square descriptions of large, high‑profile extracurricular ecosystems (band, choir, JROTC, athletics, boosters, competition wins, facility investments) together with complaints about pay‑to‑play fees and athletics/booster favoritism — a programmatic/priority pattern distinct from academics, safety, governance, or pure facility condition issues.\""\n}""]",,37.86455988883972,22161,1472,1962,,[],['resp_06bff5885d60c707006a72579d9d18819e94321d8a69de9262'],True
vote|reduce2|9|1,"[""{\n    \""square entries report more frequent and severe student-safety incidents, bullying, fights, substance use, and discrimination than circle entries\"": \""This bucket groups all safety- and behavior-related claims (bullying, fights, drugs, sexual misconduct, gang activity, threats, vaping, vandalism) that square reviews report far more often than circle reviews; it is distinct from governance, facilities, and academic-program buckets because it concerns student conduct and direct harm rather than institutional responses, resources, or curricula.\"",\n    \""square entries document more administrative dysfunction, staffing instability, favoritism, punitive or secrecy‑oriented policies, and lack of accountability than circle entries\"": \""This bucket collects governance- and personnel-focused complaints (nepotism, cover-ups, selective discipline, unresponsive leaders, turnover, punitive policies) that are repeatedly attributed to square schools and is kept separate from safety incidents (which are about student behavior) and from academic/program descriptions (which are about offerings/outcomes).\"",\n    \""Square entries detail more concrete advanced academic and career programs and measurable outcomes (AP/IB, dual‑enrollment, CTE, test scores, college acceptances) than circle entries\"": \""This bucket captures the substantive programmatic evidence (named AP/IB/dual‑credit/CTE offerings, test/AP pass rates, elite college matriculations) emphasized in square reviews and is mutually exclusive from facility/resource or governance buckets because it focuses on curricular pathways and measurable student outcomes rather than personnel, safety, or logistics.\"",\n    \""square entries provide more concrete operational facility, resource, and logistical detail and report more overcrowding, maintenance, and communication failures than circle entries\"": \""This bucket groups all concrete, non‑instructional operational descriptions (overcrowding, construction, roof/mold/cleaning issues, lunch charging, transportation, tech rollouts, fundraising priorities, renovations, event/recording failures) that square reviewers enumerate; it is distinct from the academic-program bucket (what is offered) and from governance (why decisions were made).\"",\n    \""Square entries show greater within‑school variability and inconsistent student supports (uneven teacher quality, mixed special‑education/IEP and counseling implementation, polarized student outcomes, and repeated parental advocacy) than circle entries\"": \""This bucket gathers statements about polarized experiences inside square schools — large gaps between AP vs non‑AP tracks, inconsistent teacher/help, special‑education noncompliance, and mixed counseling outcomes — and is kept separate from the administrative dysfunction bucket (which concerns leaders and policies) and from safety/facility/program buckets (which concern behavior, physical resources, or offerings).\""\n}""]",,38.19119596481323,22326,2304,2867,,[],['resp_0a89c73f077dd22b006a72579d802881a2bd5881bc94f94075'],True
vote|reduce2|5|1,"[""{\n    \""square entries document broader, named AP/IB/CTE/advanced-program offerings and measurable college‑prep outcomes more than circle entries\"": \""This bucket groups all items that describe concrete, named advanced‑academic and vocational pathways (AP/IB/dual‑enrollment/CTE), documented college outcomes and credentialing — a curricular/outcome category that is distinct from safety incidents, governance problems, facility/resource constraints, and frontline support/service failures.\"",\n    \""square entries report more frequent and severe student safety and discipline incidents (fights, gangs, drugs/vaping, weapons, lockdowns, pervasive bullying) than circle entries\"": \""This bucket collects explicit reports of student harm, fights, bullying, substance use, weapons/lockdowns and immediate disciplinary failures — focused on on‑campus safety and behavior rather than academic programming, facilities budgeting, administrative favoritism, or counseling/special‑education practices.\"",\n    \""Square entries report greater administrative dysfunction, favoritism/nepotism, and poor complaint handling (board retention, coverups, protecting staff/athletes) than circle entries\"": \""This bucket captures governance‑level problems (nepotism, coverups, opaque record handling, punitive complaint responses and leadership instability) that are managerial and policy‑focused and therefore separate from physical facility/resource issues, student safety incidents, curricular offerings, or direct student support service quality.\"",\n    \""square entries report more chronic facility, capacity, and resource-allocation problems (overcrowding, trailers, construction disruption, maintenance failures, and athletics‑first funding) than circle entries\"": \""This bucket groups concrete infrastructure and resource allocation complaints — overcrowding, sanitation/maintenance, scheduling/transport failures and contested budget priorities — which are operational/asset issues distinct from leadership malpractice, safety incidents, curricular breadth, or counseling/IEP practice.\"",\n    \""square entries report more failures and strain in student support services, counseling, and special education compliance than circle entries\"": \""This bucket covers counseling shortages, IEP/504 noncompliance, poor college‑advising, dropout‑prevention breakdowns and related individualized‑support failures, a front‑line service domain that is meaningfully different from curriculum/outcome descriptions, physical facilities, safety incidents, or administrative favoritism.\""\n}""]",,38.89972186088562,21828,2432,2906,,[],['resp_00fe1bc85557b83a006a72579d90cc81a387d0c981a7af7918'],True
vote|reduce2|2|0,"[""{\n    \""square entries reveal more administrative and governance dysfunction — cover‑ups, favoritism/nepotism, metric‑chasing, financial mismanagement, and punitive exclusion — than circle entries\"": \""This captures the many allegations about corrupt or politicized leadership decisions, nepotism, ranking/‘cleansing’ behavior, contested spending, and cover‑ups that are organizational/governance in nature; it is distinct from operational/facility problems, safety incidents, program breadth, or classroom support variability because it focuses on governance choices and political/financial misconduct rather than day‑to‑day logistics, student harm, curricular offerings, or teacher heterogeneity.\"",\n    \""square entries report more frequent and severe student safety, bullying, drug, sexual‑abuse, cyberharassment, and mental‑health crisis incidents than circle entries\"": \""This groups the pervasive accounts of physical assaults, gangs, fights, drug use, severe bullying/harassment, sexual‑misconduct allegations and related student mental‑health crises — issues about student harm and unsafe climate — and is kept separate from governance, facilities, program offerings, or instructional/support variability because it specifically concerns incidents of student safety and wellbeing.\"",\n    \""square entries describe substantially broader and more documented advanced‑academic pathways and elite college outcomes (AP/IB/dual‑enrollment/academies) than circle entries\"": \""This bucket aggregates the concrete, repeated reports of AP/IB/dual‑enrollment, academies, early‑college and measurable college‑placement outcomes; it is programmatic and outcome‑focused (curriculum, pathways, postsecondary results) and does not overlap with governance, safety, facilities, or intra‑school support variability.\"",\n    \""square entries contain more detailed, concrete reports about facilities, operations, and on‑campus logistics (maintenance, cleanliness, overcrowding, transportation, cafeteria, security hardware) than circle entries\"": \""This captures the operational and resource specifics (overcrowding, pest/health hazards, buses, toilets/restrooms, scheduling/grade‑portal errors, pay‑to‑play fees and contested capital projects) and is distinct from governance (why decisions are made), safety incidents (student harm), program breadth (academic offerings), and teacher/support variability (instructional differences).\"",\n    \""Square entries show greater within‑school variability and inconsistent student‑facing supports (uneven teacher quality, mixed special‑education/IEP and counseling implementation, polarized student outcomes, and repeated parental advocacy) than circle entries\"": \""This groups the recurring pattern of polarized classroom experiences — pockets of excellent, highly engaged teachers and supports alongside teacher misconduct, absenteeism, IEP/504 failures, and uneven counseling — and is separate from governance failings, campus safety incidents, facilities/resource descriptions, or the presence/absence of formal advanced programs.\""\n}""]",,39.31695103645325,26813,2048,2647,,[],['resp_0b4f0f5c14951c11006a72579d63c081a38bc417560d7430f3'],True
vote|reduce2|13|0,"[""{\n  \""square entries report more inadequate special-education, mental-health, counseling, and targeted student-support failures than circle entries\"": \""Many raw items document IEP/504 mismanagement, overstretched or rude counselors, unmet mental‑health needs and both praised and failed special‑services — this bucket groups those concrete individualized‑support failures and is distinct from governance (policy/board) or general safety incidents because it focuses on therapeutic, legal, and accommodation systems for vulnerable students.\"",\n  \""square entries report more negative peer social climate, cliquish exclusion, and discrimination (ethnic, language, socioeconomic) than circle entries\"": \""Numerous notes describe exclusionary cliques, racial/economic segregation, newcomer ostracism, and biased dress‑code enforcement; this bucket captures relational and equity harms among students (social climate and discrimination) rather than physical safety incidents or administrative mismanagement.\"",\n  \""square entries document greater administrative/governance dysfunction, inconsistent enforcement, favoritism/nepotism, poor parent communication, and budget/staffing mismanagement than circle entries\"": \""A large set of reviews alleges cover‑ups, favoritism (coach/legacy bias), recordkeeping/IEP refusals, unresponsive leaders, and misallocated funds — bundling managerial/governance failures that are operationally and legally distinct from student conduct, curriculum breadth, or facilities problems.\"",\n  \""square entries report more frequent and severe student-safety incidents, bullying, fights, substance use, weapons, and discrimination than circle entries\"": \""Many entries list concrete safety events—drug dealing, repeated fights, sexual assault, expulsions, police involvement and pervasive bullying—so this bucket groups acute harm and threat incidents (physical/substance/sexual safety) separate from persistent social exclusion or counseling failures.\"",\n  \""square entries report more extensive extracurriculars, athletics, arts programs, facilities, and visible community/parental support — plus more explicit athletics-oriented resource prioritization — than circle entries\"": \""Multiple reviews enumerate rich AP/IB/CTE/FFA/band/athletics, booster support, stadiums and pay‑to‑play fees and also complaints about athletics being prioritized; this groups programmatic breadth and community investment/favoritism distinct from academic rigor, personnel governance, or safety incidents.\""\n}""]",,39.869261026382446,26881,2496,2970,,[],['resp_02da8cc511b6e071006a72579d9e0c819ea80b0f302c676bd4'],True
vote|reduce2|16|1,"[""{\n    \""square entries show greater variability in teacher/staff behavior and concrete student supports — from intensive one‑on‑one help to high turnover and instructional breakdowns — than circle entries\"": \""This bucket groups all accounts of polarized classroom and student‑facing staff experiences (strong individualized help vs. absent/ineffective teachers, substitute coverage, special‑ed implementation variability) and is distinct from governance, safety, facilities, or program‑offerings buckets because it focuses on day‑to‑day instructional/support behavior rather than policy, violence, infrastructure, or curricular breadth.\"",\n    \""square entries document broader, formalized advanced and career pathways with measurable postsecondary outcomes more than circle entries\"": \""This bucket captures the many square reports of named AP/IB/CTE/magnet/dual‑credit programs and alumni/metric outcomes (college placements, AP pass rates, certifications) and is mutually exclusive from staff variability, safety incidents, administration failures, and facility logistics because it centers on formal curricular pathways and measurable student achievements.\"",\n    \""square entries report more administrative unresponsiveness, favoritism, procedural inconsistency, and cover‑up behavior than circle entries\"": \""This bucket groups allegations about governance—nepotism, opaque complaint handling, fiscal/policy mismanagement, punitive or partisan discipline and protecting staff/athletes—and is separate from student safety (incidents) and facilities (maintenance/overcrowding) because it focuses on leadership, decision‑making and complaint/board behavior rather than operational conditions or classroom practice.\"",\n    \""square entries provide more concrete operational facility, resource, and logistical detail and report more overcrowding, maintenance, and communication failures than circle entries\"": \""This bucket collects the concrete, non‑instructional reports (pests, filthy restrooms, HVAC/AC failures, overcrowding/parking, construction disruption, delayed grading/registration logistics and tech/resource shortfalls) and is distinct from administrative governance (policy/favoritism), safety incidents, program breadth, and teacher‑support variability because it concerns the physical and logistical functioning of the school.\"",\n    \""square entries report more frequent and specific student safety, substance-use, bullying and disciplinary incidents than circle entries\"": \""This bucket groups all reports of fights, drug/dealing/vaping activity, severe bullying/hate incidents, sexual assault reports, lockdowns and related supervision failures and remains separate from administrative accusations, facility complaints, curricular offerings, and staff variability because it describes direct student‑safety and peer‑behavior harms rather than governance, infrastructure, programming, or teacher support.\""\n}""]",,40.53868579864502,22382,1600,2139,,[],['resp_0368e1462ffdd83d006a72579d963881a38673b633509d1621'],True
vote|reduce2|11|1,"[""{\n    \""square entries report more student safety incidents, drug/violence problems, and security neglect than circle entries\"": \""This bucket groups the many raw terms describing fights, weapons, drug dealing/use, bus and neighborhood safety incidents, lockdowns and security‑breaches in square reviews — a distinct operational/behavioral issue focused on student safety that is not the same as facility degradation, teacher misconduct, administrative governance, advanced‑program descriptions, or special‑education/counseling failures covered by the other buckets.\"",\n    \""square entries report more administrative and operational dysfunction (leadership turnover, policy inconsistency, poor communication, staffing instability, resource misallocation) than circle entries\"": \""This bucket captures governance‑level differences (turnover, opaque policies, favoritism at leadership, secrecy, inconsistent enforcement and district‑level mismanagement) described in square reviews and is set apart from teacher‑level behavior, safety incidents, facility/resource conditions, advanced academics, or special‑education/counseling issues.\"",\n    \""square entries report more teacher instability, instructional incompetence, favoritism, absenteeism, and retaliatory staff behavior than circle entries\"": \""This bucket aggregates raw terms about frontline staff problems — frequent subs, teachers not teaching, explicit misconduct, favoritism in classrooms, refusing to coach or meet parents — which are about individual/instructional staff behavior and distinct from school leadership/governance, campus safety, facilities/resourcing, or special‑education/counseling system failures.\"",\n    \""square entries report pronounced facility, crowding, and maintenance/resource problems (overcrowding, A/C/mold/pest issues, extreme classroom temperatures) more than circle entries\"": \""This bucket groups concrete physical and logistical resource conditions in square reviews (overcrowding, portables, pest/sanitation, broken AC, insufficient textbooks/tech, construction impacts) and is explicitly about plant and operational logistics rather than safety incidents, administrative governance, teacher conduct, advanced academic offerings, or special‑education supports.\"",\n    \""square entries report more pronounced special‑education, inclusion, language‑diversity and equity problems (and also conflicting accounts of strong supports) than circle entries\"": \""This bucket collects the many square items about 504/IEP failures, denied accommodations, mixed accounts of special‑ed support, counseling deficits, equity/bias and language‑inclusion disputes — a focused category on individualized supports and equity that is separate from general teacher competence, leadership/governance, facilities/resources, or student safety/behavior incidents.\""\n}""]",,40.5416522026062,21771,2304,2859,,[],['resp_09f4106e36a899b4006a72579da32c81a190b8d6ad27377f7a'],True
vote|reduce2|4|0,"[""{\n    \""square entries exhibit greater variability and polarization in teacher quality, instructional rigor, and student-support practices than circle entries\"": \""This bucket captures the many square reviews that report a wide spread—from highly effective, available teachers and rigorous coursework to disengaged instructors, heavy substitute use, and inconsistent grading—focusing on classroom/instructional heterogeneity (distinct from safety, facilities, admin governance, or program breadth).\"",\n    \""square entries report more frequent and severe student safety/behavior incidents (bullying, fights, drugs, weapons, racialized harassment) and visible policing than circle entries\"": \""This bucket groups the concrete reports of fights, weapon/lockdown incidents, pervasive bullying, sexual harassment, substance use and related security responses in square entries, which are operational/safety phenomena separate from administrative governance, facilities/capital issues, instructional quality, or advanced-programming differences.\"",\n    \""square entries report more concrete advanced academic pathways and measurable postsecondary outcomes (AP/IB/honors, dual‑enrollment, magnets, college placement, test‑score claims) than circle entries\"": \""This bucket covers square reviews that document formal high‑level programming, named partnerships, dual‑enrollment/AP/IB pathways and quantifiable college/scholarship outcomes—programmatic strength and measurable academic outcomes that are conceptually distinct from safety, facilities, admin dysfunction, or teacher variability.\"",\n    \""square entries report more concrete facility, resource, and operational contrasts (capital projects, cleanliness/pest problems, overcrowding, technology rollouts, and disputed resource allocations) than circle entries\"": \""This bucket groups square entries' specific facility and operational issues—overcrowding, renovations, capital spending choices, sanitation, transportation/food‑service complaints, and tech/device rollouts—which are physical/logistical resource problems distinct from governance misconduct, classroom instruction variability, student safety incidents, or academic-program breadth.\"",\n    \""square entries report more administrative dysfunction, favoritism, inconsistent discipline, poor communication, and district/board-level failures than circle entries\"": \""This bucket isolates governance and managerial failures in square reviews—nepotism, cover‑ups, recordkeeping errors, policy inconsistency, counselor/guidance breakdowns and board/district criticism—which concern leadership and process failures separate from facilities, safety incidents, classroom instruction variability, or documented advanced academic programming.\""\n}""]",,41.120779037475586,26586,2752,3260,,[],['resp_0f831fe62e49f104006a72579d7da081a3bf2648463ccb60e4'],True
vote|reduce2|10|1,"[""{\n    \""Square entries document far more concrete academic programs, advanced-course/CTE pathways, and measurable post‑secondary outcomes than Circle entries\"": \""Captures the many square-specific mentions of AP/IB/dual‑credit/CTE academies, named electives, National Merit/SAT/college admissions metrics and alumni outcomes — a programmatic/outcome dimension distinct from extracurricular visibility, safety incidents, facilities/logistics, or governance/communication failures.\"",\n    \""square entries report broader, higher‑profile extracurricular/arts/athletics offerings and stronger community/alumni engagement (marching band, award programs, many clubs, strong PTSA/boosters, sports fame) than circle entries\"": \""Groups the square reviews that emphasize visible program breadth, award‑winning arts, large athletics/band culture and booster/PTA activism — a community/program prominence cluster that is about extracurricular scale and parent/alumni involvement rather than curricular pathways, safety/discipline incidents, facility/logistics problems, or administrative misconduct.\"",\n    \""square entries report more frequent and severe student-safety and behavior problems (bullying, fights, drugs, gang threats, acute violent incidents) than circle entries\"": \""Collects the square accounts describing bullying, assaults, frequent fights, drugs/vaping/gang activity and sexual harassment — an on‑campus safety/behavior dimension that is substantively different from program offerings, resource/facility issues, governance/communication failures, or extracurricular prominence.\"",\n    \""Square entries report more administrative unprofessionalism, opaque communication, favoritism, and governance failures than circle entries\"": \""Groups reports about rude/unresponsive leaders, coverups, nepotism/favoritism, district/board conflict and policy inconsistency — a governance/complaint‑handling category distinct from physical facilities/resources, student safety incidents, curricular breadth, or extracurricular visibility.\"",\n    \""square entries contain more concrete operational, facilities and resourcing specifics and failures (overcrowding, bus problems, cafeteria/food safety, class sizes, grade/ scheduling errors, device programs) than circle entries\"": \""Captures the tangible logistics and resourcing complaints in square reviews (transportation hazards, cafeteria billing, HVAC/cleanliness, scheduling/grade errors, overcrowding/fees) — an infrastructure/operations cluster that is separate from curricular/program strength, extracurricular prominence, safety/behavior incidents, or administrative/governance misconduct.\""\n}""]",,41.559322118759155,22135,2752,3295,,[],['resp_00e51506a642febd006a72579da96081a0881b30d2e13cdef9'],True
vote|reduce2|8|1,"[""{\n  \""square entries report more extensive advanced-academic and college-prep programming and measurable outcomes than circle entries\"": \""This bucket groups the many square claims about AP/IB/dual‑enrollment, magnet/STEM/CTE pathways, elite college admits and measurable outcomes (AP counts, SAT/ACT, scholarships) — a clear academic-program/outcome axis that is conceptually distinct from extracurricular/facility breadth, safety incidents, governance problems, or classroom‑level staff variability.\"",\n  \""square entries report more frequent and severe student-safety and social-climate problems (bullying, drug/vaping use, fights, gang/weapon incidents, racism/transphobia, self-harm) than circle entries\"": \""This bucket captures explicit, concrete harms and hostile peer/climate reports in the square texts (fights, weapons, pervasive bullying, drug use, suicidality, hate incidents) and is separable from administrative dysfunction, program breadth, teacher variability, or academic-program claims.\"",\n  \""square entries document broader extracurricular, facility, and resource breadth and contested funding/priorities (arts, vocational programs, clubs, renovations, overcrowding) than circle entries\"": \""This bucket groups square entries that enumerate and debate the school’s physical assets, clubs/arts/athletics, facility investments or deficits, pay‑to‑participate fees, overcrowding and budget priorities — a resources/facilities/extracurricular dimension distinct from academic-program depth, safety/climate, governance behavior, or classroom support variability.\"",\n  \""Square entries document more administrative and governance dysfunction — unresponsiveness, favoritism/athletic/wealth bias, leadership turnover, fiscal scandal and punitive or opaque policies — than circle entries\"": \""This governance bucket groups square reports of board/district/leadership failures (cover‑ups, selective discipline, protecting staff/athletes, politicized decisions, poor complaint channels and turnover) and is focused on institutional decision‑making rather than frontline teacher variability, student safety incidents, academic offerings, or facility inventories.\"",\n  \""square entries show greater variability in teacher/staff behavior and student support—including both strong individualized rescue support and explicit reports of neglect, rudeness, favoritism, grading abuse, absenteeism, and counseling inconsistency—than circle entries\"": \""This bucket captures the recurring square pattern of wildly inconsistent staff practices (some teachers/counselors praised for individualized help vs many reports of neglect, biased grading, IEP failures and counselor incompetence), which is a classroom/personnel‑level variability theme distinct from systemwide governance, physical resources, academic-program breadth, or episodic safety incidents.\""\n}""]",,42.31908893585205,21903,2432,2978,,[],['resp_06e6784997b7a90f006a72579d99f481a0ba6189771d92da7e'],True
vote|reduce2|21|1,"[""{\n    \""square entries report more administrative and operational dysfunction (leadership turnover, policy inconsistency, poor communication, staffing instability, resource misallocation) than circle entries\"": \""Groups many raw terms about governance failures, opaque/hostile admin behavior, recordkeeping/transfer/registration breakdowns and leadership churn into a single operational/governance bucket; this is distinct from student‑level services, safety incidents, facilities problems, or academic-program breadth which are covered by other buckets.\"",\n    \""square entries describe more inconsistent or inadequate student support services (special education/IEP/504, counseling, mental‑health, and college advising) than circle entries\"": \""Collects the raw items about IEP/504 noncompliance, uneven counseling, remediation/tutoring gaps and mental‑health supports into a single service‑delivery bucket focused on individualized student assistance, which is conceptually separate from administration/governance, campus safety, physical facilities, or advanced-program offerings.\"",\n    \""square entries report more frequent and severe student safety, substance‑abuse, violence, and bullying incidents than circle entries\"": \""Groups all concrete accounts of bullying, fights, gang/drug presence, sexual misconduct allegations, police responses, and unchecked peer violence into one safety/behavior bucket that is different from administrative dysfunction, facilities decay, individualized supports, or programmatic academic offerings.\"",\n    \""Square entries report more visible facilities, infrastructure and operational-resource problems (overcrowding, sanitation, HVAC/wifi, odor, funding gaps, pay-to-play) and misallocation than circle entries\"": \""Aggregates the many concrete material and resource complaints—sanitation, pests, overcrowding, broken textbooks, capital projects, contested funding and pay‑to‑play—into a single physical‑plant and resource‑allocation bucket, separate from safety incidents, governance failures, student supports, or academic/programmatic breadth.\"",\n    \""square entries document broader, formalized advanced and career pathways with measurable postsecondary outcomes more than circle entries\"": \""Captures the cluster of items about AP/IB/dual‑enrollment/CTE/magnet/academy offerings, measurable test/college outcomes, and vocational/career pathway programs into one academic‑programs/outcomes bucket that is distinct from extracurricular breadth, facilities, student supports, or administrative governance.\""\n}""]",,42.3779981136322,22133,2496,3007,,[],['resp_0940e2b2ee54e275006a72579d9484819fb8c0e8899e1a3b04'],True
vote|reduce2|24|1,"[""{\n    \""Square entries describe more extensive formal advanced academic programs and measurable college/scholarship outcomes than circle entries\"": \""Captures the large cluster of square reviews that list AP/IB/dual‑enrollment/CTE tracks, national awards, and concrete college/scholarship outcomes — distinct from extracurricular or safety claims because it focuses specifically on formal academic pathways and measured postsecondary results.\"",\n    \""square entries report more extensive extracurriculars, athletics, arts programs, facilities, and visible community/parental support — plus more explicit athletics-oriented resource prioritization — than circle entries\"": \""Groups the many square comments about rich clubs, band/theater/athletics success, booster/PTA fundraising and contested budget priorities, which is separate from academic-program claims (bucket 1) and from safety or staff/governance issues (other buckets).\"",\n    \""square entries report more frequent and severe student safety/behavior incidents (bullying, fights, drugs, weapons, racialized harassment) and visible policing than circle entries\"": \""Isolates the large set of square reports about bullying, assaults, substance use, hate‑based harassment, fights, and frequent police/security presence — clearly about student safety/discipline outcomes rather than program offerings or administrative policy failures.\"",\n    \""square entries report more administrative dysfunction, favoritism, turnover, and governance failures than circle entries\"": \""Groups claims about nepotism, union influence, arrogant or politicized leaders, high‑turnover hiring/firing and budgeting/governance scandals — focused on personnel and governance dysfunction distinct from operational service failures or IEP/counseling gaps.\"",\n    \""square entries report more gaps and failures in individualized student support (special education, guidance, mental‑health, and graduation support) than circle entries\"": \""Captures repeated square examples of IEP non‑enforcement, overloaded/ineffective counselors, transcript/graduation barriers and mental‑health/tutoring shortfalls — focused on direct student support service breakdowns rather than general admin misconduct, safety incidents, or program breadth.\""\n}""]",,43.069921016693115,21742,2880,3316,,[],['resp_0c4503ebb87285ba006a72579d9d80819cada010235cfc2894'],True
vote|reduce2|0|0,"[""{\n    \""square entries report more administrative unresponsiveness, favoritism, inequity, mishandled complaints, and district/board dysfunction than circle entries\"": \""This bucket groups the many square claims about rude/unresponsive front offices, retaliation/coverups, favoritism/nepotism, poor complaint handling, and board-level governance failures—distinct from facility, safety, academic-program, or classroom-variability issues covered by the other buckets because it centers on leadership, accountability, and governance behaviors rather than outcomes or resources.\"",\n    \""Square entries report more frequent and severe student safety, bullying, substance‑use, violence, and disciplinary mishandling than circle entries\"": \""This bucket aggregates square reports of fights, threats, drug use, gang activity, pervasive bullying, and inconsistent or punitive disciplinary responses—a clear safety/behavioral-crisis axis that is conceptually separate from administrative/governance failure, facility deficits, programmatic breadth, or instructional variability.\"",\n    \""square entries report more chronic facility, capacity, and resource shortfalls (overcrowding, pest/cleanliness problems, textbook/seat shortages, opaque fundraising or layoffs) than circle entries\"": \""This bucket captures concrete, operational resource and physical-plant problems repeatedly described in square reviews (overcrowding, broken HVAC/pests, cafeteria/food issues, transport/traffic and budget misallocation), which are tangible infrastructural/logistical issues distinct from safety incidents, governance complaints, advanced-program availability, or intra‑school instructional variance.\"",\n    \""Square entries document a broader, named set of advanced academic pathways and extracurricular programs (AP/IB/dual‑enrollment, vocational/CTE, extensive arts and athletics) and concrete high‑level outcomes more than circle entries\"": \""This bucket groups square entries that enumerate AP/IB/dual‑credit, academies, CTE/vocational tracks, award‑winning music/athletics and measurable college outcomes—focusing on programmatic breadth and postsecondary results, which is a program-offerings/outcomes dimension separate from facilities, safety, governance, or inconsistent staff supports.\"",\n    \""square entries exhibit markedly greater internal inconsistency and polarized student experiences across programs/cohorts than circle entries\"": \""This bucket collects square remarks showing large within-school variability—strong pockets (elite tracks, award programs, named teachers) coexisting with neglect (poor math, IEP failures, uneven counseling), a pattern of polarized student experiences that is analytically distinct from listing programs, physical resources, safety incidents, or administrative misconduct alone.\""\n}""]",,43.23057293891907,26743,2432,3001,,[],['resp_04783cb736ee78cb006a72579d50dc819fa8d9ef09af520ab9'],True
vote|reduce2|24|0,"[""{\n    \""square entries contain more detailed, concrete reports about facilities, operations, and on‑campus logistics (maintenance, cleanliness, overcrowding, transportation, cafeteria, security hardware) than circle entries\"": \""Groups all concrete, physical and day‑to‑day operational details (bathrooms, buses, food, overcrowding, metal detectors, capital projects) into a single bucket focused on infrastructure/ops issues; this is distinct from governance, student safety incidents, academic-program breadth, or special‑education/counseling problems which are about policy, behavior, curriculum, or supports rather than physical/logistical conditions.\"",\n    \""Square entries document a broader, named set of advanced academic pathways and extracurricular programs (AP/IB/dual‑enrollment, vocational/CTE, extensive arts and athletics) and concrete high‑level outcomes more than circle entries\"": \""Captures all references to formal academic pathways, magnet/IB/AP/dual credits, vocational/CTE programs, award‑winning arts/athletics and measurable college/career outcomes as one programmatic/outcome bucket; this is separate from facility descriptions, disciplinary/safety incidents, governance/favoritism, and individualized special‑education/counseling service failures.\"",\n    \""square entries report more frequent and severe student safety and behavioral incidents than circle entries (bullying, fights, drugs, gang activity, sexual misconduct)\"": \""Collects every concrete report of violence, bullying, substance use, sexual harassment/assault, self‑harm and visible security/police responses into a single safety/behavior bucket; it focuses on student conduct and crisis events themselves rather than on administrative mismanagement, facility state, academic offerings, or counseling/special‑education capacity.\"",\n    \""square entries report more inadequate special-education, mental-health, counseling, and targeted student-support failures than circle entries\"": \""Groups all IEP/504 noncompliance, special‑education enrollment barriers, poor guidance/college counseling, missing mental‑health supports and cases where parents must advocate or litigate into a single student‑support services bucket; this is distinct from general administrative favoritism/governance (policy actors) and from facility, safety, or program‑breadth topics.\"",\n    \""Square entries report more administrative unresponsiveness, punitive or arbitrary discipline, favoritism, and governance failures than circle entries\"": \""Aggregates claims about nepotistic hiring, favoritism toward athletes/wealthy students, cover‑ups, opaque board/leadership behavior, rude/unhelpful front offices and punitive or inconsistent discipline into a governance/fairness bucket; it is explicitly about leadership, accountability and policy handling, not about physical facilities, student safety incidents, academic program availability, or specialized student supports.\""\n}""]",,43.92483615875244,26753,2624,3237,,[],['resp_0136ea79d9107f4f006a72579d9aec819ca1522cb89f015cbf'],True
vote|reduce2|15|0,"[""{\n    \""Square entries report more pervasive student‑safety and behavior problems (bullying, fights, substance use, gangs) than circle entries\"": \""Groups many raw items about on‑campus harm—daily fights, gang presence, drug use, unchecked bullying, sexual harassment and police/security actions—into a single safety/behavior bucket that is distinct from facilities, academics, governance, and student‑support issues because it focuses on direct student conduct and immediate physical/psychological risk rather than infrastructure, program offerings, administration policy, or counseling failures.\"",\n    \""square entries report more chronic facility/resource and funding shortfalls (overcrowding, pest/cleanliness problems, textbook/seat shortages, opaque fundraising or layoffs) than circle entries\"": \""This groups the operational/material complaints—HVAC failures, pests, unsanitary bathrooms, overcrowded lunches, capital projects, budget cuts and visible mis‑allocation—into an infrastructure/resource bucket that is mutually exclusive from safety (behavior), academics (program breadth/outcomes), governance (board/leadership misconduct) and student‑support (IEP/counseling) because it centers on physical capacity, maintenance and funding decisions.\"",\n    \""square entries report more and stronger advanced academic programs, measurable college-prep outcomes, and curricular rigor than circle entries\"": \""This captures the many raw terms documenting concrete advanced offerings and outcomes (AP/IB/dual‑credit, magnet/STEM/CTE pathways, selective tracking, elite college matriculation, measurable test/placement claims) and is kept separate from facilities, safety, governance and support services because it is about the presence, rigor and results of formal academic pathways rather than administrative behavior, physical plant, or counseling/IEP performance.\"",\n    \""Square entries document more administrative and governance dysfunction — unresponsiveness, favoritism/athletic/wealth bias, leadership turnover, fiscal scandal and punitive or opaque policies — than circle entries\"": \""This bucket aggregates reports about leadership/board behavior, secrecy, favoritism (athlete/wealth/legacy bias), fiscal mismanagement, retaliatory or opaque discipline and turnover, and is distinct from student‑safety, facilities, academic-program strength, and counseling because it targets decision‑making, accountability and power structures rather than operational conditions, student conduct, or curricular offerings.\"",\n    \""Square entries report more systemic failures in student support services — special education/IEP/504 noncompliance, overwhelmed or ineffective guidance/counseling, and mental‑health neglect — than circle entries\"": \""This groups all items about individualized student supports (IEP/504 non‑enforcement, poor counselor access, inconsistent remediation/crediting, mental‑health crises and both documented successes/failures) into a single support‑services bucket that is explicitly about service delivery and accommodations and kept separate from governance, facilities, safety, and advanced‑academics.\""\n}""]",,43.97340798377991,26879,2176,2781,,[],['resp_02a5b600878370a9006a72579d9e70819d9ab956711ebaf81d'],True
vote|reduce2|3|1,"[""{\n    \""square entries report more frequent and severe student-safety, substance-use, and harassment incidents (fights, assaults, drug use, sexual harassment, tolerated bullying) than circle entries\"": \""Groups many raw terms about violence, fights, gang/drug activity, sexual or hate harassment, tolerated bullying, lockdowns and resulting mental‑health harm under a single safety/behavior category that is distinct from facility, administrative, academic, or support‑service themes.\"",\n    \""square entries report more concrete facility, sanitation, overcrowding, and resource‑allocation conditions (pest infestations, filthy bathrooms, extreme overcrowding, renovation needs, and transportation/security gaps) than circle entries\"": \""Collects all material/physical‑plant and capacity complaints (pests, bathrooms, overcrowding, loading‑zone hazards, water/utility problems, renovation/portables) and funding/fee signals about facilities, which are operationally different from safety incidents, governance, academic offerings, or individualized supports.\"",\n    \""square entries report more administrative and governance dysfunction — unresponsiveness, opaque district/board problems, nepotism/financial irregularities, and inconsistent policy enforcement — than circle entries\"": \""Groups reports of leadership/board/school management failures, favoritism/nepotism, opaque record or enrollment manipulation, punitive policy swings and turnover that are managerial/governance issues separate from physical plant, student safety, special‑education/counseling failures, or program offerings.\"",\n    \""square entries describe substantially more formal advanced/college-preparatory and specialized academic programming (AP, IB, STEM, dual‑enrollment, formal remediation) than circle entries\"": \""Captures the dense cluster of raw terms about high‑level curricular offerings, magnet/academy structure, selective admissions signals, measurable college prep outcomes and competitive extracurricular honors—an academic/programmatic dimension distinct from safety, facilities, governance, or individualized supports.\"",\n    \""square entries report systemic failures or inconsistencies in individualized student supports and college/career advising (special‑education/IEP/504 mishandling, counselor shortages, poor scholarship/college guidance, parents forced to fight or homeschool) more than circle entries\"": \""Aggregates IEP/504 failures, counseling overload/unavailability, inconsistent case management, college advising breakdowns and uneven tutoring/support pockets into a discrete student‑support services bucket that is separate from broad governance failings, facilities, safety, or program availability.\""\n}""]",,44.15380811691284,22190,2752,3268,,[],['resp_04a68c59c4548160006a72579d9b2c81a0bc4664da268ff431'],True
vote|reduce2|6|0,"[""{\n    \""Square entries document broader, concrete programmatic offerings and measurable academic/extracurricular outcomes than Circle entries\"": \""Groups all raw terms about AP/IB/dual‑enrollment/CTE/arts/band/competitive teams, championships, and concrete college‑prep outcomes (scholarships, AP credits, elite admits), and is mutually exclusive because it captures curricular and extracurricular breadth/outcomes rather than facility conditions, safety incidents, governance failures, or special‑education/counseling resourcing.\"",\n    \""square entries report more chronic facility, capacity, and resource problems (broken bathrooms, overcrowding, outdated technology, poor maintenance) than circle entries\"": \""Collects the concrete infrastructure and resourcing complaints (mold, HVAC, overcrowded halls, textbook/equipment shortages, scheduling and logistical constraints, fee pressures), distinct from administrative misconduct, student safety incidents, programmatic strength, or special‑education/support issues.\"",\n    \""square entries report more administrative dysfunction, favoritism, and operational failures than circle entries\"": \""Groups allegations about governance, recordkeeping/scheduling errors, nepotism/athlete favoritism, metric‑manipulation, board/budget politics and unresponsive office staff, and is separate from physical facility failures, on‑campus safety problems, program offerings, or counseling/special‑education resourcing.\"",\n    \""Square entries report more pervasive student safety, bullying, substance‑use, gang activity, and supervision failures than circle entries\"": \""Captures all reports of bullying, fights, gangs, drugs/vaping, lockdowns, suicides, victim‑punishment and ineffective supervision/discipline, and is purposefully distinct from administrative dysfunction (which is about governance), facilities (which is about infrastructure), program offerings, or special‑education/counseling capacity.\"",\n    \""square entries report weaker or under‑resourced special‑education, counseling, and mental‑health supports than circle entries\"": \""Groups the concrete IEP/504/para‑staff failures, overwhelmed guidance counselors, inadequate remediation/tutoring and mental‑health neglect described in the raw terms, and is exclusive from teacher/program variability, physical facilities, governance/favoritism, or reported student safety incidents.\""\n}""]",,45.23412108421326,26583,2944,3433,,[],['resp_05ca37148211de9f006a72579d99d8819fb275c1c47b0faaaa'],True
vote|reduce2|15|1,"[""{\n    \""Square entries present broader and deeper advanced-academic offerings and measurable college-credit outcomes than circle entries\"": \""This bucket captures the many Square reports of AP/IB/dual‑enrollment, academies, measurable college placements and credit-earning opportunities — a clear, programmatic academic-pathways axis that is distinct from operational/facility issues, safety incidents, extracurricular emphasis, or administrative misconduct.\"",\n    \""square entries report more severe and pervasive student safety, bullying, substance‑use, and mental‑health crises than circle entries\"": \""This groups the recurring Square accounts of bullying, daily fights, drug activity, self‑harm/mental‑health neglect and related failed responses — a student‑safety and wellbeing theme that is separate from curricular/college programming, facility/logistics complaints, extracurricular offerings, or governance/favoritism problems.\"",\n    \""square entries report more administrative unresponsiveness, favoritism, procedural inconsistency, and cover‑up behavior than circle entries\"": \""This bucket collects Square allegations about nepotism, opaque governance, punitive or inconsistent discipline, cover‑ups, and poor parent/office communication — governance and accountability failures that are conceptually and practically distinct from safety incidents, facility/operational failures, academic-program breadth, or extracurricular resourcing.\"",\n    \""square entries contain more detailed, concrete reports about facilities, operations, and on‑campus logistics (maintenance, cleanliness, overcrowding, transportation, cafeteria, security hardware) than circle entries\"": \""This groups Square's concrete operational complaints (asbestos/collapsing ceilings, overcrowded classes/buses, filthy restrooms, textbook shortages, cafeteria/tech logistics) — a physical/operational infrastructure axis that is separate from curricular program strength, student‑safety incidents, administrative misconduct, or extracurricular emphasis.\"",\n    \""square entries report stronger extracurricular breadth/recognition and clearer athletics‑first resource choices (including favoritism) than circle entries\"": \""This captures Square's extensive inventory of clubs, award‑winning music/athletics, magnet/JROTC/CTE programs and recurring claims that athletics are prioritized (and athletes favored) — an extracurricular/resourcing and prioritization theme that is distinct from academic-program depth, safety/mental‑health crises, facility/operational problems, or governance failures.\""\n}""]",,45.73199796676636,21752,2048,2553,,[],['resp_018555ff3b56b07f006a72579d9ba481a296af2bd346a4c53b'],True
vote|reduce2|17|0,"[""{\n    \""square entries report more administrative and operational mismanagement, unresponsiveness, and policy failures that harm students than circle entries\"": \""Groups many raw items about record‑keeping errors, scheduling/grade posting failures, opaque/punitive policies, cover‑ups, poor parent communication, and budget/board governance problems — distinct from safety incidents (which are about student harm) and from programmatic breadth (which is about offerings), because these items concern institutional process, bureaucracy, and leadership responsiveness rather than student behavior, extracurriculars, or curricular rigor.\"",\n    \""square entries report more pervasive student safety and behavior breakdowns (fights, drug/gang activity, unchecked bullying, theft, arrests) than circle entries\"": \""Clusters the numerous reports of violence, bullying, drug/vaping epidemics, assaults, self‑harm mentions and alleged failure to intervene — exclusive from administrative‑process failures (which are about governance), from curricular/program differences (which are about offerings and outcomes), and from variability in supports (which centers on instruction and special‑education/counseling), because this bucket focuses on on‑campus safety and student conduct incidents themselves.\"",\n    \""square entries describe substantially more formal advanced/college-preparatory and specialized academic programming (AP, IB, STEM, dual‑enrollment, formal remediation) than circle entries\"": \""Captures the many concrete statements about AP/IB/dual‑enrollment, magnets, CTE/CTE centers, internships, measurable test/college outcomes and scholarship evidence — separate from extracurriculars (which are about clubs/arts/athletics) and separate from counseling/IEP issues (which are support systems), since this bucket is specifically about formal curricular pathways and documented academic outcomes.\"",\n    \""square entries report broader and stronger extracurricular, athletics, and arts programs and community support than circle entries\"": \""Groups the detailed descriptions of many clubs, award‑winning bands, extensive sports programs, booster/parent engagement and visible facility investments for athletics/arts — distinct from academic program breadth (which is curricular) and from safety or admin dysfunction buckets (which are about incidents or governance), because these raw terms are about extracurricular ecosystem, community fundraising/support, and school spirit.\"",\n    \""Square entries show greater within‑school variability and inconsistent student supports (uneven teacher quality, counseling, and special‑education access) — including both praised individualized help and repeated reports of unmet accommodations — than circle entries\"": \""Bundles the mixed reports about pockets of outstanding teachers/tutoring and simultaneous claims of IEP noncompliance, counseling neglect, grading favoritism and wildly different classroom quality — exclusive from admin/process failures (which are systemic governance problems), from safety incidents (which are behavioral), and from curricular/extracurricular breadth (which are about offerings), because this bucket focuses on inconsistency in day‑to‑day instructional and support delivery to individual students.\""\n}""]",,45.82068109512329,26764,2752,3379,,[],['resp_09566480a7ab44f6006a72579da238819192bcee8250ac1274'],True
vote|reduce2|1|1,"[""{\n  \""square entries report more systemic safety, substance‑abuse, bullying (including staff bullying), racist incidents, and administratively‑unaddressed misconduct than circle entries\"": \""Groups together the many raw items documenting fights, weapon/drug incidents, pervasive bullying and harassment (student- and staff-targeted), racial/identity abuse and failure-to-intervene — a concrete safety/harms cluster that is distinct from governance, facilities, academics, or extracurricular strengths/weaknesses.\"",\n  \""square entries document more administrative and governance dysfunction, poor operational communication, favoritism/nepotism, and policy/discipline mishandling than circle entries\"": \""Captures reports of weak/opaque leadership, retaliation, inconsistent or biased discipline, protected staff, scheduling/recordkeeping failures and board-level problems — an administrative/governance cluster that is conceptually separate from safety incidents, physical resources, curricular offerings, or extracurricular prominence.\"",\n  \""square entries describe substantially more formal advanced/college-preparatory and specialized academic programming (AP, IB, STEM, dual‑enrollment, formal remediation) than circle entries\"": \""Groups the many concrete mentions of AP/IB/academies, dual‑credit, STEM/CTE tracks and measurable college outcomes (including both positive and negative AP/IB performance), isolating programmatic academic breadth and outcomes apart from safety, facilities, governance or after‑school programming.\"",\n  \""square entries report more chronic facility, capacity, and resource problems (overcrowding, trailers, construction disruption, maintenance failures, and athletics‑first funding) than circle entries\"": \""Collects the facility/operational logistics reports (HVAC, pests, broken bathrooms, sanitation, overcrowding, tech rollouts, food/transport failures and contested capital spending) — a physical‑plant/resource cluster distinct from curriculum, governance, student conduct, or extracurricular programming.\"",\n  \""square entries describe richer extracurricular, arts, and athletic/magnet offerings and also more contested athletics‑first funding priorities than circle entries\"": \""Groups concrete, high‑profile descriptions of band/choir/FFA/competitive athletics, boosters/parent engagement and repeated complaints about athletic favoritism or pay‑to‑play — an extracurricular/funding-prioritization cluster that is separate from academics, facilities, governance, or safety issues.\""\n}""]",,52.2471969127655,22289,3136,3640,,[],['resp_062689343faebacd006a72579d8cd88191b8a741e1eca7f0dc'],True
vote|reduce2|22|1,"[""{\n    \""Square entries document more pervasive student-safety incidents, unchecked bullying, substance use, thefts and violent episodes than circle entries\"": \""This bucket groups the many square reviews that recount fights, weapons/lockdowns, drug use, suicidality/self‑harm, thefts and persistent bullying — a distinct pattern of acute student‑safety and misconduct events that is about on‑campus harm and supervision failures (separate from administrative policy/recordkeeping or facility-resourcing issues).\"",\n    \""square entries report more administrative/governance failures, inconsistent or biased discipline, and misallocated resource priorities than circle entries\"": \""This bucket captures square reviewers' repeated descriptions of bad governance — favoritism, selective punishments, transcript/scheduling errors, cover‑ups and resource prioritization toward athletics — a governance/decision‑making theme distinct from concrete safety incidents, facilities shortages, or program breadth.\"",\n    \""Square entries document more concrete facility, overcrowding, and resource shortfalls (infrastructure, HVAC, pests, textbooks, equipment, technology) than circle entries\"": \""This bucket groups the operational and capital/resource problems in square reviews (overcrowded halls, locked bathrooms, asbestos/ceiling failures, bad food, HVAC/cleanliness, technology & textbook gaps), which are physical‑infrastructure and day‑to‑day resource problems separate from governance choices, safety events, or programmatic offerings.\"",\n    \""Square entries document a broader, named set of advanced academic pathways and extracurricular programs (AP/IB/dual‑enrollment, vocational/CTE, extensive arts and athletics) and concrete high‑level outcomes more than circle entries\"": \""This bucket aggregates square entries that list extensive curricular tracks (IB/AP/dual enrollment, magnet and vocational programs), rich arts/athletics/band traditions, and measurable postsecondary outcomes — a programmatic/offerings strength cluster that is conceptually distinct from staffing variability, safety, or facility deficits.\"",\n    \""square entries show greater internal variability in teacher/counselor performance and in‑school student supports (both pockets of outstanding tutoring, outreach, and special‑needs accommodations and reports of teacher bullying, misconduct, and counseling failures) than circle entries\"": \""This bucket collects square reviews that describe polarization within staffing and supports — from exemplary one‑on‑one remediation, strong special‑ed teams and engaged teachers to reports of apathetic/unqualified teachers, counselor unavailability, and staff‑perpetrated bullying — a personnel/support variability theme that is different from governance misconduct, concrete facility shortfalls, safety events, or program breadth.\""\n}""]",,53.505038261413574,21999,3072,3611,,[],['resp_03a98c8b27a3d9e6006a72579d9e0081a2ae3246a6d51e7d88'],True
vote|reduce2|22|0,"[""{\n    \""Square entries report more frequent and severe student safety, bullying, drug/gang, and violence incidents than circle entries\"": \""This bucket groups all concrete on‑campus safety and student‑misconduct reports (drugs, fights, overdoses, gang threats, bullying, lockdowns) that are about emergent threats to students and supervision failures, and is distinct from administrative, curricular, facilities, or teacher‑quality issues because it focuses on incidents and behavioral safety outcomes rather than governance, programs, or resourcing.\"",\n    \""square entries document more administrative and operational dysfunctions—communication failures, procedural/IEP mismanagement, favoritism/nepotism, coverups, and leadership instability—than circle entries\"": \""This bucket captures governance, recordkeeping, complaint handling, secrecy, and turnaround/turnover problems (including alleged cover‑ups and district/board conflict), and it is exclusive from safety, facilities, instructional quality, or programmatic breadth because it centers on leadership/management and policy failures rather than student behavior or program offerings.\"",\n    \""square entries report more chronic facility, capacity, and resource problems — and visible funding allocation issues favoring athletics — than circle entries\"": \""This bucket groups concrete material and operational resource constraints (overcrowding, sanitation/pest problems, broken books/tech, lunch shortages) and contested budget decisions/athletics‑first spending, distinguishing physical‑plant and resourcing realities from administrative misconduct, instructional variability, or available academic programs.\"",\n    \""square entries show greater variability in teacher/staff behavior and student support—including both strong individualized rescue support and explicit reports of neglect, rudeness, favoritism, grading abuse, absenteeism, and counseling inconsistency—than circle entries\"": \""This bucket aggregates reports about frontline staff practice and variability (teacher dedication vs absenteeism, favoritism toward athletes, inconsistent IEP/counseling follow‑through, classroom management) and is exclusive from governance, facilities, or program‑breadth because it targets day‑to‑day educator and support‑service behaviors and inconsistent student supports.\"",\n    \""Square entries describe more concrete, diverse advanced academic and career-readiness programs and measurable postsecondary outcomes (AP/IB/dual-credit/CTE/academies) than circle entries\"": \""This bucket groups the documented differences in formal academic pathways, specialized programs, AP/IB/dual‑enrollment, vocational/CTE offerings and reported college placement/test‑score outcomes, and is mutually exclusive from safety, administration, facilities, and teacher‑behavior buckets because it focuses on program availability, rigor, and measurable student academic outcomes rather than safety, governance, or resource/behavioral problems.\""\n}""]",,53.64925003051758,26784,2496,3052,,[],['resp_04a1dc2c3844463d006a72579df48481929ff5abdbb973e049'],True
vote|reduce2|2|1,"[""{\n    \""Square entries report more frequent and severe student safety, bullying, drug/gang, and violence incidents than circle entries\"": \""Many raw items document fights, assaults, pervasive drug/vape/gang presence, targeted racial/LGBTQ bullying, self‑harm mentions and failed incident responses—this cluster is focused on on‑campus safety and behavior problems and is distinct from administrative, programmatic, facility, or extracurricular themes.\"",\n    \""square entries report more concrete advanced academic pathways and measurable postsecondary outcomes (AP/IB/honors, dual‑enrollment, magnets, college placement, test‑score claims) than circle entries\"": \""A large set of entries lists AP/IB/dual‑enrollment, honors tracking, explicit college admits/scholarships and test‑score claims—this category groups curricular rigor and measurable college‑prep outcomes and is separate from safety, operations, governance, or extracurricular inequities.\"",\n    \""square entries report more administrative unresponsiveness, favoritism, inequity, mishandled complaints, and district/board dysfunction than circle entries\"": \""Many reviews allege cover‑ups, retaliation, favoritism (athletes/wealthy/legacy families), board indifference and administrative secrecy—this governance/complaint‑handling cluster is organizational and distinct from physical facilities, program offerings, student supports, or extracurricular breadth.\"",\n    \""square entries report more concrete operational, facility, capacity, and budget/policy problems (overcrowding, traffic/transportation, aging facilities, funding priorities, scheduling constraints) than circle entries\"": \""Numerous items describe overcrowding, construction disruption, pest/HVAC/cleaning failures, traffic/pickup hazards, scheduling/block issues and budget‑driven program cuts—this group is about logistics and physical resource constraints, not staff professionalism, curricular breadth, or safety incidents themselves.\"",\n    \""square entries report broader and higher‑level extracurricular breadth (arts, band, FFA, JROTC, competitive teams) but also more extracurricular‑linked inequities (athlete favoritism, pay‑to‑play fees, unequal enforcement) than circle entries\"": \""Many entries enumerate rich arts/athletics/CTE offerings and scholarship athletes while simultaneously reporting favoritism, pay‑to‑play, and unequal discipline tied to extracurricular status—this theme captures program breadth plus the equity tensions specific to extracurriculars and does not duplicate the academic‑rigor, safety, governance, or facilities buckets.\""\n}""]",,54.395658016204834,22489,3584,4106,,[],['resp_0bf7e238910f6056006a72579d5764819ca70bd14039c09203'],True
vote|reduce2|19|1,"[""{\n    \""Square entries show greater within‑school variability and inconsistent student supports (uneven teacher quality, mixed special‑education/IEP and counseling implementation, polarized student outcomes, and repeated parental advocacy) than circle entries\"": \""This bucket groups many raw terms about polarized, case‑by‑case staff performance, IEP/counseling wins-and-losses, and parent fights for individual students — it is specifically about internal inequality and inconsistency (not about overall safety, facilities, governance, or program breadth) and so is conceptually distinct from the other four buckets.\"",\n    \""square entries report more frequent and severe student safety and behavior problems (bullying, fights, gangs, drugs, sexual harassment, suicides) than circle entries\"": \""This bucket captures the dense cluster of reviews describing physical danger, pervasive bullying, substance use, gang activity, self‑harm and failed incident responses — it is focused on safety/student conduct outcomes and is separate from administrative governance, facilities/operations, curricular/programmatic detail, or variability in supports.\"",\n    \""square entries report more administrative and governance dysfunction — unresponsiveness, opaque district/board problems, nepotism/financial irregularities, and inconsistent policy enforcement — than circle entries\"": \""This bucket groups raw terms about district/board/leadership failures, favoritism/nepotism, opaque budgeting and politicized discipline — a governance/policy cluster that is conceptually distinct from safety incidents, program breadth, facility/resource detail, or within‑school variability in teacher/support quality.\"",\n    \""square entries describe broader and more explicit advanced-academics breadth and college‑prep programming (AP/IB/dual‑enroll/AVID/CTE/vocational) — often with uneven quality or overload — than circle entries\"": \""This bucket groups concrete programmatic descriptions (AP, IB, dual‑credit, PLTW, CTE, measurable college placements and scholarships) and workload/rigor comments about college prep, separating curricular/program‑level substance from safety, governance, facilities, or intra‑school inconsistency.\"",\n    \""square entries contain more concrete operational and resource details — facilities, overcrowding, scheduling, fees, technology, and administrative/process problems — than circle entries\"": \""This bucket collects the reviews that give tangible facility/operational evidence (HVAC, cleanliness, overcrowding, yearbook delays, fees/pay‑to‑play, wifi/devices, transportation) and is distinct from safety/behavior, governance/politics, academic-program breadth, or variability in student supports.\""\n}""]",,55.026633977890015,22119,3200,3760,,[],['resp_05e7a0b6b05568e4006a72579d97c0819ead4a5ce7dfe60cd2'],True
vote|reduce2|14|1,"[""{\n    \""square entries exhibit markedly greater internal inconsistency and polarized student experiences across programs/cohorts than circle entries\"": \""This captures the many Square reviews that contain sharply conflicting accounts (both glowing success stories and severe failures) across different student cohorts and programs — a within-school variability theme that is about experience heterogeneity and is distinct from governance, safety, facilities, or program‑breadth issues in the other buckets.\"",\n    \""square entries report more administrative unresponsiveness, favoritism, inequity, mishandled complaints, and district/board dysfunction than circle entries\"": \""This groups all governance/leadership failures, cover‑ups, favoritism/legacy nepotism, and broken complaint/record practices described in Square reviews — a cluster about decision‑making, policy unfairness and district/board problems that is conceptually separate from safety incidents, facilities/operations, program offerings, or polarized individual experiences.\"",\n    \""Square entries report more frequent and serious student-safety incidents (fights, threats, drugs, sexual violence) and visible police/security involvement than Circle entries\"": \""This isolates concrete, recurrent student‑safety problems (physical assaults, gang/drug activity, sexual‑misconduct allegations, lockdowns and police presence) reported in Square entries — focusing on direct harm and disciplinary/security incidents distinct from administrative dysfunction, resource/facility constraints, program breadth, or variability in experiences.\"",\n    \""square entries report more acute operational resource, facility, capacity and enforcement issues (overcrowding, sanitation, supply shortages, punitive security/policy practices) than circle entries\"": \""This groups concrete, day‑to‑day logistical and infrastructure failures in Square reviews (overcrowding, broken bathrooms, sanitation, bus/transport issues, punitive enforcement and budget misallocation) — an operational/facilities cluster that is practically and thematically distinct from governance failures, safety incidents, program offerings, or internal experience polarity.\"",\n    \""Square entries describe more concrete, diverse advanced academic and career-readiness programs and measurable postsecondary outcomes (AP/IB/dual-credit/CTE/academies) than circle entries\"": \""This captures the many Square claims about formal advanced pathways, dual‑enrollment, IB/AP/CTE academies and measurable college outcomes — a programmatic/academic‑offerings theme that is about curricular breadth and postsecondary results, and is clearly separate from safety, administration, facilities, or intra‑school experience variability.\""\n}""]",,56.60934615135193,22281,3328,3861,,[],['resp_02e83a4d69a34ee5006a72579da07481a297fc8fdde53f07a6'],True
vote|reduce2|20|0,"[""{\n    \""square entries report more administrative, operational, and fiscal failures (including scheduling, hiring, website/outage, layoffs, and budget mismanagement) than circle entries\"": \""This bucket groups reviews describing leadership/office/recordkeeping breakdowns, poor communication, turnover and budget mismanagement — distinct from facility faults, safety incidents, program breadth, or student‑support failures which are separate operational consequences covered by other buckets.\"",\n    \""Square entries report more frequent, severe, and systemic student safety and behavior problems (fighting, gangs, drugs, hazing, pervasive bullying) and related crisis responses than circle entries\"": \""This bucket captures violent/criminal/substance and bullying incidents and visible crisis responses (police, lockdowns, threats) and is intentionally separated from administrative mismanagement, program offerings, facilities, or counseling/IEP failures.\"",\n    \""square entries describe substantially broader formal advanced/magnet/STEM/AP/IB/CTE academic programs and clearer college-prep pathways — but also stronger intra-school academic tracking and stratification between advanced and regular courses — more than circle entries\"": \""This bucket groups concrete descriptions of high‑level academic pathways, AP/IB/dual‑enrollment and measurable college outcomes (and tracking effects), and is kept distinct from extracurricular/athletics breadth, facility/logistics, administrative dysfunction, and student‑support issues.\"",\n    \""square entries document a wider array of extracurricular, arts, vocational and athletic offerings while also reporting stronger athletic prioritization and favoritism than circle entries\"": \""This bucket collects items about clubs, band/arts, vocational programs, sports success and booster/funding/athlete‑favoritism dynamics and is kept separate from academic-program detail, safety incidents, facilities/overcrowding, and counseling/IEP concerns.\"",\n    \""Square entries report more systemic failures in student support services — special education/IEP/504 noncompliance, overwhelmed or ineffective guidance/counseling, and mental‑health neglect — than circle entries\"": \""This bucket groups all concrete accounts about inadequate or inconsistent individualized supports (IEPs/504, counselors, mental‑health interventions) and is mutually exclusive from governance/fiscal failures, safety/violence incidents, advanced‑program descriptions, and extracurricular/funding discussions.\""\n}""]",,57.6592538356781,26866,3712,4213,,[],['resp_00faa2890627d8a9006a72579d9d20819cafbfa0c14be9c142'],True
vote|reduce2|8|0,"[""{\n    \""square entries report more frequent and severe student safety and conduct problems (bullying, fights, assaults, drugs, gangs, security breaches) than circle entries\"": \""This bucket groups all reviews documenting violent or criminalized student behavior and failed supervision/incident responses (physical fights, drug use, sexualized harassment, gang activity, police/searches) and is distinct from resource, programmatic, or staffing critiques because it focuses on on-campus student safety outcomes and incident severity rather than facilities, curriculum, or leadership behavior.\"",\n    \""Square entries report more concrete facility, operational, and resource problems (overcrowding, maintenance failures, textbook/technology shortages, scheduling/logistics, and fee pressures) than circle entries\"": \""This bucket captures material and day-to-day operational issues (overcrowded halls, broken HVAC/asbestos, cafeteria/food hygiene, pay-for-transportation, device rollouts, scheduling bottlenecks, textbook/fee problems) and is mutually exclusive from safety, administration, extracurricular, or instructional-program buckets because it centers on physical plant, logistics, and resourcing rather than people policies, pedagogy, or program breadth.\"",\n    \""square entries describe more administrative favoritism, inconsistent discipline, communication failures, and operational/ethical governance problems than circle entries\"": \""This bucket groups reviews alleging nepotism, biased enforcement (athlete favoritism), record‑keeping/grade manipulation, unresponsiveness/cover‑ups, board/district corruption, and other governance failures, which are organizational/ethical problems distinct from concrete facility shortfalls, student-safety incidents, curricular offerings, or variability in individual teacher performance.\"",\n    \""square entries report more extensive advanced-academic and high‑achievement programmatic offerings and measurable college-prep outcomes than circle entries\"": \""This bucket collects all concrete descriptions of high-end academic pathways and outcomes (AP/IB/honors breadth, dual‑enrollment, magnet/STEM/engineering academies, scholarship/college-placement claims, measurable test/credit results) and is separate from extracurricular or facility buckets because it specifically concerns curricular/programmatic rigor and postsecondary preparation.\"",\n    \""square entries show greater variability in teacher/staff behavior and concrete student supports — from intensive one‑on‑one help to high turnover and instructional breakdowns — than circle entries\"": \""This bucket groups accounts of wide within‑school differences (some teachers exceptional while others abusive or incompetent), inconsistent counseling/special‑education support, staffing instability, and mixed remediation/tutoring availability, and is exclusive from administration, safety, facilities, or program-offering buckets because it speaks to variability in personnel practice and student-facing supports rather than governance, physical resources, safety incidents, or the existence of programs.\""\n}""]",,60.6795449256897,26926,4224,4824,,[],['resp_02aaeba62a097910006a72579d94988191aedfc3137ff798aa'],True
vote|reduce2|5|0,"[""{\n    \""square entries report more frequent and severe student-safety incidents, bullying, fights, substance use, weapons, and discrimination than circle entries\"": \""Groups of raw terms about daily fights, drug access/overdoses, weapons, sexual harassment, pervasive bullying and hate incidents naturally cluster under a safety/behavior bucket; this is distinct from facility, administrative, or academic program issues because it concerns on-campus student harm and enforcement failures.\"",\n    \""Square entries report more operational, logistical, and physical‑plant problems (overcrowding, schedule/registration failures, transportation and grade‑portal breakdowns, disrepair, pests or phased renovations) than circle entries\"": \""Many raw items document concrete facility and day‑to‑day operational failures (A/C, pests, overcrowding, registration/scheduling, bus/transport problems and food/cafeteria issues), which are operational/infrastructure problems separate from safety incidents, governance failures, teacher variability, or academic-program breadth.\"",\n    \""square entries describe substantially broader formal advanced/magnet/STEM/AP/IB/CTE academic programs and clearer college-prep pathways — but also stronger intra-school academic tracking and stratification between advanced and regular courses — more than circle entries\"": \""A large cluster of reviews details formal, measurable advanced pathways (AP/IB/dual‑enrollment, magnet and CTE tracks) and college outcomes — including tracking/stratification effects — which is an academic-programming phenomenon distinct from facility, safety, governance, or classroom‑level staff variability.\"",\n    \""square entries allege more administrative and governance dysfunction—nepotism, fiscal mismanagement, punitive or inconsistent policies, and unresponsive/cover‑up behavior—than circle entries\"": \""Numerous items point to board/district/leadership failures (unresponsiveness, favoritism, fiscal/discipline mismanagement, punitive or opaque policies and alleged cover‑ups), a governance-level pattern separate from frontline teacher variability, facilities problems, safety incidents, or curricular breadth.\"",\n    \""square entries exhibit greater internal polarization and variability in teacher quality, student outcomes, and social inclusion (insider/outsider, socioeconomic and athletic favoritism) than circle entries\"": \""Many raw terms report stark within-school contrasts — standout teachers and remediation successes alongside unprofessional staff, unequal discipline, and preferential treatment of athletes/wealthy students — which capture classroom- and community‑level polarization distinct from governance, infrastructure, safety, or formal program offerings.\""\n}""]",,67.95371890068054,26932,2688,3249,,[],['resp_0eeb4fde31275ae6006a72579d563881a086a2211ad84dfc6d'],True
vote|reduce2|20|1,"[""{\n    \""square entries allege more administrative and governance dysfunction—nepotism, fiscal mismanagement, punitive or inconsistent policies, and unresponsive/cover‑up behavior—than circle entries\"": \""Covers the pattern of governance, recordkeeping, leadership turnover, retaliation, favoritism and budget/board-level failures seen in many 'square' reviews; this is deliberately distinct from facility, student‑safety, instructional-program, or extracurricular themes because it focuses on policy, governance and managerial misconduct rather than physical resources, student incidents, curriculum or program breadth.\"",\n    \""square entries report more frequent and severe student-safety and social-climate problems (bullying, drug/vaping use, fights, gang/weapon incidents, racism/transphobia, self-harm) than circle entries\"": \""Groups all concrete peer‑safety and hostile‑climate incidents (bullying, fights, drugs, hate incidents, suicidality, police/lockdowns) into a single bucket about on‑campus harm and disciplinary mishandling; it is kept separate from administrative dysfunction (which is leadership/governance) and separate from facilities, because this bucket is about interpersonal harm and incident outcomes rather than infrastructure or program offerings.\"",\n    \""square entries describe a broader, concrete set of specialized academic and career‑prep programs (IB/AP/dual‑enrollment/CTE/magnet/career academies) than circle entries\"": \""Captures all references to named advanced‑academic pathways, AP/IB/STEM/PLTW/dual‑credit and vocational/CTE/magnet offerings and measurable postsecondary outcomes in 'square' reviews; it is intentionally distinct from teacher quality/variability or counseling issues and from extracurricular/arts breadth because it focuses specifically on curricular, credentialed and college‑prep program structures and outcomes.\"",\n    \""square entries contain more concrete facility, operational and infrastructure descriptions (both deficiencies and capital investments) than circle entries\"": \""Groups the many detailed accounts of physical plant, capital projects, overcrowding, sanitation/pest problems, transportation/traffic, technology rollouts and logistical/resource shortages under one operational/infrastructure bucket; this is separated from administrative/governance (decision‑making) and from extracurricular or academic program buckets because it concerns tangible facilities and daily operations rather than program content or leadership behavior.\"",\n    \""square entries describe broader, award‑winning extracurricular and athletics programs and active community/booster support more than circle entries\"": \""Aggregates explicit accounts of rich extracurricular breadth, competitive/award achievements (band, choir, JROTC, sports), booster/PTA involvement and alumni ties found in 'square' reviews; this bucket is kept distinct from curricular/academic programing (AP/IB/CTE) and from facilities (which might host these activities) because it focuses on out‑of‑class programs, achievements and community support rather than courses or infrastructure.\""\n}""]",,70.31720805168152,22019,2816,3405,,[],['resp_05111b84e3f3aad0006a72579f30fc81a18f8753f430a3c468'],True
vote|reduce2|13|1,"[""{\n    \""Square entries report more pervasive student safety, bullying, substance‑use, gang activity, and supervision failures than circle entries\"": \""This bucket groups every raw term describing violence, fights, weapons, drugs, sexual/coercive incidents, bullying/cyberbullying, gangs, and visible supervision/security breakdowns in Square — it is focused on student-safety and conduct failures and is distinct from administrative, facility, academic, or counseling themes.\"",\n    \""square entries report more concrete operational, facility, capacity, and budget/policy problems (overcrowding, traffic/transportation, aging facilities, funding priorities, scheduling constraints) than circle entries\"": \""This bucket collects all raw terms about physical plant, overcrowding, portables, sanitation/pest issues, traffic/drop‑off hazards, scheduling/space constraints, and contested resource allocations in Square, keeping facility/logistics concerns separate from safety, governance, academic-program, or student‑support failures.\"",\n    \""Square entries report substantially stronger and more numerous advanced academic, AP/IB, dual‑enrollment and career‑technical pathways and measurable college outcomes than circle entries\"": \""This bucket captures the many Square reports of concrete advanced-course offerings (AP/IB/dual‑enrollment/CTE/majors), measurable college matriculation and scholarship outcomes, and named program successes — a programmatic/outcomes cluster that is conceptually separate from safety, facilities, governance, or counseling/service problems.\"",\n    \""square entries report more administrative and staff unprofessionalism, favoritism, secrecy, and poor responsiveness than circle entries\"": \""This bucket groups raw terms alleging nepotism, favoritism toward athletes/wealthy families, cover‑ups, selective discipline, record‑keeping failures, rude/unresponsive administrators and staff misconduct — i.e., governance and personnel professionalism issues distinct from physical facilities, student safety incidents, academic-program breadth, or counseling/IEP failures.\"",\n    \""square entries report more gaps and failures in individualized student support (special education, guidance, mental‑health, and graduation support) than circle entries\"": \""This bucket brings together raw terms about IEP/504 non‑compliance, poor college/guidance counseling, mental‑health crises not addressed, graduation/support for vulnerable students, and inconsistent tutoring/interventions — targeted student‑support failures that are distinct from overall administrative misconduct, broad safety incidents, facility constraints, or academic-program descriptions.\""\n}""]",,77.83102798461914,22046,3008,3508,,[],['resp_0dea0f9c022046e4006a72579e8d2c8192832ad77322458c07'],True
vote|reduce2|18|1,"[""{\n    \""Square entries report more frequent, severe, and systemic student safety and behavior problems (fighting, gangs, drugs, hazing, pervasive bullying) and related crisis responses than circle entries\"": \""Groups all raw items describing violence, gang activity, drug use, sexual assault, pervasive bullying, searches/lockdowns and pandemic outbreaks into a single safety/incident bucket—distinct from admin, facilities, academic-program, or support‑variability buckets because it focuses on student harm and crisis events themselves rather than causes, governance, or resources.\"",\n    \""square entries describe more administrative dysfunction, indifference, turnover, and governance failures than circle entries\"": \""Captures complaints about cover‑ups, favoritism/nepotism, punitive policy choices, leadership blame‑shifting, legal disputes, hiring bias, and high‑level board/district dysfunction—separate from safety incidents (which are the outcomes), facilities/logistics (which are material), advanced programs (which are offerings), and inconsistent supports (which are about variable implementation).\"",\n    \""square entries report more concrete facility, operational, and logistical problems (and explicit fee/resource issues) than circle entries\"": \""Encompasses overcrowding, maintenance/mold/cleanliness, transportation/busing failures and pay‑to‑play fees, scheduling/space constraints, technology rollouts and capital projects—distinct from safety incidents, leadership failures, curricular offerings, and variability in supports because it is about tangible infrastructure and day‑to‑day operations.\"",\n    \""square entries document a much broader set of specialized academic, early‑college, AP/IB/CTE and measurable postsecondary outcomes than circle entries\"": \""Groups the numerous claims about AP/IB/dual‑enrollment, magnet/academy tracks, industry/hospital partnerships, measurable test/college‑placement outcomes and scholarship/endowment supports into one programmatic/outcome bucket—separate from facility, safety, admin, or support‑consistency themes because it concerns formal curricular offerings and postsecondary results.\"",\n    \""Square entries show greater within‑school variability and inconsistent student supports (uneven teacher quality, mixed special‑education/IEP and counseling implementation, polarized student outcomes, and repeated parental advocacy) than circle entries\"": \""Collects reports of polarized experiences—strong teachers alongside incompetent ones, spotty counseling/special‑ed/IEP follow‑through, inconsistent discipline/grading and family‑led transfers or advocacy—kept distinct from administrative dysfunction (systemic governance), safety incidents (student harm), facilities (physical resources), and advanced programs (formal offerings) because it centers on uneven implementation and contradictory student outcomes.\""\n}""]",,86.37581706047058,21862,2368,2936,,[],['resp_00a4cbe4516ed5e7006a72579e11f481a1baabd73f7c2bfaa5'],True
