Identifier,Response,Web Search Sources,Time Taken,Input Tokens,Reasoning Tokens,Output Tokens,Reasoning Effort,Error Log,Response IDs,Successful
vote|reduce1|14|0,"[""{\n    \""square entries report more facility, maintenance, and resource allocation problems (pests, overcrowding, HVAC, limited tech, uneven funding) than circle entries\"": \""Groups many raw items about sanitation, overcrowding, parking/transport, construction, HVAC/mold, textbook/tech shortages and contested capital spending into a single operational/facility bucket; this is distinct from program, safety, admin or extracurricular themes because it focuses on physical plant and resource-allocation evidence rather than policy, people, or curricular offerings.\"",\n    \""square entries describe more extensive advanced academic, CTE, and measurable college-preparation offerings and outcomes than circle entries\"": \""Captures the numerous concrete mentions of AP/IB/dual‑enrollment, vocational/CTE tracks, magnets, college credits, and alumni/placement metrics in square reviews; this is mutually exclusive from extracurricular breadth, facility problems, administrative dysfunction, and safety incidents because it specifically addresses curricular pathways and measurable postsecondary outcomes.\"",\n    \""square entries report more frequent and severe student safety, substance, and behavior incidents than circle entries\"": \""Groups the many explicit accounts of bullying, fights, gangs, drug use, assaults, police presence, and self‑harm threats into a single student‑safety/behavior bucket; it is separate from administrative or resource complaints because it centers on peer harm and on‑campus violence/substance problems rather than governance or facilities.\"",\n    \""square entries report more administrative failures, favoritism, policy manipulation, and record/discipline mismanagement than circle entries\"": \""Aggregates raw items about nepotism/favoritism, grade/discipline manipulation, unresponsive or rude administrators, lost records, governance/board conflicts, and fiscal mismanagement into a governance/accountability bucket distinct from physical resources, curricular offerings, extracurriculars, or student safety.\"",\n    \""square entries report more and stronger extracurricular, arts, and athletics programs and organized booster/community support than circle entries\"": \""Collects the many concrete mentions of robust band/choir/arts, large athletics programs, JROTC/FFA/ROTC, booster/PTA activity, travel/awards and scholarship athletes into an extracurricular/booster support bucket that is conceptually separate from curricular rigor, facilities maintenance, student‑safety, or administrative dysfunction.\""\n}""]",,25.429028034210205,26395,1152,1646,,[],['resp_0e0ffd77e2dee231006a7257306d84819db318bd4baa730c6f'],True
vote|reduce1|22|3,"[""{\n    \""square entries report more frequent, severe, and unresolved safety/discipline incidents (bullying, assaults, gangs, drugs, weapon incidents) than circle entries\"": \""Groups all concrete reports of on‑campus danger and unhandled student misconduct (daily fights, pervasive bullying, drugs, threats, police/security involvement) into a single safety/discipline bucket that is clearly about incidents and responses and therefore distinct from resource, academic-program, administrative, or instructional‑support categories.\"",\n    \""square entries describe more concrete college‑preparatory programs, advanced coursework and measurable postsecondary outcomes (AP pass rates, dual enrollment, elite admits, scholarships) than circle entries\"": \""Captures the many square reports naming AP/IB/dual‑enrollment, test/exam support, measurable admissions and scholarship outcomes — a program/outcomes cluster that is programmatic and results‑focused and separate from safety, facilities, governance, or day‑to‑day support variability.\"",\n    \""square entries report chronic facility, staffing, and operational resource shortfalls and misallocated spending more than circle entries\"": \""Collects the operational and physical‑plant complaints (overcrowding, HVAC/asbestos/cleanliness, scheduling/transport failures, textbook/substitute shortages and contested funding choices) into one resource/facilities bucket that is about material capacity and allocation rather than pedagogy, safety incidents, or governance behavior.\"",\n    \""square entries report more administrative dysfunction, favoritism, and communication failures than circle entries\"": \""Groups allegations of leadership failures, nepotism/favoritism (athlete/parent/teacher bias), cover‑ups, unresponsiveness and opaque district policy decisions into an explicit governance/management bucket distinct from operational resource gaps, safety incidents, academic offerings, or classroom‑level variability.\"",\n    \""square entries describe greater inconsistency in classroom instruction and student supports — variability in teacher quality, grading/discipline practices, and inconsistent special‑education/counseling implementation — compared with circle entries\"": \""Captures the polarized, classroom‑and‑support‑level patterns (named outstanding teachers alongside abusive or incompetent teachers, uneven grading/retaking policies, IEP/IEP mismanagement and counselor overload) into a single instructional/support variability bucket that is about how students are taught and supported, separate from schoolwide safety, facilities, governance, or formal advanced‑program offerings.\""\n}""]",,25.87689709663391,26413,1152,1682,,[],['resp_00d3e1606e384657006a725730713c81a2ba13ea3c999efd5b'],True
vote|reduce1|18|5,"[""{\n    \""square entries report more administrative governance problems, punitive or inconsistent discipline policies, favoritism, recordkeeping failures, and poor parent communication than circle entries\"": \""This groups reviews describing managerial and governance breakdowns (favoritism/nepotism, opaque discipline rules, lost records, refusal to engage parents) — a distinct theme focused on leadership, policy and communications failures that is organizational (not about building condition, student safety incidents, program breadth, or special‑education casework).\"",\n    \""square entries describe more frequent and severe student safety and behavioral problems (violence, drugs, fights, police presence, pervasive bullying) than circle entries\"": \""This captures all concrete reports of threats to student safety and recurrent peer misconduct (fights, drug use, arson, racial/sexual harassment, police/armed guards) and is separable from governance problems (how leaders handle incidents), facilities (where incidents occur), academic programming, or individualized support failures.\"",\n    \""square entries report more concrete facility, maintenance, overcrowding, transportation and resource allocation issues (and named capital investments) than circle entries\"": \""This groups complaints and evidence about the physical and operational plant (roaches, HVAC/ceilings, overcrowded classes, bus problems, cafeteria, capital projects and budget allocation choices) — a material‑resources cluster distinct from governance style, safety incidents, curricular/program descriptions, or special‑education/counseling failures.\"",\n    \""Square entries provide more concrete measurable academic outcomes, counseling and college‑preparation evidence (both positive and negative) than circle entries\"": \""This groups reviews that cite tangible academic signals — AP/IB/dual‑enrollment counts, standardized‑score claims, alumni college placement, formal academies and documented counseling/college‑prep outcomes — a program/outcome cluster that is about curricular offerings and measurable results, not about safety, facilities, governance, or individualized IEP compliance.\"",\n    \""square entries report more gaps and failures in individualized student support (special education, guidance, mental‑health, and graduation support) than circle entries\"": \""This captures detailed accounts about counseling breakdowns, IEP/504 noncompliance, missed graduation credits, and mental‑health support failures — a focused category on individualized services and compliance that is distinct from broader administrative governance, physical resources, schoolwide safety incidents, or aggregate academic program claims.\""\n}""]",,26.26686191558838,22699,1216,1744,,[],['resp_08ee118cadfa2bc1006a72573064a481a292ebf8c7c387f87d'],True
vote|reduce1|22|5,"[""{\n    \""square entries allege more operational and governance failures — mismanaged records/credits, unresponsive guidance, inconsistent/punitive discipline, and leadership turnover — than circle entries\"": \""Groups numerous raw items about record/transcript mistakes, counselor/guidance failures, inconsistent or punitive discipline, cover‑ups, and leadership/staffing churn under a single governance/operations theme; this is distinct from safety, facilities, academics, or extracurriculars because it concerns administrative processes and policy enforcement rather than student behavior, physical plant, program offerings, or extracurricular culture.\"",\n    \""square entries report more frequent and severe safety, discipline, substance‑abuse, and student mental‑health crises than circle entries\"": \""Captures the cluster of concrete incident reports—bullying, fights, weapons, drug/alcohol use, sexual harassment, lockdowns, and mental‑health crises—that describe student harm and lack of remediation; it is mutually exclusive from the governance bucket (which is about administrative process) and from facilities, academics, or extracurricular program descriptions.\"",\n    \""square entries describe substantially more formal advanced/college‑preparatory and specialized academic programming (AP, IB, STEM, dual‑enrollment, formal remediation) than circle entries\"": \""Aggregates all raw terms that name AP/IB/dual‑credit/STEM/CTE pathways and documented college outcomes into a single academic‑programs bucket; this focuses on curricular depth and measurable postsecondary preparation and is separate from operational problems, safety incidents, facilities, or extracurricular/athletics emphasis.\"",\n    \""Square entries highlight more facility, capacity, and operational logistics problems than circle entries\"": \""Groups items about overcrowding, building condition, pest/mold, cafeteria/food quality, testing logistics, parking/loading‑zone hazards, and capital projects under a facilities/capacity/operations logistics heading; this is distinct from governance/process failures (administration behavior), safety/discipline incidents, advanced academic offerings, and extracurricular culture.\"",\n    \""square entries document a wider array of extracurricular, arts, vocational and athletic offerings while also reporting stronger athletic prioritization and favoritism than circle entries\"": \""Consolidates raw terms that describe breadth of clubs/arts/CTE/JROTC/internships and simultaneous patterns of athletic emphasis, booster/fee dependence, and favoritism/cliquishness into one extracurricular‑culture bucket; it is separate from curricular/college‑prep programming, facility/capacity issues, pure safety incidents, and administrative/governance failures.\""\n}""]",,26.875957012176514,22633,1280,1797,,[],['resp_00e4574511d91eb2006a7257309b1081a1ad3d038bf371f7ba'],True
vote|reduce1|5|4,"[""{\n    \""square entries document more administrative unresponsiveness, punitive or politicized governance, record‑keeping failures, and retaliatory behavior than circle entries\"": \""This groups all reports of leadership failure—unreturned emails/calls, opaque/punitive policies, cover‑ups, favoritism/nepotism and governance politics—which are organizational/governance problems distinct from (but sometimes related to) safety, facilities, special‑education, or programmatic offerings.\"",\n    \""square entries report more frequent and severe student safety, bullying, substance/weapon incidents (and local non‑remediation) than circle entries\"": \""This captures the cluster of concrete safety harms—fights, assaults, gang/drug activity, homophobic/racial harassment and visible police/security responses—that are operational safety/behavior crises rather than administration governance, curricular breadth, facility maintenance, or individualized‑support failures.\"",\n    \""square entries report more extensive advanced academic and postsecondary pathways (AP/IB/dual‑enrollment/magnet/STEM/vocational) and measurable college outcomes than circle entries\"": \""This groups all descriptions of formal advanced‑academics and measurable postsecondary outcomes (IB/AP/dual credits, magnets, vocational certificates, elite college admits), a programmatic/academic‑pathways theme that is conceptually separate from safety, administration, facilities, or special‑education support issues.\"",\n    \""Square entries report more concrete facility, resource, and operational shortages or contested funding/prioritization decisions than circle entries\"": \""This bucket covers physical and logistical conditions—overcrowding, sanitation/maintenance, construction/capital choices, transportation/food/technology rollouts, fees and contested budget priorities—which are infrastructural/resource problems distinct from governance tone, student safety events, specialized programs, or counseling/IEP compliance.\"",\n    \""square entries report systemic failures or inconsistencies in individualized student supports and college/career advising (special‑education/IEP/504 mishandling, counselor shortages, poor scholarship/college guidance, parents forced to fight or homeschool) more than circle entries\"": \""This groups all reports about special‑education noncompliance, counseling overload/slow response, IEP/504 mishandling and forced parental advocacy—targeted, student‑level support breakdowns that are functionally different from schoolwide safety incidents, program breadth, facilities, or high‑level governance complaints.\""\n}""]",,27.504889965057373,26062,1344,1842,,[],['resp_07a1e7ad1dd7fa0b006a725730126481a1ba4b6b3cb1139b39'],True
vote|reduce1|17|3,"[""{\n    \""square entries report more administrative dysfunction, turnover, poor recordkeeping, and accountability failures than circle entries\"": \""This bucket groups all governance- and process-oriented failures (lost records, unresponsive boards, nepotism, wrongful withdrawals, inconsistent enforcement) and is distinct from facility, safety, programmatic or extracurricular topics because it focuses on leadership, paperwork, and accountability rather than physical conditions, student behavior, or curricular breadth.\"",\n    \""square entries describe more persistent facility, resource and operational shortfalls (overcrowding, maintenance, scheduling, and logistics) than circle entries\"": \""This bucket captures concrete operational and material problems (portables, overcrowding, broken bathrooms, tech rollouts, transportation, budget-driven cuts) and is mutually exclusive from the admin-dysfunction bucket because it concerns day-to-day infrastructure and resource constraints rather than governance, and distinct from safety/program buckets because it centers on capacity/maintenance/logistics.\"",\n    \""square entries report more frequent and severe student safety and conduct problems (bullying, fights, assaults, drugs, gangs, security breaches) than circle entries\"": \""This bucket groups all student‑behavior and safety crises (recurrent fights, bullying, drug/vape epidemics, weapons, police presence, sexual harassment, suicidality) and is separate from administrative, facility, curricular or extracurricular buckets because it refers to on-the-ground incidences of harm and deterrence rather than program offerings, facilities condition, or governance.\"",\n    \""square entries document broader, formalized academic and extracurricular pathways and measurable college/career outcomes than circle entries\"": \""This bucket aggregates references to formal advanced-academic pipelines (IB/AP/dual-enrollment, internships, measurable alumni/college matriculation, career academies) and is distinct from the extracurricular/facilities buckets because it focuses on structured curricular and postsecondary outcomes rather than the mere existence of clubs, sports, or buildings.\"",\n    \""Square entries emphasize broader extracurricular, arts, vocational and athletic program breadth and often report athletics‑first resource/favoritism dynamics more than circle entries\"": \""This bucket captures expansive non-academic offerings and community-backed investments (band, JROTC, culinary, athletics prominence, booster-funded projects and pay-to-play tensions) and is mutually exclusive from the advanced-academic bucket because it centers on enrichment/athletics/arts ecosystems and related favoritism rather than formal AP/IB/college-prep pathways.\""\n}""]",,27.88580822944641,26287,1856,2377,,[],['resp_0276e0592f39af76006a7257306b7c819c883f4b817217567c'],True
vote|reduce1|15|0,"[""{\n    \""square entries report more administrative governance problems, punitive or inconsistent discipline policies, favoritism, recordkeeping failures, and poor parent communication than circle entries\"": \""Groups all reports of school governance and office-level dysfunction (arbitrary/zero‑tolerance discipline, favoritism/nepotism, withheld records/transcript failures, rude front‑office staff, and broken parent communication) — these are operational/governance failures distinct from (a) student safety incidents, (b) curricular/college‑prep offerings, (c) extracurricular/facility investment, and (d) classroom/teacher variability.\"",\n    \""square entries report more frequent and severe student safety and conduct problems than circle entries\"": \""Collects the numerous concrete accounts of on‑campus harm and disorder (daily fights, weapons/lockdowns, gang activity, pervasive drug dealing/use, suicides, severe bullying and sexual/physical incidents) — a discrete category about student behavior and immediate safety that is conceptually separate from administrative governance, program offerings, extracurricular investment, or teacher instructional quality.\"",\n    \""Square entries report broader, deeper, and more measurable advanced-academic and college-preparatory programs (AP/IB/honors, dual-enrollment, vocational CTE) and clearer college-placement outcomes than circle entries\"": \""Captures the many concrete references to formal advanced pathways, institutional partnerships, dual‑enrollment/CTE credentials, IB/AP scope and named college admissions/alumni outcomes — this is a programmatic/outcome cluster distinct from facilities/extracurricular prominence, safety incidents, governance problems, or teacher-level variability.\"",\n    \""square entries report broader, higher‑profile extracurricular, arts, and athletics programs and community engagement than circle entries\"": \""Groups descriptions of rich extracurricular ecosystems, high‑level arts/ band/JROTC/athletics, booster/parent funding and visible capital projects (stadiums, aquatic centers) and school‑spirit/community legacy — a community/facility/program‑investment theme separate from administrative misconduct, on‑campus safety, advanced‑academic pathways, or classroom instruction quality.\"",\n    \""square entries exhibit greater variability and polarization in teacher quality, instructional rigor, and student-support practices than circle entries\"": \""Aggregates accounts of wildly mixed classroom experiences (named excellent teachers and tenure‑protected poor teachers, inconsistent grading, special‑education/IEP compliance failures, overloaded/ineffective counselors, and both strong individualized supports and documented teacher misconduct) — this instructional/support variability is distinct from governance/discipline failures, safety incidents, curricular breadth, or extracurricular/facility descriptions.\""\n}""]",,27.8885817527771,26549,1344,1880,,[],['resp_0bf91f7fc28ec240006a725730525c8191b5091ac3fea6afd0'],True
vote|reduce1|0|5,"[""{\n    \""square entries report more pervasive student safety problems, bullying, hate‑based harassment, substance abuse, and violent incidents than circle entries\"": \""Many raw terms document weapons, stabbings, fights, sexual harassment, heavy drug use and unaddressed bullying in Square — this bucket isolates concrete on‑campus harm and delinquent student behavior (distinct from administrative or facility causes handled in other buckets).\"",\n    \""square entries document more administrative unresponsiveness, punitive or politicized governance, record‑keeping failures, and retaliatory behavior than circle entries\"": \""Numerous items describe cover‑ups, favoritism toward athletes/wealthy families, punishment of complaining parents, lost records, and opaque decision‑making in Square — this groups governance/discipline/accountability failures that are organizational rather than physical‑facility, support‑service, academic‑program, or pure safety issues.\"",\n    \""square entries describe more concrete specialized academic and career‑technical pathways, AP/IB/magnet offerings, dual‑enrollment and measurable college outcomes than circle entries\"": \""Many Square reviews enumerate IB/AP/CTE/dual‑enrollment programs and named vocational outcomes and college matriculation evidence — this groups programmatic breadth and measurable college/career pathways, separate from counseling/IEP or operational problems.\"",\n    \""square entries report more facility, capacity, and day‑to‑day operational/logistical problems than circle entries\"": \""A large set of raw terms detail HVAC/bathroom/overcrowding/transportation/phone/registration failures and scheduling/policy hassles in Square — this bucket captures physical infrastructure and daily logistics distinct from governance, safety incidents, academic programming, or student‑support quality.\"",\n    \""square entries report more inadequate special-education, mental-health, counseling, and targeted student-support failures than circle entries\"": \""Many entries describe IEP noncompliance, overworked/ineffective counselors, mental‑health crises, and poor accommodations in Square — this groups student‑support and special‑needs shortcomings that are different from facility faults, governance/cover‑ups, program offerings, or overt student safety incidents.\""\n}""]",,27.89848828315735,22848,1344,1786,,[],['resp_054a7dfee17170b3006a7257301a5c81919e04862e1036cc60'],True
vote|reduce1|9|4,"[""{\n    \""square entries report more student safety incidents, substance use, and violent behavior than circle entries\"": \""Groups the many raw terms about fights, bullying (including LGBT/race‑based harassment), drugs/vaping, police/lockdown responses, self‑harm/suicide claims and other acute safety incidents into a single safety/behavior cluster that is clearly different from programmatic, staffing, facility or governance topics.\"",\n    \""square entries document broader, formalized advanced and career pathways with measurable postsecondary outcomes more than circle entries\"": \""Captures the extensive IB/AP/dual‑enrollment/CTE/academy/industry‑aligned program mentions and concrete college/credential outcomes (scholarships, elite matriculation, certifications) that are about curricular pathways and outcomes rather than safety, facilities, administration, or inconsistent classroom supports.\"",\n    \""Square entries document more administrative and district‑level mismanagement, favoritism/nepotism, politicization, and legal/financial controversies than circle entries\"": \""Groups allegations and evidence of governance problems—lawsuits, board dysfunction, favoritism/nepotism, politicized decisions, fiscal/metric manipulation and cover‑ups—into an accountability/governance bucket that is conceptually distinct from safety incidents, program offerings, facilities, or teacher/support variability.\"",\n    \""square entries contain more concrete operational and resource details — facilities, overcrowding, scheduling, fees, technology, and administrative/process problems — than circle entries\"": \""Collects the granular operational items (overcrowding, bathrooms, mold/health hazards, construction and drop‑off logistics, tech rollouts, registration/scheduling problems, fee/fundraising issues) into a facilities/operations bucket separate from governance, safety, curricular pathways or classroom/support inconsistencies.\"",\n    \""Square entries show greater within‑school variability and contradictory reports about teacher effectiveness, special‑education services, and student supports than circle entries\"": \""Groups the mixed/conflicting accounts about teacher quality (from heroic remediation to absenteeism), inconsistent special‑education/IEP practice, counseling availability, tutoring and turnover—an intra‑school variability/supports dimension that is meaningfully different from systemic admin failures, physical resource problems, safety crises, or the presence/absence of advanced programs.\""\n}""]",,28.43914532661438,25918,1344,1803,,[],['resp_02095e9e44c9a4ca006a7257304ec881a287570b7d0a9dca25'],True
vote|reduce1|20|2,"[""{\n    \""square entries report more administrative dysfunction, favoritism, cover‑ups, and unstable governance than circle entries\"": \""Groups of raw terms repeatedly document governance problems (board/leadership turnover, nepotism, protected staff, opaque complaint handling) that are about organizational decision‑making and accountability — distinct from student safety incidents, facilities shortages, teacher variability, or program offerings.\"",\n    \""square entries report more chronic facility, capacity, and resource problems (broken bathrooms, overcrowding, outdated technology, poor maintenance) than circle entries\"": \""Many raw items detail concrete infrastructure, crowding, sanitation and technology failures that are operational/resource issues separate from administrative favoritism, student safety incidents, academic-program breadth, or teacher/support variability.\"",\n    \""square entries report more severe student-safety, discipline, substance and gang problems (with administrative tolerance or inaction) than circle entries\"": \""Numerous reviews describe fights, bullying, drug/alcohol use, weapons/assaults and gang activity (often paired with inadequate incident response), a frontline safety/behavior cluster that is conceptually different from governance failures, facility deficits, academic-program strength, or variation in staff supports.\"",\n    \""square entries describe stronger, more numerous formal advanced‑academics and college‑preparation pathways than circle entries\"": \""A coherent subset of raw terms documents concrete programmatic advantages (AP/IB/dual‑enrollment, CTE, measurable college outcomes and elite extracurriculars) — this curricular/programming axis is about offered pathways and outcomes, not about safety, buildings, governance, or intra‑staff variability.\"",\n    \""square entries show greater variability in teacher/staff behavior and concrete student supports — from intensive one‑on‑one help to high turnover and instructional breakdowns — than circle entries\"": \""Many entries contrast named, highly supportive teachers and strong counseling/special‑ed cases with reports of teacher burnout, uneven instruction, misassigned transcripts and IEP/504 failures, a people‑and‑service variability theme that is distinct from facility problems, safety incidents, governance/favoritism, or program breadth.\""\n}""]",,28.653005123138428,26333,2048,2485,,[],['resp_0cc9c5bf9bb9b15f006a7257306d888191a352fdb6a8533333'],True
vote|reduce1|9|0,"[""{\n    \""square entries report more frequent, severe, and concretely described student safety/behavior incidents and disorder than circle entries\"": \""This groups the many reports of fights, drugs, sexual activity, vandalism, threats, arrests, and chronic bullying/lockdowns into a single student‑safety/discipline bucket; it is distinct from administrative, instructional, extracurricular, or facilities themes because it focuses on on‑campus student conduct and supervision outcomes rather than who runs or funds programs.\"",\n    \""square entries report more extensive advanced-academic and high‑achievement programmatic offerings and measurable college-prep outcomes than circle entries\"": \""This captures the repeated references to AP/IB/dual‑enrollment, elite college matriculations, scholarships and measurable test/ranking outcomes, and is kept separate from extracurricular breadth (which is about arts/athletics/booster life) and from teacher/administration dysfunction (which concerns personnel and governance).\"",\n    \""square entries report more extensive, higher‑profile extracurricular breadth, athletic prominence, and community/booster engagement (specialized arts, championships, Cirque/JROTC, large club rosters, strong school spirit) than circle entries\"": \""This bucket groups the many concrete claims about large band programs, championship athletics, JROTC/CTE offerings, booster support, and broad club ecosystems, distinguishing program breadth and community investment from academic rigor, student safety, teacher quality, or operational/facility complaints.\"",\n    \""square entries describe greater administrative dysfunction, inconsistent or biased discipline, and poor school–family communication (favoritism, nepotism, ignored scheduling/transfer/IEP requests) than circle entries\"": \""This groups governance‑level issues—lost records, arbitrary/punitive discipline, favoritism/nepotism, IEP/transfer denials and unresponsive office behavior—separating systemic leadership and policy breakdowns from teacher performance, student safety incidents, program offerings, or physical/funding constraints.\"",\n    \""square entries report more teacher instability, instructional incompetence, favoritism, absenteeism, and retaliatory staff behavior than circle entries\"": \""This bucket consolidates the many accounts of high teacher turnover, grade opacity, misconduct/abusive teachers, uneven instruction and classroom favoritism, and is explicitly about in‑class staff behavior and instructional quality rather than administrative policy, extracurricular scale, facilities problems, or student misconduct.\""\n}""]",,29.485466718673706,26242,1344,1862,,[],['resp_032ffe6820ad67db006a725730d384819daa019bcd6dcc741f'],True
vote|reduce1|6|0,"[""{\n    \""square entries report more failures and strain in student support services, counseling, and special education compliance than circle entries\"": \""Many square reviews recount IEP/504 noncompliance, counseling gaps, missed graduation credits, and inconsistent remediation—this captures the concrete breakdowns in individualized student supports and is distinct from facility, safety, programmatic or governance complaints because it focuses specifically on special‑education, counselor, and remedial service failures.\"",\n    \""square entries report more concrete facility, capacity, and operational logistics problems (overcrowding, sanitation, transportation, parking, and maintenance) than circle entries\"": \""Numerous square items document overcrowding, pest/cleanliness, broken bathrooms, bus failures and scheduling chaos—this bucket groups infrastructural and day‑to‑day operational resource problems and is mutually exclusive from safety incidents, student‑support failures, advanced‑program descriptions, and governance/favoritism issues.\"",\n    \""square entries report more student safety, bullying, substance-use, and violence problems than circle entries\"": \""Square reviews repeatedly describe fights, weapons/lockdowns, drug/vaping epidemics, self‑harm and pervasive bullying that go unresolved—this cluster isolates on‑campus safety and peer‑behavior crises separate from facility conditions, administrative governance, special‑education supports, or program breadth.\"",\n    \""Square entries describe more concrete, diverse advanced academic and career‑readiness programs and measurable postsecondary outcomes (AP/IB/dual‑credit/CTE/academies) than circle entries\"": \""Many square entries enumerate AP/IB/dual‑enrollment, CTE tracks, early‑college credits and elite college matriculations—this groups programmatic breadth and measurable college‑prep outcomes and is deliberately distinct from complaints about discipline, facilities, student supports, or leadership behavior.\"",\n    \""square entries report more administrative unresponsiveness, favoritism, procedural inconsistency, and cover‑up behavior than circle entries\"": \""A large set of square reviews allege opaque discipline, favoritism toward athletes/affluent families, cover‑ups, legalistic attendance enforcement and poor parent communication—this bucket targets governance, accountability, and biased enforcement issues and is separate from safety incidents, special‑education service failures, infrastructure problems, or program descriptions.\""\n}""]",,30.007663249969482,26738,1472,1969,,[],['resp_0c8bf71cd3a11f94006a7257300d9481a3b1ed3f22b8f5a10a'],True
vote|reduce1|5|2,"[""{\n    \""square entries report more frequent and severe student-safety, bullying, substance-use, and violent-incident problems than circle entries\"": \""This bucket groups all concrete reports of fights, weapon/drug incidents, pervasive bullying/harassment, police/ambulance involvement and resulting student harm — a distinct theme focused on on‑campus safety and behavioral crises that is separate from programmatic strength, administrative governance, facilities/logistics, or counseling/IEP service discussions.\"",\n    \""square entries describe more extensive advanced academic, college‑prep, dual‑credit, AP/IB and CTE program offerings and measurable alumni outcomes than circle entries\"": \""This bucket captures the many explicit, named claims about AP/IB/dual‑enrollment/CTE/magnet pathways and alumni/college‑placement metrics — programmatic breadth and measurable academic outcomes that are conceptually different from safety, admin dysfunction, operational facilities, or special‑education/counseling issues.\"",\n    \""square entries allege more administrative and governance dysfunction—nepotism, fiscal mismanagement, punitive or inconsistent policies, and unresponsive/cover‑up behavior—than circle entries\"": \""This bucket groups complaints about governance, politicized discipline, favoritism/nepotism, cover‑ups, legal threats and board/district mismanagement — a leadership/decision‑making theme that is distinct from frontline safety incidents, curricular/program offerings, facility constraints, or student‑support variability.\"",\n    \""Square entries document more facility/resource constraints and contested funding priorities (overcrowding, unsanitary/aging facilities, trailers, and athletic spending over academics) than circle entries\"": \""This bucket gathers operational and physical‑plant evidence — overcrowding, sanitation/pest problems, capital projects versus missing basic materials, parking/traffic and scheduling logistics — a facilities/resources category that does not overlap with program quality, counseling/IEP delivery, safety incident frequency, or governance corruption.\"",\n    \""square entries report more detailed variability in counseling, special‑education, and student‑support services (documenting both notable supports and clear failures) than circle entries\"": \""This bucket groups all concrete, person‑level reports about guidance/counseling responsiveness, IEP/504 implementation, credit/transfer/placement mishandling, alternative programs and mental‑health staffing (including both success stories and failures), keeping student‑support/systemic service issues distinct from safety incidents, program offerings, administrative malpractice, or facility problems.\""\n}""]",,30.04151725769043,26536,1600,2104,,[],['resp_06a17a6e217e678b006a7257300b54819e9583b4566b2c2b30'],True
vote|reduce1|24|0,"[""{\n    \""square entries report more frequent and severe student safety and discipline incidents (fights, gangs, drugs/vaping, weapons, lockdowns, pervasive bullying) than circle entries\"": \""Groups the many raw terms describing violence, fights, drug/gang activity, sexual harassment, suicides, pervasive bullying, and visible security responses — a concrete student‑safety cluster that is conceptually distinct from administrative governance, facility conditions, curricular offerings, or individualized support problems.\"",\n    \""square entries report more administrative dysfunction, favoritism, discipline‑avoidance, and governance problems than circle entries\"": \""Collects claims about nepotism, cover‑ups, retaliatory responses, opaque board politics, inconsistent or biased discipline, lost records, and leadership turnover — an organizational/governance theme that is about who runs the school and how they make decisions, separate from physical facilities, safety incidents, program breadth, or special‑education/counseling practice.\"",\n    \""square entries report more extensive, formal advanced-academic programs and measurable college-prep outcomes than circle entries\"": \""Captures the repeated references to AP/IB/magnet/dual‑enrollment/CTE pathways, elite college placements, scholarship interviews and measurable academic outcomes — a programmatic/academic‑rigor cluster focused on curricular offerings and postsecondary results that is distinct from safety, governance, facility, or individualized‑support issues.\"",\n    \""square entries report more material/facility deficits, overcrowding, and visible resource/funding misallocation than circle entries\"": \""Groups the concrete, physical and budgetary reports — broken bathrooms, mold/exposed wiring, overcrowded classes, maintenance failures, contested capital projects and athletics‑first spending — a tangible infrastructure/resource category separate from administrative culture, student safety incidents, academic program strength, or counseling/IEP disputes.\"",\n    \""Square entries report more explicit failures and contentious handling (and occasionally strong pockets) of counseling, special‑education, and individualized student supports than circle entries\"": \""Aggregates the detailed accounts of IEP/504 disputes, counselor caseload shortages, special‑education neglect or praised special‑ed pockets, credit/transcript mishandling, and tutoring/mentoring interventions — a targeted student‑support services theme that differs from schoolwide governance, facility problems, general program offerings, or campus safety incidents.\""\n}""]",,29.837748050689697,25958,1216,1747,,[],['resp_089c1761919e10e6006a7257306d70819ca5b51ac9d34ce0ce'],True
vote|reduce1|11|5,"[""{\n    \""square entries report more administrative misconduct, unresponsiveness, favoritism, and governance failures than circle entries\"": \""Groups the many raw terms about leadership problems (dictatorial principals, protected teachers, politicized discipline, board/HR dysfunction, parental-complaint mishandling) into a single governance/fairness bucket that is distinct from operational logistics, student-safety incidents, program breadth, or academic rigor.\"",\n    \""square entries report more frequent and severe student safety and conduct problems (fights, gangs, drugs, pervasive bullying, self‑harm incidents) than circle entries\"": \""Captures the raw items describing violence, weekly fights, stabbings, sexual misconduct, drug/gang activity, pervasive bullying and police/security actions—a discrete set of safety/behavior phenomena separate from governance decisions, facilities/maintenance issues, extracurricular offerings, or advanced‑academics.\"",\n    \""square entries describe more formal advanced academic programs, measurable college‑prep outcomes, and specialized curricula than circle entries\"": \""Groups all claims about AP/IB/honors/dual‑enrollment, measurable test/graduation/college outcomes, magnet/CTE/early‑college pathways and tracking pressures into one academic-programs/college‑prep bucket that is conceptually distinct from extracurricular prominence, safety incidents, governance failure, or logistics.\"",\n    \""square entries report more extensive extracurriculars, athletics, arts programs, facilities, and visible community/parental support — plus more explicit athletics-oriented resource prioritization — than circle entries\"": \""Collects the many items about broad/flagship extracurricular ecosystems (band, theater, JROTC, boosters, state championships) and attendant athlete‑first favoritism or booster funding into a single programs/priority‑allocation bucket separate from academic-program detail, safety issues, governance misconduct, or facility/operational failures.\"",\n    \""square entries contain more concrete operational, facility, and procedural detail (maintenance, overcrowding, scheduling, grading/record mishandling, transportation, security infrastructure, and technology rollouts) than circle entries\"": \""Groups the raw terms about physical campus condition, overcrowding, scheduling/class‑capacity problems, bus/attendance errors, locked bathrooms, maintenance/mold, and tech rollouts into an operational/facility/logistics bucket that is distinct from governance, student safety incidents, extracurricular breadth, or academic-program quality.\""\n}""]",,30.099998950958252,22965,1472,2003,,[],['resp_0af55d0f194abeec006a7257303e84819c8009ac9a84d171a6'],True
vote|reduce1|12|2,"[""{\n    \""square entries document a much broader set of specialized academic, early‑college, AP/IB/CTE and measurable postsecondary outcomes than circle entries\"": \""Many raw items describe named AP/IB/dual‑enrollment/CTE tracks, measurable college admits, and explicit college‑prep outcomes for square schools — this bucket is strictly about formal advanced-academic and measurable postsecondary programming/outcomes, distinct from extracurricular achievements, safety incidents, admin failures, or counseling detail captured in other buckets.\"",\n    \""square entries describe broader, higher-profile extracurricular, arts, CTE and competitive program breadth and achievements (band, music, FFA/ROTC, vocational labs, awards) than circle entries\"": \""Numerous raw items catalog award‑winning bands, JROTC, vocational labs, competitive teams and arts funding in square reviews — this bucket isolates extracurricular / competitive program breadth and achievements (not academic AP/IB pathways, not admin governance, and not safety or counseling topics).\"",\n    \""square entries report more administrative mismanagement, poor parent communication, favoritism, and governance/policy irregularities than circle entries\"": \""A large cluster of raw items allege favoritism, nepotism, opaque policy enforcement, recordkeeping/board failures and poor parent communication at square schools — this bucket is focused on governance/operational/leadership dysfunction and is kept separate from safety incidents, program breadth, academic offerings, or student‑support service descriptions.\"",\n    \""square entries report more frequent and severe student-safety incidents and pervasive misbehavior than circle entries\"": \""Many raw items document fights, weapons/drug incidents, gang activity, police responses, and pervasive bullying in square entries — this bucket is specifically about on‑campus safety, violence, substance and bullying events, and is conceptually distinct from administrative mismanagement, academic programming, extracurriculars, or counseling/service variability.\"",\n    \""square entries report more detailed variability in counseling, special‑education, and student‑support services (documenting both notable supports and clear failures) than circle entries\"": \""Several raw items give granular accounts of IEP/504 handling, special‑education delays or successes, counselor caseloads, mental‑health supports, tutoring and remediation in square reviews — this bucket concentrates on individualized student‑support practices and compliance, separate from governance, safety, extracurriculars, or broader advanced‑academics coverage.\""\n}""]",,30.69573211669922,26396,1728,2246,,[],['resp_0e9b4f8f4cc454bb006a725730517c819fad39643deeba8203'],True
vote|reduce1|12|4,"[""{\n    \""square entries report more frequent safety, discipline, substance‑use, and student‑misconduct incidents than circle entries\"": \""This bucket groups all concrete reports of fights, bullying, bomb/assault threats, vaping/drug epidemics, gang activity, police involvement, sexualized/assault incidents, and ineffective incident response — a distinct dimension (student safety/behavioral crisis) separate from resource, curricular, teacher‑quality, or governance problems.\"",\n    \""square entries report more pervasive facility and resource constraints and overcrowding than circle entries\"": \""This bucket captures explicit, operational infrastructure problems — overcrowding, sanitation/pest issues, broken bathrooms, cafeteria/food complaints, construction/parking/drop‑off logistics, HVAC/maintenance and capital vs maintenance tradeoffs — which are about physical capacity and resourcing rather than staff conduct, curriculum, or governance.\"",\n    \""Square entries report substantially stronger and more numerous advanced academic, AP/IB, dual‑enrollment and career‑technical pathways and measurable college outcomes than circle entries\"": \""This bucket groups concrete programmatic evidence of high‑level academic pathways and measurable postsecondary outcomes (AP/IB/dual credit/CTE, academies, scholarships, college matriculation rates), a curricular/program‑offerings axis distinct from safety, facilities, teacher behavior, or administrative governance.\"",\n    \""square entries report more inconsistent or problematic staff performance and student‑support practices (teacher incompetence/favoritism, grade/assessment practices, and guidance/special‑education failures) than circle entries\"": \""This bucket collects reports about frontline educational practice and student supports — variable teacher quality, absenteeism, grading/gaming, tutoring/counseling failures, IEP/504 responsiveness and special‑education outcomes — which concern classroom and support delivery rather than building condition, extracurricular breadth, or leadership politics.\"",\n    \""square entries document more administrative mismanagement, favoritism, and policy‑driven dysfunction (image‑management, layoffs, inconsistent discipline) than circle entries\"": \""This bucket isolates governance‑level problems — nepotism/favoritism, cover‑ups, arbitrary or politicized discipline, poor parent communication, turnover and fiscal/policy mismanagement — keeping leadership/governance distinct from teacher practice, student safety incidents, facilities, and programmatic offerings.\""\n}""]",,30.695780038833618,26618,1600,2074,,[],['resp_0c82c13b284a2c42006a72573055a481a3ab038604de828e21'],True
vote|reduce1|8|4,"[""{\n    \""square entries report more frequent and severe student safety, substance‑abuse, violence, and bullying incidents than circle entries\"": \""This bucket groups the many reports of fights, weapons, gang activity, sexual assaults, substance use, suicides, pervasive bullying and on‑campus security/police responses in Square reviews — a discrete, operational safety/incident domain distinct from governance, programming or instructional support issues covered by other buckets.\"",\n    \""square entries report more administrative, district‑level, and staff misconduct, favoritism/nepotism, and governance failures than circle entries\"": \""This bucket collects allegations about principal/board misconduct, nepotism, favoritism toward athletes/children of staff, misused funds, punitive residency/eviction actions and opaque district politics — institutional governance failures that are organizational (not classroom supports, curricular breadth, extracurricular strength, or safety incidents).\"",\n    \""square entries emphasize concrete college‑preparatory programs, measurable academic outcomes, and advanced-course/dual-enrollment pathways more than circle entries\"": \""This bucket captures the dense, named descriptions of AP/IB/honors, dual‑enrollment, IB vs AP debate, measurable college placements and test‑score claims in Square reviews — i.e., formal advanced‑academic offerings and outcomes distinct from extracurricular breadth, safety or administrative problems.\"",\n    \""square entries report broader extracurricular breadth, visible school spirit, and stronger parent/community engagement than circle entries\"": \""This bucket groups accounts of extensive clubs/athletics/band/arts/booster fundraising, high school spirit, alumni/parent volunteerism and large competitive programs in Square reviews — programmatic and community engagement features that are conceptually different from classroom instruction quality, special‑ed supports, or governance failures.\"",\n    \""square entries report more inconsistent or deficient student supports and teacher‑level instructional variability (special education, counseling, attendance/absenteeism, and classroom quality) than circle entries\"": \""This bucket aggregates the numerous Square reports about IEP/504 noncompliance, counseling shortages, remediation failures, long‑term subs, uneven teacher quality and ad‑hoc grading/communication issues — frontline student‑support and teacher‑practice problems that are operationally distinct from big‑picture governance, safety crises, extracurricular breadth, or advanced‑program offerings.\""\n}""]",,31.213794231414795,26481,1344,1849,,[],['resp_0e5724b44ec01120006a725730512c819eaef1f6b32936e619'],True
vote|reduce1|13|1,"[""{\n    \""square entries report more severe student-safety, discipline, substance and gang problems (with administrative tolerance or inaction) than circle entries\"": \""Groups the many raw items about fights, bullying, gang activity, on‑campus drug/vaping/dealing, sexual harassment/assault reports, police presence and concrete examples of schools failing to remediate incidents — a distinct safety/behavior cluster that is operationally different from facility conditions, academic program strength, administrative favoritism, or special‑ed/counseling issues.\"",\n    \""square entries document more administrative and governance dysfunction, poor operational communication, favoritism/nepotism, and policy/discipline mishandling than circle entries\"": \""Captures reports of cover‑ups, favoritism (athlete/alumni hires), opaque discipline/recordkeeping failures, PR/central‑office spin, and deliberate policy choices harming students — a governance/decision‑making cluster separate from student safety incidents, physical plant problems, academic program content, or special‑education/counseling delivery.\"",\n    \""square entries describe stronger advanced academic programs, measurable student outcomes, and college‑preparatory support than circle entries\"": \""Groups the concrete programmatic claims (AP/IB/dual‑enrollment/CTE pathways, measurable test scores, college acceptances, grant awards and formal magnet offerings) that indicate academically high‑end pathways and outcomes — distinct from operational failures, safety problems, facilities, or IEP/counseling issues.\"",\n    \""square entries contain more concrete facility, capacity, hygiene, and district-level technology/resource details than circle entries\"": \""Collects items about overcrowding, renovations/major capital projects, sanitation/pest problems, classroom tech and 1:1 device programs, lunch/free‑meal availability and explicit resource shortfalls — a physical‑infrastructure/resource cluster different from governance choices, safety incidents, academic program descriptions, or special‑education/counseling practice.\"",\n    \""square entries describe more concrete special‑education, counseling, mental‑health, and dropout‑prevention activity or failure than circle entries\"": \""Groups IEP/504 non‑compliance, altered IEP notes, delayed identification, counselor caseload/college‑advising failures, mental‑health harms, and alternate placement/dropout anecdotes into a targeted student‑support cluster that is operationally distinct from facilities, advanced academics, governance/favoritism, and general safety incidents.\""\n}""]",,31.433764934539795,26417,1792,2297,,[],['resp_08bd2725944c79fd006a72573058f4819fbf7a5635106e5fc3'],True
vote|reduce1|6|5,"[""{\n    \""square entries report more administrative dysfunction, favoritism, discipline‑avoidance, and governance problems than circle entries\"": \""Covers governance-level failures (bias, favoritism, punitive/opaque policies, retaliatory parent treatment and recordkeeping breakdowns) that are about who runs the school and how decisions are applied, which is conceptually distinct from facilities, safety incidents, academic-program breadth, or special‑education/counseling service issues.\"",\n    \""square entries report more facility, capacity, and operational logistics problems (overcrowding, portables, construction disruption, poor sanitation, cafeteria/traffic scheduling) than circle entries\"": \""Groups concrete infrastructure and day‑to‑day operational breakdowns (HVAC, overcrowding, renovation impacts, parking/traffic and cafeteria logistics) that disrupt schooling physically and are separate from leadership behavior, safety incident frequency, curricular offerings, or individualized student supports.\"",\n    \""square entries report more frequent and more severe on‑campus safety and behavior incidents (drugs, fights, lockdowns, searches, bullying, hate incidents) than circle entries\"": \""Aggregates documented student‑safety and misconduct problems (drugs, weapons, repeated fights, severe bullying/harassment and police/security interventions) that describe campus climate and incident frequency rather than administrative policy, facilities conditions, program offerings, or special‑education/counseling capacity.\"",\n    \""square entries document broader, concrete curricular and postsecondary pathways and measurable outcomes (AP/IB/Cambridge, vocational certifications, dual‑credit, scholarships, tech distribution) than circle entries\"": \""Captures explicit programmatic strength and measurable academic pathways (IB/AP/dual‑enrollment, career academies, scholarship and college matriculation evidence) focused on curricular breadth and outcomes, which is analytically different from governance problems, physical/logistical issues, safety incidents, or special‑education service delivery.\"",\n    \""square entries discuss special‑education, counseling capacity, and mental‑health supports (and failures) far more than circle entries\"": \""Encompasses IEP/504 implementation, counselor caseloads, mental‑health supports, and documented compliance or lack thereof—these individualized support systems are distinct from broad academic-program descriptions, campus infrastructure, incident rates, or administrative favoritism/governance themes.\""\n}""]",,31.96610999107361,22870,1664,2164,,[],['resp_0ceeb6eecd2eedf6006a72572ff344819c93e3f814138c4525'],True
vote|reduce1|2|4,"[""{\n    \""square entries report more frequent and severe student safety, bullying, substance, and violent‑incident problems (with often limited effective response) than circle entries\"": \""Many raw terms document stabbings, daily fights, pervasive bullying, drug use, suicide concerns and unchecked violent incidents at Square (and repeated complaints that administration does not effectively respond), which is a distinct on‑campus safety/behavior cluster separate from governance, facilities, programming, teacher quality or extracurricular breadth.\"",\n    \""square entries report more administrative/disciplinary inconsistency, favoritism, suppression of feedback, and governance failures than circle entries\"": \""A large group of items detail nepotism, athletic favoritism, cover‑ups, unresponsiveness, turnover, finance/board scandals and arbitrary/punitive discipline at Square — a governance/accountability theme that is about leadership and policy failures rather than physical resources, student safety incidents, or program offerings.\"",\n    \""square entries describe stronger, more numerous specialized academic and extracurricular programs and measurable college outcomes than circle entries\"": \""Numerous Square reviews enumerate IB/AP/dual‑enrollment, CTE/STEM/CTE labs, high AP/college matriculation and documented alumni outcomes — a coherent theme about advanced academic pathways and measurable post‑secondary results that is conceptually distinct from facility problems, safety, administration, or everyday extracurricular breadth.\"",\n    \""square entries report more extensive extracurricular breadth and active parent/community partnerships than circle entries\"": \""Many raw terms praise Square’s wide roster of sports, marching band, arts, boosters, travel trips and strong booster/parent funding — a community/extra‑curricular engagement cluster (including booster fundraising and capital projects) that is about offerings and community investment rather than governance dysfunction, safety incidents, or instructional rigor.\"",\n    \""square entries report more concrete facility, technology, food-service, and logistical resource problems (and occasional visible renovations) than circle entries\"": \""A recurring set of items at Square documents overcrowding, filthy bathrooms, undrinkable fountains, textbook shortages, scheduling/ID/traffic logistics, device/platform rollouts and occasional capital renovations — an operational/facility/resource category distinct from administrative favoritism, student‑safety crises, teacher quality, or program breadth.\""\n}""]",,32.325756788253784,26636,1728,2198,,[],['resp_0a8906ee14c384c7006a72572fe01481a28f4cacf58d713750'],True
vote|reduce1|1|5,"[""{\n    \""square entries report more concrete advanced academic pathways and measurable postsecondary outcomes (AP/IB/honors, dual‑enrollment, magnets, college placement, test‑score claims) than circle entries\"": \""This bucket collects the many concrete claims about AP/IB/magnet/dual‑credit programs and measurable college/test outcomes in the raw terms (admissions, test scores, dual enrollment, tracked pathways) and is distinct from extracurricular or operational issues because it focuses strictly on formal curricular/credential pathways and postsecondary metrics rather than facilities, safety, or governance.\"",\n    \""square entries report more chronic student safety, violence, and bullying incidents than circle entries\"": \""This bucket groups all reports of fights, drug use, assaults, sexual misconduct, self‑harm, pervasive bullying and immediate safety crises, and is kept separate from administrative or operational failures because it captures direct student‑harm incidents and substance/violence dynamics rather than how staff or systems respond.\"",\n    \""square entries report more administrative dysfunction, favoritism, punitive policy enforcement, and governance problems than circle entries\"": \""This bucket captures nepotism, favoritism, cover‑ups, retaliation, opaque governance, inconsistent discipline and documented mishandling of complaints—issues about leadership behavior and governance—which is conceptually distinct from operational failures (e.g., broken portals, overcrowding) and from student safety incidents (which are the harms these governance failures may relate to but are a separate category).\"",\n    \""Square entries report more operational, logistical, and physical‑plant problems (overcrowding, schedule/registration failures, transportation and grade‑portal breakdowns, disrepair, pests or phased renovations) than circle entries\"": \""This bucket groups concrete, process‑level and facilities problems—overcrowding, scheduling/placement errors, dirty/unsafe restrooms, food quality, technology rollouts and portal/record failures—separating infrastructure and logistics from programmatic strength (advanced academics) and from governance/favoritism complaints.\"",\n    \""square entries document broader extracurricular, facility, and resource breadth and contested funding/priorities (arts, vocational programs, clubs, renovations, overcrowding) than circle entries\"": \""This bucket aggregates the many accounts of wide extracurricular ecosystems (high‑profile arts, travel, athletics, many clubs, vocational offerings) and the attendant disputes over funding/priorities or athlete‑priority dynamics, distinguishing program breadth and resource‑allocation debate from curricular rigor (advanced pathways) and from administrative misconduct or physical breakdowns.\""\n}""]",,32.36051607131958,22784,1856,2405,,[],['resp_00ef0e83e55224d4006a72572fd04c81a1b7bfccf499c9d743'],True
vote|reduce1|17|0,"[""{\n    \""square entries provide more concrete operational facility, resource, and logistical detail and report more overcrowding, maintenance, and communication failures than circle entries\"": \""This captures the cluster of raw terms about buildings, pest/sanitation problems, overcrowding, bus/transport issues, scheduling/recordkeeping and tech/communication failures — a facilities/operations dimension that is distinct from safety incidents, program breadth, administrative misconduct, or student‑support service content.\"",\n    \""square entries report more pervasive student safety, bullying, substance‑use, and mental‑health crises than circle entries\"": \""This groups all explicit accounts of bullying, fights, weapon/lockdown incidents, vaping/drugs, sexual/harassment incidents and related mental‑health warnings — a behavioral/safety crisis category that is meaningfully different from facility problems, program/offering descriptions, governance/favoritism complaints, or IEP/counseling service reports.\"",\n    \""square entries report more extensive advanced academic and extracurricular programs and high‑achievement pockets than circle entries\"": \""This captures the many concrete descriptions of AP/IB/dual‑enrollment/CTE, award‑winning arts/athletics, scholarships and measurable college outcomes — an academic/extracurricular programing and achievement axis that is separate from operational failures, safety crises, administrative misconduct, or special‑education/counseling issues.\"",\n    \""Square entries document more administrative dysfunction, inconsistent or coercive disciplinary policies, favoritism/nepotism, and district‑level scandals than circle entries\"": \""This groups allegations about leadership cover‑ups, nepotism, punitive or arbitrary discipline, governance scandals and opaque funding decisions — a governance/accountability cluster that is distinct from facility problems, student safety incidents, program breadth, or frontline student‑support descriptions.\"",\n    \""square entries contain far more detailed accounts of special education, counseling, and student‑support services (both inclusive programming and service failures/missed diagnoses) than circle entries\"": \""This isolates concrete descriptions of IEP/504 handling, counselor accessibility/shortages, remediation and accommodation success/failure — a targeted student‑support services category separate from facilities/logistics, safety/behavior crises, broad academic/extracurricular offerings, and governance/favoritism complaints.\""\n}""]",,32.42439103126526,25663,1728,2201,,[],['resp_0a20bb099a3edb22006a7257306ca0819e8b57ced5fa7af29e'],True
vote|reduce1|24|5,"[""{\n    \""square entries report more administrative governance, communication, funding and resource‑allocation problems (nepotism, misused funds, prioritizing image/test scores/athletics over student welfare, administrative unresponsiveness) than circle entries\"": \""Many raw items document opaque budgeting, favoritism, punitive policy changes, recordkeeping failures and parent‑communication breakdowns in square reviews (e.g., pay‑to‑play, alleged athletic theft, withheld transcripts), and this cluster is mutually exclusive because it focuses on governance/process failures rather than (for example) physical safety, academic program breadth, facilities, or individualized student‑support outcomes covered by other buckets.\"",\n    \""square entries report more frequent and severe student safety, substance‑use, bullying, and behavioral problems than circle entries\"": \""Numerous square items recount fights, stabbings, drug/vaping problems, gang activity, shelter‑in‑place events, pervasive bullying and racial/religious harassment, and this bucket is distinct because it groups concrete on‑campus safety and misconduct incidents rather than administrative mismanagement, facilities conditions, program offerings, or special‑education/counseling detail.\"",\n    \""square entries report more concrete advanced-academic programs and measurable postsecondary outcomes than circle entries\"": \""Many square reviews list AP/IB/dual‑enrollment/CTE pathways, AP pass‑rate concerns, college admissions outcomes and named program awards (e.g., AP offerings, AP exam pass rates, dual credit), and this category is exclusive because it captures programmatic academic pathway breadth and measurable outcomes rather than governance, safety, facilities, or day‑to‑day support services.\"",\n    \""square entries describe more concrete facility, capacity, and resource trade‑offs (both major capital upgrades and severe maintenance/overcrowding) and explicit funding priorities than circle entries\"": \""The raw terms repeatedly cite overcrowding, portables, pest/mold/cleanliness, shiny exterior vs rotten interior, capital projects (turf/stands) and contested funding choices, and this bucket is separate because it groups physical plant, capacity and resource‑allocation visibility rather than safety incidents, instructional program content, administrative policy behavior, or special‑education/counseling practices.\"",\n    \""Square entries provide richer, often contradictory detail about student supports and special‑needs/mental‑health services (both available supports and failures) compared with circle entries\"": \""Many square reviews include detailed, sometimes conflicting accounts of tutoring, counseling, IEP/504 compliance (both successful mainstreaming and IEP mistreatment), and targeted remediation, and this set is mutually exclusive because it centers on individualized student‑support mechanisms and special‑needs compliance rather than broad academic offerings, facility conditions, governance, or campus safety issues.\""\n}""]",,32.34252882003784,22847,1792,2407,,[],['resp_08ffc81c587e5f10006a72573066c881a1b0e64fd38004d9e2'],True
vote|reduce1|21|1,"[""{\n    \""square entries report more frequent and severe student safety, bullying, substance‑use, and mental‑health crises than circle entries\"": \""Groups all raw items about on‑campus harm (fights, assaults, drugs/vaping, police/lockdowns, hate incidents, mental‑health impacts) into a single safety/behavior bucket — distinct from governance, supports, academics, or extracurricular descriptions because it concerns student conduct and crisis outcomes rather than programs, facilities, or administration.\"",\n    \""square entries report more concrete advanced academic pathways and measurable postsecondary outcomes (AP/IB/honors, dual‑enrollment, magnets, college placement, test‑score claims) than circle entries\"": \""Captures the many concrete programmatic and outcome claims (IB/AP/dual‑enroll, test‑score/ranking citations, college admissions and scholarship evidence) and is separate from extracurricular/facility praise, since it focuses on curriculum, credentials and measurable academic outcomes rather than clubs, teams, or buildings.\"",\n    \""square entries report broader, higher‑profile extracurricular/arts/athletics offerings and stronger community/alumni engagement (marching band, award programs, many clubs, strong PTSA/boosters, sports fame) than circle entries\"": \""Groups all items describing breadth and visibility of nonacademic programming, facility investments for arts/athletics, booster/parent/alumni activity and competitive awards — distinct from academic-program claims (AP/IB) and separate from safety or administrative dysfunction themes.\"",\n    \""square entries report more administrative/staff governance dysfunction, favoritism, personnel misconduct, and resource/logistics failures than circle entries\"": \""Aggregates allegations about leadership misbehavior, nepotism/favoritism, cover‑ups, opaque communication, scheduling/recordkeeping/busing/grade‑portal breakdowns and staff misconduct into a governance/operations bucket that is conceptually different from student‑facing support failures, safety incidents, or program breadth.\"",\n    \""square entries report systemic failures or inconsistencies in individualized student supports and college/career advising (special‑education/IEP/504 mishandling, counselor shortages, poor scholarship/college guidance, parents forced to fight or homeschool) more than circle entries\"": \""Groups all IEP/504/special‑education problems, counselor overload/nonresponse, weak college counseling and remediation failures into a targeted student‑support bucket that is focused on service delivery to individual students and is kept separate from broad administrative governance, facility/resource complaints, safety incidents, or academic/program claims.\""\n}""]",,32.59317922592163,26186,1664,2207,,[],['resp_05be67549853a9ca006a7257307ad081a198c6e79bed0755cc'],True
vote|reduce1|11|3,"[""{\n    \""square entries report more concrete advanced academic pathways and measurable postsecondary outcomes (AP/IB/honors, dual‑enrollment, magnets, college placement, test‑score claims) than circle entries\"": \""This bucket groups the many raw items detailing named AP/IB/Pre‑AP tracks, magnet/academy programs, dual‑enrollment/college‑credit offerings, scholarship and elite‑college placement claims and measurable test/college outcomes in Square reviews — it is distinct from operational, safety, governance or staffing themes because it focuses specifically on formal curricular pathways and documented postsecondary results.\"",\n    \""square entries report more frequent and severe student-safety incidents, bullying, fights, substance use, weapons, and discrimination than circle entries\"": \""This bucket captures all raw terms documenting on‑campus violence, gang activity, fights, lockdowns, vaping/drug incidents, sexual‑assault claims, racial/socioeconomic exclusion and chronic unresolved bullying in Square reviews — it is mutually exclusive from governance or facilities buckets because it centers on student safety and misconduct incidents rather than administrative policy, physical infrastructure, or academic programming.\"",\n    \""square entries reveal more administrative and governance dysfunction — cover‑ups, favoritism/nepotism, metric‑chasing, financial mismanagement, and punitive exclusion — than circle entries\"": \""This bucket collects the raw items alleging favoritism (athlete/wealth/alumni bias), cover‑ups, selective discipline, legal/financial controversies, voucher/booster politics, and appeals to replace leadership in Square reviews — it is distinct from facility/operational complaints because it emphasizes governance, bias, and accountability failures rather than day‑to‑day logistics or physical plant issues.\"",\n    \""square entries contain more detailed, concrete reports about facilities, operations, and on‑campus logistics (maintenance, cleanliness, overcrowding, transportation, cafeteria, security hardware) than circle entries\"": \""This bucket groups raw terms about overcrowding, renovations vs. maintenance problems, unsanitary bathrooms, frozen‑yogurt machines, paid bus policies, long lines, Wi‑Fi failures, K9/searches, and capital projects in Square reviews — it stays separate from safety or governance because it centers on tangible infrastructure and operational logistics rather than incidents of violence or managerial malfeasance.\"",\n    \""square entries show greater variability in teacher/instructional quality and student‑facing supports than circle entries (from intensive individualized help to misconduct and neglect)\"": \""This bucket gathers the many contradictory Square reports describing exemplary AP teachers and strong counseling/special‑education supports alongside accusations of teacher incompetence, unresponsiveness, punitive behavior, missed credits, and IEP/504 failures — it is exclusive from the advanced‑academics bucket because it focuses on variability and reliability of instruction and support services rather than the mere presence of advanced programs.\""\n}""]",,33.17185688018799,27027,1792,2409,,[],['resp_0a2e0997191f5cf4006a72573071f0819ea0404ede0aa949c3'],True
vote|reduce1|17|4,"[""{\n    \""square entries report more failures or shortfalls in student support, special‑education/IEP/504 accommodations, and counseling/guidance services than circle entries\"": \""This groups all concrete reports about counseling breakdowns, IEP/504 noncompliance, accommodation barriers, and uneven special‑education supports (both neglected students and occasional exemplars) — a distinct operational/service‑delivery theme separate from facility/logistics, student safety incidents, governance/favoritism problems, or the existence of advanced programs.\"",\n    \""square entries describe far more extensive advanced-academic pathways, AP/IB/honors breadth, measurable college-prep outcomes, and explicit tracking than circle entries\"": \""This captures the repeated, programmatic descriptions of AP/IB/magnet/dual‑enrollment offerings, elite matriculation anecdotes, and track‑based academic stratification — a substantive program‑offerings and outcome cluster that is conceptually distinct from safety issues, facilities/operational failures, administrative misconduct, or direct student‑support/counseling problems.\"",\n    \""square entries report more frequent, severe, and varied student safety and behavioral crises (fights, gangs, drugs, bullying, arson, arrests) than circle entries\"": \""This groups the many concrete accounts of violence, daily fights, gangs, drugs, arrests, severe bullying and police involvement — a distinct category focused on on‑campus safety and student conduct that is not the same as facility/maintenance failures, curricular/program breadth, governance/favoritism, or special‑education/counseling breakdowns.\"",\n    \""square entries report more concrete facility, operational, and logistical problems (and explicit fee/resource issues) than circle entries\"": \""This collects overcrowding, sanitation/pest problems, HVAC/crowd flow/transportation/scheduling disruptions, lunch/food complaints, capital project notes and explicit pay‑for‑resources claims — tangible infrastructure and daily‑operations problems separate from safety/discipline incidents, programmatic AP/IB offerings, governance/favoritism dynamics, or IEP/counseling issues.\"",\n    \""square entries report more administrative governance failures, inconsistent or punitive discipline enforcement, favoritism, and policy/board-level mismanagement than circle entries\"": \""This groups nepotism/favoritism, covering‑up incidents, inconsistent/selective enforcement of discipline, politicized decisions and district/board scandals — a governance/ethics/decision‑making cluster that is analytically distinct from facility logistics, student‑safety events, specialized academic program breadth, or direct student support service failures.\""\n}""]",,34.09952211380005,26605,1792,2317,,[],['resp_0d9d436b40f7e64f006a7257306da081a2b3bab0c7a2ceebd6'],True
vote|reduce1|13|0,"[""{\n    \""square entries report more frequent and severe safety, bullying, substance‑use, and violent‑incident problems than circle entries\"": \""This groups all raw items about fights, stabbings, drug availability/overdoses, police arrests/presences, suicidality and unaddressed bullying — a discrete safety/behavioral‑incident domain that is distinct from facility logistics, admin governance, academic programming, staff variability, or extracurricular breadth.\"",\n    \""square entries describe more persistent facility, resource and operational shortfalls (overcrowding, maintenance, scheduling, and logistics) than circle entries\"": \""This captures concrete infrastructure and day‑to‑day operational failures (overcrowding, HVAC/power, buses, scheduling, grade‑portal, seats/cleanliness, construction impacts) and is kept separate from safety incidents, administrative/favoritism scandals, academic program availability, or extracurricular/funding choices.\"",\n    \""Square entries document more administrative dysfunction, nepotism, favoritism, recordkeeping errors and governance scandals than circle entries\"": \""This bucket collects governance and accountability problems (unresponsive principals, cover‑ups, retaliation, favoritism toward athletes or insiders, record/IEP/credit mishandling, leadership turnover) which are organizational‑political and distinct from physical facilities, campus safety events, curricular breadth, or extracurricular offerings.\"",\n    \""square entries describe substantially greater advanced academic programming and measurable college‑prep outcomes than circle entries\"": \""This groups the many concrete accounts of AP/IB/dual‑enrollment/STEM/CTE pathways, college credit transfers, measurable post‑secondary matriculation and test‑score outcomes, kept separate from non‑academic extracurricular breadth, safety problems, facilities issues, or administrative misconduct.\"",\n    \""square entries report greater extracurricular/facility breadth and visible resource choices (arts, vocational/ROTC, athletic championships, new stadiums) than circle entries\"": \""This captures the wide, named extracurricular ecosystem and visible capital/ funding choices (band/arts excellence, JROTC, sports success, boosters, stadiums, pay‑to‑play disputes) and is intentionally distinct from academic-program depth, operational failures, staff governance problems, or safety/discipline incidents.\""\n}""]",,34.20524597167969,26670,1664,2162,,[],['resp_029bd90f1844fd66006a7257309244819d9519bbacbb667056'],True
vote|reduce1|1|4,"[""{\n    \""square entries exhibit more concrete advanced-academic, college-prep, dual‑enrollment, internship and measurable outcome programs than circle entries\"": \""Groups many raw terms documenting named AP/IB/dual‑credit/CTE academies, measurable test/AP/college-placement claims and internships into a single program/outcomes bucket; this is distinct from safety, facilities, governance, or variability issues because it focuses on formal curricular pathways and documented postsecondary results rather than discipline, resources, or personnel behavior.\"",\n    \""square entries report more severe student safety incidents, chronic bullying, theft, drug activity, and allegations of institutional cover‑up than circle entries\"": \""Captures all concrete accounts of fights, drugs, sexual/coercive incidents, police involvement, cyberbullying and claims that leadership concealed or mishandled these crises; this is distinct from programmatic, facility, governance or staff‑variability buckets because it centers on student‑safety events and their management rather than curricular breadth, building conditions, or administrative policy patterns.\"",\n    \""square entries report more administrative and governance dysfunction, poor operational communication, favoritism/nepotism, and policy/discipline mishandling than circle entries\"": \""Groups explicit reports of unresponsive or politicized leadership, favoritism (athletics/wealth), opaque board/district decisions, mismanaged records/graduation and disciplinary inconsistencies; this is separate from facilities (physical resource failures), safety incidents, academic-program breadth, and within‑school variability because it addresses governance, accountability and policy problems at the administrative level.\"",\n    \""Square entries report more concrete facility, operational, and resource problems (overcrowding, maintenance failures, textbook/technology shortages, scheduling/logistics, and fee pressures) than circle entries\"": \""Collects the detailed, day‑to‑day operational and infrastructure issues — sanitation, mold, broken fixtures, overcrowded halls, lunch/food problems, bus/schedule barriers and supply shortages — which are tangible resource or logistics failures distinct from safety incidents, governance choices, academic program presence, or staff variability.\"",\n    \""square entries show greater within‑school variability and contradictory reports about teacher effectiveness, special‑education services, and student supports than circle entries\"": \""Groups numerous raw terms describing polarized experiences (highly supportive named mentors vs. indifferent/retaliatory teachers), inconsistent counseling/IEP implementation and uneven access to supports, distinguishing micro‑level variability in staff practice and equity from macro governance, facility/resource, safety, or program‑breadth categories.\""\n}""]",,34.38784193992615,26400,1728,2275,,[],['resp_0f59fe59774a3c4a006a72572fd784819ea24666aad6aa2707'],True
vote|reduce1|21|3,"[""{\n    \""square entries describe broader and stronger advanced academic & career‑preparation programs than circle entries\"": \""Many raw terms document named AP/IB/STEM/dual‑enrollment/CTE pathways, measurable college outcomes, and formal recognition in square reviews—this bucket focuses on programmatic academic breadth/outcomes and is distinct from safety, governance, facilities, or equity issues.\"",\n    \""Square entries report more pervasive student‑safety and behavior problems (bullying, fights, substance use, gangs) than circle entries\"": \""Numerous square items describe fights, bullying, drugs, sexual/weapon incidents, lockdowns and police/security involvement—this safety/behavior cluster is conceptually separate from academic programming, governance, facilities, or favoritism.\"",\n    \""square entries report greater administrative/governance dysfunction, inconsistent staff quality, punitive or uneven policy enforcement, and parental withdrawal actions than circle entries\"": \""A large set of square items allege opaque leadership, favoritism/nepotism, punitive/erratic discipline, record‑fudging, communication failures and parents escalating or withdrawing—this governance/discipline/leadership category is distinct from facility logistics, student safety incidents, equity/clique dynamics, or academic-program differences.\"",\n    \""square entries discuss facility, operational and logistic conditions (both positive upgrades and concrete deficiencies) far more than circle entries\"": \""Many square reviews include concrete on‑site details—overcrowding, sanitation/mold, parking/traffic, capital projects and scheduling/tech rollouts—so this bucket groups operational/physical infrastructure issues apart from safety, governance, equity, or curricular offerings.\"",\n    \""square entries exhibit more community and equity issues tied to favoritism, socioeconomic privilege, racial/ethnic discrimination, and pay‑to‑play dynamics than circle entries\"": \""Several raw terms call out socioeconomic/racial cliques, athletic/parent favoritism, exclusionary practices and unequal access to scholarships or placements—this equity/favoritism cluster is meaningfully different from academic breadth, safety incidents, facility logistics, or administrative dysfunction.\""\n}""]",,34.56384015083313,26518,1728,2201,,[],['resp_068e12bc869b58f6006a7257306d98819e9853c7aa2a896676'],True
vote|reduce1|9|3,"[""{\n    \""square entries report more frequent and severe student safety/behavior incidents (bullying, fights, drugs, weapons, racialized harassment) and visible policing than circle entries\"": \""This groups the many raw items documenting bullying, fights, gang/drug activity, sexual harassment, police searches/lockdowns and biased discipline into a single safety/behavior bucket; it is distinct from administration/facility/program issues because it focuses on incidents and on‑campus student conduct and security responses rather than governance, resources, or curricular offerings.\"",\n    \""square entries report more administrative unresponsiveness, favoritism, and inequitable practices (including special‑education noncompliance) than circle entries\"": \""This captures the many allegations of nepotism, biased enforcement, cover‑ups, unresponsive principals/boards, and pay‑to‑play dynamics—grouping governance and equity/fairness problems together; it is kept separate from the safety bucket (which records incidents) and from special‑education/counseling (which focuses on service delivery) to preserve mutual exclusivity.\"",\n    \""square entries describe more extensive, formalized advanced academic and career‑preparation programs and measurable post‑secondary outcomes than circle entries\"": \""This groups references to AP/IB/dual‑enrollment, magnet/STEM/engineering programs, vocational/CTE pathways, measurable college acceptances and college‑credit outcomes into one academic‑programs/college‑prep bucket; it is exclusive from facility, safety, administration, and special‑needs buckets because it focuses on formal curricular pathways and measurable student attainment.\"",\n    \""square entries provide more specific and polarized facility/operational detail — both evidence of capital investment and concrete maintenance/overcrowding/transportation/sanitation problems — than circle entries\"": \""This captures the many concrete, operational reports (overcrowding, portables, bussing, renovations, broken bathrooms, testing logistics, scheduling and lunch complaints) as an infrastructure/operations bucket distinct from programmatic quality, safety incidents, governance, or individualized supports.\"",\n    \""Square entries report more explicit failures and contentious handling (and occasionally strong pockets) of counseling, special‑education, and individualized student supports than circle entries\"": \""This groups IEP/504 disputes, counseling/guidance responsiveness, tutoring/ remediation availability, contested accommodations and mixed special‑education outcomes into a single student‑support services bucket; it is differentiated from the administration/favoritism bucket (which covers governance and inequity broadly) and from the academic‑program bucket (which covers formal curricula and outcomes).\"" \n}""]",,34.999377965927124,26449,1792,2318,,[],['resp_0441658d4677b1d0006a7257324d04819d8bea96b0677e3015'],True
vote|reduce1|0|0,"[""{\n    \""square entries report more concrete facility, staffing, scheduling and student‑support operational problems (and related parental escalations) than circle entries\"": \""This groups the many specific, logistical failures in square reviews—overcrowding, maintenance/pest issues, technology/portal breakdowns, bus/transportation problems, scheduling/placement/credit errors, and lost paperwork—focusing on day-to-day operations and parent escalation; it is distinct from governance/favoritism (policy decisions) and from programmatic differences (academics, extracurriculars, or safety incidents).\"",\n    \""square entries describe greater administrative dysfunction, inconsistent policy enforcement, favoritism/retention‑driven leniency, and poor parent/incident communication than circle entries\"": \""This cluster captures governance and accountability problems in square reviews—nepotism, protection of certain staff/athletes, cover‑ups, opaque discipline, and unresponsive leadership—separating high‑level managerial and ethical failures from operational/logistical breakdowns, program breadth, or student‑safety incident reporting.\"",\n    \""Square entries describe more concrete, diverse advanced academic and career-readiness programs and measurable postsecondary outcomes (AP/IB/dual-credit/CTE/academies) than circle entries\"": \""This bucket groups square reviews that document extensive, named academic pathways and measurable college/career outcomes (AP/IB counts, dual‑enrollment, academies, National Merit, alumni placements), keeping academic-program substance separate from extracurricular/athletics prominence, safety/discipline problems, or facility/operational issues.\"",\n    \""square entries report stronger extracurricular breadth/recognition and clearer athletics‑first resource choices (including favoritism) than circle entries\"": \""This captures square reviews that emphasize broad/high‑profile extracurricular ecosystems—band, competitive teams, vocational labs—and explicit athletics prominence and resource prioritization (pay‑to‑play, stadiums, booster activity and athlete favoritism), distinguishing program prominence and funding choices from governance misconduct, operational failures, academic programming, or safety incidents.\"",\n    \""square entries report more pervasive student-safety incidents, substance use, and on-campus violence than circle entries\"": \""This groups square accounts of bullying, daily fights, drug/gang activity, failed enforcement (vapes, unsupervised parking lot), and acute harm to students, deliberately separating on‑campus safety/behavior crises from administrative mismanagement, programmatic offerings, or infrastructure/logistics problems.\""\n}""]",,35.08664107322693,26436,1920,2461,,[],['resp_0713a68824adc0f5006a72572f96a0819195ce4352d53c9c8f'],True
vote|reduce1|2|1,"[""{\n    \""square entries document more administrative dysfunction, favoritism, politicized or financially driven decision‑making, and mismanagement than circle entries\"": \""This groups reports of governance failures, nepotism, unresponsiveness, cover‑ups, recordkeeping/scheduling mishaps, firing/hires and fiscal misallocation — a distinct organizational/governance cluster that is about leadership and policy decisions (not about student safety, extracurricular strength, facilities capacity, or special‑needs service delivery), so it is mutually exclusive from the other buckets which focus respectively on safety incidents, program breadth/prioritization, facilities/capacity or direct student‑support practices.\"",\n    \""Square entries emphasize broader, better‑resourced extracurriculars, athletics, arts, facilities and often an athletics‑first budget/prioritization relative to circle entries\"": \""This captures the consistent pattern of large, high‑profile bands/teams, booster funding, capital investments and complaints of athlete‑priority or pay‑to‑play — a resource/prioritization and prestige dimension of programming that is conceptually different from administrative governance problems, classroom/academic program breadth, day‑to‑day facility shortages, or counseling/IEP issues.\"",\n    \""square entries document a much broader set of specialized academic, early‑college, AP/IB/CTE and measurable postsecondary outcomes than circle entries\"": \""This groups concrete accounts of AP/IB/honors, dual‑enrollment, STEM/CTE academies and named college matriculation metrics — programmatic academic breadth and measurable outcomes distinct from governance, extracurricular/athletics emphasis, safety incidents, or individualized special‑education/counseling narratives.\"",\n    \""square entries report more frequent and severe safety and student‑misconduct incidents (bullying, fights, drugs, sexual assault, suicides) than circle entries\"": \""This clusters all accounts of bullying, fights, drug/vape use, violent episodes, racial harassment, suicides and failed incident responses — a student‑safety/behavioral crisis theme that is about on‑campus harm and enforcement, clearly separate from administrative mismanagement, program offerings, facilities capacity, or counseling/service‑delivery descriptions.\"",\n    \""square entries provide more concrete accounts of specialized student supports, special‑education/IEP services, counseling, remediation and targeted interventions (both successful and failing) than circle entries\"": \""This groups the detailed, person‑level narratives about counselors, IEP compliance/noncompliance, remediation/tutoring, pull‑out/resource center supports and mental‑health responses — a student‑support/service delivery cluster focused on individualized interventions that is distinct from leadership/governance failures, extracurricular/facilities prominence, general academic program breadth, or campus safety incident reporting.\""\n}""]",,35.18953990936279,26722,1728,2334,,[],['resp_040bad6c9bf868e6006a72572fb1b8819cbbea6939ed2e8d86'],True
vote|reduce1|2|5,"[""{\n    \""square entries report more frequent and severe student safety, bullying, substance‑use, and violent‑incident problems than circle entries\"": \""Groups all raw terms documenting fights, weapons/lockdowns, drug use, sexual/physical assaults, suicidality, and bullying into a single safety/behavior bucket and is distinct from governance, programmatic, facilities, or teacher‑support themes captured by the other selected buckets.\"",\n    \""Square entries report more administrative and governance dysfunction, biased enforcement, poor communication and politicized favoritism (cover‑ups, selective discipline, parent‑influence) than circle entries\"": \""Captures complaints about school board/leadership mismanagement, favoritism/nepotism, secrecy, selective discipline and communication failures and is separate from safety incident reporting, programmatic (advanced/extra) offerings, facility/crowding debates, or variability in teacher/student supports.\"",\n    \""square entries emphasize richer extracurricular/athletics offerings and visible facility investments but also more crowding, resource‑allocation controversies, and maintenance problems than circle entries\"": \""Groups items about extensive athletics/arts/club programs, booster/donor influence, conspicuous capital projects versus neglect, overcrowding and maintenance issues, and is exclusive of safety/discipline incidents, governance/favoritism complaints, advanced‑academic program claims, and teacher/support variability themes.\"",\n    \""square entries document more concrete advanced-academic programs and measurable college/career outcomes than circle entries\"": \""Aggregates mentions of AP/IB/dual‑credit/STEM/career academies, measurable college placements and scholarship metrics into a single academic‑pathways/outcomes bucket, distinct from extracurricular/facility discussions, safety incidents, governance problems, or variability in day‑to‑day staff supports.\"",\n    \""square entries show greater variability in teacher/staff behavior and concrete student supports — from intensive one‑on‑one help to high turnover and instructional breakdowns — than circle entries\"": \""Groups the mixed reports about highly engaged teachers/counselors, abusive or negligent staff, IEP/IEP‑implementation and counseling variability, tutoring/remediation blocks, and turnover into one consistency-of‑support bucket that is conceptually separate from safety, governance, facilities/extracurricular, and formal advanced‑program/outcome buckets.\""\n}""]",,35.26737999916077,22622,1984,2454,,[],['resp_084f060b7fbd139f006a72572fcc848191ae4913c1fb2c92d1'],True
vote|reduce1|15|1,"[""{\n    \""square entries allege greater administrative dysfunction, unequal discipline/favoritism, and parental retaliation than circle entries\"": \""Many raw items document nonresponsive, politicized or retaliatory leadership, opaque recordkeeping, favoritism and contested discipline — a governance/ accountability cluster distinct from safety incidents, curricular breadth, advanced-program availability, or special‑education service quality, so it stays separate from the other buckets.\"",\n    \""square entries report more frequent and detailed student-safety, behavior, and substance-abuse incidents and inconsistent/enforcement failures than circle entries\"": \""A large group of raw terms focus specifically on fights, gang activity, arson, pervasive drug/alcohol use, sexual misconduct and staff failure to enforce or follow through — a concrete safety/violence/substance cluster that is operationally distinct from administrative governance, curricular/program breadth, advanced academics, or special‑education/counseling issues.\"",\n    \""Square entries describe broader, better‑documented extracurricular, arts and athletics programming and organized student leadership than circle entries\"": \""Many entries enumerate award‑winning bands, theater, marching, JROTC, programming teams, boosters and visible facility investment/awards — this programmatic breadth and documented competitive achievement cluster is different from (a) favoritism/resource capture by athletics, (b) overall academic rigor, (c) safety problems, and (d) special‑education/counseling matters.\"",\n    \""square entries describe broader, deeper, and more measurable advanced academic programs and college‑preparation outcomes than circle entries\"": \""Numerous raw terms detail AP/IB/dual‑enrollment, measurable AP/college outcomes, scholarships and explicit college‑prep pathways — an academic‑pathways/credentialing cluster distinct from extracurricular breadth, safety incidents, administrative misconduct, or student‑support/service breakdowns.\"",\n    \""square entries report more failures and strain in student support services, counseling, and special education compliance than circle entries\"": \""A coherent subset of items documents IEP/504 failures, counseling overload, accommodation denials, medical/504 conflicts and alternative-program successes/failures — these are targeted student‑support and special‑education service issues that are substantively different from governance, safety crises, extracurricular breadth, or advanced‑academics coverage.\""\n}""]",,35.337246894836426,26206,2432,2940,,[],['resp_06ab234930ecc697006a7257306cc4819c88d0d1fda243cdd0'],True
vote|reduce1|23|0,"[""{\n  \""square entries document a much broader set of specialized academic, early‑college, AP/IB/CTE and measurable postsecondary outcomes than circle entries\"": \""This bucket captures the many square-review claims about distinct, named advanced programs (IB/AP/dual‑enrollment/magnet/CTE), scholarship/college‑credit evidence and measurable postsecondary placements — a substantive program/outcome dimension that is conceptually distinct from safety, facilities, admin, or special‑education failures.\"",\n  \""square entries report more frequent, severe, and unresolved safety/discipline incidents (bullying, assaults, gangs, drugs, weapon incidents) than circle entries\"": \""This groups the numerous square accounts of on‑campus violence, gangs, drug use, bullying, sexual/physical assaults and punitive/unresolved discipline — a direct student‑safety/behavior cluster separate from program quality, facilities, governance or special‑needs supports.\"",\n  \""square entries document more concrete administrative and operational dysfunctions—communication failures, procedural/IEP mismanagement, favoritism/nepotism, coverups, and leadership instability—than circle entries\"": \""This bucket isolates administrative/governance and process breakdowns (rude front offices, record errors, cover‑ups, favoritism, board/turnover issues) described repeatedly in square reviews and is intentionally distinct from facility decay, safety incidents, curricular offerings, or special‑education failures.\"",\n  \""square entries report more severe facilities, maintenance, and capacity problems (unsanitary conditions, pests/mold, aging infrastructure, overcrowding, and poor technology/transportation) than circle entries\"": \""This captures the concrete physical and logistical resource problems in square reviews — sanitation, mold, overcrowding, transport and equipment failures — which are material/infrastructure issues separate from administrative policy failures, safety incidents, academic programs, or special‑education support.\"",\n  \""square entries report more pervasive special‑education failures, discriminatory practices, and inequitable treatment than circle entries\"": \""This bucket groups square-specific claims about IEP/504 noncompliance, discriminatory or exclusionary treatment of students with disabilities or mental‑health needs and related counseling gaps — a focused student‑support/legal compliance theme that is distinct from general admin dysfunction, facilities, safety, or advanced‑program descriptions.\""\n}""]",,35.58886408805847,26582,2048,2539,,[],['resp_01cfd3378ec6eb78006a725730704c81a094501ae4057d47aa'],True
vote|reduce1|4|2,"[""{\n    \""Square entries report more administrative and governance dysfunction, biased enforcement, poor communication and politicized favoritism (cover‑ups, selective discipline, parent‑influence) than circle entries\"": \""This bucket aggregates governance‑level problems described in many Square reviews (board/leadership protection of staff, politicized discipline, pay‑to‑play, nonresponsive communication) and is distinct from classroom, safety, facilities or programmatic descriptions which are handled by other buckets.\"",\n    \""square entries report more frequent and severe student safety and conduct problems (bullying, fights, assaults, drugs, gangs, security breaches) than circle entries\"": \""This bucket groups the many Square reports of on‑campus violence, bullying, substance use, searches/metal detectors and unaddressed assaults — a safety/behavior cluster that is separate from administrative favoritism, academic program breadth, facilities logistics, or teacher/support variability.\"",\n    \""square entries describe substantially broader and more documented advanced‑academic pathways and elite college outcomes (AP/IB/dual‑enrollment/academies) than circle entries\"": \""This bucket captures the repeated Square claims of formal advanced‑academics, CTE/magnet pathways, dual credit and measurable college matriculation, and is mutually exclusive from buckets about safety, governance, facilities, or in‑class instructional inconsistency.\"",\n    \""square entries contain more concrete operational, facilities and resourcing specifics and failures (overcrowding, bus problems, cafeteria/food safety, class sizes, grade/ scheduling errors, device programs) than circle entries\"": \""This bucket covers the operational and infrastructure details in Square reviews (maintenance, overcrowding, food/tech issues, fees, transportation) and is kept distinct from academic program descriptions, personnel variability, and safety/discipline incidents.\"",\n    \""square entries describe greater inconsistency in classroom instruction and student supports — variability in teacher quality, grading/discipline practices, and inconsistent special‑education/counseling implementation — compared with circle entries\"": \""This bucket groups Square accounts of highly variable teacher competence, differential support (IEP/504 problems, counselor overload), and uneven remediation/assessment practices, separating in‑class and student‑support variability from governance, safety, facilities, and program‑breadth issues.\""\n}""]",,35.79700493812561,26619,2240,2719,,[],['resp_0fc33a285b149cd2006a7257307894819ebd85ececbf4ad253'],True
vote|reduce1|3|3,"[""{\n    \""square entries report more frequent serious safety, student‑behavior, substance, and sexual‑misconduct incidents and show ineffective supervision/discipline compared with circle entries\"": \""This bucket groups the many raw items about fights, gangs, drugs, bullying, sexual‑misconduct, police/lockdowns and failed enforcement — a clear, student‑safety/discipline domain that is distinct from administration, facilities, academics, or extracurricular programming.\"",\n    \""square entries report more administrative instability, poor parent communication, favoritism/nepotism, and governance failures than circle entries\"": \""This captures the personnel/leadership/governance cluster (turnover, secrecy, favoritism, cover‑ups, bad communication and district‑level blame) and is conceptually separate from safety incidents, physical resources, curricular offerings, or extracurricular breadth.\"",\n    \""square entries report a more extensive and better‑documented set of academic programs, tracks, and measurable college‑prep outcomes (and simultaneously more explicit accounts of instructional variability and special‑education failures) than circle entries\"": \""This groups items about AP/IB/dual‑enrollment/CTE pathways, documented college matriculation and measurable outcomes — an academic‑programs and outcomes theme that differs from operational/facility issues, safety, admin dysfunction, or extracurricular descriptions.\"",\n    \""square entries report more concrete facility, resource, and operational contrasts (capital projects, cleanliness/pest problems, overcrowding, technology rollouts, and disputed resource allocations) than circle entries\"": \""This bucket collects the infrastructure, maintenance, capacity, scheduling and material‑resource reports (pests, renovations, overcrowding, buses, devices, textbook shortages) and is distinct from governance, safety, curricular offerings or extracurricular programming.\"",\n    \""square entries document a wider array of extracurricular, vocational, and competitive programs and high‑profile program achievements than circle entries\"": \""This groups the breadth/quality of after‑school programming, arts/athletics/ROTC/externships/boosters and related recognition/funding/favoritism issues — a programmatic/extracurricular domain separate from academics, facilities, safety, or administration.\""\n}""]",,35.81172204017639,26101,2048,2503,,[],['resp_0bc590f6a91ae6ef006a72572fe2c481a3a841638f68b69e52'],True
vote|reduce1|15|2,"[""{\n    \""square entries exhibit greater internal polarization and variability in teacher quality, student outcomes, and social inclusion (insider/outsider, socioeconomic and athletic favoritism) than circle entries\"": \""This bucket groups the many raw terms about within‑school stratification (AP vs standard class splits, athlete privilege, wealth‑based cliques, highly variable teacher quality and student experiences); it is distinct from administrative or facility problems because it focuses on how instruction, peer social structure, and student outcomes are distributed inside the school rather than who runs or maintains the school.\"",\n    \""square entries document more administrative, governance, and staff-accountability failures and favoritism than circle entries\"": \""This bucket captures governance, leadership, cover‑ups, retaliation, nepotism, selective discipline and recordkeeping/board failures described in many raw terms; it is kept separate from the special‑education/counseling bucket because it highlights managerial misconduct and politicized decision‑making rather than direct service delivery to vulnerable students.\"",\n    \""Square entries report richer, more detailed specialized academic pathways, AP/IB/magnet offerings, and measurable college‑prep outcomes than circle entries\"": \""This bucket groups all concrete references to formal advanced‑academic programs (IB/AP/dual enrollment/STEM academies), college‑prep metrics, and named program successes or pressures, which is conceptually different from instructional variability or operational issues because it focuses on program breadth, pathways and measurable postsecondary outcomes.\"",\n    \""Square entries report more operational, logistical, and physical‑plant problems (overcrowding, schedule/registration failures, transportation and grade‑portal breakdowns, disrepair, pests or phased renovations) than circle entries\"": \""This bucket aggregates the many facility, scheduling, registration, lunch/food, overcrowding, transport, pest and maintenance complaints — i.e., the school's physical and operational service failures — distinct from governance actions, curricular offerings, or student‑support compliance.\"",\n    \""square entries report more failures or shortfalls in student support, special‑education/IEP/504 accommodations, and counseling/guidance services than circle entries\"": \""This bucket groups all concrete accounts about counseling overload, IEP/504 mishandling, special‑ed shortfalls, mental‑health gaps and remediation/credit‑recovery practices; it is separated from the administrative/governance bucket because it centers on frontline student support service delivery and compliance rather than broader leadership or favoritism disputes.\""\n}""]",,35.88304281234741,26487,2688,3223,,[],['resp_0af349b8a0742e41006a7257306b1081a0b7e0c85f05af74ec'],True
vote|reduce1|6|3,"[""{\n    \""square entries emphasize extensive extracurricular breadth and strong athletics/arts but also report pronounced athletic favoritism and coach misconduct more than circle entries\"": \""Groups many raw terms about large/award‑winning arts, many sports, active booster/parent engagement and fundraising, plus recurring claims that athletes receive preferential treatment or coach misconduct — this is programmatic/extracurricular (who gets opportunities & resources) and is distinct from admin governance, student‑safety, special‑education, or academic‑rigor buckets.\"",\n    \""square entries reveal more constrained, obstructed, or inconsistent student support services (special education, counseling, and accommodations) than circle entries\"": \""Captures the many concrete IEP/504/IEP‑process failures, counseling breakdowns, accommodation neglect, accessibility issues and mixed remediations described in the raw terms — focused on frontline student supports and legally‑mandated services rather than broader administrative politics, facilities, extracurriculars, or academic offerings.\"",\n    \""square entries describe more administrative dysfunction, indifference, turnover, and governance failures than circle entries\"": \""Groups claims about nepotism, hiring/favoritism, misallocated funds, cover‑ups, opaque decision‑making, recordkeeping errors, firing/turnover and poor parent communication — this category isolates governance/leadership and policy failure distinct from programmatic extracurricular favoritism, daily student supports, campus safety crises, or academic program breadth.\"",\n    \""square entries describe more concrete college‑preparatory programs, advanced coursework and measurable postsecondary outcomes (AP pass rates, dual enrollment, elite admits, scholarships) than circle entries\"": \""Collects the many explicit descriptions of AP/IB/dual‑enrollment/CTE/magnet pathways, college credits, test‑prep programs and named matriculation/scholarship outcomes — a distinct axis about academic program breadth and measurable postsecondary results that is separate from safety, admin dysfunction, extracurricular scale, or special‑education practice.\"",\n    \""square entries report more frequent and severe student safety, bullying, substance‑use, and violent incidents with ineffective disciplinary responses than circle entries\"": \""Groups the documented incidents of bullying, assaults, overdoses, lockdowns, racial/homophobic harassment, suicidality and claims of administrative inaction or punitive/biased discipline — a focused safety/behavior/crisis bucket that is meaningfully different from governance/funding, program offerings, special‑education support, or academic rigor.\""\n}""]",,36.18991303443909,26381,1920,2474,,[],['resp_0100278b5e02a411006a725730ea6c81a19dcfa4f123f2f64b'],True
vote|reduce1|7|4,"[""{\n    \""square entries report more frequent and severe student safety, bullying, substance, and violent-incident problems (with often limited effective response) than circle entries\"": \""Groups the many raw items about fights, stabbings/shootings, pervasive bullying, drugs/vaping, sexual assaults, weapons, staff complicity or cover‑ups and failed incident follow‑up into a single safety/behavior bucket; it is distinct from academic, facilities, administrative, and extracurricular themes because it focuses on student misconduct, victim harm, and security outcomes rather than program offerings or budget/operational issues.\"",\n    \""square entries report more extensive advanced academic and postsecondary pathways (AP/IB/dual‑enrollment/magnet/STEM/vocational) and measurable college outcomes than circle entries\"": \""Captures the cluster of raw terms that list AP/IB/dual‑credit, CTE/medical/engineering tracks, STEM/college partnerships, college matriculation and measurable outcomes, keeping academic-program substance separate from extracurricular breadth, safety, administrative or facilities claims.\"",\n    \""square entries document more administrative and operational dysfunctions—communication failures, procedural/IEP mismanagement, favoritism/nepotism, coverups, and leadership instability—than circle entries\"": \""Aggregates complaints about administrators (unresponsiveness, secrecy, coverups), district/board corruption, favoritism/nepotism, IEP/504 and counseling breakdowns, and turnover into one governance/management bucket that is conceptually distinct from student-safety incidents, program offerings, resource shortages, or extracurricular choices.\"",\n    \""square entries report more concrete operational, facility, capacity, and budget/policy problems (overcrowding, traffic/transportation, aging facilities, funding priorities, scheduling constraints) than circle entries\"": \""Groups the many raw items about overcrowding, sanitation/pest problems, supply shortages, schedule/block issues, technology/portal failures and contested capital spending into an operational/facilities/resource bucket that is separate from administrative misconduct (decision‑making) and separate from curricular/extracurricular program content.\"",\n    \""square entries emphasize broader/extracurricular breadth and visible facility/capital investment but also higher out‑of‑pocket fees and athletics‑first resource allocation than circle entries\"": \""Collects observations about extensive clubs/arts/band/athletics, booster/parent funding, pay‑to‑play or mandatory fees, visible capital projects (arenas, renovations) and explicit athletic favoritism/coach conflicts into one extracurricular/funding trade‑off bucket that is distinct from academics, safety, governance, and pure facility condition issues.\""\n}""]",,36.25487494468689,26222,2432,2985,,[],['resp_0d39c10126549db0006a725730ad0881a2aa41c65c030a6697'],True
vote|reduce1|13|5,"[""{\n    \""square entries describe substantially broader formal advanced/magnet/STEM/AP/IB/CTE academic programs and clearer college-prep pathways — but also stronger intra-school academic tracking and stratification between advanced and regular courses — more than circle entries\"": \""This bucket captures the many square reviews that name IB/AP/CTE/dual‑enrollment programs and measurable college outcomes (and also note tracking between advanced and regular tracks); it is distinct from other buckets because it focuses on program breadth/outcomes and intra‑school academic stratification rather than safety, operations, or student‑support failures.\"",\n    \""square entries report more frequent and severe student safety and conduct problems (fights, gangs, drugs, pervasive bullying, self‑harm incidents) than circle entries\"": \""This groups all square items documenting violence, pervasive bullying, drug use, fights, and severe safety incidents—clearly separable from programmatic, administrative, facilities, or counseling themes because it focuses on on‑campus student misconduct and acute safety outcomes.\"",\n    \""square entries document more administrative dysfunction, staffing instability, favoritism, punitive or secrecy‑oriented policies, and lack of accountability than circle entries\"": \""This bucket aggregates square reports about leadership turnover, nepotism/favoritism, cover‑ups, opaque discipline, and punitive administrative behaviors, which are governance/decision‑making failures distinct from physical resources, academic offerings, student supports, or safety incidents.\"",\n    \""square entries report more chronic facility, capacity, and resource problems — and visible funding allocation issues favoring athletics — than circle entries\"": \""This groups concrete, operational complaints in square reviews about overcrowding, maintenance, sanitation, technology/laptop fees, capital spending choices (e.g., turf/stands), and visible resource allocation decisions—separate from administration culture, student safety, academic programs, or counseling/SPED services.\"",\n    \""Square entries report more systemic failures in student support services — special education/IEP/504 noncompliance, overwhelmed or ineffective guidance/counseling, and mental‑health neglect — than circle entries\"": \""This bucket gathers square descriptions of broken or inconsistent special‑education practice, ineffective/overloaded counselors, poor transitions/IEP handling and mental‑health harms; it is focused on direct student support systems and deliberately kept distinct from administrative corruption, facilities, safety, or curricular program descriptions.\""\n}""]",,36.25558876991272,23059,1408,1945,,[],['resp_010a19d925c1c75a006a72573066208191bcd1893521503fda'],True
vote|reduce1|20|3,"[""{\n    \""Square entries report more frequent and serious student safety, violence, and substance‑use incidents than Circle entries\"": \""This groups the many Square reports of fights, weapons/gun/knife threats, bullying, sexual harassment, pervasive drug use, bomb threats/lockdowns, vaping-triggered drills and consequent PTSD/trauma — a clear operational/safety cluster that is about student conduct and on‑campus risk (distinct from program quality, facilities investment, administrative governance, or special‑education/counseling service issues).\"",\n    \""square entries emphasize broader/extracurricular breadth and visible facility/capital investment but also higher out‑of‑pocket fees and athletics‑first resource allocation than circle entries\"": \""This captures Square reviewers’ repeated notes of large, award‑winning arts/athletics/CTE/club ecosystems, high‑profile capital projects (pools/stadia/arts centers), booster/fee/pay‑to‑play pressures and complaints about athletics‑first budgeting — a resources/programs/funding cluster that is focused on what the school offers and how money/facilities are prioritized (separate from safety incidents, admin misconduct, classroom instruction, or special‑education service delivery).\"",\n    \""square entries document stronger and more numerous formal advanced-academic programs and measurable college-prep outcomes (AP/IB/magnet, high test scores, elite matriculation) than circle entries\"": \""This groups Square claims about AP/IB/magnet pathways, dual‑enrollment, measurable outcomes (National Merit, scholarships, college matriculation, AP credit), and rigorous tracking — a curricular/college‑prep cluster distinct from extracurricular/facility narratives, safety/behavior reports, administrative dysfunction, or case‑level special‑education/counseling issues.\"",\n    \""square entries report more administrative and operational dysfunction (leadership turnover, policy inconsistency, poor communication, staffing instability, resource misallocation) than circle entries\"": \""This bucket covers Square accounts of frequent principal turnover, opaque/bureaucratic governance, unresponsive front offices, recordkeeping/scheduling errors, retaliation/favoritism and misallocated budgets — governance and process failures that are organizational (not the same as frontline student‑support breakdowns, safety incidents, the existence of programs, or instructional rigor).\"",\n    \""square entries contain more concrete, mixed reports about formal student support services and special-education/counseling practices (IEP implementation, counselor availability, remediation blocks, college counseling) than circle entries\"": \""This groups Square’s granular examples around IEP/504 denials or mishandling, ESL neglect, helpful vs. absent counselors, credit recovery/remediation structures and mental‑health shortages — focused on service delivery and compliance for vulnerable students (distinct from overall administrative politics, safety incidents, or program/facility breadth).\""\n}""]",,36.56415510177612,26535,1856,2473,,[],['resp_0924df48bbf98aa7006a7257308e44819eb48adff42b27f305'],True
vote|reduce1|10|4,"[""{\n    \""square entries report more structured, advanced academic programs and college‑preparatory pathways than circle entries\"": \""Captures the many square reviews that enumerate AP/IB/dual‑enrollment/college‑credit pathways and measurable college outcomes (AP, IB, PSAT/SAT prep, elite matriculation) and is distinct from extracurricular, safety, support‑service, or governance themes because it focuses specifically on formal curricular/program pathways and college preparation.\"",\n    \""square entries report more extensive, named extracurricular, arts, and athletics programs and high‑profile achievements than circle entries\"": \""Groups the square reviews that list concrete clubs, marching band/choir scale, state championships, theater/arts accolades and large booster/fundraising activity, and is kept separate from the academic‑pathways bucket (curriculum) and the admin/favoritism bucket (personnel/policy issues).\"",\n    \""square entries report more frequent and severe student-safety and behavior problems (bullying, fights, drugs, gang threats, acute violent incidents) than circle entries\"": \""Collects the numerous square accounts of fights, lockdowns, drugs, weapons, gang activity, and severe bullying/mental‑health harm, and is mutually exclusive from the other buckets because it addresses on‑campus student conduct and immediate safety crises rather than programs, staffing policy, or service provision.\"",\n    \""square entries report more administrative/staff dysfunction, favoritism, retaliation and inequitable or unprofessional personnel practices than circle entries\"": \""Covers allegations in square reviews about leadership instability, cover‑ups, favoritism/nepotism, rude front‑office behavior, punitive or inconsistent discipline, and hiring/retention problems, and is distinct from facility or program buckets because it addresses governance and staff conduct/decision‑making.\"",\n    \""square entries report more variability and concrete problems (and some strong examples) in student support services and school operational resources—special education compliance, counseling, tutoring, after‑school transport, nurse and facility condition—than circle entries\"": \""Groups square reviews describing mixed or failing special‑education/IEP/504 implementation, counseling/guidance breakdowns, credit‑recovery/driver's‑ed gaps, tutoring/wraparound variability and day‑to‑day operational/resource shortfalls, and is separate from the facilities/overcrowding or safety buckets because it focuses on student supports, accommodations and operational service delivery rather than physical assets or disciplinary events.\""\n}""]",,36.74379515647888,26159,2048,2567,,[],['resp_010393903d47963b006a72573050ac819fbabd95beee756bcc'],True
vote|reduce1|6|4,"[""{\n    \""Square entries document more administrative and governance dysfunction — unresponsiveness, favoritism/athletic/wealth bias, leadership turnover, fiscal scandal and punitive or opaque policies — than circle entries\"": \""This captures the reviews' repeated claims about leadership failure, favoritism, politicized decision‑making and board/district problems; it is distinct from operational/facility failures (logistics, maintenance) and from instructional variability or safety incidents because it focuses on governance, accountability and policy-level dysfunction rather than day‑to‑day service delivery or student behavior.\"",\n    \""Square entries report more frequent and severe student safety, bullying, substance‑use, violence, and disciplinary mishandling than circle entries\"": \""This groups the many concrete allegations of fights, weapons, gang/drug activity, bullying (including racial/religious harassment) and mishandled discipline; it is mutually exclusive from administrative/governance (which is about leadership choices) and from program/facility descriptions (which are about resources), because it centers on on‑campus harm and behavior-management failures.\"",\n    \""square entries document a far broader array of specialized academic, CTE, arts, IB/AP and extracurricular programs with measurable awards and college/athletic outcomes more than circle entries\"": \""This groups the long list of named advanced pathways (IB/AP/dual‑credit/CTE), nationally recognized teams/bands, and concrete college/scholarship outcomes that square reviews enumerate; it is separate from instructional variability (quality of teaching/supports), administrative dysfunction, facility logistics, and safety problems because it concerns program breadth, prestige, and measurable achievement rather than governance, operations, or student‑safety issues.\"",\n    \""square entries contain more concrete operational, facility, and procedural detail (maintenance, overcrowding, scheduling, grading/record mishandling, transportation, security infrastructure, and technology rollouts) than circle entries\"": \""This bucket groups the granular, repeatedly referenced logistics and infrastructure matters (AC, pests, overcrowding, bus/drug problems, lost grades, book/tech access) and is distinct from governance/favoritism (who runs things), safety incidents (student harm), program breadth (available pathways), and instructional/support variability (teacher/counseling quality) because it focuses on tangible facilities and process breakdowns that affect day‑to‑day operations.\"",\n    \""square entries report more inconsistent or deficient student supports and teacher‑level instructional variability (special education, counseling, attendance/absenteeism, and classroom quality) than circle entries\"": \""This captures the polarized reports about teacher competence, IEP/504 compliance, counseling effectiveness, punitive grading/attendance policies and uneven instructional practices; it is mutually exclusive from governance (policy/leadership), facility/logistics, program breadth, and safety (misconduct), because it specifically addresses variability in frontline student supports and classroom‑level academic delivery.\""\n}""]",,36.84425616264343,26806,1984,2594,,[],['resp_0ee433e711ac486c006a7257300eb8819daf71860ecb23d8b0'],True
vote|reduce1|1|1,"[""{\n    \""square entries emphasize a broader, better‑documented extracurricular, athletics, and arts ecosystem and stronger school spirit than circle entries\"": \""This cluster groups many raw terms describing named, high‑profile extracurriculars (band, state championships, booster activity, facility investments) that square reviews repeatedly document — it is distinct from academics, safety, admin, and special‑needs themes because it focuses on program breadth, competitive achievements and community/booster culture rather than governance or student supports.\"",\n    \""square entries report more pervasive student safety and behavior breakdowns (fights, drug/gang activity, unchecked bullying, theft, arrests) than circle entries\"": \""This bucket captures the many concrete reports of violence, substance use, weapons, repeated fights, pervasive bullying and inadequate supervision in square reviews — it is mutually exclusive from administrative/governance or programmatic buckets because it centers on day‑to‑day student safety and misconduct incidents and their immediate supervision/outcomes.\"",\n    \""square entries report more structured, advanced academic programs and college‑preparatory pathways than circle entries\"": \""This grouping covers the extensive references in square reviews to AP/IB/dual‑enrollment/CTE/academies, measurable college outcomes and rigorous curricular offerings — distinct from extracurricular praise, safety concerns, administrative dysfunction, or special‑education/counseling topics because it specifically addresses formal advanced‑academic pathways and postsecondary preparation.\"",\n    \""square entries describe more administrative favoritism, inconsistent discipline, communication failures, and operational/ethical governance problems than circle entries\"": \""This bucket aggregates reports of leadership turnover, favoritism/nepotism, unequal enforcement, recordkeeping/transfer problems, cover‑ups and poor parent communication in square reviews — it is separate from safety and program buckets because it targets governance, policy enforcement and staff/board accountability rather than programs, student supports, or incidents alone.\"",\n    \""Square entries include far more concrete descriptions of special‑education, counseling, mental‑health supports and remediation (both failures and exemplars) than circle entries\"": \""This captures the many specific IEP/504/IEP noncompliance accounts, counseling interventions, tutoring/credit‑recovery programs and both praised and failed special‑needs supports found in square reviews — it remains distinct from the academic‑pathways bucket because it focuses on individualized supports, accommodations and mental‑health/counseling services rather than institutional advanced‑course offerings.\""\n}""]",,36.968894243240356,26032,2048,2576,,[],['resp_0430714cd471f07f006a72572fca9c81a3ae36796f303faf83'],True
vote|reduce1|2|0,"[""{\n    \""square entries report more pervasive bullying, safety incidents, and unaddressed student harm than circle entries\"": \""This bucket groups the many raw terms about fights, gangs, drug use, sexual/harassment, suicidal ideation, police/K‑9 searches and adult inaction — a distinct safety/behavior cluster that is about student harm and enforcement, not about facilities, academics, staff governance, or extracurricular breadth.\"",\n    \""square entries report more administrative and staff unprofessionalism, favoritism, secrecy, and poor responsiveness than circle entries\"": \""This bucket captures complaints about rude office staff, cover‑ups, favoritism/nepotism, leadership turnover, manipulated metrics and unresponsive complaint handling — governance/personnel failures that are operationally distinct from physical facilities, student safety incidents, academic program breadth, or extracurricular offerings.\"",\n    \""square entries describe stronger, concrete academic programs and measurable post‑secondary outcomes than circle entries\"": \""This bucket groups all mentions of formal AP/IB/dual‑enrollment/CTE pathways, named programs, elite college admits, test scores and scholarship evidence — programmatic academic strength and documented outcomes separate from discipline, facilities, governance, or extracurricular emphasis.\"",\n    \""square entries report more severe facilities, maintenance, and capacity problems (unsanitary conditions, pests/mold, aging infrastructure, overcrowding, and poor technology/transportation) than circle entries\"": \""This bucket collects the numerous operational/facility issues (mold, cockroaches, clogged toilets, overcrowding, parking/traffic, stalled renovations and capital projects) which are physical/logistical problems distinct from safety incidents, governance failures, academic offerings, or extracurricular prominence.\"",\n    \""Square entries emphasize broader extracurricular, arts, vocational and athletic program breadth and often report athletics‑first resource/favoritism dynamics more than circle entries\"": \""This bucket groups the many concrete descriptions of large sports programs, marching band/JROTC excellence, CTE/CTC/vo‑tech offerings, booster/parent engagement and complaints about athletics‑first funding or athlete favoritism — a programmatic/extracurricular dimension that is different from academics, safety, facilities, and administrative misconduct.\""\n}""]",,37.06452918052673,26292,2112,2605,,[],['resp_044a4885b96ecf28006a72572fdad4819c95ebb8c631b3b3e9'],True
vote|reduce1|21|2,"[""{\n    \""Square entries describe stronger, well‑documented specialized academic programs, formal tracking, and measurable college/prep outcomes more than circle entries\"": \""Groups of raw terms grouped here consistently report named AP/IB/magnet/dual‑enrollment/CTE pathways, measurable college credits/acceptances and formal tracking—this bucket is about programmatic offerings and postsecondary outcomes and is therefore distinct from safety, facilities, administrative operations, or social‑polarization issues.\"",\n    \""square entries report more frequent and severe student-safety incidents, substance use, and pervasive bullying than circle entries\"": \""This bucket captures the concrete on‑campus harm and misconduct reports (fights, gangs, vaping/drugs, stabbings, police/security responses, pervasive bullying) and is intentionally separated from administrative failures, facility shortcomings, academic programming, and social stratification.\"",\n    \""square entries report more administrative and guidance‑office operational failures, scheduling/IEP mismanagement, poor parent communication, and favoritism/nepotism in handling complaints than circle entries\"": \""These items cluster around governance and casework breakdowns—lost records, missing transcripts, bungled scheduling/IEPs, rude/unresponsive front office and politicized complaint handling—and are framed as operational/governance failures distinct from physical facility problems, student safety incidents, program offerings, or socio‑academic polarization.\"",\n    \""Square entries document more concrete facility, overcrowding, and resource shortfalls (infrastructure, HVAC, pests, textbooks, equipment, technology) than circle entries\"": \""This bucket groups tangible material and capacity problems (overcrowded classes/buses/lunch, mold/pests, broken bathrooms, technology/textbook shortages, contested capital spending) and funding allocation disputes—focusing on physical and resourcing conditions rather than safety incidents, admin casework, program breadth, or social favoritism.\"",\n    \""square entries exhibit greater internal polarization and variability in teacher quality, student outcomes, and social inclusion (insider/outsider, socioeconomic and athletic favoritism) than circle entries\"": \""This bucket gathers the within‑school contrasts—sharp swings from excellent to awful teachers, tracking and race/wealth‑based segregation, athlete/insider privilege and clique dynamics, and contradictory reviewer experiences—highlighting social and instructional stratification that is conceptually distinct from program presence, safety events, facilities, or administrative process failures.\""\n}""]",,37.08114004135132,26245,2176,2694,,[],['resp_0dd60ebbd9c0d97a006a72573076ac819f99c95fedfbcd9be1'],True
vote|reduce1|16|3,"[""{\n    \""square entries describe substantially broader and deeper advanced-academic pathways and measurable college/career outcomes than circle entries\"": \""This bucket groups the many square reviews that enumerate AP/IB/dual‑credit/CTE/magnet programs, elite college admits, scholarship outcomes and formal college partnerships — a distinct programmatic/outcome pattern that is about curricular opportunity and results (not about facilities, safety, admin behavior, or day‑to‑day instructional variability) and so is mutually exclusive from the other selected buckets.\"",\n    \""square entries report more chronic facility, capacity, and resource problems (broken bathrooms, overcrowding, outdated technology, poor maintenance) than circle entries\"": \""This bucket captures concrete building, sanitation, overcrowding, textbook/technology and transportation breakdowns described in square reviews — physical and logistical resource failures that are operationally different from thematic concerns about safety incidents, program breadth, staff/admin behavior, or teacher/special‑ed variability.\"",\n    \""square entries show greater variability in classroom instruction and in student-facing supports (teacher quality, counseling, and special‑education access) — including both praised individualized help and repeated reports of unmet accommodations — than circle entries\"": \""This bucket groups square reviews that describe polarized, within‑school differences in teacher competence, tutoring/after‑school help, counselor responsiveness and explicit IEP/504 successes or failures — a people-and-practice variability theme distinct from facility problems, district governance, safety/crime, or formal advanced-program availability.\"",\n    \""square entries report more administrative misconduct, unresponsiveness, favoritism, and governance failures than circle entries\"": \""This bucket collects square complaints about leadership unresponsiveness, favoritism/nepotism (athlete/wealth bias), recordkeeping and punitive or opaque policy enforcement — governance and communication breakdowns that are organizational/accountability issues separate from physical facilities, student safety incidents, curricular breadth, or classroom-level instructional variability.\"",\n    \""square entries report more frequent and severe student safety and behavior incidents (bullying, fights, drugs, weapons) than circle entries\"": \""This bucket groups square reports of routine fights, pervasive bullying, substance use, police/SRO involvement and racially‑targeted harassment — concrete safety and behavioral crises that are about student conduct and supervision rather than facilities, curricular pathways, administrative governance, or teacher/support variability.\""\n}""]",,37.181447982788086,26500,2048,2571,,[],['resp_029385b6fdcf21fd006a7257306b988191880d469ba009f6c2'],True
vote|reduce1|19|4,"[""{\n    \""square entries describe broader, better‑resourced extracurricular, arts, athletics, and parent/community engagement than circle entries\"": \""This bucket captures the many Square reviews that list named arts/band/theater/athletics programs, booster/levy activity, alumni pride and active parent involvement — a distinct pattern of program breadth and community investment that is about offerings and engagement rather than safety, governance, facilities, or academic rigor and so is mutually exclusive from the administrative, safety, facilities, and academic-program buckets below.\"",\n    \""square entries report more pervasive student safety, bullying, violence, and substance‑use incidents than circle entries\"": \""This groups the numerous Square reports of fights, bullying, drug use, assaults, lockdowns and hate incidents into a single student‑safety/behavior cluster that is about on‑campus harm and supervision failures, which is clearly different from buckets about program breadth, academic pathways, administration/favoritism, or facility/operational problems.\"",\n    \""square entries report more administrative favoritism, mismanagement, politicization, and inconsistent discipline/enforcement than circle entries\"": \""This bucket collects Square items alleging nepotism, protection of athletes/staff, opaque board/district behavior, differential punishments, and politicized complaint handling — governance and accountability failures that are about leadership choices and bias rather than facilities, academic offerings, extracurricular breadth, or raw safety incidents.\"",\n    \""square entries describe more extensive advanced academic, CTE, and measurable college‑preparation offerings and outcomes than circle entries\"": \""This groups Square reviews that cite AP/IB/magnets, dual‑enrollment, vocational/CTE pathways, concrete college admits and scholarship tallies — a distinct academic‑program and measurable outcome theme separable from safety, governance, facilities, or parent/arts engagement.\"",\n    \""square entries report more concrete operational, facility, capacity, and budget/policy problems (overcrowding, traffic/transportation, aging facilities, funding priorities, scheduling constraints) than circle entries\"": \""This bucket covers Square reports of overcrowded/deteriorating buildings, sanitation/asbestos issues, bus shortages, budget misallocations, and scheduling/technology rollouts — an operational/resource cluster distinct from safety incidents, governance/favoritism, extracurricular breadth, or advanced‑academics.\"" \n}""]",,37.95538115501404,26421,2240,2727,,[],['resp_0448b3f43f098164006a7257306f8081a1b3146444e823a3b6'],True
vote|reduce1|9|5,"[""{\n    \""square entries report more frequent and specific student safety, substance-use, bullying and disciplinary incidents than circle entries\"": \""This bucket captures the many square reports of fights, drugs, bullying, sexual/violent incidents, police/SRO involvement, and inconsistent disciplinary follow‑up; it is distinct from operational/administrative dysfunction because it focuses on student safety incidents and behavioral crises themselves rather than governance, facilities, or programming issues.\"",\n    \""square entries emphasize more extensive advanced academic and extracurricular programming and measurable postsecondary outcomes (AP/IB/dual-enrollment, magnets, vocational certificates, competitive arts/athletics) than circle entries\"": \""This groups the repeated square claims of broad AP/IB/dual‑enrollment/STEM/CTE offerings, elite college placements, robotics/arts/theatre success and competitive teams, and is separate from staff or admin problems because it describes concrete programmatic breadth and outcomes rather than personnel, discipline, or facility failures.\"",\n    \""square entries report more administrative, operational, facilities, and funding dysfunction (including guidance/counseling and device rollout problems) than circle entries\"": \""This bucket bundles square complaints about misallocated capital, overcrowding, maintenance (mold/pests/ HVAC), scheduling, guidance/counselor shortages, device rollouts and billing/registration failures, and is kept distinct from staff favoritism or special‑education failure because it targets systemic administrative/operational resource and process breakdowns.\"",\n    \""square entries show greater variability and inequality in teacher quality, student support, and favoritism (toward athletes, wealthy or legacy families, and high performers) than circle entries\"": \""This captures square reports of highly uneven teacher competence, favoritism for athletes/legacy students, selective attention to honors/AVID/IB students, and unequal enforcement, and is mutually exclusive from the special‑education compliance bucket because it addresses general teacher/staff variability and preferential treatment rather than legally mandated special‑services failures.\"",\n    \""square entries report systemic failures in special‑education/IEP/504 compliance and targeted mistreatment of vulnerable students more than circle entries\"": \""This groups square allegations of IEP/504 noncompliance, delayed identification, OCR complaints, exclusionary placement/practice, and neglect of students with disabilities or behavioral needs, and is distinct from other buckets because it concerns legally‑structured special‑education processes and harm to vulnerable students rather than general safety incidents, programming breadth, or routine administrative dysfunction.\""\n}""]",,37.956897020339966,22767,2048,2607,,[],['resp_028c1656138ecb01006a7257303fd8819db0476d7e703fbbfa'],True
vote|reduce1|15|3,"[""{\n    \""square entries report more frequent and severe student-safety and social-climate problems (bullying, drug/vaping use, fights, gang/weapon incidents, racism/transphobia, self-harm) than circle entries\"": \""Groups together the many raw items about violence, bullying, substance use, weapon/assault incidents, hate-based harassment, suicidality and routine peer misconduct at square schools and is distinct from administrative or facilities issues because it centers on student behavior and direct safety outcomes rather than staff conduct or infrastructure.\"",\n    \""square entries allege more staff and administrative misconduct, inconsistent discipline, favoritism/nepotism, and operational mismanagement than circle entries\"": \""Captures the numerous claims about unprofessional staff behavior, biased enforcement, nepotism/athlete favoritism, cover‑ups, and governance failures at square schools and is mutually exclusive from the safety bucket because it focuses on adult/leadership actions and policy failures rather than student-on-student incidents or facility conditions.\"",\n    \""square entries report broader, stronger advanced-academic and measurable college-prep programs and outcomes than circle entries\"": \""Groups items documenting square schools' named AP/IB/dual‑enrollment/magnet tracks, elective/STEM/arts breadth, AP/ACT/SAT/college-placement evidence and scholarships, and is separate from special‑education/counseling or extracurricular/ facility buckets because it specifically concerns formal advanced academic pathways and measurable postsecondary results.\"",\n    \""square entries contain more detailed, concrete accounts of facilities, operations, and on‑campus logistics (maintenance, cleanliness, overcrowding, transportation, cafeteria, security hardware) than circle entries\"": \""Aggregates the many concrete operational and infrastructure reports at square schools—overcrowding, trailers, pest/asbestos claims, capital projects, bus/drop‑off problems, cafeteria and tech rollouts—and is distinct from the administrative‑misconduct bucket because it concerns physical capacity and logistics rather than personnel behavior or discipline policy.\"",\n    \""Square entries provide more concrete accounts of counseling, special‑education supports, alternative programs and individualized interventions (including both successes and failures) than circle entries\"": \""Collects the frequent, specific accounts at square schools about IEP/504 compliance, OCR appeals, counseling responsiveness, targeted tutoring/mentoring programs and mental‑health impacts, and is mutually exclusive from the advanced‑academics and safety buckets because it targets individualized student‑support systems and their documented outcomes (both positive and negative).\""\n}""]",,38.00000190734863,26512,2880,3386,,[],['resp_086f3993e6a8aec1006a7257306e1081a38573f8fb605528dc'],True
vote|reduce1|19|2,"[""{\n    \""square entries report substantially stronger and more concretely-documented advanced academic offerings and measurable college outcomes than circle entries\"": \""This groups all reviews that name AP/IB/dual‑enrollment/academies, quantifiable college placement, and program‑level metrics — a distinct substantive axis (programs & outcomes) that does not overlap with extracurricular breadth, safety/crisis reports, administrative favoritism, or facility/operational problems.\"",\n    \""square entries report broader and stronger extracurricular, athletics, and arts programs and community support than circle entries\"": \""This captures reviews that enumerate band/arts, championship athletics, many clubs, boosters and parent engagement — a programmatic/community resource dimension separate from academic program rigor, safety incidents, administrative misconduct, or physical/infrastructure problems.\"",\n    \""Square entries report more pervasive student safety, bullying, substance‑use, gang activity, and supervision failures than circle entries\"": \""This groups all accounts of fights, drugs/vaping, bullying, gangs, police/SRO involvement and supervision breakdowns — a safety/social‑climate dimension that is meaningfully different from descriptions of academics, extracurricular resources, admin favoritism, or facilities/operations.\"",\n    \""square entries report more administrative/staff governance dysfunction, favoritism, personnel misconduct, and resource/logistics failures than circle entries\"": \""This bucket collects reports of nepotism, grade‑changing scandals, biased discipline, unresponsive leadership, staff misconduct and recordkeeping/communication failures — governance and personnel problems distinct from student safety incidents, curricular offerings, extracurricular breadth, or pure facility issues.\"",\n    \""square entries report more severe facility, hygiene, and day‑to‑day operational problems than circle entries\"": \""This groups concrete operational and infrastructure complaints (overcrowding, mold/maintenance, construction disruption, scheduling/lunch/tutoring logistics, fee/transcript practices, tech rollouts) — an operational/infrastructure axis separate from administrative bias, safety incidents, curricular strength, or extracurricular offerings.\""\n}""]",,38.115670919418335,26069,1856,2301,,[],['resp_08ad4e534631d112006a7257306bc481a185ddf0dc407fdbc7'],True
vote|reduce1|15|4,"[""{\n    \""Square entries report more visible facilities, infrastructure and operational-resource problems (overcrowding, sanitation, HVAC/wifi, odor, funding gaps, pay-to-play) and misallocation than circle entries\"": \""Covers the concrete, on-the-ground physical and logistical resource issues (broken A/C, overcrowding, tech rollouts, lunch/transportation, contested spending) that are distinct from safety incidents, program breadth, administrative behavior, or variable staff quality — i.e., it groups facility/operational problems only.\"",\n    \""square entries report more frequent and severe student safety incidents, substance abuse, and peer violence than circle entries\"": \""Groups the repeated accounts of fights, weapons, gangs, drug/vaping problems, sexualized harassment, and law‑enforcement responses focused on immediate student safety and misconduct, which is a different domain than facilities, curriculum/programming, administration, or intra‑staff variability.\"",\n    \""square entries report more administrative failure, counseling/special‑education breakdowns, favoritism, and policy mismanagement than circle entries\"": \""Captures systemic governance and procedural dysfunction (board/ superintendent problems, favoritism/nepotism, poor communication, mishandled incidents, IEP/504 case failures) that are about policy/accountability rather than physical plant, student safety events, program offerings, or uneven teacher experiences.\"",\n    \""square entries describe more extensive advanced academic, vocational, and extracurricular programs and measurable college/career outcomes than circle entries\"": \""Groups the concrete programmatic strengths and measurable outcomes (AP/IB/dual‑enrollment, CTE/metal shops, award‑winning arts, college matriculation, scholarships) that are about curricular and extracurricular opportunity and results, distinct from safety, facilities, administrative practice, or internal variability.\"",\n    \""Square entries show greater within‑school variability and contradictory reports about teacher effectiveness, special‑education services, and student supports than circle entries\"": \""Captures the pattern of polarized, inconsistent stakeholder experiences (some reviews praising intensive individualized help and successful IEP outcomes while others report neglect, grade‑inflation, or poor teaching), which is conceptually different from systemic governance failures, concentrated safety incidents, resource/facility problems, or differences in program breadth.\""\n}""]",,38.17906618118286,26386,1600,2078,,[],['resp_08746aac70a30cfb006a7257306be8819eb3531df8028fb193'],True
vote|reduce1|3|4,"[""{\n    \""square entries report more student-safety problems, bullying, substance use, hazing, and violent incidents than circle entries\"": \""This bucket groups all concrete accounts of physical safety and peer‑harm (fights, gang/drug activity, hazing, pervasive bullying, sexual harassment) that are operationally distinct from program, staffing, facility, or special‑education failures captured in the other buckets.\"",\n    \""Square entries document broader, concrete programmatic offerings and measurable academic/extracurricular outcomes than Circle entries\"": \""This bucket captures named curricular and extracurricular assets and measurable college‑prep outcomes (AP/IB/dual enrollment, magnets, award‑winning band/JROTC, scholarships) and is conceptually separate from safety, admin, facility or special‑education themes.\"",\n    \""square entries describe greater administrative dysfunction, favoritism, politicized governance, and misaligned priorities than circle entries\"": \""This bucket collects allegations about leadership/board/union politics, nepotism, selective discipline, cover‑ups, fiscal misprioritization and opaque governance, which are distinct governance problems rather than facility, instructional, safety, or support‑service issues.\"",\n    \""square entries report more acute facility, capacity, and resourcing problems (overcrowding, sanitation, budget cuts, transportation barriers) than circle entries\"": \""This bucket groups concrete physical‑plant and resourcing/logistics failures—broken A/C, leaking roofs, overcrowded classes, cafeteria/transport/fee issues and contested capital choices—that are operationally different from program quality, admin misconduct, safety incidents, or special‑education breakdowns.\"",\n    \""square entries document more explicit failures in special‑education/IEP compliance, counseling, and individualized support than circle entries\"": \""This bucket focuses on IEP/noncompliance, denied evaluations, poor counseling and mental‑health support or alternatively exceptional individualized supports, separating individualized student‑support and legal‑compliance failures from the broader staffing, facilities, programmatic, or safety categories.\""\n}""]",,38.1868109703064,26002,2112,2520,,[],['resp_0bacd3dc70cde519006a72572fe2c48192a5790b477503d89b'],True
vote|reduce1|22|4,"[""{\n    \""square entries report more extensive advanced-academic and college-prep programming and measurable outcomes than circle entries\"": \""This groups all items documenting named AP/IB/dual‑enrollment/magnet/college‑credit pathways, explicit scholarship and college‑placement claims, and measurable outcome claims (test scores, honors) — distinct from extracurricular praise, safety issues, facilities, or governance complaints because it specifically captures curricular/college‑prep programming and outcomes rather than non‑academic resources or operational failures.\"",\n    \""square entries describe a broader, higher-quality extracurricular ecosystem (athletics, fine arts, competitive teams, many clubs) than circle entries\"": \""This captures reviews that enumerate award‑winning bands, athletics, JROTC, robotics, many clubs and booster/volunteer engagement — a programmatic, outside‑classroom strength cluster separate from academic curriculum quality, facility/maintenance problems, administrative dysfunction, or safety/discipline incidents.\"",\n    \""square entries report more frequent and severe student-safety incidents, bullying, substance use, and unaddressed violence than circle entries\"": \""This groups concrete safety‑related allegations (drugs, fights, gang activity, frequent lockdowns, homophobic/racist harassment, unaddressed bullying and assaults) and is conceptually distinct from administrative/governance critiques, facility complaints, curricular breadth, or extracurricular descriptions because it concerns student harm and supervision failures.\"",\n    \""square entries report more severe facility, hygiene, and day‑to‑day operational problems than circle entries\"": \""This aggregates complaints about overcrowding, leaking roofs/mold, filthy cafeterias/bad food, outdated tech, locked bathrooms, transportation safety, parent portals and scheduling/operational breakdowns — operational/physical infrastructure issues that are materially different from governance/favoritism, academic offerings, extracurricular strength, or student‑safety incidents.\"",\n    \""square entries report more administrative and governance dysfunction — unresponsiveness, opaque district/board problems, nepotism/financial irregularities, and inconsistent policy enforcement — than circle entries\"": \""This covers reports of nepotism, favoritism, secretive boards, non‑responsive principals/superintendents, politicized discipline, grade‑manipulation, and funding misallocation and is kept separate from safety, facilities, curricular or extracurricular categories because it targets leadership, policy and accountability failures rather than programmatic or physical conditions.\""\n}""]",,37.98496890068054,26008,2176,2719,,[],['resp_0dc48df9b5fabad5006a7257306dfc81a2b7a73110a98a8fa0'],True
vote|reduce1|18|3,"[""{\n    \""square entries report more student safety incidents, drug/violence problems, and security neglect than circle entries\"": \""This bucket groups all concrete reports of on‑campus danger (fights, overdoses, gangs, lockdowns, security/staff non‑response) and is distinct from administrative/governance faults, academic program breadth, parent/community climate, or special‑education failures because it focuses solely on student misconduct, criminality, and supervision breakdowns.\"",\n    \""circle entries report more consistent, approachable teacher/counselor support and a family‑like community atmosphere than square entries\"": \""This bucket captures reviews that emphasize a cohesive, student‑centered climate and reliable adult support (approachable teachers/counselors, tight community, multigenerational ties), and is separate from comments about specific programs, safety incidents, administrative governance, or IEP/special‑education issues.\"",\n    \""square entries report more administrative dysfunction, favoritism, punitive policy enforcement, and governance problems than circle entries\"": \""This bucket groups reports of managerial and governance failings (nepotism/favoritism, opaque or punitive policies, cover‑ups, poor parent communication and board/district conflicts) and is conceptually distinct from student safety, curricular/program breadth, classroom instruction variability, or special‑education casework.\"",\n    \""square entries describe more formal advanced academic programs, measurable college‑prep outcomes, and specialized curricula than circle entries\"": \""This bucket groups concrete descriptions of AP/IB/dual‑enrollment, CTE/magnet pathways, certifications, and measurable postsecondary placement—focusing on program breadth and outcomes rather than safety, administration, day‑to‑day discipline, or special‑education implementation.\"",\n    \""square entries report more systemic special‑education and accommodation failures (IEP/504 noncompliance, exclusion from honors, aide misuse) than circle entries\"": \""This bucket isolates detailed accounts about IEP/504 breakdowns, disability‑accommodation denial or retaliation and inconsistent counseling/special‑education practice, and is mutually exclusive from broad administrative criticism, safety incidents, advanced‑program descriptions, or general community climate observations.\""\n}""]",,38.48133206367493,26487,1856,2354,,[],['resp_024f4b5d98a04075006a7257306f3c81a2a510cc803a1e7a7a'],True
vote|reduce1|19|5,"[""{\n    \""square entries report more pervasive peer‑level toxicity, bullying, substance use, truancy and social exclusion than circle entries\"": \""Groups many raw terms about fights, bullying (including staff‑complicit bullying), widespread drug/vaping use, gang activity, expulsions/arrests and social exclusion into a single student‑safety/peer‑behavior bucket; this is distinct from administrative, facility, programmatic or instructional concerns because it centers on student conduct and immediate safety incidents rather than governance, resources, or curricular offerings.\"",\n    \""Square entries report more administrative unprofessionalism, opaque communication, favoritism, and governance failures than circle entries\"": \""This groups the raw items about cover‑ups, transcript/records errors, deliberate nonresponse, nepotism/athlete‑favoritism, punitive or inconsistent discipline, and board/leadership scandals into a single governance/accountability bucket that is separate from student safety, instructional variability, facilities, or program breadth.\"",\n    \""square entries describe substantially broader, named specialized academic and extracurricular programs and measurable college/STEM/arts outcomes than circle entries\"": \""This captures the many concrete reports of IB/AP/dual‑enrollment/magnet/CTE academies, college credits, national merit/award recognitions and explicit STEM/arts outcomes as a single programmatic/college‑prep bucket distinct from administrative behavior, safety problems, facility issues, or teacher/counselor variability.\"",\n    \""square entries report more concrete facility, resource, and operational contrasts (capital projects, cleanliness/pest problems, overcrowding, technology rollouts, and disputed resource allocations) than circle entries\"": \""This groups sanitation, pest/asbestos/mold, overcrowding, scheduling/logistics (lunches, modulars), tech rollout failures (tablets), fee/paid‑participation complaints and capital spending disputes into an operational/resources bucket that is not about pedagogy, governance, safety incidents, or program content.\"",\n    \""Square entries show greater within‑school variability and contradictory reports about teacher effectiveness, special‑education services, and student supports than circle entries\"": \""This groups the polarized and inconsistent accounts—pockets of outstanding teachers, overloaded/unhelpful counselors, mixed special‑education/IEP experiences, variable grading and remediation practices—into an instructional/support‑consistency bucket that is conceptually distinct from program breadth, facilities, governance, or student‑behavior safety issues.\""\n}""]",,38.70046806335449,23281,2240,2747,,[],['resp_0b98c1646c493241006a725730676881a099a1218decd4a0e5'],True
vote|reduce1|14|1,"[""{\n  \""square entries report more and stronger advanced academic programs, measurable college-prep outcomes, and curricular rigor than circle entries\"": \""Covers the cluster of concrete programmatic offerings and outcomes (AP/IB/dual‑enrollment, honors, elite college matriculation, test scores) that reviewers attribute to school curricula and student achievement — distinct from extracurricular breadth, safety incidents, governance problems, or day‑to‑day teacher/support variability.\"",\n  \""square entries report more robust, numerous, and nationally recognized extracurriculars, fine arts, and school‑spirit traditions than circle entries\"": \""Captures the many specific claims about bands, theater, championships, JROTC, boosters, facility investments and alumni/spirit traditions that are about co‑curricular ecosystem and capital/support, not academic rigor, safety crises, governance misconduct, or classroom‑level supports.\"",\n  \""square entries report far more pervasive student-safety, violence, drug-use, and bullying incidents (including staff-enabled or ignored abuse) than circle entries\"": \""Groups all reports of fights, gang activity, drugs, bullying, harassment, bus safety and physical‑violence incidents — phenomena about student safety and harm — keeping them separate from descriptions of programs, governance failures, or instructional variability.\"",\n  \""square entries report more administrative/governance failures, inconsistent or biased discipline, and misallocated resource priorities than circle entries\"": \""Aggregates governance‑level problems (board/district accusations, favoritism/nepotism, punitive or opaque discipline policies, lost records, politicized resource allocation) that concern leadership and policy choices rather than extracurricular assets, safety incidents, or classroom supports.\"",\n  \""square entries show greater internal variability in teacher/counselor performance and in‑school student supports (both pockets of outstanding tutoring, outreach, and special‑needs accommodations and reports of teacher bullying, misconduct, and counseling failures) than circle entries\"": \""Encompasses the mixed, contradictory on‑the‑ground accounts about teacher quality, classroom management, tutoring, counseling and IEP/504 compliance — i.e., heterogeneity of instructional and support practices — which is conceptually distinct from program breadth, safety incidents, or governance failures.\""\n}""]",,38.84582805633545,26486,1920,2402,,[],['resp_0770827321b583cb006a72573094e081a2979cead8d98e904e'],True
vote|reduce1|12|5,"[""{\n    \""square entries report more severe and pervasive student safety, bullying, substance‑use, and mental‑health crises than circle entries\"": \""This bucket groups all reports of fights, riots/lockdowns, sexual assault, recurring bullying, drug use, suicides and emergency safety incidents that square reviews repeatedly describe — it is distinct from administrative or programmatic failures because it captures on‑the‑ground student‑safety/health crises rather than leadership, facilities, or curricular differences.\"",\n    \""square entries report greater administrative dysfunction, favoritism, and financial or policy mismanagement than circle entries\"": \""This bucket captures complaints about unresponsive principals/superintendents, nepotism/favoritism, politicized discipline, misuse or prioritization of funds, cover‑ups and governance breakdowns in square reviews — it is mutually exclusive from teacher‑level misconduct or facility shortages because it specifically targets governance and high‑level decision‑making rather than staff behavior or physical resources.\"",\n    \""Square entries describe richer and more varied advanced academic pathways and measurable college/STEM outcomes (AP/IB/dual enrollment, elite STEM labs, robotics, college placements) than circle entries\"": \""This bucket groups every concrete account of formal advanced programs (AP/IB/dual‑credit), measurable outcomes (scholarships, ACT/GPA/college credit), STEM/robotics and competitive academic awards in square reviews — it is separate from extracurricular/arts/athletics breadth and from safety or admin complaints because it focuses solely on academic program depth and post‑secondary results.\"",\n    \""square entries report more chronic facility/resource and funding shortfalls (overcrowding, pest/cleanliness problems, textbook/seat shortages, opaque fundraising or layoffs) than circle entries\"": \""This bucket collects concrete, repeated operational and material deficits in square reviews — broken/locked bathrooms, mold, overcrowding, poor food, missing textbooks, levy/fundraising pressures — and is kept distinct from governance (who runs the school) and from safety incidents (student behavior/violence) because it is about physical/material infrastructure and resourcing.\"",\n    \""square entries report more teacher‑level misconduct, favoritism, tenure‑driven complacency, and failures in guidance/special‑education support than circle entries\"": \""This bucket groups reports of teacher unprofessionalism, favoritism/nepotism, wildly variable classroom quality, IEP noncompliance, counseling failures and special‑ed neglect appearing in square reviews — it is separate from governance (administration-level problems) and separate from student-safety incidents because it centers on instructional staff behavior and individualized student‑support services.\""\n}""]",,39.01809000968933,22939,2368,2901,,[],['resp_094c0420b1a33558006a7257312e14819d94dac9eda863411c'],True
vote|reduce1|9|2,"[""{\n    \""square entries accuse school administration and district leadership of greater dysfunction, favoritism, dishonesty, politicization, and unresponsiveness than circle entries\"": \""Groups reviews that center on governance-level problems (nepotism, cover‑ups, hostile parent interactions, politicized decision‑making and unresponsiveness) — a leadership/governance theme that is distinct from facility conditions, student safety incidents, program breadth, or direct student‑support/service failures.\"",\n    \""square entries report more pervasive student safety and behavioral problems (bullying, fights, substance use, self‑harm, and racially/sexually targeted harassment) than circle entries\"": \""Captures all items describing incidents and peer/student conduct (drugs, fights, harassment, lockdowns, sexual/violent incidents) — a people‑behavior/safety cluster that is about on‑campus harms and supervision rather than administrative governance, physical facilities, program offerings, or special‑education/counseling service delivery.\"",\n    \""square entries report stronger and broader advanced academic, vocational, and college‑preparatory programs and measurable outcomes than circle entries\"": \""Bundles reviews documenting named AP/IB/dual‑enrollment/CTE tracks, vocational pathways, partnerships and concrete college‑placement or scholarship evidence — a curriculum/program‑breadth and outcomes cluster separate from safety, governance, facilities, or individualized support systems.\"",\n    \""square entries show greater variability in facilities, maintenance, tech and resource allocation (big capital/tech investments alongside serious interior maintenance, overcrowding and athletic funding biases) than circle entries\"": \""Groups descriptions of physical plant, sanitation, overcrowding, capital projects versus interior decay, meal/food safety and contested spending priorities — a facilities/resources/logistics theme that is about material conditions and allocations rather than leadership conduct, student behavior, curricular offerings, or counseling/IEP practice.\"",\n    \""Square entries report more systemic failures in student support services — special education/IEP/504 noncompliance, overwhelmed or ineffective guidance/counseling, and mental‑health neglect — than circle entries\"": \""Collects all accounts focused on delivery of individualized supports (IEP/504 legal noncompliance, weak/unstable counselors, mental‑health gaps and remediation/alternative programs) — a student‑support/services category distinct from governance accusations, campus safety incidents, facility/resource problems, and broad academic program listings.\""\n}""]",,39.131600856781006,25977,1856,2391,,[],['resp_00df647b27576169006a72573055c481a1919aa17f4e842553'],True
vote|reduce1|23|2,"[""{\n    \""square entries report more frequent and severe safety, violence, substance‑use, and gang problems than circle entries\"": \""Groups the many raw items about bullying, repeated physical assaults, fights, gang activity, drug dealing/vaping, lockdowns, sexualized incidents and failed on‑scene responses — a discrete cluster focused on student safety and behavioral crises that is conceptually distinct from administrative, facility, academic, or special‑education topics.\"",\n    \""square entries report more administrative and staff governance problems, misconduct, favoritism, selective discipline, record‑keeping failures, and turnover than circle entries\"": \""Captures the large set of items alleging unresponsive principals/counselors, cover‑ups, favoritism/nepotism, inconsistent or punitive discipline, attendance/record errors, and leadership churn — a governance/management cluster separate from safety incidents, facilities/overcrowding, academics, or special‑education supports.\"",\n    \""square entries document broader, named AP/IB/CTE/advanced-program offerings and measurable college‑prep outcomes more than circle entries\"": \""Groups the many specific, positive programmatic and outcome reports (IB/AP/dual‑enrollment/CTE, internships, measurable college acceptances and scholarships) into an advanced‑academics/college‑prep bucket that is distinct from safety, administration, facilities, or special‑education issues.\"",\n    \""square entries report more concrete facility, sanitation, overcrowding, and resource‑allocation conditions (pest infestations, filthy bathrooms, extreme overcrowding, renovation needs, and transportation/security gaps) than circle entries\"": \""Aggregates the numerous concrete operational and capital/resource items — overcrowded classes, closed cafeterias, leaking ceilings, filthy bathrooms, renovation projects and contested funding or fees — a facilities/resource cluster that is materially different from governance, safety, academics, or student‑support themes.\"",\n    \""square entries report more pronounced special‑education, inclusion, language‑diversity and equity problems (and also conflicting accounts of strong supports) than circle entries\"": \""Collects the distinct set of raw terms about special‑education failures or misuse, IEP/504/IEP process problems, uneven counseling, high ESL/remediation demographics and also the contradictory accounts of strong individualized supports — a student‑support/inclusion cluster clearly separable from safety, admin, facilities, or advanced‑academics buckets.\""\n}""]",,38.99981617927551,25927,1920,2403,,[],['resp_061e69ad25bf37c6006a7257306bb8819d918dbceac6a414c6'],True
vote|reduce1|12|0,"[""{\n    \""square entries describe substantially broader and more measurable advanced‑academic programs and college‑prep outcomes than circle entries\"": \""Groups all concrete claims about AP/IB/honors, dual‑enrollment, measurable test/college placements and programized academic pathways (STEM, Governor’s schools, scholarships) — distinct from safety, facilities, staffing or extracurricular claims because it focuses on curricular offerings and documented postsecondary outcomes.\"",\n    \""square entries report more frequent and severe student-safety, bullying, substance‑use, and mental‑health crises than circle entries\"": \""Captures the numerous reports of fights, drug/alcohol/vaping use, gang activity, racial/sexual harassment, police arrests, bomb threats and mental‑health consequences — mutually exclusive from administrative or facilities issues because it concerns on‑campus student behavior, safety incidents, and health impacts rather than governance, program breadth, or physical plant.\"",\n    \""square entries report more administrative, district‑level, and staff misconduct, favoritism/nepotism, and governance failures than circle entries\"": \""Groups allegations of opaque/retaliatory leadership, favoritism/nepotism, mismanaged records/scheduling, rude front‑office behavior, and cover‑ups — separated from student‑support or instructional quality because it centers on governance, personnel conduct, and district/board practices rather than counseling, special programs, or physical resources.\"",\n    \""square entries report pronounced facility, crowding, and maintenance/resource problems (overcrowding, A/C/mold/pest issues, extreme classroom temperatures) more than circle entries\"": \""Collects the concrete infrastructure and operational constraints—overcrowding/busing, sanitation/pest/ bathroom closures, HVAC/AC absence, renovations and capital needs—kept distinct from programmatic (academics/extracurricular) or governance complaints because it addresses the physical plant and capacity issues specifically.\"",\n    \""square entries provide more concrete accounts of student support services (counseling, special‑education, tutoring, parent communication) — both positive and negative — than circle entries\"": \""Groups the many detailed, mixed reports about guidance‑counselor understaffing/response, IEP/ADA noncompliance, credit recovery/tutoring and individualized interventions (and occasional exemplars) — distinct from administration/favoritism and from curricular breadth because it focuses on delivery of student supports and accommodations rather than policy, discipline, facilities, or program offerings.\""\n}""]",,39.496859073638916,25861,2432,2962,,[],['resp_0494ead22c8a4d2c006a7257305b0081a0ba4d07fc2dd10a02'],True
vote|reduce1|16|2,"[""{\n    \""square entries report more administrative dysfunction, favoritism, turnover, and governance failures than circle entries\"": \""Groups reports of leadership instability, cover‑ups, hiring/financial irregularities, politicized decision‑making, nepotism and selective enforcement — a governance/accountability cluster distinct from (a) student safety incidents, (b) physical facility/operational failures, (c) academic/program breadth or outcomes, and (d) special‑education/counseling breakdowns.\"",\n    \""square entries report more pervasive student safety problems, bullying, substance use, fights, violent incidents, and on‑campus weapon/drug concerns with inconsistent or inadequate intervention than circle entries\"": \""Captures concrete, recurring peer‑conduct and security crises (drugs, weekly fights, sexual assault reports, police calls, tolerated bullying, suicidality) that are about student safety and discipline response, and is separate from governance failures, facility maintenance, program offerings, or counseling/IEP service issues.\"",\n    \""square entries report more frequent and severe facility-maintenance, sanitation, overcrowding, and basic-resource failures than circle entries\"": \""Groups concrete operational and physical‑plant problems (filthy bathrooms, yellow water, asbestos, closed libraries, overcrowded classes, textbook shortages, broken HVAC, parking/food logistics and fee pressures) that concern day‑to‑day infrastructure and resource availability rather than administration intent, student safety incidents, specialized programs, or counseling supports.\"",\n    \""Square entries report broader, deeper academic and extracurricular programming and stronger college‑preparatory outcomes than circle entries\"": \""Aggregates claims of extensive advanced pathways and high‑profile extracurriculars (IB/AP/dual‑enrollment, STEM/robotics/biomed labs, award‑winning band, athletics programs, college matriculation and scholarship evidence) emphasizing program breadth/outcomes — clearly about curricular/extracurricular capacity and results, not governance, facilities, safety, or special‑ed/counseling breakdowns.\"",\n    \""Square entries report more systemic failures in student support services — special education/IEP/504 noncompliance, overwhelmed or ineffective guidance/counseling, and mental‑health neglect — than circle entries\"": \""Groups reviewer accounts about individualized supports and wellbeing (IEP mistreatment, 504/IEP noncompliance, counselor overload/poor advising, denied emergency contact, rampant depression and mental‑health crises) that concern support services and student care distinct from physical plant issues, governance/favoritism, general safety incidents, or programmatic breadth/outcomes.\""\n}""]",,39.604087114334106,26258,2432,2972,,[],['resp_053fd2ce4b5036f0006a7257306ba8819ea0c66ad1754e1853'],True
vote|reduce1|23|1,"[""{\n    \""square entries report more frequent, severe, and concretely described student safety/behavior problems (drugs, fights, bullying, police presence, self‑harm) than circle entries\"": \""This bucket groups the many concrete safety and student‑misconduct items (drugs, daily fights, lockdowns, suicidality, gang activity, weapon/threat incidents) and is discrete from other buckets because it focuses solely on student conduct and immediate safety outcomes rather than program offerings, facilities, governance, or support‑service quality.\"",\n    \""square entries describe more extensive, rigorous, and varied advanced‑academic and career pathways (AP/IB/honors/STEM/CTE) than circle entries\"": \""This captures the repeated claims of broad AP/dual‑enrollment/academy/CTE offerings and measurable college outcomes in square entries and is mutually exclusive because it targets curricular/program breadth and measurable postsecondary preparation rather than safety, staffing governance, facilities, or student‑support implementation.\"",\n    \""Square entries report greater administrative dysfunction, favoritism/nepotism, and poor complaint handling (board retention, coverups, protecting staff/athletes) than circle entries\"": \""This bucket consolidates governance‑level complaints (nepotism, favoritism to athletes, cover‑ups, hostile/opaque boards, retrenchment of parents' complaints) and is distinct from student safety (which records incidents) and from service/program descriptions (which record offerings), because it concerns institutional decision‑making and accountability.\"",\n    \""square entries report more concrete facility, capacity, and operational logistics problems (overcrowding, sanitation, transportation, parking, and maintenance) than circle entries\"": \""This groups the infrastructure and daily‑operations issues (locked/unsanitary bathrooms, overcrowded classes, traffic/drop‑off hazards, broken HVAC, scheduling/transport gaps) and is exclusive because it focuses on physical/operational constraints rather than curriculum, safety incidents, governance, or student‑support services.\"",\n    \""Square entries provide richer, often contradictory detail about student supports and special‑needs/mental‑health services (both available supports and failures) compared with circle entries\"": \""This bucket aggregates the many concrete, conflicted reports about counseling, IEP/504 compliance, tutoring/remediation, mental‑health responses and special‑education outcomes in square entries and is distinct from governance, safety, curriculum, and facilities because it centers on the presence, quality, and consistency of individualized student supports and therapeutic services.\""\n}""]",,39.619264125823975,25891,2496,3054,,[],['resp_01fd8f4675fd5871006a7257306c3c819193809bc0e82e22de'],True
vote|reduce1|8|2,"[""{\n  \""square entries describe substantially broader and higher‑performing advanced academic, vocational, and college‑prep programs than circle entries\"": \""Groups all raw terms about AP/IB/magnet/CTE/dual‑enrollment pathways, measurable college placements and rigorous program structure (e.g., IB praise, AP counts, college matriculation) into one academically focused bucket that is distinct from facilities, safety, admin, or extracurricular resource debates.\"",\n  \""square entries report more concrete facility, operational, and logistical problems (and explicit fee/resource issues) than circle entries\"": \""Captures the many concrete infrastructure and day‑to‑day operational issues (overcrowding, staggered lunches, filthy bathrooms, portables, tech rollouts, transportation, fees/charter‑bus requests) into a single physical/logistics bucket that does not overlap with administrative governance or student‑safety incident content.\"",\n  \""Square entries report more pervasive student safety and discipline problems (bullying, frequent fights, drugs, lockdowns, sexual misconduct) than circle entries\"": \""Collects all specific accounts of peer harm, drug/alcohol use, fights, assaults, gang/threat incidents, and punitive security responses (tasing, pepper‑spray, police tickets) into a safety/behavior bucket that is conceptually separate from programming, facilities, admin process failures, or extracurricular breadth.\"",\n  \""square entries report more administrative dysfunction, procedural errors, favoritism/nepotism, and governance instability than circle entries\"": \""Groups reviewer claims about governance, mismanaged records/transcripts/scheduling, opaque/biased discipline, IEP/504 noncompliance, leadership turnover, cover‑ups and favoritism into a single governance/operations‑management bucket that is distinct from physical facility issues, student safety incidents, curricular strength, or extracurricular prominence.\"",\n  \""square entries emphasize broader, higher‑profile extracurricular breadth and athletic/arts prominence (with attendant favoritism complaints) more than circle entries\"": \""Encompasses the many descriptions of wide extracurricular/arts/athletics offerings, booster/parent funding, state/national competition achievements, and complaints about athletics‑first funding or coach favoritism into a programmatic/community engagement bucket separate from academic rigor, facilities, administration, or safety problems.\""\n}""]",,39.84141993522644,26289,2432,2905,,[],['resp_0c3d463b9ea95585006a72573050708191a298872008291e55'],True
vote|reduce1|0|2,"[""{\n    \""Square entries describe more extensive advanced academic programming and measurable postsecondary outcomes than circle entries\"": \""This bucket groups the many Square reviews that enumerate IB/AP/dual‑enrollment/magnet/CTE programs, AP pass rates, elite college admits and explicit college‑prep infrastructure — it is distinct from extracurricular/facility or safety themes because it focuses specifically on formal academic pathways and measurable post‑secondary outcomes rather than facilities, discipline, or governance issues.\"",\n    \""Square entries report more frequent and more severe student safety and behavioral problems (bullying, fights, drugs, hazing, sexual/weapon incidents) than circle entries\"": \""This captures the cluster of Square reviews documenting violence, assaults, pervasive bullying, substance use, sexual misconduct and suicide‑level harms; it is mutually exclusive from administrative‑failure or staffing buckets because it codes on-the-ground student conduct and safety incidents themselves rather than governance, program breadth, or teacher turnover.\"",\n    \""square entries report more administrative and guidance‑office operational failures, scheduling/IEP mismanagement, poor parent communication, and favoritism/nepotism in handling complaints than circle entries\"": \""This bucket groups complaints about leadership instability, unresponsiveness, IEP/504 and scheduling breakdowns, biased complaint handling and recordkeeping errors — distinct from teacher/staff instability (which is about frontline staffing quality and turnover) and from student safety (which is about incidents), because it centers on governance, processes, and complaint resolution.\"",\n    \""square entries emphasize broader/extracurricular breadth and visible facility/capital investment but also higher out‑of‑pocket fees and athletics‑first resource allocation than circle entries\"": \""This groups items describing extensive arts/athletics/ROTC/CTE offerings, booster/parent fundraising, visible capital projects (new buildings, trophy cases) and recurring pay‑to‑play or athletics‑first prioritization — distinct from academic-program buckets (which are about coursework/college prep) and from safety/governance buckets (which are about behavior or administration), because it focuses on extracurricular/facility resources and funding tradeoffs.\"",\n    \""square entries report greater teacher and staffing instability, underqualification, and uneven instructional quality (incl. reliance on substitutes) than circle entries\"": \""This captures the recurring Square claims about chronic turnover, long‑term substitutes, coaches teaching academic subjects, uneven grading/quality and variable teacher competence — separate from the administrative/IEP bucket (which is process/governance) and separate from student‑safety or extracurricular buckets because it refers specifically to staffing qualifications, continuity and classroom instructional reliability.\""\n}""]",,40.095377922058105,26413,2240,2817,,[],['resp_03d1773fde6acf3b006a7257306e7c81a0a33fc08ba5a964e9'],True
vote|reduce1|7|1,"[""{\n    \""square entries describe more concrete advanced-academic pathways, measurable college-prep outcomes, and organized extracurricular/arts/athletics programs than circle entries\"": \""Groups the many square claims about IB/AP/dual‑enrollment, named academies, vocational tracks, award‑winning teams, and documented college/athlete outcomes — a programmatic/outcome cluster distinct from day‑to‑day instruction, safety, administration or facilities.\"",\n    \""square entries report more frequent and severe student safety, bullying, substance‑use, and violent incidents with ineffective disciplinary responses than circle entries\"": \""Captures the large set of square reports about fights, drug use, police/lockdowns, assaults, LGBTQ/racial harassment and non‑remediation — a safety/behavior crisis cluster separate from academic programming, operations, staffing or governance issues.\"",\n    \""square entries report more administrative dysfunction, politicization, uneven discipline, favoritism and poor responsiveness (turnover, legal disputes, opaque record handling) than circle entries\"": \""Groups allegations of nepotism, board politics, arbitrary/biased discipline, retaliatory leadership and poor parent communication — governance and accountability problems that are conceptually distinct from facilities, instruction, safety or program breadth.\"",\n    \""square entries document more operational, facility, and resource problems or system-level maneuvers than circle entries (overcrowding, mold/health hazards, scheduling, grading/portal failures, bus/transportation, funding disputes/lawsuits)\"": \""Collects concrete logistics and infrastructure failures reported in square reviews — overcrowding, pests/mold, HVAC, scheduling/transport, grading portals and contested funding — an operational/facility cluster separate from instruction, safety, governance or curricular offerings.\"",\n    \""square entries report greater variability and failures in instruction and student support services than circle entries (teacher competence, counseling, special‑education compliance, and course access)\"": \""Groups square observations about uneven teacher quality, absenteeism, grading malpractice, counseling/IEP breakdowns and course placement problems — a frontline instructional and student‑support cluster distinct from program availability, facilities, safety or administrative politics.\""\n}""]",,40.17032599449158,26261,2048,2521,,[],['resp_056e52c9c3d0e39a006a725730343481a3bd5ac8ac6356d0d1'],True
vote|reduce1|0|3,"[""{\n    \""square entries report more frequent and detailed student-safety, behavior, and substance-abuse incidents and inconsistent/enforcement failures than circle entries\"": \""This captures the many concrete reports in the raw terms about bullying, fights, weapons/drugs, police responses, sexual incidents, and ineffective/ignored safety complaints — a distinct cluster about student conduct and school security that is different from administrative governance, facilities, academic programming, or teacher‑level variability.\"",\n    \""square entries document more administrative and governance failures, unresponsiveness, turnover, and fiscal/policy mismanagement than circle entries\"": \""This groups complaints about board/district politics, cover‑ups, nepotism, opaque decision‑making, politicized priorities and leadership instability — a governance/policy layer distinct from on‑the‑ground safety incidents, physical infrastructure problems, program breadth, or teacher/special‑ed practice.\"",\n    \""square entries describe broader and more explicit advanced-academics breadth and college-prep programming (AP/IB/STEM/dual‑enroll/AVID) — often with uneven quality or overload — than circle entries\"": \""This covers the repeated, concrete evidence about AP/IB/dual‑enrollment/CTE pathways, measurable college outcomes, and program overload/rigor — a programmatic/academic‑pathways theme that is about curricular offerings and outcomes rather than safety, facilities, admin politics, or day‑to‑day staff behavior.\"",\n    \""square entries report greater extremes and concrete problems in facilities, resources, scheduling, and infrastructure than circle entries\"": \""This groups the specific operational and physical‑plant issues (overcrowding, sanitation/pests, broken HVAC, bussing, registration/scheduling errors, textbook/asbestos crises, capital project controversies) that are materially different from governance choices, student misconduct, curricular breadth, or staff practice variability.\"",\n    \""square entries document greater heterogeneity and explicit problems in staff practice, student support, and equity (teacher quality, favoritism, special‑ed/counseling failures, and grade integrity) than circle entries\"": \""This captures the clustered reports about uneven teacher competence and conduct, favoritism/pay‑to‑play/athlete privilege, IEP/counseling breakdowns, grade inflation and remedial supports — a people‑and‑service quality domain separate from facility faults, governance failures, safety incidents, or the presence/extent of advanced programs.\""\n}""]",,40.20236921310425,26321,2240,2783,,[],['resp_0163eeef5ab8940b006a72572fab34819cbaf92a4e790b39df'],True
vote|reduce1|4|4,"[""{\n    \""square entries report more administrative/staff dysfunction, favoritism, retaliation and inequitable or unprofessional personnel practices than circle entries\"": \""Groups of raw terms describing rude/unresponsive principals, nepotistic hiring, retire‑rehire scandals, opaque governance, and staff retaliation cluster here and are organizational/personnel problems distinct from student safety, program breadth, facility/logistics, or student‑level stratification.\"",\n    \""square entries report more pervasive student safety, substance‑use, bullying, and law‑enforcement incidents (and punitive enforcement) than circle entries\"": \""This captures the numerous concrete accounts of fights, gangs, drugs, arson, hate‑based harassment, stabbings, suicides, and policing responses that are about on‑campus safety and behavior (not about administration policy, academics, facilities, or program breadth).\"",\n    \""square entries report more extensive specialized academic programming, higher instructional rigor/teacher support, and stronger measurable college outcomes and counseling than circle entries\"": \""Raw terms that enumerate IB/AP/magnet/dual‑credit pathways, measurable college placements, robotics/STEM/engineering credit, and systematic college counseling are grouped here and are clearly programmatic/academic‑outcome features separate from safety, administration, facilities, or social favoritism.\"",\n    \""square entries report more detailed operational, facility, staffing and governance-level issues or investments (construction/overcrowding, sanitation, lunch service, tech rollouts, principal turnover, union/labor disputes, parent-communication problems) than circle entries\"": \""This bucket groups concrete logistics and resource items — overcrowding, broken lunch/pay portals, pest/sanitation, scheduling/school‑placement errors, phone and Canvas failures, and capital projects — which are operational/capacity problems distinct from curricular/program quality, student safety, personnel favoritism, or social stratification.\"",\n    \""square entries show pronounced within‑school stratification and polarized student experiences — favoritism for athletes/honors and uneven supports for average, ESL, and special‑education students — more than circle entries\"": \""This groups reports of athlete/wealth/honors favoritism, pay‑to‑play and booster influence, racial/socioeconomic exclusion, and tracked access to elite teachers/programs, a social‑equity and access pattern different from pure administrative misconduct, physical safety incidents, academic program presence, or operational faults.\""\n}""]",,40.206626892089844,26321,2240,2755,,[],['resp_00cdd4b0f8fcaf21006a7257300bc88192a2538391013ac4ec'],True
vote|reduce1|19|0,"[""{\n    \""Square entries document more pervasive student-safety incidents, unchecked bullying, substance use, thefts and violent episodes than circle entries\"": \""This clusters the many raw items about fights, assaults, drug use, gangs, theft and pervasive bullying into a single safety/incident bucket — it is focused on student harm and campus threats (not on how leaders or facilities respond), making it distinct from administrative, facilities, academic, or extracurricular buckets.\"",\n    \""square entries document more concrete administrative and operational dysfunctions—communication failures, procedural/IEP mismanagement, favoritism/nepotism, coverups, and leadership instability—than circle entries\"": \""This groups governance and accountability failures (unresponsiveness, favoritism, mishandled complaints/IEPs, cover‑ups, turnover) that concern institutional behavior and policy enforcement rather than individual safety incidents, physical plant problems, program breadth, or academic offerings.\"",\n    \""square entries describe substantially more advanced academic programs, formal college‑prep pathways, and measurable postsecondary outcomes than circle entries\"": \""This captures the repeated, concrete references to AP/IB/dual‑enrollment/CTE pathways and specific college matriculation metrics and counseling outcomes, which are curricular and outcome‑focused and therefore distinct from extracurricular breadth, safety issues, or facility/resourcing details.\"",\n    \""square entries contain more concrete operational, facilities and resourcing specifics and failures (overcrowding, bus problems, cafeteria/food safety, class sizes, grade/ scheduling errors, device programs) than circle entries\"": \""This groups the tangible infrastructure and logistical reports — overcrowding, pests, food/cafeteria complaints, transportation, textbook/tech shortfalls and capital projects — which are physical/resource problems rather than governance/discipline, curricular depth, or programmatic breadth.\"",\n    \""square entries report more extensive extracurricular, athletics, arts, and vocational program breadth — and more evidence of athletics/funding prioritization — than circle entries\"": \""This aggregates the many accounts of broad/competitive arts, band, sports, robotics and vocational offerings (and booster/athletics funding/favoritism), which concern program scale, achievements and funding priorities and are conceptually separate from safety incidents, administration failures, facilities logistics, or academic-course structures.\""\n}""]",,40.2357280254364,26640,2688,3182,,[],['resp_0963dd1fba5dccff006a7257306dd881929167f672c93448d1'],True
vote|reduce1|20|0,"[""{\n    \""Square entries report more concrete facility and resourcing contrasts and varied extracurricular resourcing (overcrowding/renovation, sanitation, tech/books shortages, or robust arts/athletics support) than circle entries\"": \""Groups reviews that document tangible, physical and resourcing conditions (building maintenance, overcrowding, cafeteria/food, tech/devices, capital projects or clearly resourced athletic/arts facilities) — this is about infrastructure and material capacity and is distinct from programmatic breadth, safety incidents, or governance problems.\"",\n    \""Square entries report more frequent and severe student-safety problems and substance/peer‑behavior issues than Circle entries\"": \""Captures the cluster of concrete safety and behavior reports (fights, gangs, weapons, drugs/vaping, assaults, suicides, hazing, sexual misconduct, bullying left unaddressed) and is focused on student-on-student harm and campus security rather than facilities, curricular offerings, or administrative policy.\"",\n    \""square entries describe richer, structured advanced academic programs and clearer college‑preparation pathways (AP/IB/dual‑credit/CTE/vocational) than circle entries\"": \""Collects items that speak to formalized academic pathways and measurable postsecondary outcomes — AP/IB/dual‑enrollment/CTE, credited dual‑credit totals, WorkKeys/scholarship metrics — and is about program substance and outcomes rather than extracurricular prominence, safety, or managerial dysfunction.\"",\n    \""square entries report more administrative and operational dysfunction, inconsistent or biased discipline, and poor parent communications (favoritism, punitive enforcement, lost records, rude office staff) than circle entries\"": \""Groups reviews about governance/management and day‑to‑day operational failures — favoritism/nepotism, mishandled records/IEPs, punitive or arbitrary discipline, nonresponsive administration — distinguishing managerial/policy breakdowns from physical resources, student safety incidents, or curricular/program strength.\"",\n    \""square entries emphasize broader, higher‑profile extracurriculars, athletics, arts achievements and evident favoritism/prioritization of athletes or specialty-program students more than circle entries\"": \""Captures narratives about a large, visible extracurricular ecosystem (award‑winning band, many clubs, robust sports/booster culture) and complaints about prioritization or athlete/elite-program favoritism — this is about program prominence and social/prioritization effects, not about physical facilities, academic pathway depth, safety incidents, or administrative recordkeeping.\""\n}""]",,40.23933410644531,26359,2240,2775,,[],['resp_0c75cfc050bbca04006a7257306c74819c907f137ea927d129'],True
vote|reduce1|0|1,"[""{\n    \""square entries report more frequent student safety, bullying, substance‑use, violent‑incident and visible policing concerns than circle entries\"": \""Groups all concrete reports of on‑campus harm and emergency responses (fights, gangs, arson, lockdowns, drugs/vaping, bullying, SRO involvement) into a single safety/behavior axis that is distinct from administrative, programmatic, resource, or instructional issues captured by the other buckets.\"",\n    \""Square entries document substantially more advanced academic pathways and measurable college‑preparation outcomes than circle entries\"": \""Collects all mentions of formal advanced programming (AP/IB/dual‑enrollment/Early College/CTE), measurable outcomes (rankings, test scores, elite admits, college credit) into a single academic‑pathways/outcomes bucket that is conceptually separate from safety, governance, staffing variability, or facility/resource concerns.\"",\n    \""Square entries allege more administrative dysfunction, favoritism, concealment, nepotism, turnover, and policy decisions that harm students than circle entries\"": \""Targets governance and leadership complaints (board politics, nepotism, coverups, policy manipulation, retaliatory administration and discipline inconsistency) as a distinct organizational/governance dimension, not conflating those governance failures with frontline instructional variability, facilities, safety incidents, or program availability.\"",\n    \""square entries report more pronounced facility, maintenance, and funding/resource allocation problems (and visible mis‑prioritizations) than circle entries\"": \""Captures material and logistical breakdowns (overcrowding, roof leaks, pest/cleanliness, lost textbooks, lunch reductions, contested capital spending and pay‑to‑play funding choices) as a distinct operational/resource dimension separate from safety incidents, administrative misconduct, teacher variability, or advanced‑program descriptions.\"",\n    \""square entries exhibit greater internal polarization and variability in teacher quality, student outcomes, and social inclusion (insider/outsider, socioeconomic and athletic favoritism) than circle entries\"": \""Groups mixed and polarized accounts about staff performance, unequal enforcement, favoritism toward athletes/affluent/honors students, uneven special‑education and counseling supports, and widely divergent student outcomes into a single variability/equity bucket that is conceptually distinct from governance/facility/program/safety buckets.\""\n}""]",,40.33969306945801,26373,1856,2325,,[],['resp_053e13afc5d91576006a7257309dcc819eb17a5c15e5527402'],True
vote|reduce1|13|2,"[""{\n    \""square entries report more systemic safety, substance‑abuse, bullying (including staff bullying), racist incidents, and administratively‑unaddressed misconduct than circle entries\"": \""This groups the many raw items about violence, daily fights, gang/drug activity, sexual harassment, suicide/self‑harm, pervasive bullying (including staff‑enabled) and school inaction — a distinct safety/behavioral‑incident cluster that is separate from administrative governance, academic programming, facilities, or student‑support service failures.\"",\n    \""square entries report more failures or shortfalls in student support, special‑education/IEP/504 accommodations, and counseling/guidance services than circle entries\"": \""This captures the specific set of complaints about broken IEP/504 implementation, under‑resourced or overworked counselors, poor college counseling, and uneven individualized supports, which is operationally distinct from broad facility problems, athletic/arts breadth, governance favoritism, or student‑safety incidents.\"",\n    \""square entries report substantially broader/higher‑stakes academic and career pathways and measurable postsecondary outcomes than circle entries\"": \""This groups the many raw claims about AP/IB/dual‑enrollment/CTE offerings, named academies, elite college matriculation and measurable outcome statistics — a coherent academic‑pathways and college‑prep theme that is different from extracurricular funding/prioritization, staff misconduct, or logistical/facility issues.\"",\n    \""square entries report more severe facilities, maintenance, and capacity problems (unsanitary conditions, pests/mold, aging infrastructure, overcrowding, and poor technology/transportation) than circle entries\"": \""This bucket consolidates concrete operational and physical complaints (overcrowding, sanitation, missing books/devices, broken A/C, transportation gaps, ISS meal incidents) which are material/logistical problems distinct from governance/favoritism, instructional quality, safety incidents, or special‑education/counseling failures.\"",\n    \""square entries report more administrative dysfunction, governance scandal, and opaque or punitive policy decisions than circle entries\"": \""This captures the governance/favoritism/policy side — unresponsive principals/secretaries, nepotism, cover‑ups, punitive discipline policy and opaque board/district actions — a leadership/governance category that is conceptually separable from frontline student‑support breakdowns, physical facilities, academic pathway breadth, and safety/behavior incidents.\""\n}""]",,40.38709616661072,25903,2112,2656,,[],['resp_09aee3a3521d1e70006a72573050d0819f9076c1c60b2a906a'],True
vote|reduce1|20|1,"[""{\n    \""square entries describe a much wider breadth of extracurriculars, athletics, arts, and facility investments than circle entries\"": \""This bucket groups every raw term documenting richer, named extracurricular ecosystems, high‑profile arts/athletics, booster/facility investments and competitive achievements in square entries — it is distinct from academic‑rigor (college outcomes) because it focuses on program breadth, visibility and capital/fanfare rather than curriculum or measured postsecondary results.\"",\n    \""square entries report more frequent and severe student safety, violence, substance‑abuse, and campus supervision failures than circle entries\"": \""This bucket captures the many square reports of fights, weapons, drug problems, stabbings, suicides, vandalism, and supervision failures (metal detectors, drug dogs, police responses) and is separate from administrative/favoritism issues because it codes concrete student‑safety incidents and enforcement gaps rather than governance or favoritism dynamics.\"",\n    \""Square entries document more administrative dysfunction, explicit favoritism/punitive financial practices, and named staff governance complaints than circle entries\"": \""This bucket groups square items alleging unresponsive/defensive leadership, nepotism/favoritism (athlete/wealth/track preference), cover‑ups, legal/policy gamesmanship, and named staff complaints; it is exclusive from safety and special‑education buckets because it focuses on governance, decision‑making and accountability rather than frontline student harms or support services.\"",\n    \""square entries report more extensive high‑performance academic and extracurricular programs and measurable college outcomes than circle entries\"": \""This bucket groups square claims about AP/IB/dual‑enrollment, elite college placements, high test scores and programmatic rigor or honors — a distinct axis from extracurricular breadth (which catalogs clubs/athletics/facilities) and from special‑education/supports (which concerns individualized services and counseling).\"",\n    \""square entries report more inadequate special-education, mental-health, counseling, and targeted student-support failures than circle entries\"": \""This bucket collects square reports about IEP/504 mishandling, counselor unavailability, mental‑health crises, neglected accommodations and related parental/legal escalations, and is mutually exclusive from governance/favoritism (policy and leadership) and from broad academic/program claims because it specifically targets individualized supports and clinical/student‑welfare services.\""\n}""]",,40.392558097839355,26151,1216,1714,,[],['resp_02fb5ba4b9dcfefa006a7257306e548192b96443e64369449d'],True
vote|reduce1|11|1,"[""{\n    \""square entries document broader, named AP/IB/CTE/advanced-program offerings and measurable college‑prep outcomes more than circle entries\"": \""Groups all concrete mentions of formal advanced pathways (AP/IB/dual-credit/CTE), named courses and alumni/college placement evidence under one academic-programs bucket; this is distinct from extracurricular, safety, admin, or facilities issues because it focuses on curriculum/program structure and measurable postsecondary outcomes.\"",\n    \""square entries describe broader and higher-profile extracurricular, performing-arts, and athletics offerings and on-site facilities than circle entries\"": \""Captures the many concrete reports of robust bands, drama, varsity sport achievements, booster support, and facility investments (or celebrated programs) and keeps these program/facility advantages separate from curricular rigor, safety incidents, administrative practices, or operational deficits.\"",\n    \""square entries report more pervasive student-safety, discipline, and substance-use incidents (including severe outcomes) than circle entries\"": \""Aggregates detailed accounts of bullying, frequent fights, gang/drug incidents, sexual misconduct, arson/assaults and related law‑enforcement responses into a single safety/behavior bucket that is conceptually distinct from administrative governance, program breadth, or facility/logistics failures.\"",\n    \""square entries describe more administrative and staff professionalism failures, punitive discipline, favoritism, and poor school–family communication than circle entries\"": \""Groups reports of leadership turnover, nepotism/favoritism, punitive or inconsistent discipline policies, unresponsive counselors/principals and staff misconduct into one governance/communication bucket, keeping accountability and policy behavior separate from physical facilities, student-safety incidents, or curricular/extracurricular offerings.\"",\n    \""square entries report more concrete facility, operational, and logistical problems (and explicit fee/resource issues) than circle entries\"": \""Encompasses overcrowding, trailers, sanitation/AC/odor issues, construction disruption, pay‑to‑play fees, scheduling/portal glitches and other operational-resource constraints as an infrastructure/operations bucket distinct from academic programs, extracurricular breadth, safety incidents, or administrative culture.\""\n}""]",,40.49583411216736,26363,2048,2509,,[],['resp_047c47025ea7fe0a006a72573050fc819d81b5276df40bd824'],True
vote|reduce1|8|0,"[""{\n    \""square entries report more administrative unresponsiveness, favoritism, inequity, mishandled complaints, and district/board dysfunction than circle entries\"": \""This captures governance- and staff-accountability problems (cover-ups, nepotism, inconsistent discipline, board/ district failures and poor parent communication) that are operational and institutional in nature and distinct from student-safety, facilities, programmatic, or classroom-support themes selected below.\"",\n    \""square entries report more frequent and severe student safety, bullying, drug, sexual‑abuse, cyberharassment, and mental‑health crisis incidents than circle entries\"": \""This groups all concrete reports of harm and misconduct (fights, assaults, drugs, sexual incidents, severe bullying and crisis-level mental-health concerns) that describe direct threats to student safety and well‑being, which is a different dimension than administrative mismanagement, facilities, academics, or extracurricular breadth.\"",\n    \""square entries report pronounced facility, crowding, and maintenance/resource problems (overcrowding, A/C/mold/pest issues, extreme classroom temperatures) more than circle entries\"": \""This isolates physical and operational infrastructure failures (HVAC, mold/pests, overcrowding, sanitation, bus/timetabling and daily resource shortfalls) that affect the building and day‑to‑day operations rather than governance, student safety incidents, curricular offerings, or extracurricular prominence.\"",\n    \""square entries document broader, named AP/IB/CTE/advanced-program offerings and measurable college‑prep outcomes more than circle entries\"": \""This groups concrete, formalized academic-pathway evidence (AP/IB/dual-enrollment/CTE programs, weighted GPA/rank mechanics, and documented college-credit/placement outcomes) distinct from extracurricular/athletics visibility, facilities problems, or administrative misconduct.\"",\n    \""square entries describe broader, award‑winning extracurricular and athletics programs and active community/booster support more than circle entries\"": \""This captures the presence of expansive/cohesive extracurricular ecosystems (band championships, competitive athletics, boosters/pay‑to‑play, high-profile arts/CTE opportunities and facility investments) and the related favoritism/resource‑prioritization debate, which is programmatic and community‑facing rather than purely administrative, infrastructural, classroom‑instructional, or safety‑incident focused.\""\n}""]",,40.57369589805603,26398,2368,2842,,[],['resp_042db7613c99cb6c006a725730692c81a2a4360e6df4da3a72'],True
vote|reduce1|23|3,"[""{\n    \""square entries report more detailed extracurricular/facility infrastructure and visibly uneven resource allocation (strong band/arts/athletic programs, upgraded buildings, but also inequitable athletic funding, overcrowding, sanitation) than circle entries\"": \""This bucket groups many raw terms that catalog concrete facility upgrades, named arts/athletics programs, overcrowding and visible funding skew toward extracurriculars—distinct from safety, pedagogy, special‑ed, or governance issues because it focuses specifically on physical/infrastructure and program-resource profiles and tradeoffs.\"",\n    \""square entries report more frequent and severe student-safety, bullying, substance‑use, and mental‑health crises than circle entries\"": \""This captures the cluster of incidents and wellbeing problems (fights, bullying, vaping/drugs, metal detectors, hate incidents, mental‑health crises) described in many raw terms and is mutually exclusive from programmatic, instructional, administrative, or support‑service buckets because it centers only on student safety and harm events and institutional responses to them.\"",\n    \""square entries show greater variability in teacher/staff behavior and student support—including both strong individualized rescue support and explicit reports of neglect, rudeness, favoritism, grading abuse, absenteeism, and counseling inconsistency—than circle entries\"": \""This bucket groups the many descriptions of highly mixed classroom and staff behaviors (from heroic one‑on‑one interventions to absenteeism, punitive teacher acts, and inconsistent counselors/IEP follow‑through) and is separate from administrative/governance failures or program breadth because it focuses on day‑to‑day staff practice and individualized student support variability.\"",\n    \""square entries document broader, named advanced-academic and vocational programs and measurable college-prep outcomes more than circle entries\"": \""This groups items that enumerate AP/IB/dual‑credit, gifted/magnet/CTE/vocational tracks, documented college matriculation, test rankings and scholarships—a distinct axis about formal academic pathways and measurable postsecondary outcomes rather than safety, staff behavior, facilities, or governance.\"",\n    \""square entries report more administrative/governance failures, inconsistent or biased discipline, and misallocated resource priorities than circle entries\"": \""This bucket gathers reports of nepotism, unresponsive leadership, politicized or opaque policy enforcement, lost credits, budget cuts or misprioritized spending and is distinct from staff/classroom variability or safety incidents because it targets structural governance, policy, accountability and resource‑allocation failures.\"" \n}""]",,40.462342977523804,26343,1984,2496,,[],['resp_060e611dc3d8527d006a72573071a881a28e89a1a500a6a9b5'],True
vote|reduce1|10|5,"[""{\n    \""square entries report more frequent and severe student-safety, substance-use, and harassment incidents (fights, assaults, drug use, sexual harassment, tolerated bullying) than circle entries\"": \""Groups many raw items about physical violence, lockdowns, weapons, fights, vaping/drugs, pervasive bullying and harassment into a single safety/behavior bucket; this is distinct from facility or governance issues because it focuses on direct student harms and incidents rather than resources or policy.\"",\n    \""Square entries document more administrative and governance dysfunction — unresponsiveness, favoritism/athletic/wealth bias, leadership turnover, fiscal scandal and punitive or opaque policies — than circle entries\"": \""Captures complaints about leadership behavior, nepotism/favoritism, secretive boards, punitive discipline, and turnover; this bucket is about who runs the school and how they govern, and is intentionally separated from frontline service failures (counseling/IEP) or facilities problems.\"",\n    \""Square entries emphasize concrete facility, operational, scheduling, and extracurricular resource conditions and priorities (overcrowding, renovations, transportation, tech, athletics/boosters) more than circle entries\"": \""Groups the many concrete operational/resource items — overcrowding, textbook/tech shortages, cafeteria/transport issues, renovations, booster funding and schedule logistics — which are about physical and operational capacity rather than safety incidents, governance, student supports, or program quality.\"",\n    \""square entries report stronger, broader advanced-academic and college-prep programs and measurable postsecondary outcomes than circle entries\"": \""Aggregates the frequent, concrete claims about AP/IB/dual‑enrollment/STEM/CTE pathways, named magnet programs and documented college placements into a single academic-program/outcomes bucket distinct from student support or administrative behavior.\"",\n    \""square entries mention student support services and special‑education processes (and their failures) far more than circle entries\"": \""Collects the repeated, specific accounts about guidance counseling, IEP/504 compliance, mental‑health supports, special‑education successes and noncompliance into a dedicated bucket focused on service delivery to vulnerable students, separate from governance, facilities, safety, or academic-program descriptions.\""\n}""]",,40.78601288795471,22837,2048,2499,,[],['resp_00db7ba50d07f0bb006a725730452881a0b09dd5dce9186695'],True
vote|reduce1|15|5,"[""{\n    \""square entries report more administrative dysfunction, unresponsiveness, and misconduct (including nepotism, deceptive practices, and punitive parent responses) than circle entries\"": \""Groups reviews that document governance failures—board/leadership instability, nepotism/favoritism, fake-account/surveillance allegations, deliberate transfer barriers and overt administrative cover‑ups—and is distinct from safety, facilities, program breadth, or student‑support failures because it focuses on leadership/policy misconduct and communication rather than incidents, physical resources, pedagogy, or frontline support services.\"",\n    \""square entries report more pervasive student safety and behavioral problems (bullying, fights, substance use, self‑harm, and racially/sexually targeted harassment) than circle entries\"": \""Captures reports of on‑campus violence, repeated bullying (including staff‑perpetuated harassment), drug/gang/weapon incidents and suicidal crises—which are concrete safety/behavioral phenomena and separate from administrative misgovernance, program offerings, facilities/logistics, or individualized support breakdowns.\"",\n    \""Square entries report broader, deeper academic and extracurricular programming and stronger college‑preparatory outcomes than circle entries\"": \""Groups reviews that enumerate extensive AP/IB/STEM/CTE/magnet/robotics/arts/athletics programs and measurable alumni college/military success—this bucket is about programmatic breadth and post‑secondary outcomes rather than safety, administration, facilities, or individualized support services.\"",\n    \""square entries report more concrete facility, operational, and logistical problems (and explicit fee/resource issues) than circle entries\"": \""Covers concrete, day‑to‑day operational failures—overcrowding, broken/unsanitary bathrooms, long lunch lines, bussing/scheduling logistics, construction/maintenance and high extracurricular fees—which are physical/operational constraints distinct from governance misconduct, student safety incidents, program richness, or counseling/IEP failures.\"",\n    \""square entries report more gaps and failures in individualized student support (special education, guidance, mental‑health, and graduation support) than circle entries\"": \""Groups reports about failing or inconsistent counseling, IEP/ADA noncompliance, mental‑health neglect, credit‑recovery/graduation obstacles and uneven special‑education outcomes, separating frontline individualized supports from broader administrative governance, safety incidents, facility problems, or curricular/extracurricular program descriptions.\""\n}""]",,40.945679903030396,22826,2880,3414,,[],['resp_0e8051305d0d0e10006a725730631881a2953e21b58772b7fc'],True
vote|reduce1|23|4,"[""{\n    \""square entries describe far more extensive advanced-academic pathways, AP/IB/honors breadth, measurable college-prep outcomes, and explicit tracking than circle entries\"": \""Groups many raw terms about named AP/IB/AVID/dual‑enrollment/academies, measurable admissions/scholarship outcomes, and explicit tracking into one coherent bucket focused on advanced academic and college‑prep breadth—distinct from operational, safety, or extracurricular themes because it centers on formal curricular pathways and post‑secondary results rather than facilities, behavior, or governance.\"",\n    \""square entries report more pervasive student-safety and hostile-climate incidents than circle entries\"": \""Collects the numerous accounts of fights, gangs, drug use, assaults, race‑based harassment, bullying, and visible security failures into a single safety/hostile‑climate bucket—mutually exclusive from administrative or facilities buckets because it targets direct student‑safety incidents and on‑campus harm rather than governance, resource, or programmatic descriptions.\"",\n    \""square entries report more pronounced facility, maintenance, and funding/resource allocation problems (and visible mis‑prioritizations) than circle entries\"": \""Groups concrete claims about overcrowding, pests, broken HVAC, dirty bathrooms, capital projects vs neglect, pay‑to‑play fees and budget misallocation into an operations/facilities/resource bucket—distinct from administration/favoritism (policy & people) and extracurricular prominence (program presence) because it focuses on physical plant, capacity and resource tradeoffs.\"",\n    \""square entries document more administrative dysfunction, inconsistent or punitive discipline, favoritism, and poor school‑family communication than circle entries\"": \""Captures governance and personnel‑level dysfunction (board/superintendent disputes, opaque discipline, nepotism, rude front office, poor communication and inconsistent enforcement) into a single governance/fairness bucket—separate from safety incidents, facilities problems, or academic-program detail because it describes how leaders and staff run the school and treat families/students.\"",\n    \""square entries emphasize broader extracurricular breadth, stronger athletics/arts programs, and visible community/booster funding (and often note athletics‑first spending) more than circle entries\"": \""Groups the many reports of extensive clubs/award‑winning bands, state championships, vocational/CTE opportunities, boosters, and athletics‑first investment into one extracurricular/program prominence bucket—distinct from advanced‑academics (rigorous curricular pathways), facilities (physical condition), and governance (who makes decisions/favors whom) because it centers on program breadth, community investment, and programmatic prominence.\""\n}""]",,40.8605751991272,26330,2176,2716,,[],['resp_01baaee2902a307f006a725730867881a18a197e2e5bb3e2f1'],True
vote|reduce1|22|2,"[""{\n  \""square entries report more frequent and severe student safety, bullying, substance‑use, and mental‑health crises than circle entries\"": \""Covers the many raw items documenting fights, drugs/vaping, sexual harassment, hate speech, suicide attempts and unaddressed bullying in square reviews — and is distinct from other buckets because it focuses on student‑behavioral safety and crisis outcomes (not facility, admin governance, academic programs, or special‑education/counseling process issues).\"",\n  \""square entries report more administrative unresponsiveness, favoritism, inequity, mishandled complaints, and district/board dysfunction than circle entries\"": \""Groups the numerous allegations about rude/unresponsive offices, cover‑ups, nepotism, selective enforcement, and calls for district/state intervention in square reviews — and is mutually exclusive because it captures governance/accountability failures rather than physical resources, classroom rigor, safety incidents, or IEP/counseling service quality.\"",\n  \""square entries emphasize stronger academic rigor, breadth, and measurable college‑preparation outcomes than circle entries\"": \""Captures the repeated square claims of AP/IB/STEM/dual‑enrollment, honors pathways and elite college matriculation or high test scores — distinct from other buckets because it is about formal advanced‑academic programs and measurable post‑secondary outcomes rather than safety, facilities, governance, or individualized support shortfalls.\"",\n  \""square entries report more concrete facility, capacity, and operational logistics problems (overcrowding, sanitation, transportation, parking, and maintenance) than circle entries\"": \""Groups the many square reports of overcrowded halls, unsanitary facilities, bus/parking problems, and contested capital spending/renovation contrast — and is separate from governance complaints, student‑safety incidents, academic-program descriptions, and special‑education/counseling issues.\"",\n  \""square entries report more failures or shortfalls in student support, special‑education/IEP/504 accommodations, and counseling/guidance services than circle entries\"": \""Collects the square review evidence of missed diagnoses, hostile or inconsistent counseling, IEP/504 mishandling, and lack of college/career guidance — and is mutually exclusive because it targets individualized student supports and compliance rather than schoolwide safety crises, governance failures, facilities, or advanced academic offerings.\""\n}""]",,41.26805090904236,26550,2496,3014,,[],['resp_065d8984ef61bf25006a7257306eb4819e93e284f4b8082440'],True
vote|reduce1|10|1,"[""{\n    \""square entries describe more concrete specialized academic and career‑technical pathways, AP/IB/magnet offerings, dual‑enrollment and measurable college outcomes than circle entries\"": \""Groups many raw terms that catalogue named AP/IB/dual‑enrollment/magnet/CTE programs, measurable college matriculation and formal college‑credit pathways — a coherent programmatic/academic‑pathways cluster that is distinct from facilities, discipline/safety, administrative governance, or individualized special‑education/counseling issues.\"",\n    \""square entries report richer and more specifically-detailed extracurricular, arts/athletics programs, facilities, and community engagement (or their problems) than circle entries\"": \""Captures the dense set of raw items about band/music/theater, championship athletics, booster activity, stadiums and visible facility investments (and access barriers or favoritism tied to those programs) — a distinct extracurricular/facility/community cluster separate from core academic pathways, safety incidents, administrative governance, or special‑education/counseling supports.\"",\n    \""Square entries report more frequent and severe safety, violence, drug, and security incidents than Circle entries\"": \""Groups explicit, concrete safety and student‑behavior reports (daily fights, gang activity, drug sales, sexual harassment, weapons, police presence, lockdowns) that are operationally and substantively different from complaints about academics, extracurricular breadth, administrative paperwork, or special‑education provision.\"",\n    \""square entries report more administrative dysfunction, favoritism, inconsistent discipline, poor communication, and district/board-level failures than circle entries\"": \""Aggregates governance and process failures (tone‑deaf leadership, nepotism/favoritism, opaque policies, missed deadlines, broken parent communication, district/board obstruction) that drive many operational complaints and are conceptually separable from safety incidents, program breadth, physical facilities, or direct student‑support deficits.\"",\n    \""square entries report weaker or under‑resourced special‑education, counseling, and mental‑health supports than circle entries\"": \""Groups raw terms about IEP/504 failures, denied accommodations, inconsistent guidance counseling, mental‑health/eating‑disorder concerns and special‑education placement problems — a focused cluster about targeted student supports that is distinct from general academics, extracurricular assets, safety crises, or administrative governance issues.\""\n}""]",,41.536356925964355,26282,2560,3045,,[],['resp_01e0a89635c96d3f006a7257305118819eb5d233b0efa02a83'],True
vote|reduce1|10|3,"[""{\n    \""Square entries report more frequent and severe student safety, substance‑use, and violence incidents than Circle entries\"": \""This groups all raw terms about fights, weapons, drug use, sexual/assault incidents, police/searches, pervasive bullying and daily violence under one concrete safety/behavior dimension and is distinct from governance, facilities, student‑support or academic-program claims.\"",\n    \""Square entries describe more concrete, diverse advanced academic and career‑readiness programs and measurable postsecondary outcomes (AP/IB/dual‑credit/CTE/academies) than circle entries\"": \""This captures the many items listing AP/IB/dual‑enrollment, CTE/tech academies, measurable college outcomes and awards as a programmatic/college‑prep axis and is separate from safety, staffing variability, governance or facility concerns.\"",\n    \""square entries report more failures or shortfalls in student support, special‑education/IEP/504 accommodations, and counseling/guidance services than circle entries\"": \""This groups specific problems (and some successes) around counseling availability, IEP/504 noncompliance, mental‑health neglect and college‑counseling shortfalls into a focused student‑support bucket that is distinct from broad administrative, facility, programmatic or safety categories.\"",\n    \""square entries report more material/facility deficits, overcrowding, and visible resource/funding misallocation than circle entries\"": \""This collects the concrete operational/resource items — overcrowding, sanitation/pest problems, capital projects, tech rollouts, pay‑to‑play and contested funding priorities — and keeps physical/financial infrastructure separate from safety, student‑support, governance or curricular/program differences.\"",\n    \""square entries report more administrative dysfunction, politicization, uneven discipline, favoritism and poor responsiveness (turnover, legal disputes, opaque record handling) than circle entries\"": \""This bucket groups governance, leadership turnover, favoritism/nepotism, punitive/coercive discipline and recordkeeping/communication failures into one governance/accountability axis, which is conceptually distinct from safety incidents, facilities, academic-program breadth, and student‑support services.\""\n}""]",,41.82565879821777,26314,2560,3035,,[],['resp_038668f5de08b444006a72573056cc819e876b5f990d548488'],True
vote|reduce1|2|3,"[""{\n  \""square entries describe broader, deeper specialized academic programs (AP/IB/Honors/STEM/AVID) and stronger measurable college outcomes than circle entries\"": \""Groups the many concrete raw claims about AP/IB/honors/STEM/dual‑enrollment, AP pass rates, elite admits and measurable college prep outcomes and is distinct from complaints about safety, extracurricular funding, governance, or individualized supports.\"",\n  \""square entries describe richer extracurricular, arts, and athletic/magnet offerings and also more contested athletics‑first funding priorities than circle entries\"": \""Captures the cluster of items detailing large music/band/arts programs, JROTC/CTE/many clubs and visible athletics investments (and parent‑funding disputes), which is program/funding‑focused and separate from academic‑rigor, safety incidents, governance failures, or special‑education issues.\"",\n  \""square entries report more frequent and severe student safety, bullying, substance‑use, and violent incidents with ineffective disciplinary responses than circle entries\"": \""Groups explicit accounts of fights, assaults, lockdowns, routine drug/vape use, pervasive bullying and lapses in enforcement—a concrete safety/behavior cluster that is categorically different from program breadth, governance, or individualized support failures.\"",\n  \""Square entries report more administrative unprofessionalism, opaque communication, favoritism, and governance failures than circle entries\"": \""Collects the recurrent governance themes—board/district coverups, favoritism/nepotism, grade‑tampering allegations, hostile parent communication and opaque policy decisions—distinctly focused on leadership and policy rather than on safety incidents, curricular offerings, or student support services.\"",\n  \""square entries describe more inconsistent or inadequate student support services (special education/IEP/504, counseling, mental‑health, and college advising) than circle entries\"": \""Groups the many reports about IEP/504 noncompliance, counseling unresponsiveness, mental‑health/tutoring shortages and graduation/placement support gaps—an individualized‑support category separate from overarching academic programs, extracurriculars, safety crises, or governance misconduct.\""\n}""]",,41.8289532661438,26218,2688,3173,,[],['resp_04396c18478c16f7006a72572fabdc819c88940951a9418db9'],True
vote|reduce1|4|1,"[""{\n    \""square entries document substantially more explicit advanced-academic programming, institutional partnerships, selective admissions signals, and measurable college‑prep outcomes than circle entries\"": \""This bucket groups all concrete AP/IB/dual‑enrollment/CTE/magnet claims, measurable outcomes (test scores, college placements), and institutional partnerships that reviewers cite for square schools — a distinct programmatic/academic‑rigor signal that does not overlap with facility, safety, governance, or special‑services issues.\"",\n    \""square entries report more concrete individualized supports and special‑services activity — and also documented special‑services noncompliance — than circle entries\"": \""This bucket captures all IEP/504/special‑education, counseling, remediation and individualized student‑support details (including both praise and legal/noncompliance accusations) that are about how schools manage individual learners, which is conceptually different from broad governance problems, facilities/logistics, safety incidents, or advanced‑program offerings.\"",\n    \""square entries provide more concrete facility, logistical, administrative‑management, and community/financial details (facility renewals, security/cleanliness problems, operational disruptions, on‑campus personnel, parental enrollment strategies, fees) than circle entries\"": \""This bucket collects granular, operational descriptions — overcrowding, HVAC/pest/maintenance, transportation/busing, scheduling, fees, boosters and capital projects — focusing on physical and logistical conditions rather than on student safety incidents, classroom programs, individualized supports, or governance/favoritism.\"",\n    \""square entries report more frequent and more severe student-safety and behavioral problems plus punitive/exclusionary discipline than circle entries\"": \""This bucket groups concrete accounts of fights, bullying, drug/gang activity, assaults, lockdowns, police/SRO involvement and punitive/exclusionary discipline practices — event‑level safety and behavior crises that are conceptually separate from facilities/operations, academic program breadth, special‑education compliance, or governance corruption.\"",\n    \""square entries document greater administrative/governance dysfunction, inconsistent enforcement, favoritism/nepotism, poor parent communication, and budget/staffing mismanagement than circle entries\"": \""This bucket consolidates governance‑level problems (nepotism, opaque communication, favoritism, leadership turnover, budgeting/board controversies, arbitrary policy enforcement) that pertain to leadership and institutional decision‑making and are distinct from physical facilities, incident-level safety, individualized student supports, or academic program offerings.\""\n}""]",,41.93969178199768,26115,2560,3098,,[],['resp_0886356a357cdb44006a72572feb8c819f89475d45f2b2e2d7'],True
vote|reduce1|21|0,"[""{\n    \""square entries report greater extracurricular scope, athletics/arts prominence, and fundraising/resource prioritization (including parent‑funding and sport‑first budgets) than circle entries\"": \""Groups the many raw terms describing extensive clubs, championship athletics, performing‑arts centers, booster/fundraising emphasis and explicit athletics‑first spending — distinct from facilities (physical problems), academics (AP/IB/dual‑credit), safety (drugs/fights), or governance (favoritism/cover‑ups).\"",\n    \""square entries document broader, concrete curricular and postsecondary pathways and measurable outcomes (AP/IB/Cambridge, vocational certifications, dual‑credit, scholarships, tech distribution) than circle entries\"": \""Captures the cluster of reviews that list formal advanced programs, CTE/dual‑enrollment, IB/AP/college matriculation and measurable outcomes — a programmatic/academic pathway axis that is separable from extracurricular prominence, campus safety, physical capacity issues, or administrative misconduct.\"",\n    \""square entries report more campus safety incidents, substance use, and law‑enforcement interventions than circle entries\"": \""Collects the many concrete accounts of bullying, fights, gang activity, vaping/drugs, assaults, lockdowns and SRO/police involvement — a safety/behavior cluster that is conceptually distinct from program breadth, facility maintenance, administrative governance, or curricular offerings.\"",\n    \""square entries report more chronic facility, capacity, and resource-allocation problems (overcrowding, trailers, construction disruption, maintenance failures, and athletics‑first funding) than circle entries\"": \""Groups explicit operational and infrastructure problems — overcrowded classes/buses, mold, sanitation, construction/disruption, and capacity/space constraints — which are materially different from governance/favoritism, academic program descriptions, extracurricular offerings, or safety incidents.\"",\n    \""square entries report more administrative unresponsiveness, favoritism, inequity, mishandled complaints, and district/board dysfunction than circle entries\"": \""Captures governance‑level dysfunctional patterns (unreturned communications, cover‑ups, nepotism/favoritism, punitive or arbitrary discipline, district politics and complaint mishandling) that affect outcomes yet remain analytically separate from concrete facility failures, program availability, or student safety problems.\""\n}""]",,42.088463306427,26478,2368,2848,,[],['resp_0727c1dc3e955fe9006a7257306c9c819c8724aea916b5b856'],True
vote|reduce1|18|2,"[""{\n    \""Square entries report more frequent and severe student safety, bullying, drug/gang, and violence incidents than circle entries\"": \""This bucket captures the many Square reports of fights, weapons, lockdowns, drug/vape/gang activity, self‑harm and routine bullying — a concrete, student‑safety/behavior cluster that is distinct from administrative, facilities, academic or extracurricular claims in the other buckets.\"",\n    \""square entries report more administrative dysfunction, unresponsiveness, and punitive or opaque leadership practices than circle entries\"": \""This groups Square reports about governance problems — cover‑ups, nepotism/favoritism, refusal to communicate, arbitrary punishments and punitive policies — which are about leadership and process rather than physical facilities, student misconduct, program offerings, or athletic emphasis.\"",\n    \""square entries document more extensive, named specialized academic and career pathways and measurable postsecondary supports than circle entries\"": \""This bucket collects Square evidence of formal advanced‑academic/CTE/dual‑credit/IB/AP academies, measurable college outcomes, and named student supports (tutoring, career centers) — programmatic substance distinct from safety, administration, athletics, or facilities issues.\"",\n    \""Square entries emphasize athletics prominence, competitive success, and athlete favoritism more than circle entries\"": \""This isolates Square content about an athletics‑first culture — championship programs, booster funding, coach favoritism and athlete privilege — a cultural/resource prioritization theme separate from general administrative failures, physical infrastructure problems, or academic-program breadth.\"",\n    \""square entries document more facility, capacity, and operational resource failures (overcrowding, broken utilities, filthy restrooms, security lapses, tech rollout problems) than circle entries\"": \""This groups Square mentions of tangible operational problems — overcrowding, bussing/transportation fees, cafeteria/food, cleanliness, scheduling errors and infrastructure maintenance — which are concrete logistics/resource issues distinct from student safety incidents, governance dysfunction, extracurricular programming, or formal academic pathways.\""\n}""]",,43.94477367401123,26350,2496,2945,,[],['resp_09e582e14a235631006a7257306b9881a1b049dd7dd87afd76'],True
vote|reduce1|24|4,"[""{\n    \""square entries report larger, more developed extracurricular/athletics/facilities ecosystems and visible program success than circle entries\"": \""This bucket groups reviews that describe broad, high‑profile extracurricular life (award‑winning arts/athletics, many clubs, booster/alumni engagement and facility investments) and is distinct from operational, safety, administrative, or curricular complaints because it captures program breadth, competitive success and community fundraising rather than governance failures, safety incidents, facilities breakdowns, or academic-program detail.\"",\n    \""square entries document more administrative mismanagement, favoritism, and policy‑driven dysfunction (image‑management, layoffs, inconsistent discipline) than circle entries\"": \""This bucket captures reports of governance problems (nepotism, financial irregularities, coverups, selective enforcement, rude/unresponsive leaders) and is mutually exclusive because it focuses on leadership/board behavior and opaque decision‑making rather than student safety episodes, physical‑plant or scheduling failures, extracurricular scope, or the presence/absence of advanced academic pathways.\"",\n    \""Square entries document more frequent and severe student safety, bullying, drug, gang, violence, and related administrative inaction than circle entries\"": \""This bucket groups concrete accounts of on‑campus harm and immediate threats to student safety (fights, weapons, stabbings, widespread drug sales, severe bullying, sexual/harassment incidents and police involvement) and is separate from administrative or facility complaints because it centers on behaviors, victimization and unresolved crises rather than governance, program offerings, or logistics.\"",\n    \""square entries describe more formal advanced academic programs and measurable college‑preparatory outcomes (AP/IB/Honors/dual enrollment) than circle entries\"": \""This bucket collects reviews that document structured, credit‑bearing academic pathways (AP/IB, dual enrollment, magnets, vocational certifications) and measurable postsecondary outcomes, distinguishing curriculum/programmatic depth and college‑prep results from complaints about safety, leadership, or building/operational problems.\"",\n    \""square entries report more concrete operational, facility, and scheduling constraints and failures than circle entries\"": \""This bucket encompasses sanitation, overcrowding, cafeteria/food/pricing problems, scheduling/class‑capacity issues, technology distribution/misuse and other day‑to‑day logistics, and is exclusive because it addresses the physical and operational infrastructure of the school rather than extracurricular prominence, governance/favoritism, safety incidents, or the presence of advanced academic programs.\""\n}""]",,43.993805170059204,26462,2944,3474,,[],['resp_029332816a73e186006a7257307bec819caa157e66f6b23cd6'],True
vote|reduce1|19|1,"[""{\n    \""square entries report more administrative and operational dysfunction (leadership turnover, policy inconsistency, poor communication, staffing instability, resource misallocation) than circle entries\"": \""This bucket groups all reviews describing governance, leadership change, scheduling/recordkeeping failures, and poor school–family communications — a distinct category about processes and accountability that is different from physical/facility problems, student-safety crises, programmatic academic offerings, or frontline student-support services.\"",\n    \""square entries describe more frequent, severe student safety and behavioral crises (bullying, fights, drugs, weapons, suicide risk) and related administrative inaction than circle entries\"": \""This bucket captures concrete reports of violence, gangs, substance abuse, bullying, lockdowns and alleged administrative nonresponse; it is focused on immediate student-safety and conduct incidents (not governance dysfunction, facilities condition, or curricular/college‑prep programs).\"",\n    \""square entries report more concrete advanced-academic pathways, college-prep structures, and measured academic outcomes than circle entries\"": \""This bucket groups references to AP/IB/dual‑enrollment, high test scores, elite college matriculation and formal college‑prep requirements — programmatic academic breadth and measurable outcomes distinct from remediation/special‑education supports, safety incidents, or facility/resource complaints.\"",\n    \""square entries report more chronic facility, capacity, and resource problems — and visible funding allocation issues favoring athletics — than circle entries\"": \""This bucket groups building disrepair, overcrowding, sanitation, transportation/parking, capital projects and contested resource priorities (e.g., athletics vs textbooks) — a physical/infrastructure and allocation theme separate from administrative/process failures, safety incidents, academic-program content, or student‑support services.\"",\n    \""Square entries report more concrete student support services and programmatic interventions—(counseling, guidance, special education, tutoring, credit‑recovery, internships, dropout prevention)—including both documented successes and failures, than circle entries\"": \""This bucket groups specific, person‑level support and remediation descriptions (IEP/504 cases, counseling follow‑up, credit recovery, Saturday tutoring, internships) and their mixed outcomes, which is about service delivery to individual students and distinct from institutional governance, campus safety events, facility conditions, or broad advanced‑academic offerings.\""\n}""]",,44.26452374458313,26041,2816,3338,,[],['resp_0240b10c7eef0240006a72573070f0819dac3cba064281c36d'],True
vote|reduce1|14|5,"[""{\n    \""Square entries document far more concrete academic programs, advanced-course/CTE pathways, and measurable post‑secondary outcomes than Circle entries\"": \""Groups reviews that enumerate named AP/IB/STEM/dual‑enrollment/CTE tracks, quantified AP/college-credit outcomes, elite college admits and alumni success—distinct from administration, safety, counseling, or extracurricular‑funding issues because it focuses strictly on formal academic pathways and measurable postsecondary results.\"",\n    \""Square entries document more pervasive student-safety incidents, unchecked bullying, substance use, thefts and violent episodes than circle entries\"": \""Captures reviews describing fights, weapons/lockdowns, gang/drug problems, persistent bullying and physical assaults—mutually exclusive because it centers on tangible student-safety/violence/substance incidents rather than program offerings, staffing quality, counseling, or governance failures.\"",\n    \""square entries report more administrative and district‑level governance failures, resource mismanagement, and opaque or punitive policies than circle entries\"": \""Groups complaints about board/leadership unresponsiveness, cover‑ups, recordkeeping errors, punitive/arbitrary policies, nepotism and contested budgeting—distinct from counseling/special‑ed operational failures, safety incidents, academic-program breadth, or extracurricular descriptions.\"",\n    \""square entries discuss special‑education, counseling capacity, and mental‑health supports (and failures) far more than circle entries\"": \""Encompasses reviews focused on IEP/504 implementation gaps, counselor unavailability, missed college/gradation supports, and mental‑health accommodation failures—kept separate because it addresses individualized student‑support systems rather than broad admin governance, safety crises, or programmatic AP/IB offerings.\"",\n    \""square entries report broader, higher-performing extracurricular programs and facility investment (music, arts, STEM, and competitive teams) than circle entries\"": \""Covers detailed accounts of robust bands, conservatory links, state athletic successes, booster/booster-funded facilities and recent capital/tech rollouts plus complaints about athletics priority—distinct from core academic program descriptions, counseling/special‑ed issues, administrative governance, or safety incident reports.\""\n}""]",,44.39403319358826,22838,3008,3444,,[],['resp_081f91d577243521006a7257306ca881919339d3593f6b13fd'],True
vote|reduce1|6|1,"[""{\n    \""Square entries emphasize more extensive extracurricular breadth, athletics prominence, and recent capital/facility investments than circle entries\"": \""This bucket groups the many raw terms describing named arts/athletics/band programs, booster/parent investment, capital projects, facility upgrades and visible infrastructure/funding priorities — a distinct resource/programming dimension that is separate from administrative behavior, safety incidents, academic pathway depth, or individualized student‑support failures.\"",\n    \""Square entries report greater administrative dysfunction, favoritism/nepotism, and poor complaint handling (board retention, coverups, protecting staff/athletes) than circle entries\"": \""This bucket collects claims about governance, opaque communication, board politics, protected staff/athletes, cover‑ups and leadership turnover — a governance/fairness theme that is conceptually different from student safety incidents, curricular/academic program breadth, facility detail, or special‑education/counseling breakdowns.\"",\n    \""square entries report more frequent student‑safety, bullying, substance‑use, violent‑incident and behavior‑disorder problems than circle entries\"": \""This bucket captures the many concrete reports of fights, physical assaults, threats, drugs/gangs, pervasive bullying, weapons and visible policing/security responses — a campus‑safety and student‑behavior cluster that is clearly separable from administrative/favoritism complaints, extracurricular strength, academic programming, or counseling/IEP issues.\"",\n    \""square entries report more failures or shortfalls in student support, special‑education/IEP/504 accommodations, and counseling/guidance services than circle entries\"": \""This bucket groups the operational and compliance failures tied to counseling, college advising, IEP/504 errors or denial, mental‑health neglect and disabled‑student exclusion — a student‑support/service dimension distinct from governance, campus safety, extracurricular capacity, or advanced‑program descriptions.\"",\n    \""square entries show larger within‑school variability in teacher/staff practice and student‑facing supports (both strong, personalized help and overt misconduct/favoritism) than circle entries\"": \""This bucket aggregates the recurring pattern of polarized, uneven experiences—excellent teachers and programs side‑by‑side with negligent or abusive staff, arbitrary discipline, and grading leniency—that is conceptually different from system‑level governance failures, safety crises, specialized program breadth, or counseling/special‑education breakdowns.\""\n}""]",,44.5773229598999,26640,2624,3138,,[],['resp_0a2a06c18acf4a89006a7257300818819eb87bff10645fe8ca'],True
vote|reduce1|18|1,"[""{\n    \""square entries report more frequent and severe on-campus safety, violence, and substance incidents than circle entries\"": \""Many raw terms document concrete fights, overdoses, weapon/gang/drug incidents, lockdowns and visible security responses in square reviews—this bucket isolates acute student-safety and criminalized behavior issues and is distinct from administrative or programmatic themes (which concern governance, offerings or staffing rather than raw safety events).\"",\n    \""square entries document greater administrative and operational dysfunction (unresponsiveness, bureaucracy, transcript/scheduling/IEP failures, budget mismanagement, punitive policies) than circle entries\"": \""Numerous raw terms describe lost transcripts, counseling breakdowns, opaque governance, contested budget/fee choices and punitive school policies in square reviews—this groups operational/governance failures separately from safety incidents, program breadth, extracurricular/facility investment, or instructional/support variability.\"",\n    \""square entries describe substantially broader and measurable advanced academic, vocational, and postsecondary outcomes than circle entries\"": \""Square reviews repeatedly enumerate AP/IB/dual‑enrollment/CTE pathways, measurable test/graduation/college placements and vocational-to-college outcomes, so this bucket captures the concrete presence of high‑level academic pathways and postsecondary results distinct from extracurricular facilities, safety, administration, or day‑to‑day instructional variability.\"",\n    \""square entries emphasize broader extracurricular breadth and stronger parent/community/booster engagement than circle entries\"": \""Many square items catalogue extensive clubs, award‑winning music/arts, athletics, booster activity, facility investments and pay‑to‑play dynamics—this groups community/facility/extracurricular ecosystem features apart from academic-program depth, administrative failures, safety incidents, or staff/support variability.\"",\n    \""square entries report greater variability and failures in instruction and student support services than circle entries (teacher competence, counseling, special‑education compliance, and course access)\"": \""Raw terms show wide contrasts within square reviews—named excellent teachers and heroic remediation alongside rampant poor instruction, IEP noncompliance, counseling sabotage and misplacement—which groups frontline instructional quality and special‑needs/counseling implementation issues separately from governance, safety, program breadth, or extracurricular/facility facts.\""\n}""]",,44.68231797218323,26619,2368,2829,,[],['resp_045a99beb460cc91006a7257306f3c819d884147c11c30bafa'],True
vote|reduce1|1|0,"[""{\n    \""square entries document broader and higher‑level specialized academic & extracurricular offerings and measurable postsecondary outcomes than circle entries\"": \""Many square reviews list AP/IB/dual‑enrollment, magnet/CTE pathways, ROTC/JROTC, award‑winning arts/FFA/UIL results and concrete scholarship/college placements—this bucket isolates programmatic breadth and measurable post‑secondary outcomes and is distinct from operational, safety, governance or counseling themes.\"",\n    \""square entries report more pervasive student misconduct, bullying, language/race‑based exclusion, and attendance/avoidance problems than circle entries\"": \""Numerous square reviews describe fights, drug use, gang rumors, routine bullying, social exclusion, and chronic absenteeism—this safety/peer‑behavior cluster is about student conduct and welfare (not about facilities, admin cover‑ups, or program offerings).\"",\n    \""square entries describe greater administrative dysfunction, inconsistent or biased discipline, and poor school–family communication (favoritism, nepotism, ignored scheduling/transfer/IEP requests) than circle entries\"": \""Many square items allege opaque governance, board/leadership failures, favoritism toward athletes/legacy families, retaliation/cover‑ups and deliberately difficult transfers—a governance/fairness/ accountability cluster that is operationally and thematically separable from facilities, direct student safety, program breadth, or counseling/IEP breakdowns.\"",\n    \""square entries contain more concrete operational and resource details — facilities, overcrowding, scheduling, fees, technology, and administrative/process problems — than circle entries\"": \""Square reviews provide specific, tangible operational items (overcrowded portables, broken A/C, removed vending, scheduling/portal failures, device rollouts, activity fees and budget cuts) that concern physical resources and logistics rather than governance malfeasance, student safety incidents, or programmatic offerings.\"",\n    \""square entries report more failures and strain in student support services, counseling, and special education compliance than circle entries\"": \""Multiple square reviews recount counselor unavailability, IEP/504 noncompliance, poor college‑advising and remediation/tutoring gaps—this cluster targets student support systems (distinct from curricular breadth, physical resources, discipline incidents, or board‑level corruption).\""\n}""]",,45.08079791069031,26124,2176,2650,,[],['resp_0116ddb93e045256006a7257305cb8819cae2e44771c391488'],True
vote|reduce1|3|5,"[""{\n    \""square entries report more routine and severe student safety incidents, bullying, substance use, and resulting mental‑health harm than circle entries\"": \""Groups many raw items describing fights, weapons, stabbings, regular bullying, drug/gang activity, K‑9 searches, sexual assaults and explicit mental‑health impacts into a single safety/behavior/health bucket that is conceptually distinct from programmatic, governance, facility, or social‑clique issues.\"",\n    \""square entries report broader, structured advanced-academic and extracurricular programs (AP/IB, dual-enrollment, CTE, arts, academies) and stronger measurable college-prep outcomes than circle entries\"": \""Aggregates the many concrete claims about AP/IB, academies, dual‑credit, scholarship/college‑placement metrics and formal CTE/arts pathways into one program/outcomes bucket that is separate from safety, governance, facilities, or peer‑clique dynamics.\"",\n    \""Square entries document more administrative and district‑level mismanagement, favoritism/nepotism, politicization, and legal/financial controversies than circle entries\"": \""Groups complaints about board politics, superintendent/leadership turnover, favoritism, opaque processes, recordkeeping failures, and contested funding into a governance/mismanagement bucket that does not overlap with (a) student supports/counseling specifics, (b) facility descriptions, (c) programmatic offerings, or (d) peer social climate.\"",\n    \""square entries provide more concrete facility, operational and infrastructure descriptions (both deficiencies and capital investments) than circle entries\"": \""Captures the many explicit accounts of overcrowding, modular classrooms, renovations, pest/mold problems, HVAC/power outages, cafeteria/food service failures, and tech/device distribution in a facilities/operations bucket that is meaningfully distinct from governance, safety, programs, or social exclusion.\"",\n    \""square entries report more negative peer social climate, cliquish exclusion, and discrimination (ethnic, language, socioeconomic) than circle entries\"": \""Consolidates descriptions of exclusionary cliques, legacy/legacy‑advantage, newcomer isolation, class/race‑based bullying and parental competitiveness into a single social‑stratification bucket that is conceptually separate from physical safety incidents, administrative dysfunction, facilities issues, or formal academic program strength.\""\n}""]",,45.306891202926636,22956,2944,3470,,[],['resp_0a96063ff767976d006a7257300544819db0d6d804a599709d'],True
vote|reduce1|3|0,"[""{\n    \""square entries document more administrative and governance dysfunction, poor operational communication, favoritism/nepotism, and policy/discipline mishandling than circle entries\"": \""Groups all reports about leadership, board/PTA conduct, opaque/biased policies, unreturned communications, record‑keeping errors, and nepotistic/favoritist behavior — a distinct cluster about governance and office procedure that is conceptually separate from student safety, program breadth, special‑education/counseling issues, or physical/funding problems.\"",\n    \""square entries report more pervasive student safety, bullying, substance‑use, and severe misconduct incidents — and more documented failures to handle them — than circle entries\"": \""Captures the many accounts of fights, gangs, drugs/vaping, lockdowns, sexual misconduct, bullying, and police/security incidents and the school’s failure to intervene — a discrete safety/behavior cluster that is not conflated with program offerings, governance technicalities, individualized supports, or facility funding.\"",\n    \""square entries document broader and more explicit advanced academic and vocational offerings and measurable college outcomes than circle entries\"": \""Groups concrete mentions of AP/IB/dual‑enrollment, vocational certificates, career academies, measurable test/college metrics, and competitive program achievements — a program‑quality/outcomes cluster that focuses on curricular and extracurricular opportunity breadth rather than governance, safety, special‑ed, or facilities.\"",\n    \""square entries contain more explicit descriptions (positive and negative) of individualized student supports and counseling/IEP practices than circle entries\"": \""Collects reports about IEP/504 compliance or noncompliance, counseling availability, targeted remediation/credit‑recovery, mental‑health supports, and parents having to fund/press for accommodations — a concentrated theme about individualized student services distinct from whole‑school program breadth, safety incidents, governance, or capital/resource issues.\"",\n    \""square entries report more chronic facility, capacity, and resource problems — and visible funding allocation issues favoring athletics — than circle entries\"": \""Groups items on overcrowding, sanitation/pest problems, textbook/supply shortages, scheduling/busing failures, capital projects or athletics‑first spending and perceived misallocation — a tangible facilities/resourcing cluster that is materially different from governance behavior, student safety incidents, program/offering depth, or individualized support services.\""\n}""]",,45.640647172927856,26494,2432,2949,,[],['resp_0915f4f33e210f22006a72572fe3cc81a088d25145c060e06f'],True
vote|reduce1|11|4,"[""{\n    \""square entries report more frequent and severe student safety, substance‑abuse, violence, and bullying incidents than circle entries\"": \""Many raw items describe drugs, gangs, assaults, pervasive bullying, threats, lockdown failures and unaddressed violent incidents in square reviews—this bucket isolates on‑campus safety/behavior crises and is distinct from administrative, programmatic, facility or instructional topics.\"",\n    \""square entries describe a broader, more documented menu of specialized academic pathways and extracurricular breadth (AP/IB/dual‑enrollment, vocational tracks, award‑winning arts/athletics, academies) than circle entries\"": \""Numerous square entries enumerate AP/IB/dual‑credit, STEAM/CTE academies, award‑winning arts and championship athletics—this groups programmatic breadth and measurable extracurricular/college‑prep outcomes, separate from safety, governance, facilities or teacher‑quality issues.\"",\n    \""square entries describe more concrete variability in in‑class instruction, student supports, and operational academic services (teacher qualifications, instructional quality, counseling/scheduling/credit‑recovery practices) than circle entries\"": \""Raw terms repeatedly show wide swings in teacher effectiveness, grading, tutoring, counseling/IEP handling, scheduling and credit/transcript problems in square reviews—this cluster targets instructional and student‑support service variability, distinct from governance, facilities, safety, or extracurricular breadth.\"",\n    \""Square entries report more administrative and operational dysfunction, secrecy, and governance instability than circle entries\"": \""Many square items allege nepotism, opaque recordkeeping, governance fights, legal/disciplinary mishandling, retaliatory or politicized leadership and high turnover—this bucket isolates governance/administration failure and is separate from classroom instruction, student safety, facilities, or program offerings.\"",\n    \""Square entries report more facility, capacity, and day‑to‑day operational/logistical problems (including athletics funding skew) than circle entries\"": \""Square reviews frequently call out overcrowding, restroom closures/sanitation, scheduling logistics, bussing/parking, food quality and contested facility/funding priorities—this groups concrete physical/resource/operational constraints and is mutually exclusive from safety incidents, academic program breadth, governance dysfunction, or instructional variability.\""\n}""]",,45.76042604446411,26241,2752,3253,,[],['resp_0356a0d550b4ad42006a725730526c81928b69df13e422be34'],True
vote|reduce1|13|4,"[""{\n    \""square entries report more administrative instability, unresponsiveness, favoritism/nepotism, and misconduct than circle entries\"": \""This bucket groups the many reports of governance failures (turnover, unresponsive front‑office, nepotism, selective discipline, administrators protecting staff) and is distinct from other buckets because it focuses on leadership/board/staff governance behaviors rather than frontline safety incidents, curricular offerings, extracurricular prominence, or physical facilities issues.\"",\n    \""Square entries report more frequent and severe student safety, bullying, substance‑use, violence, and disciplinary mishandling than Circle entries\"": \""This bucket captures the cluster of concrete safety and student‑misconduct allegations (drugs, fights, assaults, sexual misconduct, pervasive bullying, police/security interventions and mishandled incidents) and is mutually exclusive because it concerns campus safety and incident responses rather than administrative governance, program breadth, academic pathways, or facility/maintenance problems.\"",\n    \""square entries describe more formal advanced academic and vocational pathways and measurable postsecondary outcomes than circle entries\"": \""This bucket groups explicit references to AP/IB/dual‑enrollment/magnet/CTE/STEM/BioMed tracks, early‑college/dual credit, and documented college placement or scholarship outcomes, and is separate from extracurricular or governance buckets because it concerns structured curricular pathways and measurable academic results rather than non‑academic programs, safety, or administrative conduct.\"",\n    \""Square entries emphasize broader extracurricular ecosystems and facility/infrastructure investment and specialized non‑core programs more than circle entries\"": \""This bucket collects reports of wide extracurricular breadth, high‑profile arts/athletics/JROTC/club achievements, booster/parent engagement and visible capital projects (new auditoriums, facilities), and is distinct from the academic‑pathways bucket because it focuses on non‑core student programs, culture and investment rather than formal curricular/college‑prep offerings.\"",\n    \""square entries report more concrete facility, sanitation, overcrowding, and resource‑allocation conditions (pest infestations, filthy bathrooms, extreme overcrowding, renovation needs, and transportation/security gaps) than circle entries\"": \""This bucket groups the numerous operational and material conditions (overcrowding, maintenance neglect, health hazards, lunch/food service problems, tech/ supply misallocations, elevator/access issues) and is mutually exclusive because it addresses physical infrastructure and day‑to‑day operational resource shortfalls rather than governance behavior, student safety incidents, curricular pathways, or extracurricular programming.\""\n}""]",,45.830501079559326,26376,2432,2938,,[],['resp_008e1b113ac62fc6006a725730587881a39de48e2fe63b0a1e'],True
vote|reduce1|24|2,"[""{\n  \""square entries report more administrative dysfunction, favoritism, and operational failures than circle entries\"": \""This groups all governance‑level problems (unresponsiveness, turnover, politicized discipline, nepotism, misused funds and cover‑ups) — distinct from facility/logistics, safety, programmatic, or instructional variability buckets because it targets leadership, policy and accountability failures rather than their downstream operational, safety, curricular, or teacher‑quality effects.\"",\n  \""square entries report more frequent and severe student safety, violence, substance, and security incidents (fights, assaults, drug dealing, lockdowns) than circle entries\"": \""This captures the substantive cluster of physical‑safety harms, bullying, fights, drug use and unresolved assaults described in many reviews — a discrete theme about student harm and enforcement that is separate from administrative governance, facilities/logistics, program breadth, or instructional/support variability.\"",\n  \""square entries document broader and more explicit advanced academic and vocational offerings and measurable college outcomes than circle entries\"": \""This groups the many concrete AP/IB/dual‑enrollment/CTE/academy and measurable postsecondary outcome claims (rankings, scholarships, elite admits) as a distinct programmatic/outcomes theme, which is conceptually different from extracurricular/arts breadth, safety, facilities, or staff variability.\"",\n  \""square entries highlight broader extracurricular, arts/athletics, facility investments, and community/parent engagement more than circle entries\"": \""This covers boosterism, strong/large band/arts/athletics, alumni/parent mobilization and visible capital investments or booster support — a community/program engagement cluster separate from academic‑pathway depth, administrative governance, safety incidents, or basic operational breakdowns.\"",\n  \""square entries report more acute facility, capacity, funding, and operational logistics problems than circle entries\"": \""This groups concrete operational and resource constraints (overcrowding, scheduling, buses, food/food‑safety, testing logistics, maintenance, fundraising pressures and budget cuts) into a single infrastructure/logistics bucket that is distinct from leadership/favoritism, safety incidents, program offerings/outcomes, or within‑school instructional/support variability.\""\n}""]",,46.265085220336914,26152,2752,3192,,[],['resp_09e006664f1f8225006a7257306d5481a0a2b5055db5799676'],True
vote|reduce1|16|4,"[""{\n    \""square entries document broader, more numerous, and higher‑level academic pathways and measurable college outcomes than circle entries\"": \""Groups all raw terms describing concrete advanced‑academic pathways (AP/IB/dual‑enrollment/magnets/CTE), named college matriculations and rankings, and measurable college‑prep outcomes into one bucket focused on program breadth and postsecondary results; this is distinct from facilities, safety, special‑ed, or governance issues because it concerns curricular offerings and outcomes rather than operations, discipline, or support services.\"",\n    \""square entries report more frequent and more severe student-safety and behavioral problems plus punitive/exclusionary discipline than circle entries\"": \""Collects raw terms about bullying, fights, assaults, substance use, sexual harassment, gangs, police involvement and punitive/retaliatory discipline into a single safety/behavior bucket; it is mutually exclusive from the academic‑programs bucket (program offerings/outcomes), the facilities/logistics bucket (physical infrastructure), the special‑education/counseling bucket (IEP/counselor issues), and the governance bucket (administrative favoritism/mismanagement) because it centers on student conduct and incident response.\"",\n    \""square entries contain more detailed, concrete reports about facilities, operations, and on‑campus logistics (maintenance, cleanliness, overcrowding, transportation, cafeteria, security hardware) than circle entries\"": \""Captures raw terms about building condition, pest/cleanliness, overcrowding, construction disruption, transportation, cafeteria/food, tech rollouts, and capital vs. interior maintenance contrasts into one operational‑infrastructure bucket; this is distinct from safety/behavior (incidents), academic programming (curriculum/outcomes), special‑ed supports (IEP/counseling), and governance/favoritism because it focuses on physical/logistical resources and service delivery.\"",\n    \""square entries report more explicit failures and contentious handling (and occasionally strong pockets) of counseling, special‑education, and individualized student supports than circle entries\"": \""Groups references to IEP noncompliance, special‑education segregation, counselor shortages or boilerplate responses, variable remediation/tutoring, and contested accommodation practices into a single student‑support bucket; this is separate from governance/favoritism (which is about leadership/cover‑ups), facilities (physical resources), safety (bullying/violence), and academic program breadth (AP/IB/college outcomes).\"",\n    \""square entries report more administrative and operational mismanagement, unresponsiveness, and policy failures that harm students than circle entries\"": \""Aggregates raw terms alleging nepotism/favoritism, cover‑ups, arbitrary or legally punitive policies, recordkeeping/enrollment errors, board/union conflicts, and unresponsive front‑office leadership into one governance/management bucket; this is mutually exclusive from the other four buckets because it addresses leadership, decision‑making, and accountability rather than programs, physical plant, direct student supports, or student safety incidents.\""\n}""]",,46.79181408882141,26228,2752,3385,,[],['resp_0b45c31d10c8cf2c006a7257306b848191a310a11d0afce9bc'],True
vote|reduce1|17|1,"[""{\n    \""square entries report substantially more specialized academic pathways and measurable postsecondary outcomes than circle entries\"": \""Groups schools by concrete program breadth (AP/IB/dual‑credit, vocational/CTE, university partnerships) and documented college/career outcomes that appear repeatedly in square but are absent or minimal in circle, a distinct dimension from safety, facilities, governance, or teacher‑quality variation.\"",\n    \""square entries report more frequent and severe student safety, bullying, drug, sexual‑abuse, cyberharassment, and mental‑health crisis incidents than circle entries\"": \""Isolates the corpus of claims about on‑campus threats to student wellbeing and crisis incidents (fights, gangs, drugs, assaults, suicides, police involvement) which are operationally and substantively different from program offerings, governance failures, facilities strain, or instructional variability.\"",\n    \""square entries reveal more administrative and governance dysfunction — cover‑ups, favoritism/nepotism, metric‑chasing, financial mismanagement, and punitive exclusion — than circle entries\"": \""Captures managerial and policy‑level pathologies (board/superintendent disputes, nepotism, fee/levy controversies, opaque discipline/recordkeeping) that drive different problems than classroom instruction, student safety, program availability, or facilities logistics.\"",\n    \""square entries describe larger scale, overcrowding, facilities/logistics strain and contested resource allocation (often athletics vs academics) more than circle entries\"": \""Groups the operational/physical resource themes (overcrowding, broken facilities, bus/transport problems, renovations, contested budgeting and athletics‑first tradeoffs) which are distinct from programmatic strength, governance dysfunction, safety incidents, or teacher variability.\"",\n    \""square entries evidence greater variability in teacher instructional quality and student support (including special education), ranging from standout, highly supportive teachers to widespread disengagement or noncompliance, more than circle entries\"": \""Collects reports about in‑classroom practice and student supports (uneven teacher competence, grading/attendance manipulation, counseling/special‑ed failures or standout staff) that are different in scope from systemic governance issues, physical/facility problems, safety crises, or the presence of advanced academic pathways.\""\n}""]",,47.18586492538452,25880,1664,2168,,[],['resp_07f69b9b64e24b7c006a7257306ad4819e87b7b9c2ebd8b8db'],True
vote|reduce1|5|3,"[""{\n    \""square entries describe broader, higher-profile extracurricular/performing-arts, and athletics offerings and on-site facilities than circle entries\"": \""Captures the many square reports of strong band/arts, expansive sports, upgraded stadiums/pools, booster-funded capital, ROTC/JROTC/ROTC praise and enumerated clubs—this bucket is program/facility‑focused and is distinct from administrative, safety, academic-pathway, or instructional/support issues.\"",\n    \""square entries report more administrative unresponsiveness, favoritism, inequity, mishandled complaints, and district/board dysfunction than circle entries\"": \""Groups the numerous square allegations about nepotism, cover‑ups, withheld records, poor parent communication, board/district failures and opaque governance—this is leadership/governance‑level dysfunction and is kept separate from safety incidents, program breadth, academic offerings, or classroom‑level support variability.\"",\n    \""square entries report more frequent and severe student safety, bullying, substance, and security incidents (fights, assaults, drug dealing, lockdowns) than circle entries\"": \""Encloses the cluster of square items describing fights, hospitalizations, suicides/attempts, gang/drug activity, police presence and security breaches—a concrete safety/discipline incident category that is conceptually different from administrative misconduct, program offerings, academic pathways, or instructional variability.\"",\n    \""square entries report a much broader set of named advanced, vocational, and college-preparatory programs and measurable postsecondary outcomes than circle entries\"": \""Groups square content that catalogs AP/IB/dual‑enrollment/CTE pathways, named academies, elite college admits and measurable college credits/results—this academic-program/outcomes bucket is about formal pathways and postsecondary metrics and is distinct from extracurricular facilities, safety, governance, or teacher/support variability.\"",\n    \""square entries report greater variability and failures in instruction and student support services than circle entries (teacher competence, counseling, special‑education compliance, and course access)\"": \""Captures square reports of polarized teacher quality, inconsistent grading/placement, mixed special‑education/IEP/504 experiences, counseling breakdowns and scheduling/course‑access failures—an in‑building instructional and support variability theme that is separate from governance, safety incidents, program breadth, or formal advanced‑program descriptions.\""\n}""]",,47.30047106742859,26305,1728,2229,,[],['resp_0e44d9034e753c6c006a7257300c8481a384e14d805f455fff'],True
vote|reduce1|18|4,"[""{\n    \""square entries report more pervasive student safety/behavior problems, substance use, and unresolved bullying or violence than circle entries\"": \""This bucket groups all reports of fights, weapons, drug/alcohol use, gang activity, sexualized harassment, suicides/ODs, lockdowns and pervasive bullying that square reviews repeatedly document — distinct from administrative/facility complaints because it is about student conduct and safety outcomes rather than governance, infrastructure, or programmatic breadth.\"",\n    \""square entries describe substantially broader and more documented advanced‑academic pathways and elite college outcomes (AP/IB/dual enrollment/academies) than circle entries\"": \""This bucket captures the many square reports that enumerate AP/IB/magnet/dual‑enrollment/STEM/CTE offerings and named elite matriculations and awards — clearly about program depth and measurable postsecondary outcomes and therefore separate from complaints about discipline, facilities, administration, or variability in supports.\"",\n    \""square entries report more administrative governance failures, favoritism/nepotism, inconsistent or punitive discipline, poor recordkeeping, and refusal-to-accommodate behaviors than circle entries\"": \""This bucket groups allegations about leadership misconduct, favoritism (athletes/wealth), biased discipline, opaque policies, refusals on IEP/504/transfer requests and cover‑ups — focusing on governance and accountability which is conceptually distinct from student safety incidents, program breadth, facility conditions, or within‑school instruction variability.\"",\n    \""square entries report more concrete facility, sanitation, overcrowding, and resource‑allocation conditions (pest infestations, filthy bathrooms, extreme overcrowding, renovation needs, and transportation/security gaps) than circle entries\"": \""This bucket aggregates operational and physical‑plant issues — pests, overcrowded classes/lunches, broken portals/transportation, lunch quality and renovation vs new‑build contrasts — and is kept separate from governance (decision‑making) or safety (student conduct) buckets because it concerns tangible infrastructure and resource allocation.\"",\n    \""Square entries show greater within‑school variability and contradictory reports about teacher effectiveness, special‑education services, and student supports than circle entries\"": \""This bucket collects the many square observations of polarized experiences — strong AP teachers alongside clueless instructors, praised counseling vs counselor shortages, IEP/504 compliance mixed with outright denials — capturing internal stratification and inconsistent delivery of instruction/supports that is distinct from overall program breadth, facilities, governance, or campus safety.\""\n}""]",,47.85672116279602,26244,2496,3039,,[],['resp_049fe8b6f1bd2202006a72573070408191849c64ef70bcff05'],True
vote|reduce1|16|1,"[""{\n    \""square entries show greater variability in teacher/instructional quality and student‑facing supports than circle entries (from intensive individualized help to misconduct and neglect)\"": \""This bucket groups the many square examples that describe polarized classroom experiences and staff behavior (excellent AP/mentor teachers, teacher-led paid tutoring, energetic teachers, but also absenteeism, cursing, substitutes, staff misconduct and demeaning remarks), and is distinct from administrative or programmatic buckets because it focuses on frontline instructional and direct student‑support variability rather than governance, facilities, or program offerings.\"",\n    \""square entries highlight broader, higher‑profile extracurricular offerings and athletics prominence — and often resource prioritization to sports — more than circle entries\"": \""This bucket captures square reviews that enumerate expansive arts/competitive music, championship teams, JROTC/cheer/band dominance, booster funding and athletics‑first resource tensions, and is mutually exclusive because it concerns extracurricular scale/funding and sport/arts prominence rather than academic program depth, safety incidents, governance failures, or teacher quality.\"",\n    \""square entries describe substantially broader and more documented advanced‑academic pathways and elite college outcomes (AP/IB/dual enrollment/academies) than circle entries\"": \""This bucket groups square entries that list formal AP/IB/dual‑credit/CTE/STEM/magnet pathways and measurable college credits/matriculation outcomes, focusing specifically on curricular pathways and postsecondary results rather than extracurricular breadth, safety, or administrative practice.\"",\n    \""square entries report more administrative unresponsiveness, favoritism, inequity, mishandled complaints, and district/board dysfunction than circle entries\"": \""This bucket covers square accounts of opaque governance, favoritism/nepotism, cover‑ups, missed notifications, scheduling/transfer/recordkeeping errors and board/district-level dysfunction; it is separate from teacher variability (frontline practice) and from safety or programmatic buckets because it centers on governance, accountability, and complaint-resolution failures.\"",\n    \""square entries report more frequent serious safety, student‑behavior, substance, and sexual‑misconduct incidents and show ineffective supervision/discipline compared with circle entries\"": \""This bucket collects square reports of bullying, fights, weapons/drugs/vaping, assaults, police presence, mental‑health crises and inconsistent or punitive discipline responses, and is distinct from the other buckets because it aggregates concrete on‑campus safety and behavior crises (and disciplinary failures) rather than program offerings, facilities investment, or instructional heterogeneity.\""\n}""]",,47.86509418487549,26514,1984,2530,,[],['resp_02eaa525b4f6219a006a725732a86c819e85899ebf85fe3bbe'],True
vote|reduce1|3|1,"[""{\n    \""square entries report far more student safety, bullying, substance‑use, weapons, fights, and administrative inaction than circle entries\"": \""Many raw items document concrete violent/safety incidents (bomb threats, fights, gang activity, weapon/drug possession, sexual harassment) and explicit failures to intervene—this bucket captures the cluster of on‑campus physical safety and harassment problems and is distinct from admin/process or facilities issues because it focuses on incidents and staff nonresponse rather than governance or infrastructure.\"",\n    \""square entries report more explicit accounts of administrative behavior, discipline policy inconsistency, favoritism/nepotism, poor parent communication and community governance conflict than circle entries\"": \""Numerous entries allege biased discipline, nepotism, concealment, punitive policies, law/legal escalation, and hostile parent‑school interactions—this groups governance, accountability and fairness problems and is mutually exclusive from safety (incident-focused), facilities (physical/resource), teacher‑instructional variability, and academic/outcome evidence.\"",\n    \""square entries report more concrete facility/operational and administrative management problems (overcrowding, maintenance failures, traffic/parking, budget/legal impacts, transcript/communication errors, inconsistent grading) than circle entries\"": \""Many excerpts cite overcrowding, mold/infestation, missing supplies, lunch/transportation/fee problems and scheduling/record errors—this bucket groups tangible infrastructure/logistics and operational resource failures, separating material/operational breakdowns from safety incidents, governance/favoritism, instructional variability, and academic-program strength.\"",\n    \""square entries describe greater polarization in teacher behavior and instructional consistency (both stronger proactive support and more unprofessional or inconsistent instruction) than circle entries\"": \""The raw texts repeatedly show a split within staff—named highly supportive teachers and after‑school remediation alongside reports of yelling, incompetence, cheating, and frequent substitute churn—so this bucket captures within‑school teacher quality variance and classroom practice inconsistency distinct from admin/operational or program/outcome themes.\"",\n    \""Square entries provide more concrete measurable academic outcomes, counseling and college‑preparation evidence (both positive and negative) than circle entries\"": \""Many square reviews list AP/IB/dual‑enrollment programs, scholarship totals, college placements, and concrete counseling/IEP examples (successes and failures), so this bucket groups explicit programmatic/college‑prep evidence and measurable outcomes, keeping it separate from extracurricular/athletics breadth, safety problems, operational/facility issues, and governance complaints.\""\n}""]",,47.903679847717285,26074,2816,3380,,[],['resp_03e57503a6811a69006a7257304b4c81a09e40436d18d9d268'],True
vote|reduce1|14|3,"[""{\n    \""square entries report more pervasive student safety problems, bullying, hate‑based harassment, substance abuse, and violent incidents than circle entries\"": \""Groups together the many items about fights, gangs, drugs, vaping, racial slurs, sexualized behavior, ambulance/police incidents and ongoing bullying—distinct from governance, facilities, academic programs or teacher/support variability because it concerns student conduct and immediate campus safety outcomes rather than policy, resources, or curriculum.\"",\n    \""square entries report more administrative dysfunction, procedural errors, favoritism/nepotism, and governance instability than circle entries\"": \""Captures the cluster of complaints about school boards, cover‑ups, selective truancy enforcement, targeted punishments, favoritism to athletes/legacy families, lawsuits and opaque discipline—a governance/policy theme that is conceptually separate from physical facility problems, instructional variability, safety incidents, or academic-program breadth.\"",\n    \""Square entries report more visible facilities, infrastructure and operational-resource problems (overcrowding, sanitation, HVAC/wifi, odor, funding gaps, pay-to-play) and misallocation than circle entries\"": \""Groups all concrete operational and capital/resource issues—overcrowding, dirty bathrooms, broken tablets, scheduling/registration failures, transportation and contested funding decisions—which are about physical plant and logistics rather than staff practice, student behavior, governance, or curricular offerings.\"",\n    \""square entries describe a broader, concrete set of specialized academic and career‑prep programs (IB/AP/dual‑enrollment/CTE/magnet/career academies) than circle entries\"": \""Collects the many items describing AP/IB, dual‑enrollment, honors, CTE/magnet pathways, measurable college outcomes and formal tracking—an academic-programming dimension focused on curricular offerings and postsecondary results that is distinct from safety, facilities, governance, or day‑to‑day teacher/support variability.\"",\n    \""square entries show greater variability in classroom instruction and in student‑facing supports (teacher quality, counseling, and special‑education access) — including both praised individualized help and repeated reports of unmet accommodations — than circle entries\"": \""Groups the mixed/contradictory reports about teacher polarization (excellent vs. uncaring), grade/assessment inconsistency, IEP/504 non‑compliance or strong special‑ed examples, counselor responsiveness/unresponsiveness and substitute/turnover issues—an instructional and support‑quality axis separate from safety incidents, governance failures, facilities, or catalog of advanced programs.\""\n}""]",,47.95876908302307,26366,2368,2909,,[],['resp_0dfdcb18dff966a0006a72573095fc8192974e4c0f27b0ff13'],True
vote|reduce1|0|4,"[""{\n    \""Square entries report more frequent and more severe student-safety, substance-abuse, and discriminatory incidents and exclusionary discipline than circle entries\"": \""This bucket groups the many raw terms documenting fights, lockdowns, bomb/gun threats, gang/drug activity, pervasive bullying, racist/harassment incidents, police involvement, and related unresolved safety/discipline failures in Square reviews — it is distinct from other buckets because it focuses specifically on student safety, violence, substance use, and exclusionary disciplinary outcomes rather than on staffing, programs, facilities, or special-education/counseling issues.\"",\n    \""square entries report more administrative unresponsiveness, favoritism, inequity, mishandled complaints, and district/board dysfunction than circle entries\"": \""This bucket captures the numerous raw items alleging nepotism, opaque governance, record‑keeping errors, retaliation, budget/policy scandals, poor parent communication and leadership turnover in Square reviews — it is mutually exclusive because it centers on governance and personnel/governance misconduct rather than safety incidents, program breadth, facilities, or special‑education/counseling failures.\"",\n    \""Square entries exhibit larger divergences in facilities, resources and budgeting—reporting both recent capital investments and acute maintenance/overcrowding/resource shortfalls—more than circle entries\"": \""This bucket groups the concrete facility‑and‑resources observations in the raw terms (bond projects, new buildings or renovations, overcrowding, outdated tech, cafeteria/maintenance problems, athletics funding tradeoffs, and capacity/scheduling constraints) and is separate from administrative‑misconduct or programmatic descriptions because it treats physical infrastructure, capacity and spending priorities as the focal issue.\"",\n    \""square entries discuss special‑education, counseling capacity, and mental‑health supports (and failures) far more than circle entries\"": \""This bucket collects all concrete reports about IEP/504 noncompliance, special‑education mistreatment or barriers, counseling/guidance effectiveness or neglect, case‑management delays, and mental‑health support (or lack thereof) in Square reviews — distinguishing these individualized student‑support/process failures from broader governance, facility, safety, or academic-program descriptions.\"",\n    \""Square entries report broader, higher‑profile academic and college-preparatory programs (AP/IB/honors, dual-enrollment, vocational CTE) and clearer college-placement outcomes than circle entries\"": \""This bucket groups the many raw terms that document named advanced pathways, AP/IB/AVID/dual‑credit/CTE offerings, measurable AP/ACT outcomes and alumni college success in Square reviews — it is kept separate from extracurricular/facility/funding or safety buckets because it focuses specifically on curricular breadth, rigor, and documented postsecondary outcomes rather than infrastructure, governance, special‑ed, or safety issues.\""\n}""]",,48.141950845718384,26127,2816,3422,,[],['resp_008d9c9411c3eab5006a72572fc57481918caa383050b5832c'],True
vote|reduce1|5|5,"[""{\n    \""square entries describe more formal advanced academic tracks, dual‑enrollment/college‑credit pathways, and measurable postsecondary outcomes than circle entries\"": \""This bucket groups all contrasts about AP/IB/dual‑enrollment, magnet/STEM pathways and explicit college-placement/test‑score outcomes (e.g., AP pass rates, IB participation, elite college acceptances); it is kept distinct from extracurricular, safety, governance or facilities buckets because it focuses solely on formal academic program structure and measurable postsecondary results.\"",\n    \""square entries report more extensive extracurricular, vocational, and arts/athletics offerings — plus more institutional athletics prioritization and favoritism — than circle entries\"": \""This captures the many raw terms about breadth and prominence of clubs, CTE/vocational tracks, award‑winning arts/bands and large athletics programs (and complaints about pay‑to‑play or athlete privilege), and is mutually exclusive because it concerns programmatic breadth and resource emphasis in extracurriculars rather than administrative governance, student safety, academic rigor, or facilities logistics.\"",\n    \""square entries report more explicit administrative and staff governance problems, misconduct, favoritism, selective discipline, record‑keeping failures, and turnover than circle entries\"": \""This bucket groups allegations of favoritism/nepotism, intimidation, tenure protection, selective enforcement, lost paperwork, named principal misconduct, frequent turnover and labor disputes — issues about governance and personnel practice distinct from safety incidents, curricular offerings, or physical/resource conditions.\"",\n    \""square entries report more pervasive student safety problems, bullying, fights, drugs, sexual harassment, and enforcement failures than circle entries\"": \""This groups all concrete accounts of violence, gangs, bomb threats, drug problems, bullying (including special‑needs victimization), and claims that incidents were mishandled — a clearly separable set of operational safety/discipline failures distinct from academic programming, extracurricular breadth, governance, or facility descriptions.\"",\n    \""square entries contain more concrete operational and resource details — facilities, overcrowding, scheduling, fees, technology, and administrative/process problems — than circle entries\"": \""This bucket collects the detailed logistical/resource contrasts (overcrowding, building condition, bus/tardy policies, activity fees, 1:1 tech rollouts, capital projects and contested funding) and is intentionally separate from governance/favoritism, safety incidents, extracurricular/program breadth, or advanced‑academic program descriptions.\""\n}""]",,48.38758301734924,22902,2304,2800,,[],['resp_0594c65af7d6d3c6006a725730487881a2a2848ef9abaaf462'],True
vote|reduce1|12|1,"[""{\n    \""square entries report more concrete facility, capacity, and operational logistics problems (overcrowding, portables, construction disruption, poor sanitation, cafeteria/traffic scheduling) than circle entries\"": \""This bucket groups all items about physical plant, daily operations and logistics (buses, lunches, pests, A/C, overcrowded cafeterias, capital projects/renovations) — a distinct axis from safety, academics, governance or instructional variability so it does not overlap with the other selected buckets.\"",\n    \""square entries report more frequent and severe student-safety and social-climate problems (bullying, drug/vaping use, fights, gang/weapon incidents, racism/transphobia, self-harm) than circle entries\"": \""This captures the cluster of reviews describing peer-on-peer harm, harassment, substance use, violence, suicides and inadequate incident response — a discrete theme about student conduct and campus threat that is conceptually separate from facilities, academic pathways, administration, or teacher variability.\"",\n    \""square entries describe substantially broader formal advanced/magnet/STEM/AP/IB/CTE academic programs and clearer college-prep pathways — but also stronger intra-school academic tracking and stratification between advanced and regular courses — more than circle entries\"": \""This bucket groups all concrete descriptions of named advanced programs, dual-enrollment/college-credit outcomes, vocational/CTE pathways and simultaneous critiques of access/track‑based inequities — it focuses on program breadth and stratification rather than on safety, operations, governance or individual teacher behavior.\"",\n    \""square entries portray greater administrative dysfunction, favoritism, policy noncompliance and governance problems than circle entries\"": \""This groups items about district/board-level decisions, nepotism/favoritism, cover‑ups, inconsistent enforcement, punitive legal/financial practices and poor communication — a governance/management theme distinct from physical facilities, student conduct, academic program breadth, or instructional variability.\"",\n    \""Square entries show greater within‑school variability and contradictory reports about teacher effectiveness, special‑education services, and student supports than circle entries\"": \""This bucket collects the mixed, polarized accounts about teacher quality (excellent AP teachers vs. weak regular teachers), uneven counseling/IEP/504 handling, variable tutoring and inconsistent classroom practice — it is an instructional/support variability theme separate from governance, facilities, safety, or program breadth.\""\n}""]",,48.55932831764221,25949,3200,3740,,[],['resp_0294b037651fd8da006a7257305884819e958a6f9ef3c9320a'],True
vote|reduce1|8|1,"[""{\n  \""square entries report stronger, broader, and better‑documented advanced academic programs and mixed measurable outcomes (AP/IB/STEM/AVID/JROTC/arts) — including both strong college‑prep claims and critiques of rigor or grade‑practices — than circle entries\"": \""This bucket groups all raw claims about concrete advanced‑course offerings, dual‑credit/IB/AP pathways, vocational/CTE tracks, measurable college outcomes and program achievements — it is distinct from facility, safety, admin, or student‑support issues because it focuses on the presence, scale, and documented outcomes of curricular and programmatic opportunities rather than how the school is managed, policed, resourced or how vulnerable students are treated.\"",\n  \""square entries report more frequent and severe student safety and behavior problems (drugs, fights, sexual harassment, assault, pervasive bullying) than circle entries\"": \""This bucket captures the many direct reports of on‑campus violence, weapon/drug incidents, pervasive bullying/harassment, police responses and threats to student safety — it is mutually exclusive from administrative dysfunction, facilities issues, program breadth, or special‑education/counseling failures because it centers on student conduct and safety incidents themselves rather than administrative processes, resource conditions, or curricular offerings.\"",\n  \""square entries report more administrative dysfunction, lack of accountability, and communication/turnover problems than circle entries\"": \""This bucket groups concrete allegations about leadership instability, rude/unresponsive office staff, lost records/transcript errors, opaque or politicized discipline, and high staff turnover — it is distinct from special‑education/counseling failures (procedural service problems) and from facility or safety reports because it focuses on governance, recordkeeping, staffing continuity, and parent/district communication dynamics.\"",\n  \""Square entries report more concrete facility, operational, and resource problems (overcrowding, maintenance failures, textbook/technology shortages, scheduling/logistics, and fee pressures) than circle entries\"": \""This bucket aggregates the operational and physical‑plant evidence — overcrowding/portables, HVAC/AC/pest/cleanliness, lunch/scheduling/traffic pain points, funding and budget/trade‑off complaints — and is kept separate from administrative governance (which is about decision‑making/behavior) and from programmatic strength (which is about curricular/extracurricular offerings).\"",\n  \""square entries report more failures and variability in special‑education/504/IEP implementation and in counseling and mental‑health supports than circle entries\"": \""This bucket isolates the repeated, concrete stories about IEP/504 mismanagement, ADA noncompliance, counseling unresponsiveness, mental‑health accommodation failures and occasional strong individualized supports — it is exclusive of the broader administrative governance bucket (which covers leadership/turnover and communication generally) because it specifically concerns special‑education and targeted student‑support service delivery and compliance.\""\n}""]",,48.99229907989502,26334,2560,3172,,[],['resp_05277438c0ed3e64006a7257306bc881a099a5accafca580c4'],True
vote|reduce1|22|1,"[""{\n    \""square entries report more administrative, counseling, and operational failures or unpredictability (rude front office, unhelpful/overworked counselors, miscommunication, transportation/recording errors) than circle entries\"": \""Groups reviews that describe process- and staff-driven breakdowns (poor communication, counselor/front-office unhelpfulness, recordkeeping and scheduling failures); this is distinct from physical-resource problems, safety incidents, program breadth, or variability in staff quality because it focuses specifically on operational/process dysfunctions and everyday administrative unpredictability.\"",\n    \""square entries report far richer, named academic & extracurricular offerings (AP/IB, dual‑credit, arts, STEM, vocational academies, competitive teams) than circle entries\"": \""Captures the concrete programmatic breadth and named advanced pathways or competitive extracurriculars described in many square reviews (AP/IB, dual enrollment, specialized academies) and is separable from facility/resource constraints, safety incidents, administrative dysfunction, or staff variability because it is about formal program availability and documented outcomes.\"",\n    \""square entries report more severe safety, bullying, sexual‑harassment and mishandled student mental‑health incidents than circle entries\"": \""Groups reviews that report acute student‑safety and welfare crises (fights, weapons/lockdowns, gang/drug activity, sexual harassment, mishandled mental‑health cases), a thematic cluster distinct from administrative/process failures (how incidents are handled), from facility/resource issues (cleanliness, overcrowding), from program breadth, and from variability in staff performance.\"",\n    \""square entries report more concrete resource, facility, scheduling, and student‑support service constraints (and mixed special‑education support) than circle entries\"": \""Collects accounts of material and logistical shortfalls (overcrowding, pests/asbestos/mold, cafeteria/lunch logistics, parking, capital projects, schedule/block impacts, pay‑to‑play or funding gaps, uneven special‑ed resourcing) and is distinct from administrative/process failures (procedural mismanagement), from program breadth (what exists), from safety crises (who is unsafe), and from variability in staff quality.\"",\n    \""square entries exhibit greater polarity and variability in staff support, instructional quality, counseling, and special‑education implementation than circle entries\"": \""Groups reports describing wide internal inconsistency—simultaneous praise for exemplary teachers/programs and reports of very poor instruction, favoritism, mixed IEP/504 outcomes, and counselor overload—separating variability/polarization of human supports from outright administrative failures, facility/resource shortages, safety crises, or programmatic breadth.\""  \n}""]",,49.48524284362793,26347,3264,3801,,[],['resp_02030fad529ffe9e006a725730818481a395b9b921b2d4914c'],True
vote|reduce1|24|3,"[""{\n    \""square entries document greater administrative and operational dysfunction (unresponsiveness, bureaucracy, transcript/scheduling/IEP failures, budget mismanagement, punitive policies) than circle entries\"": \""Captures the many concrete complaints about front‑office unresponsiveness, scheduling/record/IEP errors, punitive or politicized discipline, budget/layoff decisions and other governance failures; this is distinct from facilities, safety, program breadth, or within‑school variability because it focuses on institutional/process failures rather than outcomes, infrastructure, or program mix.\"",\n    \""square entries report more frequent and severe student-safety and behavior problems (bullying, fights, drugs, gang threats, acute violent incidents) than circle entries\"": \""Groups all explicit accounts of violence, bullying, drug/gang activity, lockdowns, police/searches and related staff complicity or inaction into one safety/behavior bucket, which is conceptually separate from administrative process problems, facility conditions, program offerings, or internal program stratification.\"",\n    \""square entries include far more concrete facility, infrastructure, and on-site service detail (capital spending, maintenance, health hazards, and specific support services) than circle entries\"": \""Collects the detailed reports of capital projects, renovations, overcrowding, pests/asbestos/mold, HVAC/technology problems and contested resource allocation into a single facilities/resources bucket that is about the physical plant and operational services rather than about governance decisions, safety incidents, program breadth, or staff variability.\"",\n    \""square entries document broader and more numerous extracurricular, arts, and vocational/CTE opportunities (clubs, band, CTE, internships, ROTC) than circle entries\"": \""Groups all references to named programs, AP/IB/dual‑enrollment, CTE/vocational labs, band/drama/sports strengths and measurable college‑prep outcomes into a single programmatic offerings bucket, which is separate from safety, facilities, admin/process dysfunction, or inconsistent staff/treatment within the school.\"",\n    \""square entries exhibit markedly greater internal inconsistency and polarized student experiences across programs/cohorts than circle entries\"": \""Captures the repeated pattern of polarized experiences (elite AP/IB pockets vs neglected middling students, favoritism toward athletes, mixed teacher quality, IEP noncompliance variability) and staff turnover—this bucket targets inequity and variability within the same school and is distinct from aggregate administrative failures, physical resources, safety incidents, or sheer program breadth.\""\n}""]",,49.532423973083496,26480,2688,3213,,[],['resp_07f1cf0c1de822cc006a7257307008819c9892d47679b1e49d'],True
vote|reduce1|17|2,"[""{\n    \""square entries report more safety incidents, pervasive student misconduct, and lax or inconsistent discipline than circle entries\"": \""This bucket captures the many square-specific reports of bullying, fights, drugs, gang activity, sexual harassment, bomb/drug searches, police/K‑9 responses and punitive or inconsistent discipline practices — a distinct cluster about student safety and behavior that is separable from administrative, facilities, special‑education, or programmatic themes.\"",\n    \""square entries report broader advanced academic and extracurricular offerings and stronger measurable outcomes than circle entries\"": \""This groups the square entries that enumerate AP/IB/magnet/CTE/ROTC programs, award‑winning arts, robust club/sports ecosystems, and concrete college/scholarship/test-score outcomes — a program/outcomes cluster that is substantively different from complaints about safety, facilities, governance, or student supports.\"",\n    \""square entries report more administrative, district‑level, and staff misconduct, favoritism/nepotism, and governance failures than circle entries\"": \""This isolates square claims about opaque boards, leadership turnover, favoritism, retaliatory/performative administration, recordkeeping errors, and governance cover‑ups — governance and personnel misconduct issues that are operationally distinct from physical facilities, safety incidents, special‑education compliance, or program breadth.\"",\n    \""square entries report more facility, equipment, and operational deficiencies and resource misallocation than circle entries\"": \""This bucket groups square reports of overcrowding, asbestos/mold/pests, textbook/technology shortages, cafeteria/transportation problems, and visible budgeting choices (e.g., athletics-first spending) — a physical‑plant/resource theme that is separate from administrative misconduct, safety incidents, individualized supports, or academic program descriptions.\"",\n    \""square entries report more explicit failures in special‑education/IEP compliance, counseling, and individualized support than circle entries\"": \""This collects square entries describing IEP/504 noncompliance, denied medical or accommodation requests, counseling neglect or strong counselor failures, and inconsistent individualized interventions — a student‑support/Legal‑compliance cluster distinct from governance, facilities, safety, or program breadth.\""\n}""]",,49.8052921295166,26371,1984,2438,,[],['resp_0ec92cca7afe9db1006a7257308b50819fb0f27c95e2c2ec41'],True
vote|reduce1|4|3,"[""{\n    \""square entries report more student-safety and pervasive behavior problems than circle entries\"": \""This bucket captures the many concrete reports about bullying, fights, gang/drug activity, weapons, lockdowns, suicides and other on-campus safety crises in square reviews — a distinct set of operational/student-conduct incidents that are separate from administrative, programmatic, curricular, or support-service themes in the other buckets.\"",\n    \""square entries provide more concrete accounts of student support services (counseling, special‑education, tutoring, parent communication) — both positive and negative — than circle entries\"": \""This bucket groups the dense, often conflicting square evidence about counseling capacity, IEP/504 compliance, special‑education outcomes, tutoring/AVID supports and parent‑communication — focused on direct student supports and accommodations rather than safety incidents, academics breadth, extracurricular resources, or governance failures.\"",\n    \""square entries describe substantially broader formal advanced/magnet/STEM/AP/IB/CTE academic programs and clearer college-prep pathways — but also stronger intra-school academic tracking and stratification between advanced and regular courses — more than circle entries\"": \""This bucket captures square entries' concrete descriptions of AP/IB/dual‑enrollment/academies, measurable college outcomes and the attendant tracking/rigor tradeoffs — a curricular/program-structure contrast that is conceptually distinct from extracurricular breadth, student supports, safety, or administrative behavior.\"",\n    \""square entries emphasize richer extracurricular/arts/athletics offerings, active parent/booster fundraising, and community partnerships (but also fee‑dependence) more than circle entries\"": \""This bucket groups square reviews' detailed accounts of clubs, award‑winning music/athletics, CTE/ROTC, booster-driven funding and facility investments or tradeoffs — focused on out‑of‑class opportunities and resource prioritization rather than academic program breadth, safety incidents, student-support services, or governance dysfunction.\"",\n    \""square entries report more administrative dysfunction, favoritism, nonresponsiveness and policy‑driven concealment than circle entries\"": \""This bucket isolates reports about leadership failures, favoritism/nepotism, unresponsive offices, punitive or opaque policies and cover‑ups — governance and accountability problems that are distinct from facility/operational resource descriptions, curricular offerings, extracurricular programming, or frontline student‑support accounts.\""\n}""]",,49.947951793670654,26649,2176,2689,,[],['resp_04a7021166a2e0aa006a72573067cc819cab0149596fa57af1'],True
vote|reduce1|20|4,"[""{\n    \""square entries show greater variability and polarization in classroom instruction, student supports, and special‑education implementation than circle entries\"": \""This bucket groups many raw terms about wildly inconsistent teacher quality, mixed rigor across AP/standard tracks, variable counseling/IEP support and polarized student supports — distinct from facility, safety, programmatic, or governance claims because it specifically centers on instructional and individualized‑support inconsistency within the school.\"",\n    \""Square entries report more frequent and severe student safety, bullying, substance‑use, violence, and disciplinary mishandling than circle entries\"": \""This bucket captures the many concrete accounts of fights, drugs, gangs, weapons, harassment, suicidality, lockdowns and failures to address bullying or violent incidents — a discrete cluster focused on student safety and behavior rather than on administration, facilities, programs or instructional variation.\"",\n    \""square entries report more extensive advanced-academic and high‑achievement programmatic offerings and measurable postsecondary outcomes than circle entries\"": \""This groups all references to AP/IB/dual‑enrollment/magnet/CTE pathways, elite college acceptances, scholarships and quantified test/credit outcomes — distinguishing curriculum/program breadth and measurable postsecondary results from (a) facility/logistical issues, (b) safety problems, and (c) governance/operational failures.\"",\n    \""square entries report more concrete operational, facility, and staffing problems that disrupt daily schooling (overcrowding, outdated facilities, HVAC/cleanliness, scheduling, substitute reliance) than circle entries\"": \""This bucket collects the operational complaints—overcrowding, sanitation, cafeteria/lunch scheduling, buses, construction, technology rollouts and maintenance—that affect logistics and the physical learning environment, and is kept separate from governance/favoritism, instructional variability, safety incidents, and programmatic breadth.\"",\n    \""square entries report more administrative dysfunction, inconsistency, favoritism, secrecy, and operational failures than circle entries\"": \""This bucket groups governance and leadership issues—unresponsive principals/boards, nepotism/favoritism, cover‑ups, policy inconsistency, record/IEP mishandling and punitive or opaque discipline—which are organizational/governance problems distinct from frontline instruction, safety incidents, facilities logistics, or program offerings.\""\n}""]",,50.123302936553955,26110,2240,2738,,[],['resp_0ebc8b8c429188b4006a7257306d40819eb19f451b7afa1efe'],True
vote|reduce1|21|5,"[""{\n    \""square entries report more student misconduct, bullying, substance use, and inconsistent on‑campus supervision than circle entries\"": \""This groups all raw terms describing violence, fights, gang/drug presence, bullying, bus/yard supervision failures and routine peer misbehavior into a single safety/behavior bucket that is clearly distinct from administrative governance, facilities, academic offerings, or instructional variability (it focuses on student conduct and supervision outcomes rather than leadership, physical plant, or program breadth).\"",\n    \""square entries report more administrative governance failures, favoritism/nepotism, inconsistent or punitive discipline, poor recordkeeping, and refusal-to-accommodate behaviors than circle entries\"": \""This captures the governance/decision-making, favoritism, nepotism, biased enforcement, recordkeeping/cover‑up and refusal-to-accommodate allegations from many raw items, and it remains separate from the safety/behavior bucket (which is about student incidents), the facilities bucket (which is about physical conditions), the academic-programs bucket (which is about course offerings and outcomes), and the instructional-variability bucket (which is about classroom practice and support inconsistency).\"",\n    \""Square entries describe broader and more varied advanced academic pathways and measurable college-prep offerings — but also greater variability in course quality and outcomes — than circle entries\"": \""This groups together the many detailed claims about AP/IB/dual‑enrollment/CTE pathways and concrete matriculation outcomes (and the internal access/quality contrasts) into an academics‑and‑outcomes bucket that is conceptually distinct from governance, safety, facilities, or teacher/support variability (it is about program breadth and measurable student postsecondary results).\"",\n    \""square entries report more concrete facility, sanitation, overcrowding, and resource‑allocation conditions (pest infestations, filthy bathrooms, extreme overcrowding, renovation needs, and transportation/security gaps) than circle entries\"": \""This bucket aggregates the operational/physical‑plant issues (cafeteria sanitation, mold, overcrowded halls/classrooms, busing and tech rollouts, lunch service problems and capital projects) and is distinct from governance (who runs the school), safety (student misconduct), academic program breadth, and classroom/instructional variation (teacher quality/support).\"",\n    \""square entries show greater variability and polarization in classroom instruction, student supports, and special‑education implementation than circle entries\"": \""This groups raw terms documenting sharp within‑school contrasts — some teachers going above and beyond vs. many neglectful teachers, mixed special‑education/IEP compliance, inconsistent counseling and tutoring — and is kept separate from governance/favoritism, facilities problems, student safety incidents, and the presence/scale of advanced academic programs (it focuses on uneven instructional/support practice rather than program existence or physical/administrative issues).\""\n}""]",,50.0054612159729,22937,2112,2740,,[],['resp_0739ad216ecab12e006a72573064dc819198979e7a01da38c1'],True
vote|reduce1|18|0,"[""{\n  \""square entries report more frequent and severe student-safety and discipline crises (bullying, drugs, gangs, police/armed security, hate incidents) than circle entries\"": \""This bucket groups all concrete reports of physical/psychological harm, fights, gang/drug presence, hate vandalism, weaponization/security escalations and failed emergency responses in square reviews — distinct from administrative, instructional, programmatic or extracurricular claims because it focuses on student safety incidents and on‑campus harm outcomes rather than governance, pedagogy or program breadth.\"",\n  \""square entries show greater variability and inequality in teacher quality, student support, and favoritism (toward athletes, wealthy or legacy families, and high performers) than circle entries\"": \""This bucket captures patterns about uneven teacher effectiveness, selective extra help, favoritism/nepotism/tracking and unequal access to supports (including pay‑to‑play or legacy advantages) in square reviews — distinct from 'safety' (which is about incidents) and from governance (which is about boards/principals/fiscal mismanagement) because it centers classroom‑level and student‑level inequality in everyday supports and treatment.\"",\n  \""Square entries describe more extensive formal advanced academic programs and measurable college/scholarship outcomes than circle entries\"": \""This bucket groups the many square reports of concrete advanced pathways (IB/AP/dual enrollment/CTE/magnets), test/college credit metrics, scholarship totals and alumni placement evidence — clearly separate from extracurricular/facility claims (which are about gyms/PACs/funding) and from staff/discipline themes (which concern behavior and supports).\"",\n  \""square entries show stronger and broader extracurricular/arts/athletics offerings and visible facility/investment support (and parent volunteer/fundraising engagement) than circle entries\"": \""This bucket collects square evidence of extensive clubs, award‑winning bands/teams, purpose‑built facilities (pools, PACs, tracks), booster activity and capital projects — distinct from academic-program detail (AP/IB/CTE) and from governance or staffing dysfunction because it focuses on non‑instructional program breadth and material investments and community fundraising.\"",\n  \""square entries document more administrative and governance failures, unresponsiveness, turnover, and fiscal/policy mismanagement than circle entries\"": \""This bucket aggregates square reports about unresponsive principals/boards, mishandled complaints/cover‑ups, levy/funding disputes, opaque policy changes and high staff turnover — separate from teacher‑level variability (which is about classroom practice and favoritism) and from safety or programmatic content, because it targets district/school leadership, governance, and operational/fiscal breakdowns.\""\n}""]",,50.359285831451416,26459,3200,3770,,[],['resp_00f2816ac9f5b717006a7257306c10819282c1e8c10aad355a'],True
vote|reduce1|9|1,"[""{\n    \""square entries report more frequent and severe student safety and behavior incidents (bullying, fights, drugs, weapons) than circle entries\"": \""This bucket groups all raw terms describing violence, fights, bullying, substance use, weapons, police/lockdown events, and acute student‑harm/mental‑health crises — a distinct safety/behavior cluster that is about on‑campus threats and responses (not about facilities, academics, administration, or teacher quality).\"",\n    \""square entries document broader, named advanced-academic and vocational programs and measurable college-prep outcomes more than circle entries\"": \""This bucket captures the many concrete programmatic descriptions (AP/IB/AVID/JROTC/dual‑enrollment, CTE pathways, certifications, measurable test/college metrics) — program breadth and documented outcomes distinct from staffing variability, safety incidents, facilities, or governance complaints.\"",\n    \""square entries document more administrative unresponsiveness, governance failures, favoritism, and cover‑ups than circle entries\"": \""This bucket groups reports of leadership/district failures — nepotism, favoritism, recordkeeping/scheduling cover‑ups, opaque discipline, and governance scandals — a governance/accountability theme separate from student safety, facilities, instructional variability, or academic program descriptions.\"",\n    \""square entries report more facility, hygiene, overcrowding, and material‑resource shortfalls than circle entries\"": \""This bucket aggregates concrete operational and infrastructure issues — overcrowding/portables, sanitation/pests, broken HVAC, textbook/tech access, funding tradeoffs and contested budget priorities — which are about physical and resourcing conditions distinct from administration misconduct, instructional quality, safety incidents, or program offerings.\"",\n    \""square entries show greater internal instructional polarization and uneven classroom practices than circle entries\"": \""This bucket covers variability in teacher quality, heavy homework/grade practices, scheduling/class placement errors, IEP/IEP inconsistency, tutorial/tutoring variability and polarized student experiences — an instructional/staffing‑consistency theme that is conceptually separate from facilities, governance, safety, or the presence of advanced programs.\""\n}""]",,50.42672300338745,25833,1792,2260,,[],['resp_0c05b0d9c60b7542006a7257306208819e8a062cba08ffa1ac'],True
vote|reduce1|6|2,"[""{\n    \""square entries document more frequent and severe student safety, violence, substance, and bullying incidents (with visible security responses) than circle entries\"": \""Groups all raw terms describing fights, assaults, thefts, vaping/drug epidemics, sexual incidents, routine bullying, police/hotline presence and safety crises into one concrete safety‑incidents bucket; this is distinct from funding/program, academic, governance, and student‑support themes because it focuses on student conduct and campus security outcomes rather than resources, curriculum, administration, or counseling.\"",\n    \""square entries describe stronger advanced-academic rigor, specialized pathways, and measurable college outcomes than circle entries\"": \""Collects items about AP/IB/dual‑enrollment, high test scores, scholarship/college matriculation, and rigorous program outcomes into a single academic‑pathways/college‑prep bucket; it is mutually exclusive from extracurricular/funding, safety, governance, and special‑education/support buckets because it addresses curricular rigor and measurable postsecondary results rather than program breadth, discipline, or administrative behavior.\"",\n    \""square entries report broader extracurricular breadth and competitive athletics/arts plus explicit funding/prioritization issues (including pay‑to‑play) more than circle entries\"": \""Captures clustered evidence about many clubs, award‑winning bands/athletics, booster/booster‑fundraising dynamics, pay‑to‑play costs, and facility/competition achievements into one extracurricular/funding bucket; this is separate from the advanced‑academics bucket (which focuses on courses/outcomes), the safety bucket (which focuses on incidents), the governance bucket (which focuses on leadership/fraud/favoritism at the top), and the student‑support bucket (which focuses on IEP/counseling).\"",\n    \""square entries reveal more administrative and governance dysfunction — cover‑ups, favoritism/nepotism, metric‑chasing, financial mismanagement, and punitive exclusion — than circle entries\"": \""Aggregates raw terms about opaque recordkeeping, nepotism/favoritism, budget misallocation, accreditation threats, punitive policies, and calls for wholesale restaffing into an administration/governance bucket; this is distinct from safety, extracurricular, academic‑pathway, and student‑support buckets because it centers on leadership decisions, district governance, and systemic misconduct rather than frontline programs or student services.\"",\n    \""Square entries report more systemic failures in student support services — special education/IEP/504 noncompliance, overwhelmed or ineffective guidance/counseling, and mental‑health neglect — than circle entries\"": \""Groups all detailed accounts of IEP/504 mishandling, counselor shortages/unavailability, inconsistent special‑education outcomes, and parents forced to advocate or litigate into one student‑support services bucket; it does not overlap the governance bucket (which is about leadership/fraud/politics), the safety bucket (which is incidents/violence), the extracurricular/funding bucket (which is program breadth and money), or the advanced‑academics bucket (which is curricular rigor and college outcomes).\""\n}""]",,50.692107915878296,26495,2112,2784,,[],['resp_06dea7054ff21a6a006a7257301404819d897bac58d9b26a77'],True
vote|reduce1|24|1,"[""{\n    \""square entries report more frequent and severe student safety and behavioral incidents than circle entries (bullying, fights, drugs, gang activity, sexual misconduct)\"": \""Groups all raw items about on‑campus harm and disruptive student behavior (fights, drugs, sexual coercion, police/lockdowns, pervasive bullying and vaping) — a discrete dimension of school climate focused on immediate physical/psychological safety, distinct from leadership, facilities, academic programs, or student‑support service issues.\"",\n    \""square entries document broader and more numerous structured academic/extra‑curricular pathways and formal college‑prep programs than circle entries\"": \""Collects raw items describing AP/IB/dual‑enrollment, magnet/vocational tracks, award‑winning teams and extensive club/arts/athletics offerings and measurable college outcomes — a programmatic/offerings dimension separate from safety, facilities, administration, or counseling support.\"",\n    \""square entries contain more allegations of administrative/staff misconduct, favoritism, and leadership instability than circle entries\"": \""Groups reports of nepotism, arbitrary or punitive discipline, cover‑ups, leadership turnover, corrupt governance and politicized policy implementation — an accountability/governance theme that is about actors and decision‑making, not directly about facilities, student safety incidents, academic breadth, or counseling services.\"",\n    \""square entries describe more acute facility/scale and resource trade‑offs — overcrowding, construction disruption, budget cuts, fees, and athletics‑over‑academics decisions — than circle entries\"": \""Captures concrete operational and capital/resource items (overcrowding, pests/mold, outdated labs, parking/transport barriers, contested spending priorities and visible capital projects) — an infrastructure/resourcing axis that is materially different from program offerings, safety incidents, administrative misconduct, or student‑support delivery.\"",\n    \""Square entries provide more concrete accounts of counseling, special‑education supports, alternative programs and individualized interventions (including both successes and failures) than circle entries\"": \""Groups IEP/504/special‑ed compliance, counselor responsiveness, mental‑health support, tutoring, alternative placements and dropout‑prevention details — a student‑support/services dimension distinct from safety incidents, academic program breadth, facilities, or governance/favoritism issues.\""\n}""]",,51.048049211502075,26214,3136,3635,,[],['resp_0ecc9fd2e6feaf1a006a7257306e1c81a1b1b98e186d1679b2'],True
vote|reduce1|16|5,"[""{\n    \""square entries report more administrative dysfunction, unresponsiveness, and misconduct (including nepotism, deceptive practices, and punitive parent responses) than circle entries\"": \""Groups concrete governance and staff-behavior complaints (nepotism, retaliation, dishonest funding/attendance practices, unresponsive principals/counselors) that concern how the school is run and how complaints are handled—this is distinct from safety incidents, facilities problems, program breadth, or academic-program claims.\"",\n    \""square entries report more frequent and severe student-safety, violence, and on-campus substance incidents than circle entries\"": \""Aggregates the many concrete reports of fights, gangs, drug dealing/use, sexual misconduct, threats, and pervasive bullying that affect day‑to‑day student safety—clearly separate from administrative misconduct, facility descriptions, academic program offerings, or extracurricular breadth.\"",\n    \""square entries emphasize stronger academic rigor, breadth, and measurable college‑preparation outcomes than circle entries\"": \""Captures the repeated, concrete claims about AP/IB/honors/dual‑enrollment/STEM pathways and measurable college outcomes (test scores, scholarships, matriculation) that describe curricular strength rather than facility, safety, admin, or extracurricular realities.\"",\n    \""square entries contain more concrete facility, operational and infrastructure descriptions (both deficiencies and capital investments) than circle entries\"": \""Collects detailed, on‑site operational reports (overcrowding, sanitation, renovations, transportation, scheduling/registration breakdowns, capital projects) that are about physical and logistic conditions rather than safety incidents, governance behavior, curricular offerings, or extracurricular scope.\"",\n    \""Square entries report stronger multigenerational community/alumni engagement and broader extracurricular/athletics offerings (and corresponding prioritization/favoritism) than Circle entries\"": \""Groups descriptions of extensive extracurricular ecosystems, marching band/arts/sports prestige, booster/alumni involvement and related resource‑prioritization concerns—focused on program breadth and community engagement rather than admin misconduct, campus safety, facilities logistics, or academic rigor.\""\n}""]",,51.26911401748657,22883,2624,3086,,[],['resp_054f89b73da1032f006a72573088f481a2affb022f93eaa537'],True
vote|reduce1|7|5,"[""{\n    \""Square entries report more frequent, severe, and concretely described student safety/behavior incidents and disorder than circle entries\"": \""This bucket captures the many square reports of bullying, fights, suicidality, sexual misconduct, weapon incidents, drug/vaping problems and mental‑health crises—distinctly about student safety/behavioral harm rather than administration, programs, or facilities, so it remains separate from governance, programmatic, and operational buckets.\"",\n    \""square entries document more administrative dysfunction, favoritism, policy instability, gatekeeping, retaliation, and district cover‑ups than circle entries\"": \""This cluster groups square accounts of leadership failure, nepotism/favoritism, cover‑ups, punitive or arbitrary discipline, IEP/placement gatekeeping and lawsuit/governance conflict—focused on governance and personnel conduct rather than student incidents, curricular breadth, extracurricular scale, or physical/logistical problems.\"",\n    \""square entries report more explicit, formal advanced‑academics and measurable college‑preparation pathways (AP/IB, dual‑credit, partnerships, documented college outcomes) than circle entries\"": \""This bucket groups square descriptions of AP/IB/honors, dual‑enrollment, magnet/STEM/CTE pathways and concrete alumni/college outcomes—a programmatic/academic‑offerings theme that is conceptually distinct from extracurricular breadth, safety incidents, administrative misconduct, or facilities logistics.\"",\n    \""square entries report broader and higher‑level extracurricular breadth (arts, band, FFA, JROTC, competitive teams) but also more extracurricular‑linked inequities (athlete favoritism, pay‑to‑play fees, unequal enforcement) than circle entries\"": \""This captures squares' repeated notes about large-scale arts/athletics/band/club ecosystems, booster/community pride and competitive wins while also documenting favoritism and pay‑to‑play problems—clearly about extracurricular scale and related inequities, not about academics, governance, or building operations.\"",\n    \""square entries report greater operational/facility/funding constraints and logistical rigidity (budget cuts, facility disrepair or renovation swings, overcrowding, scheduling inflexibility, staffing shortages, problematic tech rollouts) than circle entries\"": \""This bucket groups square accounts of toilets/food/HVAC issues, overcrowding, budget-driven cuts/renovations, scheduling/scheduling block complaints, counseling caseloads and tech rollouts—concrete physical and logistical resource problems that are operationally distinct from safety incidents, governance failures, program offerings, or extracurricular dynamics.\""\n}""]",,51.52863597869873,22814,2240,2793,,[],['resp_0f79be90560c7895006a7257303b748191b1d99b1ae9cdbe7d'],True
vote|reduce1|1|3,"[""{\n    \""square entries report more administrative dysfunction, turnover, poor recordkeeping, and accountability failures than circle entries\"": \""This bucket captures governance/leadership problems (turnover, covering-up, bad recordkeeping, unresponsive front office) that are about how the school is run and is distinct from staff instructional quality, student safety incidents, facility/resource issues, or program breadth.\"",\n    \""square entries report more frequent and severe student safety, bullying, substance‑use, and on‑campus illicit activity than circle entries\"": \""This groups concrete reports of fights, assaults, pervasive bullying, drugs/vaping, sexual misconduct, and policing/security events—purely behavioral/safety incidents and incident-response failures that are conceptually separate from administrative governance, instructional quality, facilities/funding, or program offerings.\"",\n    \""square entries report stronger and broader advanced academic, vocational, and college‑preparatory programs and measurable outcomes than circle entries\"": \""This bucket collects claims about AP/IB/dual‑enrollment/magnet/CTE/robotics/STEM/college placements and measurable academic accomplishments—programmatic strength and outcomes that are programmatic/curricular in nature and not the same as staffing misbehavior, safety problems, or facilities/logistics.\"",\n    \""square entries report more visible facility, funding, and operational contradictions (both recent capital/tech investments and chronic neglect, pest/health issues, food/transportation problems, contested budgeting and staffing shortfalls) than circle entries\"": \""This groups concrete, operational resource and infrastructure realities (new buildings vs falling ceilings, HVAC/mold, overcrowding, bus/parking logistics, budget cuts and booster funding disputes) that concern physical and fiscal capacity rather than programs, staff conduct, or student safety incidents.\"",\n    \""Square entries report more systemic failures in student support services — special‑education/IEP/504 noncompliance, overwhelmed or ineffective guidance/counseling, and mental‑health neglect — than circle entries\"": \""This bucket captures the distinct set of failures and successes around individualized student supports (IEP breakdowns, counselor overload, mental‑health and remediation supports) which is about service delivery to vulnerable students and is separate from overall administrative governance, facility/resource problems, safety incidents, or advanced-program breadth.\""\n}""]",,52.00785160064697,26638,2688,3208,,[],['resp_0783ca676572ca3f006a72572fdb58819dbf87f843a0b3215e'],True
vote|reduce1|13|3,"[""{\n    \""square entries report more advanced/specialized academic programs and measurable college outcomes than circle entries\"": \""Groups all raw terms that document named AP/IB/dual‑enrollment/CTE tracks, test scores, scholarships and concrete college matriculation—this is about programmatic academic offerings and post‑secondary outcomes (not about safety, facilities, governance, or intra‑staff variability), so it is mutually exclusive from the other buckets which focus on behavior, operations, staff heterogeneity, or small‑school community traits.\"",\n    \""square entries report more frequent student safety, bullying, fights, drug use, and violent‑incident problems than circle entries\"": \""Captures the cluster of concrete on‑campus safety and student‑behavior incidents (bullying, fights, weapons, substance use, police/lockdowns) and failures to respond, which is a distinct dimension of campus climate separate from curricular breadth, administrative governance/favoritism, staffing variability/special‑ed support, or the small‑school community features emphasized by circle entries.\"",\n    \""square entries report more administrative instability, favoritism, punitive/exclusionary discipline, and managerial mismanagement than circle entries\"": \""Groups reports about school‑ or district‑level governance failures—board politics, nepotism, selective/enforced discipline, cover‑ups, recordkeeping and policy mismanagement—which concern managerial decisions and power dynamics rather than the classroom instructional variability, physical facilities, or student‑safety incidents covered in other buckets.\"",\n    \""Square entries show greater within‑school variability and contradictory reports about teacher effectiveness, special‑education services, and student supports than circle entries\"": \""Collects the many accounts of polarized teacher quality, mixed evidence of strong vs failing special‑education/counseling supports, and the need for self‑advocacy—an intra‑school operational and instructional heterogeneity category that is conceptually distinct from system‑level governance, facility/logistics problems, safety incidents, or programmatic college‑prep breadth.\"",\n    \""circle entries describe more consistently small‑school community cohesion, approachable leadership and steady student support than square entries\"": \""Groups circle’s recurring descriptions of a smaller, family‑like campus, approachable administrators and consistently available teachers/counselors—this is the mirror pattern to the square variability and governance/safety problems and is distinct because it describes stable community scale and relational support rather than programs, facilities, discipline, or staff heterogeneity.\""\n}""]",,52.18780708312988,26497,1920,2425,,[],['resp_0fb8f0f7206bdbee006a725730cc648191ad92285aea89f51e'],True
vote|reduce1|7|3,"[""{\n    \""square entries report more frequent and severe student safety and misconduct incidents (bullying, fights, drugs, assaults, gang activity, threats, lockdowns) than circle entries\"": \""Groups the many raw items describing on‑campus violence, bullying, drug/vaping culture, suicides/attempts, police/media involvement and routine fights into a single safety/behavior bucket; this is distinct from administrative failures, facilities problems, equity concerns, or academic-program descriptions because it focuses on student conduct and immediate physical/psychological harm rather than governance, resources, or curricular offerings.\"",\n    \""square entries report more administrative, counseling, and operational failures or unpredictability (rude front office, unhelpful/overworked counselors, miscommunication, transportation/recording errors) than circle entries\"": \""Captures disparate raw terms about unresponsive/rude offices, broken parent communication systems, counselor/IEP mishandling, scheduling/grade‑portal breakdowns and transport issues into one operations/governance‑service bucket; it is separate from safety (student incidents), equity (targeted favoritism or discrimination), facilities (physical overcrowding/maintenance), and academic program richness because it centers on day‑to‑day administrative/service reliability and procedural breakdowns.\"",\n    \""Square entries detail more concrete advanced academic and career programs and measurable outcomes (AP/IB, dual‑enrollment, CTE, test scores, college acceptances) than circle entries\"": \""Groups all raw items that enumerate AP/IB/STEM/CTE/dual‑credit pathways, honors tracking, credit recovery, counselors' college support, and measurable postsecondary outcomes into a single programmatic/college‑prep bucket; this focuses on curricular offerings and outcomes rather than safety, operational failures, facility constraints, or equity/favoritism issues.\"",\n    \""square entries describe more persistent facility, resource and operational shortfalls (overcrowding, maintenance, scheduling, and logistics) than circle entries\"": \""Collects raw terms about overcrowding, construction disruptions, cleanliness, cafeteria/food complaints, inadequate materials, trailers, and scheduling/registration failures into a facilities/resources bucket; this is distinct from administrative/service failures (which are about communication and staff responsiveness), safety incidents (student misconduct), equity exclusions, and academic program descriptions.\"",\n    \""square entries surface more explicit equity, accommodation, and favoritism problems and structural social divides than circle entries\"": \""Groups raw items about racial/religious/LGBTQ exclusion, special‑education/IEP noncompliance, athlete/NJHS favoritism, pay‑to‑play fundraising, and tracking‑based marginalization into an equity/fairness bucket; this is separate from safety (violence/substance incidents), administration/operations (process and communication breakdowns), facilities (physical conditions), and academic program breadth (availability of AP/IB/CTE).\""\n}""]",,52.55385184288025,26292,1856,2494,,[],['resp_0108117452c4a695006a72573a44e08192bbbd4811fc72913b'],True
vote|reduce1|4|5,"[""{\n    \""square entries report more concrete advanced academic pathways and measurable postsecondary outcomes (AP/IB/honors, dual‑enrollment, magnets, college placement, test‑score claims) than circle entries\"": \""This groups all comments describing named AP/IB/dual‑credit/academy pathways and explicit college/test outcomes (e.g., AP classes, IB diplomas, dual enrollment, rankings, alumni college placements); it is distinct from the other buckets because it focuses strictly on formal academic programs and measurable student outcomes rather than safety, facilities, administration, or extracurricular/booster dynamics.\"",\n    \""square entries report more administrative dysfunction, favoritism, turnover, and governance failures than circle entries\"": \""This captures complaints about leadership, nepotism/favoritism, board/district governance, recordkeeping/refusal‑to‑respond, and staff turnover; it is mutually exclusive because it addresses governance and personnel-policy failures rather than student safety incidents, physical resources, program breadth, or academic program content.\"",\n    \""square entries report more frequent and severe student safety, bullying, substance use, and unaddressed violence than circle entries\"": \""This bucket groups all reports of fights, gangs, weapons, drug culture, assaults, targeted bullying, police interventions, and failures to remediate those incidents; it is exclusive from others because it targets safety/discipline/substance events and responses, not program offerings, facilities logistics, or governance/process complaints.\"",\n    \""square entries provide more concrete operational facility, resource, and logistical detail and report more overcrowding, maintenance, and communication failures than circle entries\"": \""This collects items about overcrowding, pest/cleanliness, HVAC/utility failures, textbook/technology shortages, bus/traffic/parking problems, and poor school‑to‑parent communications; it is separate from governance (which is about leaders/policy), safety (which is about incidents), academics (programs/outcomes), and extracurricular/booster emphasis (which is about community investment and program prominence).\"",\n    \""square entries emphasize broader extracurricular ecosystems, active booster/parent engagement, and facility/funding investments (often with athletics priority) more than circle entries\"": \""This groups mentions of extensive clubs/teams/marching band/boosters/ROTC/arts facilities, strong school spirit, and contested funding decisions prioritizing athletics/boosters; it is mutually exclusive because it centers on extracurricular breadth, community/booster involvement and prioritization rather than academic program detail, operational failures, safety incidents, or governance dysfunction.\""\n}""]",,52.604936838150024,22835,2048,2597,,[],['resp_043c11595855c1c3006a72572ff24081a2bec3e77989fa3b5a'],True
vote|reduce1|17|5,"[""{\n    \""square entries report more frequent and severe student safety, substance‑abuse, violence, and bullying incidents than circle entries\"": \""This groups reviews documenting fights, assaults, bomb threats, drug activity, pervasive bullying, sexual incidents and policing/search practices into one safety‑focused bucket; it is distinct from governance, facilities, program offerings or extracurricular resource debates because it centers on student misconduct and immediate physical/psychological harm rather than administrative policy, infrastructure, or curricular breadth.\"",\n    \""square entries describe substantially broader formal advanced/magnet/STEM/AP/IB/CTE academic programs and clearer college-prep pathways — but also stronger intra-school academic tracking and stratification between advanced and regular courses — more than circle entries\"": \""This captures all mentions of named magnet/AP/IB/CTE/dual‑credit offerings, measurable college outcomes, and the resulting tracking/stratification dynamics; it is mutually exclusive from safety, governance, facilities, or extracurricular‑funding buckets because it is specifically about formal academic program structure and student academic pathways/outcomes.\"",\n    \""Square entries report more administrative and governance dysfunction, biased enforcement, poor communication and politicized favoritism (cover‑ups, selective discipline, parent‑influence) than circle entries\"": \""This groups reports of nepotism, selective or punitive discipline, administrative unresponsiveness, cover‑ups, and staff misconduct under governance failures; it is separate from safety (student incidents), programmatic offerings, infrastructure problems, and extracurricular resource debates because its focus is on leadership, policy, and personnel fairness/accountability.\"",\n    \""square entries report more acute operational resource, facility, capacity and enforcement issues (overcrowding, sanitation, supply shortages, punitive security/policy practices) than circle entries\"": \""This bucket collects complaints about physical plant, overcrowding/portables, HVAC/health hazards, lunch/locker/scheduling logistics, tech/portal breakdowns and day‑to‑day operational disruptions; it is distinct from safety (violent incidents), governance (policy/favoritism), curricular offerings, and extracurricular resource allocation because it addresses infrastructure and daily operational capacity.\"",\n    \""square entries report broader and more contested extracurricular ecosystems and resource prioritization—both strong arts/athletics and complaints of athletics favoritism and pay‑to‑play—than circle entries\"": \""This groups accounts of wide extracurricular/arts/athletics offerings, booster/community fundraising, high‑profile teams, and simultaneous complaints about athletics‑first spending, pay‑to‑play and access barriers; it is mutually exclusive from the academic‑programs bucket (which is curricular/college‑prep), the governance bucket (which is about administration fairness), the safety bucket, and the facilities bucket because it specifically concerns extra‑curricular breadth and contested resource prioritization.\""\n}""]",,52.82876706123352,23075,1984,2556,,[],['resp_03f03796639a76a8006a72573062d881a3ab642dca75301af5'],True
vote|reduce1|3|2,"[""{\n    \""square entries report more administrative dysfunction, favoritism, and operational failures than circle entries\"": \""Many raw items document poor governance (coverups, opaque policy, favoritism, punitive transfers, board protection, staff bloat and turnover) — this bucket captures systemic leadership/governance failures and is distinct from safety, facilities, academic program, and student‑support buckets which address other institutional domains.\"",\n    \""square entries report more safety, bullying, substance‑use, and race/harassment incidents and ineffective disciplinary responses than circle entries\"": \""A large cluster of raw items describe fights, drugs, targeted harassment (LGBTQ+/racial), unaddressed violence and mishandled victimization — this safety/discipline cluster is about student harm and enforcement failures and is kept separate from administrative governance, program richness, facilities/logistics, and special‑education/service issues.\"",\n    \""square entries contain more concrete operational, facility, and procedural detail (maintenance, overcrowding, scheduling, grading/record mishandling, transportation, security infrastructure, and technology rollouts) than circle entries\"": \""Many reviews give explicit, named operational and physical issues (mold, overcrowding, HVAC, trailets, lost grades, busing, bathroom locking, scheduling/meal line failures); this logistical/facility bucket is focused on physical infrastructure and processes, not leadership intent, safety incidents, curricular offerings, or individualized student supports.\"",\n    \""square entries document more advanced/rigorous specialized academic programs and measurable college/test outcomes (AP/IB/dual‑enrollment/CTE and honors) than circle entries\"": \""A coherent group of entries report formal advanced pathways (IB, AP, dual‑credit, CTE, measurable college placements, awards, STEM/CTE labs) — this program/outcomes bucket isolates curricular breadth and college‑prep evidence distinct from facility, safety, governance, or special‑education topics.\"",\n    \""square entries report more systemic failures and inconsistency in individualized student supports (special education, IEP/504 enforcement, guidance/counseling and mental‑health services) than circle entries\"": \""Multiple raw terms specifically call out IEP noncompliance, counselor favoritism/insufficiency, remediation variability and inconsistent accommodations — this focused student‑support bucket is about individualized services and counseling, separate from the broader administrative, safety, facility, or advanced‑program themes.\""\n}""]",,53.02190899848938,26560,3648,4193,,[],['resp_0d148101afd8bda8006a72572fe0dc81a1884a80ca1a420b0f'],True
vote|reduce1|7|2,"[""{\n    \""square entries report more frequent and severe student safety, bullying, substance and violence incidents than circle entries\"": \""This groups all reports of fights, gangs, drug/alcohol use, bullying, assaults, vaping, and police/security incidents into a single safety/behavior category distinct from facilities, administration, academics, or supports (so it does not overlap with resource or governance buckets).\"",\n    \""square entries report more tangible facility, capacity, and operational shortfalls (overcrowding, outdated/unsanitary buildings, lack of buses/tutoring, broken equipment) than circle entries\"": \""This captures infrastructure, overcrowding, sanitation, scheduling/transport, and maintenance/resource logistics complaints as an operational/facilities cluster separate from safety incidents, administrative favoritism, academic program descriptions, or student‑support service issues.\"",\n    \""square entries describe more administrative dysfunction, favoritism/nepotism, unequal discipline, and unresponsiveness than circle entries\"": \""This groups governance problems—leadership turnover, favoritism (athlete/wealth protection), cover‑ups, opaque fiscal choices, and poor parent communication—distinct from physical facility problems, student safety incidents, academic program breadth, or counseling/special‑education delivery.\"",\n    \""square entries document more concrete advanced-academic, career, and measurable postsecondary outcomes than circle entries\"": \""This bucket collects descriptions of formal AP/IB/dual‑enrollment/magnet/CTE pathways, measurable college credits/rankings/elite matriculations and scholarship outcomes and is kept separate from teacher/support variability, facilities, and discipline/governance issues.\"",\n    \""Square entries report more concrete student support services and programmatic interventions—(counseling, guidance, special education, tutoring, credit‑recovery, internships, dropout prevention)—including both documented successes and failures, than circle entries\"": \""This focuses specifically on counseling, IEP/504/special‑education practice, mental‑health supports, tutoring and remediation programs (and their variable performance), keeping student‑support program detail distinct from administrative governance, safety, facilities, or advanced‑academics descriptions.\""\n}""]",,53.317326068878174,26251,2816,3286,,[],['resp_00f5cd39bfaa3039006a7257303564819fbc3e7784c092444b'],True
vote|reduce1|2|2,"[""{\n    \""square entries report more frequent and severe student safety and discipline incidents (bullying, fights, sexual harassment, riots, policing) than circle entries\"": \""Many raw items describe concrete violence, drug use, sexual harassment, police presence, suicides and unchecked bullying in square reviews — a clear safety/discipline cluster that is about on‑campus incidents and enforcement (distinct from administration, facilities, academics or extracurricular programming).\"",\n    \""square entries report more tangible facility, operational and resource problems (and budget/implementation disruptions) than circle entries\"": \""Numerous raw terms document overcrowding, trailers, pest/cleanliness issues, long bus rides, food/mealtime failures, tech rollouts and funding cuts in square reviews — a facilities/operations/resource cluster that is operationally focused and not the same as teacher quality, safety incidents, or program breadth.\"",\n    \""square entries report more extensive advanced-academic and college-prep programming and measurable outcomes than circle entries\"": \""A large set of square items lists AP/IB/dual‑enrollment, honors, academies, measurable college placements, and scholarship outcomes — an academic-programming and outcome cluster distinct from classroom management, safety, or facilities concerns.\"",\n    \""square entries report more granular staffing and student‑support variability (teacher competence, turnover, counseling/special‑ed supports) than circle entries\"": \""Many raw entries about square schools describe uneven teacher quality, counseling and IEP/504 failures, special‑education mishandling, and variable staff responsiveness — a personnel/supports cluster that centers on who provides services and how consistently, separate from governance/facilities/program breadth.\"",\n    \""square entries describe broader, higher-profile extracurricular, arts, CTE and competitive program breadth and achievements (band, music, FFA/ROTC, vocational labs, awards) than circle entries\"": \""Numerous square reviews enumerate award‑winning band, drama, JROTC, vocational labs, athletics championships and many named clubs — an extracurricular/arts/CTE breadth cluster focused on program variety and public achievements, which is conceptually different from academics, safety, operations, or staffing variability.\""\n}""]",,54.035337924957275,26541,2560,3042,,[],['resp_0105c551b627d69a006a72572fdb80819f9c9507d433dbe334'],True
vote|reduce1|16|0,"[""{\n    \""Square entries document more administrative unresponsiveness, punitive or arbitrary discipline, favoritism, and governance failures than circle entries\"": \""This bucket groups items about leadership/board behavior, opaque decision‑making, coverups, record‑keeping scandals, nepotism and deliberate nonresponsiveness — distinct from facility, classroom, safety, or programmatic issues because it centers on governance and punitive policy choices rather than operational resources, student behavior, or curricular offerings.\"",\n    \""Square entries report more frequent, severe, and systemic student safety and behavior problems (fighting, gangs, drugs, hazing, pervasive bullying) and related crisis responses than circle entries\"": \""This bucket captures the cluster of concrete student‑safety incidents (drugs, daily fights, assaults, police/searches, racial/homophobic harassment and bullying) and crisis responses, which is thematically separate from administrative governance, physical resources, curricular breadth, or teacher/instructional variability.\"",\n    \""square entries report more concrete facility/resource and capacity issues, capital projects, and contested funding allocations than circle entries\"": \""This bucket groups complaints and praise tied to the material estate and resourcing of schools (overcrowding, HVAC/pest/food problems, recent capital projects, contested spending and booster funding) and is mutually exclusive because it concerns built environment and budgeting rather than safety incidents, governance culture, or curricular/staff practices.\"",\n    \""Square entries document more formal advanced academic programs and measurable college‑prep outcomes (AP/IB/dual enrollment, test rankings, college credits/scholarships) than circle entries\"": \""This bucket gathers descriptions of named advanced pathways, CTE/ROTC/vocational offerings, AP/IB/dual‑credit counts, test scores and scholarship/college placement evidence, which is a programmatic/outcome axis distinct from safety, facilities, governance, or daily instructional support.\"",\n    \""square entries report inconsistent or problematic staff performance and student‑support practices (teacher incompetence/favoritism, grade/assessment practices, and guidance/special‑education failures) than circle entries\"": \""This bucket groups teacher/classroom quality variability, grading/credit/portal problems, counseling/IEP implementation and frontline support (both praised and criticized) — a people-and-practice category focused on instructional and student‑support execution that is separate from governance, facilities, student‑safety incidents, or curricular program availability.\""\n}""]",,54.10079288482666,26655,3456,4007,,[],['resp_08502354dc5c784f006a72573070588192ad0b6d4013b7f3b0'],True
vote|reduce1|5|1,"[""{\n    \""square entries report more systemic administrative and guidance failures (recordkeeping, scheduling, counselor support, and graduation barriers) than circle entries\"": \""Captures operational and governance weaknesses (lost transcripts, scheduling churn, counselor/IEP mismanagement and graduation/credit disputes) that are about school administration and paperwork — distinct from physical facilities, student-safety incidents, curricular offerings, or extracurricular scope.\"",\n    \""square entries report more frequent safety/behavior crises, unresolved bullying, substance use, fighting and uneven or biased discipline than circle entries\"": \""Groups all incident- and behavior‑related problems (bullying, daily fights, lockdowns, drugs, suicidality and inadequate incident response) focusing on student safety and conduct rather than administrative recordkeeping, facilities, program breadth, or academic offerings.\"",\n    \""square entries report more facility, maintenance, overcrowding, and instructional resource shortages than circle entries\"": \""Groups concrete physical and operational resource problems (sanitation, pests, overcrowded halls, broken HVAC/water/tech, textbook/asbestos crises) that affect daily functioning and are separate from governance failures, safety incidents, curricular rigor, or extracurricular richness.\"",\n    \""square entries report substantially stronger and more concretely-documented advanced academic offerings and measurable college outcomes than circle entries\"": \""Captures formal academic-program depth and outcomes (AP/IB/dual‑credit/academies, high test scores, alumni matriculation and scholarships) — a programmatic/achievement axis that is conceptually distinct from facilities, safety, admin processes, or extracurricular ecosystems.\"",\n    \""square entries report broader and stronger extracurricular, athletics, and arts programs and community support than circle entries\"": \""Groups breadth and prominence of out‑of‑class offerings and booster/community engagement (band, orchestra, sports, state competitions, many clubs) and related resource/prioritization debates, which are about extracurricular scale and community ties rather than administration, physical plant, safety incidents, or pure academic rigor.\""\n}""]",,54.881625175476074,26183,3456,3876,,[],['resp_0a00725ce0d5ad15006a72573013e8819da604b36f8b42a4b0'],True
vote|reduce1|8|3,"[""{\n    \""square entries report more acute facility, capacity and maintenance problems than circle entries\"": \""Groups many raw terms about overcrowding, dilapidated/unsanitary buildings, restroom/cleaning shortages, bus/transport cuts and capital projects into a single physical‑plant/operational resources bucket that is distinct from pedagogy, safety, governance, or special‑education issues.\"",\n    \""square entries describe a much broader, more formalized set of advanced academic pathways and high‑achievement extracurricular programs (IB/AP/magnet/STEM/business academies, state/national awards, vocational pathways) than circle entries\"": \""Captures the cluster of concrete programmatic strengths (AP/IB/dual‑enrollment, vocational/CTE, awards, scholarship and college outcomes, named programs/clubs) and keeps program breadth/outcomes separate from facility, safety, administrative, or special‑education themes.\"",\n    \""square entries report more frequent and severe student safety, disciplinary, and peer‑misconduct problems (bullying, gangs, drugs, fights, sexual harassment) than circle entries\"": \""Groups all accounts of violence, gangs, drugs, routine bullying, threats, bus‑incidents and police/security interventions into a focused safety/behavior bucket that does not conflate with facilities, instructional quality, governance, or individualized supports.\"",\n    \""square entries report more concrete administrative/governance and operational policy failures (communication, counseling, punitive or politicized policies, and resource allocation) than circle entries\"": \""Aggregates reports of unresponsiveness, opaque recordkeeping, favoritism/nepotism, punitive discipline practices, fiscal/board controversies and scheduling/communication breakdowns into a governance/management bucket distinct from physical plant, special‑education compliance, safety, or program offerings.\"",\n    \""square entries report more systemic special‑education and accommodation failures (IEP/504 noncompliance, exclusion from honors, aide misuse) than circle entries\"": \""Collects all IEP/504, special‑education identification/placement, accommodation, counseling and targeted mental‑health support successes/failures into a dedicated individualized‑support bucket so these vulnerable‑student issues are not conflated with general administration, facilities, safety, or advanced academics.\""\n}""]",,55.00296187400818,26159,2240,2712,,[],['resp_00cb0747f5421f9f006a72573052f081a196f6a37be7afcd0d'],True
vote|reduce1|7|0,"[""{\n    \""Square entries report more pervasive student safety and discipline problems (bullying, frequent fights, drugs, lockdowns, sexual misconduct) than circle entries\"": \""This bucket groups all concrete reports of on‑campus violence, bullying, substance use, arrests, searches, and punitive safety policies (e.g., metal detectors, bathroom bans) — a distinct domain of student conduct and immediate physical/psychological safety that is separable from facility/operational, curricular, administrative, or extracurricular topics.\"",\n    \""square entries report more administrative and staff unprofessionalism, favoritism, secrecy, and poor responsiveness than circle entries\"": \""This bucket captures allegations about governance and personnel conduct (nepotism, favoritism, cover‑ups, unprofessional staff behavior, ignored complaints, poor parent communication), which are about decision‑making, ethics and accountability and are conceptually distinct from student safety incidents, physical facilities, curricular offerings, or extracurricular breadth.\"",\n    \""Square entries document far more concrete academic programs, advanced-course/CTE pathways, and measurable post‑secondary outcomes than Circle entries\"": \""This bucket collects concrete, named academic pathways and measurable outcomes (IB/AP/dual‑credit, CTE certifications, scholarship totals, college matriculation) — an instructional/programming dimension that is separate from discipline, governance, facilities, or extracurricular ecosystems.\"",\n    \""square entries portray wider extracurricular breadth but also stronger athletics dominance and resource prioritization (with associated favoritism) than circle entries\"": \""This bucket groups accounts of the scope and prominence of arts/athletics/CTE/boosters plus complaints about athletics‑first spending, pay‑to‑play and athlete favoritism — focusing on program breadth and resource prioritization rather than academic rigor, facility mechanics, or administrative misconduct per se.\"",\n    \""square entries contain more concrete facility, capacity, hygiene, and district-level technology/resource details than circle entries\"": \""This bucket consolidates operational and infrastructure evidence (overcrowding, portables, A/C/heat, cockroaches, cafeteria/lunch timing, library staffing, construction projects, tech rollouts, grading/record mishandling) — material, logistical problems distinct from personnel misconduct, curricular pathways, student safety incidents, or extracurricular prominence.\""\n}""]",,55.31214427947998,26364,3456,3974,,[],['resp_0667f5a26ecfa8a3006a7257305dfc81a38b2aa3896f32bc03'],True
vote|reduce1|14|2,"[""{\n    \""square entries report greater administrative and district‑level dysfunction, politicization, secrecy, favoritism/nepotism, budget shortfalls, and failures to investigate or act than circle entries\"": \""This bucket captures governance, leadership and policy breakdowns (cover‑ups, nepotism, opaque decisions, fiscal/policy mismanagement) that are organizational in origin and distinct from on‑the‑ground safety, programmatic, facility, or special‑education issues listed below.\"",\n    \""square entries report more pervasive student safety and behavior problems — bullying, fights, gang/drug presence, assaults — (often described as daily or routine) than circle entries\"": \""This bucket groups recurrent, acute student‑safety and misconduct incidents (violence, gangs, drugs, suicides, lockdowns, pervasive bullying) that are behavioral/safety phenomena and separate from governance failures, facilities/resource constraints, academic programming, or special‑education equity concerns.\"",\n    \""square entries document broader and more measurable advanced academic, vocational, and postsecondary programs/outcomes than circle entries\"": \""This bucket collects concrete programmatic strengths and measurable college‑prep outcomes (AP/IB/dual‑credit/CTE/academies, scholarship/college matriculation data) that describe the school’s curricular pathways and results, not its safety, governance, facility, or special‑education practices.\"",\n    \""square entries report more facility, maintenance, overcrowding, and instructional resource shortages than circle entries\"": \""This bucket covers physical‑plant, operational and resourcing problems (overcrowding, sanitation, cafeteria/food service, broken bathrooms, tech distribution/misuse, scheduling logistics) which are distinct infrastructural constraints rather than governance misconduct, student safety events, programmatic offerings, or special‑education/equity disputes.\"",\n    \""square entries report more pronounced special‑education, inclusion, language‑diversity and equity problems (and also conflicting accounts of strong supports) than circle entries\"": \""This bucket groups IEP/504/counseling, inclusion practices, language‑access and equity/harassment claims (both positive and negative accounts) that specifically concern vulnerable‑student supports and discriminatory treatment, and is kept separate from general governance, safety incidents, facility problems, or advanced‑program descriptions.\""\n}""]",,56.766361713409424,26002,2496,3007,,[],['resp_0f12498f7509cabb006a7257305148819ca62808f65abd69a9'],True
vote|reduce1|4|0,"[""{\n    \""Square entries report more frequent and serious student-safety incidents (fights, threats, drugs, sexual violence) and visible police/security involvement than circle entries\"": \""Groups together all reports of on-campus danger—fights, weapons, drug/gang activity, sexual assaults, suicidality, police/K9/security responses and failed supervision—which is distinct from governance, curriculum, facilities or extracurricular offerings and captures the raw items about violence, substance use, weapons, and heavy security presence.\"",\n    \""square entries document more administrative unresponsiveness, governance failures, favoritism, and cover‑ups than circle entries\"": \""Clusters allegations about leadership and district-level misconduct—unreturned communications, grade/record tampering, nepotism, retaliation, opaque board/district politics and deliberate underreporting—which is organizational/governance-specific and therefore separate from frontline safety, facilities, curricular or extracurricular program descriptions.\"",\n    \""square entries report more extensive advanced academic programs and measurable college‑preparation outcomes than circle entries\"": \""Captures the concrete programmatic claims—AP/IB/honors, dual‑enrollment, vocational-to-college pathways, measurable test/college placement data and formal postsecondary outcomes—focused on curricular opportunity and outcomes rather than safety, administration, extracurricular breadth, or physical infrastructure.\"",\n    \""square entries document broader, higher‑profile extracurricular, arts, and athletic offerings and facility investments than circle entries\"": \""Groups the many reports of rich extracurricular ecosystems—bands, theatre, JROTC, many clubs, championship teams, booster fundraising and visible capital investments—emphasizing program breadth and community funding choices distinct from academic rigor, administrative behavior, safety incidents, or maintenance problems.\"",\n    \""square entries describe more acute facility, resource, and capacity problems (overcrowding, maintenance, supply shortages) than circle entries\"": \""Aggregates tangible infrastructure and resourcing complaints—unsanitary bathrooms, pests, lack of AC, overcrowded halls, schedule/logistics failures, and contested budget allocation—which are about physical capacity and upkeep and thus mutually exclusive from governance/favoritism, extracurricular program breadth, safety incidents, or curricular offerings.\""\n}""]",,57.10336995124817,26431,2752,3193,,[],['resp_04b653c0c291d3b4006a72572fe32481a3814ff02af2a3495c'],True
vote|reduce1|11|0,"[""{\n    \""square entries report more administrative and operational dysfunction (leadership turnover, policy inconsistency, poor communication, staffing instability, resource misallocation) than circle entries\"": \""This bucket groups governance- and leadership-level failures (turnover, opaque decisions, favoritism and policy flip‑flops) described repeatedly in square reviews; it is distinct from facility/process detail (facilities/overcrowding) and from frontline student supports or programs because it targets institutional governance and decision-making rather than physical resources, safety incidents, or curricular offerings.\"",\n    \""square entries report stronger and more extensive advanced academic programs and college-placement outcomes than circle entries\"": \""This bucket captures all concrete claims in square reviews about AP/IB/dual‑credit/academies, measurable college credits, Ivy/elite admits and alumni outcomes, keeping programmatic academic breadth and measurable postsecondary outcomes separate from administrative, safety, facilities, or special‑education themes.\"",\n    \""square entries report more pervasive student safety, discipline, and misconduct problems than circle entries\"": \""This bucket aggregates items about fights, gang/drug activity, weapons, repeated bullying/harassment, lockdowns and inconsistent/punitive discipline in square reviews — a clearly behavioral/safety cluster that is substantively different from governance failures, facility descriptions, academic-program depth, or special‑education/counseling issues.\"",\n    \""square entries contain more concrete operational and resource details — facilities, overcrowding, scheduling, fees, technology, and administrative/process problems — than circle entries\"": \""This bucket groups the concrete, on‑the‑ground operational descriptions in square reviews (overcrowding, pests, HVAC/cleanliness, bus/lines, scheduling/registration errors, device programs, capital projects and maintenance) and is kept separate from governance/leadership dysfunction and from clinical student‑support or safety incidents.\"",\n    \""Square entries report more systemic failures in student support services — special education/IEP/504 noncompliance, overwhelmed or ineffective guidance/counseling, and mental‑health neglect — than circle entries\"": \""This bucket consolidates all reviewer claims about special‑education noncompliance, counseling breakdowns, IEP/504 mishandling, and mental‑health or newcomer support deficits in square reviews, distinguishing targeted failures in student accommodations and counseling from broader administration, facilities, academic-program, or general safety/discipline complaints.\""\n}""]",,57.13690710067749,26264,2304,2817,,[],['resp_0b381cf5ac52a74e006a7257307744819ca1d90dc0dcc14d47'],True
vote|reduce1|12|3,"[""{\n    \""square entries report concrete resource, facility, and operational management problems and skewed budget/priorities more than circle entries\"": \""Groups many raw items about broken bathrooms, leaking ceilings, overcrowding, scheduling/busing/food-service failures, and visible budget tradeoffs (athletics vs academics); this is a facilities/operations/budget bucket distinct from safety incidents, program offerings, counseling/IEP disputes, or perceived school climate.\"",\n    \""square entries report far more frequent and severe student-safety, discipline, and punitive‑enforcement incidents than circle entries\"": \""Captures the cluster of weapon incidents, fights, stabbings, pervasive bullying, substance use, lockdowns and punitive/over‑criminalized discipline claims — a behavioral/safety/discipline theme that is separate from facility problems, program breadth, special‑education/counseling issues, or overall staff culture.\"",\n    \""circle entries portray a more consistently caring, professional, inclusive, and well‑communicated school climate with engaged staff and parent welcome than square entries\"": \""Groups the opposing pattern in many circle reviews — steady praise for caring teachers, accessible counselors, community cohesion and positive parent engagement — and is intentionally focused on climate/relational responsiveness rather than facilities, safety incidents, program depth, or special‑education mechanics.\"",\n    \""Square entries report stronger, measurable college‑prep academics and advanced coursework (AP/IB/honors/dual‑enrollment) than circle entries\"": \""Collects the many square claims about abundant AP/IB/dual‑credit/magnet programs, high test scores and elite matriculation outcomes; this programmatic/academic‑rigor bucket is distinct from operational failures, safety/bullying, counseling/IEP disputes, or general school climate.\"",\n    \""Square entries discuss special‑education, IEP/504 compliance, newcomer onboarding, and counselor/mental‑health support (positive and negative) far more than Circle entries\"": \""Groups all items about IEP/504 mishandling, special‑education exclusion, counselor shortages or strong counselors, international/newcomer transfer support and mental‑health impacts — a distinct category about individualized supports and procedural compliance separate from broad academic offerings, facilities, safety, or overall climate.\""\n}""]",,57.37505102157593,26092,2560,3033,,[],['resp_0c3b036cf6679845006a72573bf0e48191bc4ddce03b5bb6fd'],True
vote|reduce1|19|3,"[""{\n    \""square entries report more severe and frequent student safety and conduct problems (bullying, fights, gang activity, drug dealing, suicides) than circle entries\"": \""Covers the clear pattern of concrete safety incidents, lockdowns, police/K9 responses, drug/gang reports and self‑harm outcomes described in many square reviews — distinct from governance, programming, staffing or facilities issues because it focuses specifically on student safety and on‑campus violent/substance incidents.\"",\n    \""square entries report more administrative, operational, and fiscal failures (including scheduling, hiring, website/outage, layoffs, and budget mismanagement) than circle entries\"": \""Groups reviews that document governance and operational breakdowns (lost transcripts, grade‑changing scandals, budget cuts, hiring/turnover, scheduling/portal failures) — this is about institutional processes and resource management rather than classroom quality, extracurricular breadth, or safety incidents.\"",\n    \""square entries document broader and more formalized academic and vocational program offerings and college‑credit pathways (AP/IB/magnet/CTE/dual‑enrollment/Career Centers) than circle entries\"": \""Captures the extensive, named advanced‑academic and career pathways, dual‑credit/AP/IB offerings and measurable college outcomes repeatedly reported in square entries — this is a programmatic/academic‑pathway axis separate from extracurricular/facility investment, safety, or administrative dysfunction.\"",\n    \""Square entries emphasize more extensive extracurricular breadth, athletics prominence, and recent capital/facility investments than circle entries\"": \""Groups the many square claims about wide club/arts/athletics rosters, flagship programs (band, show choir, JROTC), booster activity, stadium/remodel projects and visible capital choices — this bucket is about extracurricular scale, visible investments and fundraising choices, not about classroom rigor or governance failures.\"",\n    \""square entries exhibit greater internal polarization and variability in teacher quality, student outcomes, and social inclusion (insider/outsider, socioeconomic and athletic favoritism) than circle entries\"": \""Groups reports of stark within‑school contrasts — pockets of excellent AP teachers and college outcomes alongside chronic weak teachers, clique‑driven exclusion, nepotism/favoritism at the classroom level and highly variable student experiences — a staffing/inequity polarity distinct from overall program breadth, facilities, or administrative process failures.\""\n}""]",,57.990954875946045,26166,3712,4212,,[],['resp_0d0e3f0fe21662d2006a7257309108819fac34e8f26db71c63'],True
vote|reduce1|22|0,"[""{\n    \""square entries report more frequent and severe student safety and discipline incidents (fights, gangs, drugs/vaping, weapons, lockdowns, pervasive bullying) than circle entries\"": \""This groups all reviews documenting concrete, recurring on‑campus safety crises (assaults, fights, drug use, lockdowns, suicides, pervasive bullying) that concern student physical/mental safety and are distinct from governance, academic or facility issues covered in other buckets.\"",\n    \""square entries report stronger advanced-academic pathways and measurable college-preparation outcomes (including engaged teachers who provide individualized support) than circle entries\"": \""This captures the many square reviews that list AP/IB/dual‑enrollment/CTE pathways, college‑placement metrics, and teacher-led remediation as programmatic academic strengths—an academic-programs theme separate from safety, administration, special‑education, or facility narratives.\"",\n    \""square entries report more administrative failures, favoritism, policy manipulation, and record/discipline mismanagement than circle entries\"": \""This bucket groups descriptions of governance breakdowns—tone‑deaf leadership, nepotism/favoritism, recordkeeping errors, manipulated metrics, retaliatory responses and inconsistent discipline—which are organizational and procedural problems distinct from frontline safety incidents, program breadth, special‑education failures, or physical resource conditions.\"",\n    \""square entries report greater extremes in facilities and resourcing—either strong capital/tech investment and acclaimed arts/athletic facilities or severe overcrowding, decay, health hazards and maintenance failures—than circle entries\"": \""This groups concrete descriptions of physical‑resource contrasts (new buildings, theaters, iPad rollouts, or conversely mold, pests, fallen ceiling tiles, overcrowding and sanitation problems) which are facility/capital‑allocation issues separate from administrative conduct, instructional programs, special‑education practice, or student safety incidents.\"",\n    \""square entries report more pervasive special‑education failures, discriminatory practices, and inequitable treatment than circle entries\"": \""This collects accounts of IEP/504 noncompliance, poor or inconsistent counseling for vulnerable learners, racial/sexuality/gender discrimination, and inequitable enforcement of rules (athlete/wealth favoritism), which concern inclusion and legal/ethical equity distinct from general admin breakdowns, facilities, academics, or campus violence.\""\n}""]",,57.979981660842896,26357,2688,3195,,[],['resp_0a0199a70a46a65d006a7257306bf481a3a9fc2072f5a68325'],True
vote|reduce1|11|2,"[""{\n    \""square entries report more pervasive student safety, bullying, violence, and substance‑use incidents than circle entries\"": \""This bucket groups all concrete accounts of fights, weapons, gang/drug activity, lockdowns, assaults, pervasive bullying and victimization that appear far more in Square reviews and is distinct from administrative, academic, support‑service or facilities claims because it focuses solely on student safety and behavioral crises rather than governance or programming issues.\"",\n    \""square entries describe more administrative negligence, opaque/rigid policies, favoritism/nepotism, and poor counseling/guidance than circle entries\"": \""This bucket captures complaints about leadership/governance (cover‑ups, nepotism, punitive or inconsistent discipline, unresponsive boards/principals and biased enforcement) that are organizational and accountability issues distinct from on‑the‑ground safety incidents, academic program breadth, or facility/operational failures.\"",\n    \""square entries document more concrete advanced-academic programs and measurable college/career outcomes than circle entries\"": \""This bucket groups references to formal advanced offerings and outcomes (AP/IB/dual‑enrollment/magnet/CTE, test scores, college matriculation, internships and named pathways) and is separate from safety, governance, support services or facilities because it concerns programmatic academic opportunities and measurable postsecondary results.\"",\n    \""square entries provide more concrete operational facility, resource, and logistical detail and report more overcrowding, maintenance, and communication failures than circle entries\"": \""This bucket covers tangible building/operations details (unsanitary restrooms, mold/A/C, overcrowding/portables, cafeteria policies, tech rollouts, scheduling/registration breakdowns and maintenance) and is mutually exclusive from governance (policy/favoritism), safety incidents, academic programming, or individualized student‑support issues.\"",\n    \""Square entries show greater within‑school variability and inconsistent student supports (uneven teacher quality, mixed special‑education/IEP and counseling implementation, polarized student outcomes, and repeated parental advocacy) than circle entries\"": \""This bucket groups patterns of uneven instructional quality, divergent student outcomes, conflicted/successful special‑education or counseling cases, and parental fight‑for‑services narratives — a variability‑and‑equity theme that is conceptually different from program breadth, raw facility conditions, governance/favoritism problems, or acute safety crises.\""\n}""]",,59.252787351608276,26190,3776,4283,,[],['resp_071c69c170ae7b89006a72573051ac8191ac83bd5abeeba9bd'],True
vote|reduce1|1|2,"[""{\n    \""Square entries document a broader, named set of advanced academic pathways and extracurricular programs (AP/IB/dual‑enrollment, vocational/CTE, extensive arts and athletics) and concrete high‑level outcomes more than circle entries\"": \""Captures the many square reviews that list formal AP/IB/dual‑credit tracks, magnet/STEM/arts academies, named vocational pathways, championships and college‑credit/scholarship outcomes—this is about program breadth and measurable post‑secondary results and is distinct from safety, administration, special‑education, or facilities issues.\"",\n    \""square entries report more systemic safety, substance‑abuse, bullying (including staff bullying), racist incidents, and administratively‑unaddressed misconduct than circle entries\"": \""Groups the numerous square reports of fights, gang/drug incidents, frequent bullying/harassment (including identity‑based slurs) and claims that these incidents go unresolved—this bucket is about student/safety/discipline crises, not program offerings, facilities, or IEP/counseling failures.\"",\n    \""square entries document more administrative and operational breakdowns and inconsistent policy enforcement (including mishandled accommodations) than circle entries\"": \""Encompasses square anecdotes of unresponsive leadership, cover‑ups, nepotism/favoritism, recordkeeping/registration failures, and politicized discipline—focused on governance and process failure rather than physical resource shortfalls, safety incidents, or curricular breadth.\"",\n    \""square entries report more inconsistent or inadequate counseling, special‑education practice, accessibility, and targeted student‑support failures (and occasional legal/noncompliance accusations) than circle entries\"": \""Collects square complaints about IEP/504 noncompliance, counselor unavailability, poor special‑ed mainstreaming, and insufficient mental‑health supports—this bucket is specifically about individualized student supports and legal/accommodation failures, separate from general admin dysfunction or facility problems.\"",\n    \""square entries report greater operational/facility/funding constraints and logistical rigidity (budget cuts, facility disrepair or renovation swings, overcrowding, scheduling inflexibility, staffing shortages, problematic tech rollouts) than circle entries\"": \""Groups square descriptions of overcrowded classrooms, broken facilities, pest/mold/cleanliness problems, contested capital spending and tech/device rollout issues—this bucket targets concrete physical/capacity/resource/logistics contrasts distinct from program quality, safety incidents, administrative bias, or special‑education supports.\""\n}""]",,60.38017010688782,26299,3200,3756,,[],['resp_0be9d3371fe33fba006a72573061608191ac72807201420a6b'],True
vote|reduce1|21|4,"[""{\n    \""Square entries present broader and deeper advanced-academic offerings and measurable college-credit outcomes than circle entries\"": \""Groups all concrete mentions of AP/IB/dual‑enrollment, CTE credentials, National Merit/scholarship counts and named college outcomes into a single, program‑and‑outcome academic bucket; this is distinct from safety, facilities, administrative governance, and staff‑quality buckets because it focuses strictly on formal advanced‑academics and measurable postsecondary results.\"",\n    \""square entries report more frequent and severe safety incidents, student harm, substance problems, and unsanitary facility conditions than circle entries\"": \""Captures acute on‑campus threats to student health and safety (fights, assaults, weapons/lockdown threats, drug use, cyberbullying, and explicit health/sanitation hazards); this is mutually exclusive from the facilities bucket (which treats infrastructure/maintenance and capacity as operational issues), from administrative governance (which is about policy/communication/accountability), and from programmatic or staff‑quality issues.\"",\n    \""Square entries describe more administrative unresponsiveness, inconsistent policy enforcement, and accountability/operational failures than Circle entries\"": \""Aggregates reports about governance, leadership turnover, opaque or punitive policies, cover‑ups, poor parent communication, credit/recordkeeping problems, and contested resource allocation — i.e., system‑level management and policy failure — which is separate from frontline teacher/counselor performance, student safety incidents, physical facility failures, or curricular program breadth.\"",\n    \""square entries report more acute facility, capacity and maintenance problems than circle entries\"": \""Consolidates infrastructure and resource‑condition items (overcrowding, aging buildings, sanitation/food‑safety problems, construction disruption, lack of sports/stadium/pool facilities and maintenance neglect) into an operations/infrastructure bucket distinct from immediate safety incidents, curricular/academic offerings, administrative policy failures, and staff‑performance variability.\"",\n    \""square entries show greater internal variability in teacher/counselor performance and in‑school student supports (both pockets of outstanding tutoring, outreach, and special‑needs accommodations and reports of teacher bullying, misconduct, and counseling failures) than circle entries\"": \""Groups all reports about inconsistent classroom instruction, named outstanding teachers versus abusive teachers, counselor/career‑guidance variability, IEP/504 implementation successes and failures, and school‑run tutoring or remediation into a single staff‑and‑student‑support bucket that is conceptually different from governance, facilities, acute safety, and formal advanced‑academic program buckets.\""\n}""]",,63.374131202697754,26349,4096,4637,,[],['resp_0078d38d3af68263006a7257306fa481a2a95eba08c46fed79'],True
vote|reduce1|20|5,"[""{\n    \""square entries report more pervasive student safety and conduct problems (bullying, fights, vaping, substance use, assaults) than circle entries\"": \""Groups all raw terms that document student-on-student harm, drug/vaping incidents, fights, hate/racist harassment, self-harm and police/security responses; this bucket is narrowly about on-campus student safety and behavior and is distinct from administrative, programmatic, facility, or extracurricular claims in the other buckets.\"",\n    \""square entries report more administrative governance failures, inconsistent or punitive discipline enforcement, favoritism, and policy/board-level mismanagement than circle entries\"": \""Captures allegations of cover-ups, nepotism, unequal discipline, hostile principals, board/board‑level failings and poor complaint handling; it is focused on governance/decision‑making/accountability and kept separate from safety incidents, program breadth, facilities, or scheduling problems.\"",\n    \""square entries report broader / deeper advanced academic and college‑prep programs and measurable postsecondary outcomes than circle entries\"": \""Groups terms describing AP/IB/Pre‑AP, magnet/STEM/CTE pathways, measurable college acceptances and explicit college‑prep outcomes; this bucket is about academic program depth and postsecondary results and does not overlap with safety, administration, extracurricular breadth, or operational/facilities failures.\"",\n    \""square entries report broader, higher-quality extracurricular, arts, and competitive athletics offerings and achievements than circle entries\"": \""Aggregates all references to large marching bands, state‑level athletic successes, JROTC, music/theatre excellence, many clubs and booster investment—i.e., the school's extracurricular ecosystem and its achievements—kept distinct from infrastructure/facility condition or governance/discipline issues.\"",\n    \""square entries report more acute facility, capacity, funding, and operational logistics problems than circle entries\"": \""Groups raw terms about overcrowding, scheduling failures, bus/transport problems, pest/mold/maintenance, capital projects or lack thereof, phone/recordkeeping breakdowns and staffing shortages; this bucket is specifically about physical, capacity and day‑to‑day operational logistics and is mutually exclusive from safety incidents, governance/favoritism, curricular depth, or extracurricular program quality.\""\n}""]",,63.848997831344604,23104,2880,3385,,[],['resp_0f27b0a783350049006a7257306a3481a0817b529518e826a0'],True
vote|reduce1|10|0,"[""{\n    \""Square entries report more frequent and severe student safety and behavior problems (bullying, fights, gangs, drugs, sexual harassment, suicides) than circle entries\"": \""This bucket groups all concrete reports of violence, substance use, bullying, harassment, gang activity, and related security interventions/neglect (visible incidents and safety failures) and is distinct from governance, programming, or support-service buckets because it captures on‑the‑ground student conduct and safety outcomes rather than administrative policy, curricular breadth, or counseling/IEP issues.\"",\n    \""square entries describe substantially more formal advanced/college-preparatory and specialized academic programming (AP, IB, STEM, dual‑enrollment, formal remediation) than circle entries\"": \""This bucket captures the large set of concrete, named academic pathways (AP, IB, dual credit, academies, measurable test/college outcomes and tracking) and is mutually exclusive from extracurricular or safety buckets because it specifically concerns curricular/credit-bearing programs and academic rigor rather than co‑curricular offerings, student behavior, or administrative practices.\"",\n    \""square entries document a wider array of extracurricular, arts, vocational and athletic offerings while also reporting stronger athletic prioritization and favoritism than circle entries\"": \""This groups references to extensive clubs, band/performing arts, CTE/technical programs, strong athletics and booster/athlete favoritism—a programmatic/priority theme distinct from advanced academic pathways (academic credit) and separate from discipline/safety or administrative governance topics.\"",\n    \""square entries report more administrative politicization, favoritism, personnel protection, and unresponsiveness than circle entries\"": \""This bucket collects governance‑level complaints (nepotism, protecting coaches/insiders, cover‑ups, opaque communication, board/district failures and hostile parent interactions) and is exclusive from the safety, programming, or student‑support buckets because it centers on leadership behavior and system-level decisionmaking rather than courses, extracurriculars, or on‑campus incidents per se.\"",\n    \""Square entries show greater within‑school variability and inconsistent student supports (uneven teacher quality, mixed special‑education/IEP and counseling implementation, polarized student outcomes, and repeated parental advocacy) than circle entries\"": \""This bucket groups the mixed evidence about tutoring, counseling caseloads, IEP/504 compliance, teacher-by-teacher variability and polarized student results—distinct from administrative politicization (leadership misconduct) and from curricular/extracurricular breadth because it focuses on inconsistent delivery of supports and differentiated student experiences inside programs and classrooms.\""\n}""]",,65.6269919872284,26370,2496,3071,,[],['resp_0a523b627eb032b3006a72573052248192a348f8a30ed452f6'],True
vote|reduce1|5|0,"[""{\n    \""Square entries show greater variability in instructional quality and weaker/uneven student‑support services (including special education and counseling) than Circle entries\"": \""This groups reviews about inconsistent teacher quality, absenteeism, slow/absent counseling, IEP/504 failures, remediation gaps and grading delays — a coherent cluster about classroom and student‑support practice that is distinct from facility, safety, program breadth, or booster/funding topics.\"",\n    \""square entries report more frequent and severe student-safety incidents, bullying, fights, substance use, weapons, and discrimination than circle entries\"": \""This captures all reports of violence, repeated fights, weapons, drug/alcohol use, suicides/self‑harm, pervasive bullying and discrimination — a focused safety/behavior cluster that is separable from administrative governance, program breadth, facilities or extracurricular descriptions.\"",\n    \""square entries describe substantially broader formal advanced/magnet/STEM/AP/IB/CTE academic programs and clearer college-prep pathways — but also stronger intra-school academic tracking and stratification between advanced and regular courses — more than circle entries\"": \""This groups the many concrete claims about magnet/IB/AP/CTE/dual‑enrollment offerings, measurable college outcomes, and sharp AP-vs-regular tracking — a programmatic/academic-pathways cluster distinct from safety, admin dysfunction, extracurricular breadth, or facilities problems.\"",\n    \""square entries report broader extracurricular breadth and competitive athletics/arts plus explicit funding/prioritization issues (including pay‑to‑play) more than circle entries\"": \""This groups accounts of extensive clubs/arts/athletics, championship programs, booster/parent funding, and explicit resource prioritization or pay‑to‑play tensions — a distinct cluster about extracurricular scale and funding choices separate from instructional quality, safety, facilities, or governance.\"",\n    \""square entries report more chronic facility, capacity, and resource‑allocation problems (overcrowding, trailers, construction disruption, maintenance failures, and athletics‑first funding) than circle entries\"": \""This groups concrete operational and physical-plant problems — overcrowding, pests, mold, lunch/scheduling failures, construction impacts and contested capital choices — a facilities/operations cluster that is meaningfully different from safety incidents, program breadth, admin favoritism, or classroom support issues.\""\n}""]",,74.00932621955872,26458,2816,3306,,[],['resp_0075821120f187e3006a7257300c18819eb5de95acf07810d2'],True
vote|reduce1|23|5,"[""{\n  \""square entries report more frequent, detailed student safety problems (bullying, violence, drugs, racism) and inadequate incident response than circle entries\"": \""Groups reviews documenting fights, assaults, homophobic/racial harassment, drug/weapon incidents, suicides, lockdowns and visible policing—distinctly about on‑campus student safety and incident handling rather than building upkeep, academic programs, governance, or instructional quality.\"",\n  \""square entries report more chronic facility/resource and funding shortfalls (overcrowding, pest/cleanliness problems, textbook/seat shortages, opaque fundraising or layoffs) than circle entries\"": \""Captures concrete operational and physical‑plant failures (broken bathrooms, mold, exposed wiring, overcrowding, missing textbooks/tech, scheduling/logistics and fee pressures) and funding shortfalls—a facilities/logistics cluster separate from safety incidents, curricular breadth, administration misconduct, or classroom support variability.\"",\n  \""Square entries report substantially broader advanced academic, extracurricular and college‑preparatory offerings than Circle entries\"": \""Groups the many accounts of AP/IB/dual‑credit/AVID/STEM/CTE tracks, vocational pathways, extensive clubs, award‑winning band/athletics, and measurable college outcomes—clearly about program breadth and postsecondary pipelines rather than safety, facilities, governance, or day‑to‑day teaching quality.\"",\n  \""square entries report more administrative, district‑level, and staff misconduct, favoritism/nepotism, and governance failures than circle entries\"": \""Encompasses reviewer claims about biased discipline, favoritism toward athletes/wealthy families, board/district mismanagement, policy manipulation, recordkeeping/communication breakdowns and alleged staff misconduct—focused on governance and accountability, not on program offerings, facilities, student behavior, or teacher instruction.\"",\n  \""square entries report greater variability and failures in instruction and student support services than circle entries (teacher competence, counseling, special‑education compliance, and course access)\"": \""Groups reports of uneven teacher quality, grading/attendance caseload issues, counseling/IEP noncompliance or excellence, tutoring/after‑school support variability and gaps in remediation or differentiated instruction—distinctly about instructional and support practice differences rather than physical resources, extracurricular breadth, safety incidents, or governance problems.\""\n}""]",,73.91339182853699,23233,3712,4210,,[],['resp_051d16ed92f473bf006a7257307d70819e83f53adf1a4fba8c'],True
vote|reduce1|10|2,"[""{\n    \""Square entries report greater variability in instructional quality and weaker/more inconsistent student support services (counseling, special‑education, mental‑health, tutoring) than circle entries\"": \""This groups many reports about classroom-level swings (excellent vs abusive teachers), counseling shortages, IEP/504 noncompliance and uneven remediation — a staff-and-support focused theme that is distinct from governance/facility/programmatic themes in the other buckets.\"",\n    \""square entries emphasize richer extracurricular/arts/athletics offerings, active parent/booster fundraising, and community partnerships (but also fee‑dependence) more than circle entries\"": \""This captures the recurring evidence of broad/flagship clubs, award-winning music/athletics, booster involvement and fee/access tensions — program breadth and fundraising dynamics that are different from safety, classroom quality, or administrative governance problems.\"",\n    \""square entries document more concrete advanced academic programming and measurable postsecondary outcomes (AP/IB/magnet, test scores, college placements) than circle entries\"": \""This groups the explicit descriptions of AP/IB/dual‑enrollment/early‑college tracks and named college matriculation or credit totals — a curricular/college‑prep signal separate from extracurricular breadth, student-safety incidents, or administrative failures.\"",\n    \""square entries report more frequent and severe student safety incidents and failed incident responses (bullying, fights, drugs, self‑harm, sexual assault) than circle entries\"": \""This bucket collects reports of on‑campus violence, widespread drug/vaping use, gang/fight counts, police presence and administrators failing to remediate — a safety/behavior cluster that is operationally distinct from program offerings, instructional variability, and governance issues.\"",\n    \""square entries document more administrative dysfunction, favoritism, policy instability, gatekeeping, retaliation, and district cover‑ups than circle entries\"": \""This groups complaints about rude/unresponsive front offices, nepotism/favoritism, punitive/arbitrary discipline, cover‑ups and district governance failures — governance and process breakdowns that are conceptually separate from classroom practice, program breadth, or safety incidents.\""\n}""]",,76.53998899459839,25967,3776,4244,,[],['resp_05e8a040238744ba006a725730545081a2a36158fbe989a542'],True
vote|reduce1|8|5,"[""{\n    \""square entries describe far greater extracurricular breadth and high‑level arts/athletics achievements than circle entries\"": \""This groups the many square examples listing numerous clubs, magnet/STEM/CTE academies, band/JROTC/athletic championships and external partnerships — a programmatic breadth signal distinct from safety, facilities, instruction, or administration issues captured by other buckets.\"",\n    \""square entries report more classroom‑level instructional problems and staffing strains (grading, teacher overload, turnover, absenteeism, unqualified subs) than circle entries\"": \""This captures teacher/instructional/workforce problems (heavy homework, inconsistent grading, turnover, uncertified teachers, remediation burdens and counselor overload) and is conceptually separate from extracurricular breadth, facility/resource deficits, student-safety incidents, or district/leadership dysfunction.\"",\n    \""circle entries report more consistent, nurturing teacher support, inclusive student accommodation, and smoother student transitions/college‑preparation supports than square entries\"": \""Several circle reviews describe steady, small‑school teacher/counselor responsiveness, inclusive accommodations and guided college transitions — a positive, school‑culture/Support‑oriented pattern that is the inverse of the staffing/IEP/counseling failures and safety complaints concentrated in square entries, so it remains distinct from the four square-focused buckets.\"",\n    \""square entries report more pervasive student safety, violence, substance use, and supervision breakdowns than circle entries\"": \""This isolates the many square reports of fights, hospitalizations, drug/dealing, sexual harassment, threats, and supervision/lockdown failures — clearly a safety/behavior cluster that should not be conflated with program offerings, instructional staffing problems, facilities/crowding, or administrative governance issues.\"",\n    \""square entries report more material/facility deficits, overcrowding, and visible resource/funding misallocation than circle entries\"": \""This groups square accounts of overcrowding, trailers, pest/mold and cafeteria problems, plus complaints about spending/prioritization (athletics vs academics) and capital renovations, which are operational/infrastructure concerns distinct from classroom instruction, extracurricular scope, safety incidents, or leadership conduct.\""\n}""]",,77.4971330165863,22471,3968,4465,,[],['resp_0ef9cd3262847dab006a7257303c90819d831428c02069f93f'],True
vote|reduce1|14|4,"[""{\n    \""Square entries detail more concrete advanced academic and career programs and measurable outcomes (AP/IB, dual‑enrollment, CTE, test scores, college acceptances) than circle entries\"": \""Groups the many square-review claims about named advanced pathways, dual‑credit/AP/IB offerings and explicit college-placement statistics into a single academic‑program/outcomes bucket; this is distinct from extracurricular/facilities, safety, admin failure, and special‑needs buckets because it is strictly about curriculum pathways and measurable postsecondary outcomes rather than governance, incidents, or student support implementation.\"",\n    \""square entries report more frequent and severe student-safety, bullying, substance-use, and violent behavior than circle entries\"": \""Captures the wide set of concrete reports in square reviews about fights, weapons/lockdowns, drug overdoses, gang activity, and pervasive bullying; it is mutually exclusive from administrative‑failure (which focuses on governance/favoritism), extracurricular breadth (which focuses on program offerings), advanced academics (which focuses on coursework/outcomes), and special‑education/counseling (which focuses on IEPs and supports).\"",\n    \""square entries report more administrative and operational failures, favoritism, and contested resource‑prioritization than circle entries\"": \""Aggregates allegations in square reviews about nepotism, biased discipline, cover‑ups, fee/graduation charging, and contested budget/athletics funding decisions into a governance/operations bucket; this is separate from safety incidents, curricular offerings, extracurricular breadth, and special‑education implementation because it centers on leadership, policy and resource governance rather than program content or individual supports.\"",\n    \""square entries report more extensive extracurriculars, athletics, arts programs, facilities, and visible community/parental support — plus more explicit athletics-oriented resource prioritization — than circle entries\"": \""Groups the many square claims about large/award‑winning music, sports, CTE/CTE academies, capital projects, boosters and visible alumni/community engagement (including pay‑to‑play and athlete favoritism) into a single programs/facilities/boosterism bucket; it is distinct from the advanced‑academics bucket (which is about curricular pathways), the admin/favoritism bucket (which is governance‑centric), the safety bucket (which is incident‑centric), and the special‑education/counseling bucket (which is support‑service centric).\"",\n    \""Square entries report more failures and gaps in special-education, IEP implementation, mental‑health support, and disability-specific college-transition services than circle entries\"": \""Consolidates the square reviews' concrete reports about IEP noncompliance, segregated/archaic SPED practice, counseling shortages, and transition supports into a single specialized‑supports bucket; this is mutually exclusive from the governance, curricular/outcomes, extracurricular, and safety buckets because it specifically targets individualized student‑support systems and their compliance/success rather than broader programs, incidents, or leadership politics.\""\n}""]",,106.58604025840759,26205,3072,3733,,[],['resp_078a8ac57ffbb7f3006a725730cff0819ea68ca506f4660285'],True
