Identifier,Response,Web Search Sources,Time Taken,Input Tokens,Reasoning Tokens,Output Tokens,Reasoning Effort,Error Log,Response IDs,Successful
vote|reduce1|23|1,"[""{\n    \""square entries report more frequent, severe, and varied student safety, bullying, and behavioral incidents (with weak remedial outcomes) than circle entries\"": \""This groups all evidence about fights, assaults, weapons, drugs, sexual misconduct, suicidality, lockdowns, tolerated bullying and weak follow‑through — a discrete safety/discipline cluster distinct from facility problems, academic programs, administrative governance, or social‑status dynamics because it focuses on student conduct and incident response rather than building conditions, curricular offerings, or governance behavior.\"",\n    \""square entries report stronger, named advanced academic programs and measurable college/career outcomes (AP/IB/dual credit/academies/STEM) than circle entries\"": \""This captures the repeated, concrete claims about IB/AP/dual‑credit/CTE/early‑college pathways, measurable admissions/scholarships and rigorous-program outcomes — a curricular/outcomes cluster that is separate from safety, physical facilities, admin responsiveness, or social‑clique phenomena because it addresses programmatic academic breadth and postsecondary results specifically.\"",\n    \""square entries contain more concrete facility, capacity, and operational complaints (overcrowding, HVAC/temperature, cafeterias, locked bathrooms, construction impacts, safety infrastructure failures) than circle entries\"": \""This groups all tangible, day‑to‑day infrastructure and logistics evidence (overcrowded lunches, mold/asbestos, renovation disruption, food/sanitation, transportation problems and scheduling oddities), which is materially different from safety incidents, curricular strength, governance/favoritism, or social stratification because it concerns physical plant and operational logistics rather than people/policy or programmatic content.\"",\n    \""square entries document more systemic administrative and governance failures (unresponsive counselors/teachers, procedural errors, nepotism, budget/hiring mismanagement) than circle entries\"": \""This bucket collects complaints about leadership dysfunction — poor communication, counselor/scheduling/IEP errors, turnover, cover‑ups and fiscal/hires mismanagement — which is distinct from (a) safety incidents (how the school handles misbehavior), (b) facility/state of plant issues, (c) curricular/program strength, and (d) student social stratification because it focuses on governance and institutional decision‑making/administrative accountability.\"",\n    \""square entries report more social stratification, favoritism, and inequitable discipline tied to athletics, popularity, or socioeconomic status than circle entries\"": \""This groups reports of cliqueiness, wealth‑based exclusion, athlete favoritism/grade inflation, and discriminatory punishments — a social‑culture/equity cluster that is conceptually distinct from governance (administrators' processes), physical conditions, safety incident frequency, or the presence/quality of formal academic programs because it centers on peer hierarchy and unequal treatment within the student body and its enforcement.\""\n}""]",,24.982433080673218,28202,1920,2552,,[],['resp_0546dfbedc6bffe3006a739aef3964819ea5c23c078355df25'],True
vote|reduce1|22|1,"[""{\n    \""square entries report more frequent and severe student-safety and conduct problems (bullying, fights, drugs, sexual assault, self‑harm) — and contested/inadequate responses — than circle entries\"": \""This captures the cluster of concrete, high‑severity safety and climate incidents and failures-to-protect (bullying, fights, drugs, sexual harassment, lockdowns) found repeatedly in square reviews and is distinct from administrative/governance failures (which are about who runs the system) or facility issues (which are about physical capacity/maintenance).\"",\n    \""square entries exhibit stronger advanced academic, AP/IB, career‑academy and college‑prep programs and elite student outcomes than circle entries\"": \""This groups all evidence of formal advanced pathways, magnet/AP/IB/dual‑enrollment/CTE programs and measurable college/scholarship outcomes reported for square schools and is separate from extracurricular prominence or operational problems because it concerns curricular program strength and outcomes, not facilities or behavior. \"",\n    \""square entries emphasize stronger extracurricular/athletics programs, community pride, and resource prioritization for those activities — often accompanied by athlete favoritism, pay-to-play costs, or diverted funding — more than circle entries\"": \""This groups the repeated square mentions of vibrant band/choir/athletics ecosystems, visible capital spending on sports/music and attendant favoritism/fees, and is focused on program prominence and resource allocation rather than building failures, safety incidents, or classroom rigor. \"",\n    \""square entries report more tangible operational, facility, and capacity breakdowns that disrupt schooling (overcrowding, maintenance, hazardous buildings, scheduling/busing failures, poor food service) than circle entries\"": \""This bucket captures the many concrete logistics and infrastructure complaints (overcrowding, closed bathrooms, rotten lunch service, broken layout, bus/tardy enforcement) in square reviews and is distinct from governance/favoritism or teacher/program strength since it concerns physical and operational disruptions. \"",\n    \""square entries report more administrative and policy dysfunction (unresponsiveness, arbitrary or biased discipline, favoritism/nepotism, and governance indifference) than circle entries\"": \""This groups the broad pattern of managerial and governance problems in square reviews — poor recordkeeping, opaque policies, favoritism, punitive or inconsistent discipline, and fiscal/board missteps — and is kept separate from safety incidents (the latter describe the harms themselves and immediate responses) and from teacher/program variability or facility conditions.\""\n}""]",,25.50335717201233,28498,1280,1818,,[],['resp_06def4c11c1f8c98006a739aef4f64819da1053f051284dfc2'],True
vote|reduce1|7|2,"[""{\n    \""square entries report more severe safety, violence, and unresolved bullying incidents than circle entries\"": \""This bucket captures all concrete reports of fights, weapon/drug incidents, pervasive bullying, sexual misconduct, suicidality and failures to protect students—distinct from governance, facilities, academics, or extracurricular claims because it focuses solely on student safety and peer‑climate outcomes.\"",\n    \""square entries describe stronger, more numerous advanced academic programs and measurable college‑prep outcomes than circle entries\"": \""This groups every item about AP/IB/dual‑credit/CTE pathways, measurable alumni/college outcomes and programized college‑prep offerings—separate from extracurricular prominence, facilities, or administrative problems because it is exclusively about formal academic pathways and documented student achievement.\"",\n    \""square entries document greater administrative and governance dysfunction, favoritism, and broken complaint/records processes than circle entries\"": \""This bucket collects allegations of nepotism, favoritism, opaque/ politicized board or principal decisions, mishandled complaints/IEP/records, turnover and poor policy enforcement—distinct from safety (student incidents), facilities, academics, or extracurricular programming because it concerns governance, process, and accountability failures.\"",\n    \""square entries report worse physical facilities, maintenance, and environmental/food‑safety hazards than circle entries\"": \""This groups complaints about overcrowding, building disrepair, sanitation/pest issues, food quality, locked/closed bathrooms, parking and logistics—focused on tangible infrastructure and operational condition rather than leadership style, academics, extracurriculars, or safety incidents.\"",\n    \""square entries document richer and more varied extracurricular, facility, and program resources (athletics tradition, arts, CTE, technology) and visible capital investments — often paired with contested spending priorities — more than circle entries\"": \""This bucket captures descriptions of broad/high‑profile arts, athletics, band, CTE/vocational programs, booster/parent engagement, championship success and visible capital spending (and debates about pay‑to‑play or athletic prioritization), which is distinct from academic-program strength, governance failures, physical maintenance, or student safety issues.\""\n}""]",,26.66168212890625,28380,1920,2407,,[],['resp_078eff1bdaf6e247006a739aef4cd8819189df2fef0883bcf6'],True
vote|reduce1|24|1,"[""{\n    \""square entries report more pervasive student-safety and hostile social climates (bullying, fights, gang/weapon/drug activity, racial harassment, and physical assaults) than circle entries\"": \""Groups all evidence about on‑campus harm and hostile peer dynamics (bullying, fights, drugs, sexual harassment, suicides, hate incidents and visible police/metal‑detector responses); this is focused on student incidents and climate (not governance, facilities, or program offerings) so it stays distinct from administration, resource, academic, and support‑service buckets.\"",\n    \""square entries report more pronounced leadership, staffing, governance, and compliance problems (administrative unresponsiveness, hiring favoritism/nepotism, counselor/IEP failures, turnover) than circle entries\"": \""Collects reports of governance and personnel dysfunction (nepotistic hiring, opaque discipline, retaliatory behavior, record mishandling, turnover and policy mismanagement); this bucket is about how the institution is run and held accountable, not the separate topics of physical safety incidents, building/capacity constraints, academic program breadth, or frontline student‑support practices.\"",\n    \""square entries report more facility, sanitation, overcrowding, and operational logistics problems (pests, leaks, short lunches, parking, scheduling) than circle entries\"": \""Captures concrete day‑to‑day infrastructure and capacity failures (overcrowded halls, unsanitary bathrooms, remodeling vs. crowding, scheduling bottlenecks, transportation and food/space logistics); these are tangible resource/capital and operational breakdowns distinct from interpersonal safety, governance choices, curricular offerings, or counseling/IEP service delivery.\"",\n    \""square entries report substantially stronger and more numerous advanced academic programs and measurable college‑readiness outcomes than circle entries\"": \""Groups all concrete programmatic strength evidence (AP/IB/dual‑enrollment/CTE/magnet programs, elite admits, college credit/CTE credentials and measurable outcomes) into a single academic‑programs bucket that contrasts curricular breadth/rigor with Circle’s weaker program evidence — clearly different from safety, facilities, governance, or special‑education/service topics.\"",\n    \""square entries describe more concrete, individualized student support structures and targeted interventions (special‑education inclusion, IEP/504 supports, social workers, homework clubs and remediation) than circle entries\"": \""Aggregates specific, operational student‑support processes and their implementation (IEP/504 disputes, counseling, credit‑recovery, mentorship/Smart‑Block, tutoring) and the variability/polarization of those services; it is about delivery of supports to individual students and is separate from institutional governance, campus safety incidents, physical resource problems, or the existence of advanced academic programs.\""\n}""]",,26.903903007507324,28406,1792,2384,,[],['resp_092f74a7e8f0f592006a739aef498c81919367124d265e0afc'],True
vote|reduce1|1|3,"[""{\n    \""square entries report more pervasive student safety, bullying, substance‑use, and violent‑incident crises than circle entries\"": \""Groups all raw terms describing acute student‑safety harms (fights, guns, overdoses, gangs, sexual harassment, suicidality) and repeated failures to protect students; this is distinct from administrative/process failures, facilities problems, academic program strength, or extracurricular breadth because it focuses on direct threats to student wellbeing and incidents themselves rather than governance, space, program offerings, or community support.\"",\n    \""square entries report more administrative dysfunction, inequitable enforcement, and weaker student‑support services (counseling/special‑ed/parent communication) than circle entries\"": \""Captures reviewer evidence about leadership instability, favoritism/biased enforcement, unresponsive counselors/IEP noncompliance, secrecy/cover‑ups, and poor parent communication; this is separate from the safety bucket (which is incident‑focused), the facilities/capacity bucket (physical/operational constraints), the advanced‑academics bucket (program quality/outcomes), and the extracurricular/booster bucket (program breadth, funding, and sport‑culture).\"",\n    \""square entries report more facility, overcrowding, scheduling, and operational resource problems (maintenance, pests, parking, long commutes) than circle entries\"": \""Groups concrete, physical and logistical constraints (overcrowded classes, unsanitary restrooms, pests, parking/fees, busing and scheduling failures, deferred maintenance) that impede daily schooling; these material/scale problems are conceptually distinct from administrative responsiveness, student‑safety incidents, curricular/college‑prep strength, or the presence/priority of extracurricular/athletic programs.\"",\n    \""Square entries describe substantially stronger advanced‑academic programming and college‑preparatory pathways (AP/IB/dual‑enrollment, honors, magnets, and measurable elite‑college outcomes) than circle entries\"": \""Collects all evidence of formal, named rigorous academic offerings, AP/IB/dual enrollment, magnets/CTE, measurable college acceptances and scholarship outcomes—an academic program/achievement axis distinct from safety, building/operational issues, administrative governance, or extracurricular/athletics prominence.\"",\n    \""square entries emphasize broader extracurricular/arts/athletics breadth and stronger community/booster support but also more athletic prioritization and favoritism than circle entries\"": \""Groups reviewer claims about many and high‑profile extracurriculars (band, theater, robotics, CTE, travel), visible booster/alumni engagement and fundraising, and a cultural/financial tilt that privileges athletes (pay‑to‑play, preferential discipline/funding); this bucket addresses program breadth and community backing and is separate from physical capacity, administrative dysfunction, safety incidents, or academic-program rigor.\""\n}""]",,27.50171399116516,27834,1280,1898,,[],['resp_013fd1bdeba7f880006a739aee98d481a0a1d58720eb96ef2c'],True
vote|reduce1|19|3,"[""{\n    \""square entries describe stronger, broader advanced-academic and career‑technical programming and measurable college‑prep outcomes than circle entries\"": \""Groups all evidence about AP/IB/dual‑enrollment/CTE/academies, college matriculation, and measurable academic outcomes into a single academic-programs/college-prep bucket; this is distinct from extracurriculars, facility issues, safety incidents, and governance problems because it focuses solely on curricular offerings and postsecondary results.\"",\n    \""square entries describe more frequent and severe student safety and behavioral incidents (bullying, fights, gangs, drugs, violent assaults) and weaker incident handling than circle entries\"": \""Collects every concrete allegation of violence, fights, drug use, bullying/harassment, lockdowns, self‑harm trends and the school's failure or inconsistency in responding — a discrete safety/behavioral‑climate domain separate from academic programming, facilities/overcrowding, administrative governance, or extracurricular breadth.\"",\n    \""square entries report more facility, capacity, and operational constraints (overcrowding, run‑down buildings, transportation/parking problems, food/comfort issues) than circle entries\"": \""Captures physical‑plant, space and day‑to‑day operational logistics (crowding, toilets/cleanliness, meal service, buses/parking, scheduling errors, outdated materials) which are materially different from program offerings, safety incidents, governance/favoritism, or extracurricular richness.\"",\n    \""square entries report more administrative and operational failures, unresponsiveness, and district-level mismanagement than circle entries\"": \""Encompasses governance and staff‑accountability issues (unresponsive principals/office, favoritism/nepotism, recordkeeping/scheduling/counseling errors, cover‑ups, punitive/opaque policies and leadership turnover) that explain some outcomes but are conceptually distinct from physical facilities, student safety events, curricular breadth, or extracurricular prominence.\"",\n    \""square entries emphasize broader, higher‑profile extracurricular and competitive programs (performing arts, band, athletics, JROTC, state/national trips) that circle entries typically lack\"": \""Groups concrete evidence about breadth, visibility and resourcing of extracurriculars (band, state championships, travel, boosters, athletics prioritization and attendant favoritism/community spirit) which is a separate dimension from academics, safety, facilities, or administrative dysfunction.\""\n}""]",,28.745748043060303,28368,2432,2913,,[],['resp_05a0556adda71391006a739aef3790819ca18ef811c197469e'],True
vote|reduce1|13|0,"[""{\n  \""square entries report more staff and leadership dysfunction, misconduct, favoritism, and poor responsiveness/accountability than circle entries\"": \""Groups the many reports of unprofessional administrators/teachers, favoritism/nepotism, rude office staff, mishandled complaints, and turnover into a single governance/people‑behavior bucket that is distinct from facility, student‑safety, academic‑program, and special‑education/service issues.\"",\n  \""square entries report more facility, capacity, and resource‑allocation problems (overcrowding, aging/renovated buildings, traffic/parking, budget cuts and skewed funding priorities) than circle entries\"": \""Captures the concrete, physical and operational resource evidence (overcrowding, locked bathrooms, renovations vs. decay, traffic/parking, budget tradeoffs) and is explicitly about space/funding/logistics rather than staff conduct, student safety incidents, program offerings, or counseling/IEP practice.\"",\n  \""square entries report more frequent and more severe student‑safety and climate problems (bullying, racial harassment, fights, drug/alcohol use, suicide/self‑harm) and inconsistent or punitive discipline than circle entries\"": \""Consolidates all evidence about student misconduct, violence, substance use, hate/racist incidents, suicides and the school’s disciplinary response into a single safety/climate bucket separate from staff governance, facilities, academics, and special‑ed/counseling supports.\"",\n  \""square entries describe broader, stronger, and more diverse academic & career/college‑preparation programs and measurable postsecondary outcomes than circle entries\"": \""Groups the numerous, concrete claims about AP/IB/dual‑enrollment/STEM/CTE pathways, honors tracks, college credit and alumni/placement outcomes into one programmatic academic‑strength bucket distinct from facility, safety, staff‑behavior, and special‑education/service themes.\"",\n  \""square entries discuss special‑education, counseling, and mental‑health services (both failures and targeted interventions) far more than circle entries\"": \""Captures the concentrated evidence about IEP/504 compliance, counselor shortages/errors, mental‑health crises, and targeted SPED inclusion/supports — focused on student‑support systems rather than general administrative misconduct, physical resources, safety incidents, or broad academic programing.\""\n}""]",,29.65194797515869,28555,1472,1942,,[],['resp_06e0aba0c56d17a9006a739aef242c81a38bd94d4c8ab63c02'],True
vote|reduce1|22|4,"[""{\n    \""square entries report more pervasive student safety, substance‑use, bullying, violent incidents and/or inadequate disciplinary response than circle entries\"": \""Groups together all reviewer evidence about student‑level harms (drugs, fights, sexual/harassment incidents, bullying, gang activity) and failures to enforce or remediate them; this is focused on frontline safety/behavioral climate and is distinct from leadership/governance, programming, facilities, or extracurricular breadth.\"",\n    \""square entries describe more administrative/governance failures, staffing accountability issues, and inequitable practices than circle entries\"": \""Captures complaints about leadership misconduct, cover‑ups, favoritism/nepotism, misallocated funding, punitive or arbitrary policies, and unresponsive governance—a district/management‑level cluster that is separable from direct student safety incidents, facility problems, curricular strength, or program breadth.\"",\n    \""square entries describe stronger, more numerous advanced academic programs and measurable college‑prep outcomes than circle entries\"": \""Groups all concrete evidence about AP/IB/dual‑credit/CTE offerings, test‑score and college matriculation metrics, and measurable academic pathways—this is an academic‑program/outcome cluster distinct from safety, governance, extracurricular breadth, or facilities/operations.\"",\n    \""square entries report richer extracurricular, athletic, arts, and community/parent engagement — and simultaneously more visible community cultural conflicts (e.g., racism/mascot disputes and favoritism) — than circle entries\"": \""Collects reviews describing expansive arts/athletics/CTE clubs, booster/parent involvement, and competitive achievements together with community‑level tensions (athlete favoritism, social stratification, racial/cultural disputes), separating program visibility and community dynamics from governance, classroom rigor, safety, or building issues.\"",\n    \""square entries provide more concrete evidence about facilities, resource allocation, and operational constraints (capital projects, overcrowding, budget cuts, tech/blocking policies, and athletic prioritization) than circle entries\"": \""Covers reports of physical plant condition, overcrowding, construction disruption, transportation, locked bathrooms, budgeting choices and operational logistics—an infrastructure/resource cluster that is conceptually and evidentially distinct from student safety incidents, administrative malpractice, curricular strength, or extracurricular prominence.\""\n}""]",,30.145882844924927,24484,1472,1961,,[],['resp_0d9aa0bb57b515cb006a739aef3204819da83aa9919862af86'],True
vote|reduce1|19|4,"[""{\n    \""square entries describe stronger, organized advanced-academic programs and measurable college-prep outcomes than circle entries\"": \""Captures reviews that enumerate AP/IB/dual‑enrollment/academic academy offerings and concrete college outcomes (scholarships, test scores, elite matriculation); distinct from other buckets because it focuses on formal curricular/program quality and postsecondary results rather than safety, operations, governance, or case‑level supports.\"",\n    \""square entries report more frequent/severe student safety, bullying, substance, and violence incidents (and failures to protect) than circle entries\"": \""Groups all evidence of physical and peer‑safety problems (fights, weapons, drug dealing, sexual assault, pervasive bullying, suicide risk) and staff failure or inconsistent responses; mutually exclusive because it addresses student safety incidents and protective response, not facility maintenance, academic offerings, or administrative governance as primary cause.\"",\n    \""square entries report more acute facility, capacity, and operational problems (overcrowding, logistical scheduling, supply shortages, parking/traffic and inconsistent tech/facility upgrades) than circle entries\"": \""Collects concrete day‑to‑day operational and infrastructure breakdowns (leaking roofs, overcrowded classes, broken intercoms, food/mold, scheduling/transport issues) and occasional contrasting capital projects; distinct because it is about physical capacity and logistics rather than program strength, staff behavior, or individualized supports.\"",\n    \""square entries document more administrative and staff mismanagement, inconsistent policies, favoritism/nepotism, and poor counseling/communication than circle entries\"": \""Encompasses reviews describing governance failures, favoritism toward athletes/privileged students, cover‑ups, punitive/inconsistent discipline, billing/fee abuses, counselor/scheduling errors and unresponsive leadership; exclusive from other buckets because it centers on institutional decision‑making, policy enforcement and fairness rather than facility condition, student safety incidents, or cataloged academic programs/supports.\"",\n    \""square entries provide more explicit, named student support services and case‑level academic accommodations (positive or contested) than circle entries\"": \""Groups mentions of concrete, person‑level services (named counselors, drop‑in centers, GEAR UP, SPED/IEP handling, grief counseling, individualized college coaching) including both praised supports and contested special‑education failures; kept separate because it focuses on case‑level service delivery and student accommodations rather than broad academic program breadth, facility/operational breakdowns, or governance/favoritism issues.\""\n}""]",,30.151350021362305,24683,1536,2084,,[],['resp_0a8bb5b79c1d4185006a739aef21848192a6a268601227365f'],True
vote|reduce1|18|4,"[""{\n    \""square entries report more tangible operational, facility, and policy/structural issues or changes than circle entries (overcrowding, scheduling, security, credit/policy shifts)\"": \""Groups the concrete, day‑to‑day and capital issues reviewers describe (parking, overcrowding, leaking roofs, renovation, start times, security gates, schedule/credit/policy changes); this is distinct from staff behavior, safety incidents, program quality, or intra‑school stratification because it focuses on infrastructure and operational logistics rather than people or curricular differentiation.\"",\n    \""square entries exhibit high within‑school stratification and uneven instructional quality—polarized student outcomes and 'two‑tier' programs—more than circle entries\"": \""Captures the recurring pattern of tracked/segregated programs (IB/AP/medical vs regular), sharp splits in teacher/class quality, and widely divergent student outcomes at the same school; it is mutually exclusive from overall program strength or facilities because it emphasizes inequality and internal polarization rather than absolute resource levels or singular program presence.\"",\n    \""square entries describe stronger, more numerous advanced academic programs and measurable college‑prep outcomes than circle entries\"": \""Pools all evidence of greater advanced/dual‑enrollment/AP/IB/CTE offerings, documented college credits, high test/valedictorian outcomes and alumni success into one bucket focused on institutional academic capacity and measured postsecondary outcomes—separate from whether the school is crowded, or whether supports are uneven for different student groups.\"",\n    \""square entries report more administrative dysfunction, favoritism, and poor communication than circle entries\"": \""Groups reviewer claims about nepotistic hiring, punitive/retaliatory discipline, favoritism for athletes, opaque governance, and unresponsive leaders/communication into a governance/staff‑misconduct bucket distinct from student safety incidents (behavior) and from instructional/programmatic descriptions.\"",\n    \""square entries report more pervasive student safety, substance, and bullying problems with ineffective disciplinary response than circle entries\"": \""Collects accounts of fights, gang/drug/vaping problems, bullying/harassment, lockdowns, and discipline policies that punish victims or fail to protect students into a single safety/wellbeing bucket; this is separate from administrative favoritism (governance) or facilities/logistics because it centers on student behavior and protective response outcomes rather than administrative structure or physical conditions.\""\n}""]",,30.757249116897583,24335,1664,2143,,[],['resp_085efeed8496e6bf006a739af0f62481a0b06e8bf6628bdc27'],True
vote|reduce1|8|3,"[""{\n    \""square entries report worse student safety, bullying/harassment, violent incidents, and inconsistent disciplinary response than circle entries\"": \""This groups all evidence about on‑campus harms (fights, gangs, drugs, sexual/harassment, suicides) and how incidents are handled; it is distinct from other buckets because it is about student safety incidents and immediate disciplinary/response practices, not about governance, facilities, programs, or academics.\"",\n    \""square entries document stronger advanced-academic programs and measurable college-prep outcomes (AP/IB/dual-enrollment/scholarships) than circle entries\"": \""This captures the repeated claims about AP/IB/dual‑enrollment, measurable outcomes and college counseling pipelines; it is mutually exclusive because it concerns curricular rigor and postsecondary results rather than safety, extracurricular breadth, infrastructure, or administrative governance.\"",\n    \""square entries describe broader, higher‑profile extracurriculars, athletics, performing‑arts and booster/community support than circle entries\"": \""This groups material describing extensive clubs, championship teams, music/theater programs, boosters and athletics prominence/favoritism; it is separate from academics (rigor/outcomes), safety incidents, facilities, and governance because it focuses on co‑curricular program breadth and community/booster investment.\"",\n    \""square entries report more physical‑plant, capacity, and logistical resource problems (overcrowding, portables, sanitation, parking/transportation, noisy/construction disruptions) than circle entries\"": \""This bucket gathers all claims about overcrowding, trailers, broken/restroom/food problems, transport/parking and construction impacts; it is exclusive because it refers to tangible facilities, space and operational logistics rather than staff/policy behavior, extracurricular offerings, or curricular strength.\"",\n    \""square entries report greater administrative dysfunction, turnover, punitive/opaque policies, poor communication and alleged financial mismanagement than circle entries\"": \""This groups complaints about leadership unresponsiveness, nepotism/favoritism, recordkeeping/IEP failures, opaque/punitive discipline policies, and alleged budget/board misbehavior; it is distinct from the safety bucket because it focuses on institutional governance, communication and procedural failures rather than frontline student incidents or program/facility descriptions.\""\n}""]",,31.22027587890625,28933,1664,2130,,[],['resp_0a91d9b5aa8c6a63006a739aefc0cc8191a0d598a3854c40fa'],True
vote|reduce1|21|0,"[""{\n    \""square entries report more pervasive student safety, bullying, substance, violence, and mental‑health crises with weaker effective support than circle entries\"": \""Groups many raw claims about fights, drugs/vaping, bullying, suicides/mental‑health harms and failed incident handling into a single safety‑and‑climate bucket; it is clearly about student incidents and on‑the‑ground support (not about governance, facilities, academics, or extracurricular breadth).\"",\n    \""Square entries report more administrative and governance dysfunction, operational failures, and resource‑misallocation than circle entries\"": \""Captures the distinct pattern of governance problems—nepotism, cover‑ups, punitive/arbitrary policies, counselor/guidance/IEP breakdowns, scheduling/record errors and misallocated budgets—separate from physical facilities, student safety incidents, extracurricular breadth, or curricular strength.\"",\n    \""square entries describe stronger and more numerous formal academic programs and college‑prep pathways than circle entries\"": \""Groups all evidence about AP/IB/dual‑enrollment/CTE/magnet programs, measurable college outcomes and rigorous curricular pathways into a curriculum/college‑prep bucket distinct from extra‑curricular offerings, safety, governance, or infrastructure issues.\"",\n    \""square entries report a broader, higher-profile extracurricular and arts/sports ecosystem and visible school traditions than circle entries\"": \""Collects claims about many clubs, award‑winning music/arts, athletics prominence, boosters/alumni engagement and athletic favoritism into one extracurricular‑culture bucket that focuses on program breadth, traditions and funding priorities (separate from curricular rigor or facilities conditions).\"",\n    \""square entries document worse facilities, capacity, sanitation, and accessibility problems (structural decay, pests/mold, overcrowding, ADA inaccessibility, food/bathroom hygiene, traffic/logistics) than circle entries\"": \""Aggregates physical‑plant and operational capacity evidence—overcrowding, dilapidation, pest/food/temperature problems, busing/parking and renovation impacts—into a facilities/logistics bucket distinct from safety incidents, governance failures, curricular strength, or extracurricular offerings.\""\n}""]",,31.739318132400513,28742,2432,2923,,[],['resp_0ca418b266be35de006a739aef3ed8819da58936f45833d6fa'],True
vote|reduce1|20|0,"[""{\n    \""square entries describe stronger, more numerous advanced academic programs, specialization, and measurable college‑prep outcomes than circle entries\"": \""This bucket groups the many reviews that cite concrete AP/IB/dual‑enrollment/STEM/magnet/college‑prep pathways and downstream measurable outcomes (scholarships, elite college admits) in square schools; it is distinct from other buckets because it concerns curriculum/program offerings and outcomes rather than staff behavior, safety, facilities, or extracurricular breadth.\"",\n    \""Square entries showcase wider and higher‑profile extracurricular, athletics and arts opportunities (and associated fees or athletic favoritism) than circle entries\"": \""This bucket captures reviews describing expansive, high‑participation extracurricular ecosystems (award‑winning bands, theater, athletics, internships, paid trips) and attendant pay‑to‑play or athlete‑privilege dynamics in square schools; it is mutually exclusive because it focuses on out‑of‑class program breadth and funding/favoritism tied to activities rather than academic rigor, administrative governance, safety, or physical plant issues.\"",\n    \""square entries report more administrative/staff dysfunction around responsiveness, favoritism, grading/accountability, and bureaucratic errors than circle entries\"": \""This bucket groups concrete evidence about governance and personnel problems in square schools (nepotism, opaque discipline, retaliatory/opaque records and grading practices, locked offices and cover‑ups); it is separate from the safety, facilities, extracurricular, and academic‑program buckets because it centers on leadership/operational governance and procedural fairness rather than student misconduct, buildings, or program inventories.\"",\n    \""square entries report more frequent and severe student safety, bullying, substance, and physical‑fight incidents (sometimes involving police) and ineffective disciplinary response than circle entries\"": \""This bucket aggregates reports of fights, vaping/drugs, bullying/harassment, lockdowns, police involvement and failures to remediate in square schools; it is distinct because it concerns student conduct and campus safety/climate rather than curricular strength, extracurricular offerings, administrative governance, or physical/resource conditions.\"",\n    \""square entries report worse physical facilities, overcrowding, sanitation, and resource‑priority/funding problems than circle entries\"": \""This bucket captures concrete, operational facility and capacity problems in square reviews (overcrowding, mold/pests, HVAC/cleanliness, parking/traffic, capital projects and budget tradeoffs), and is mutually exclusive because it addresses built‑environment and logistical/resource shortfalls rather than personnel governance, student safety, extracurricular breadth, or academic/program quality.\""\n}""]",,31.840954065322876,28420,1984,2546,,[],['resp_06474b2a2ebf4c95006a739aef324481928f1cde568b216b09'],True
vote|reduce1|14|1,"[""{\n    \""square entries document stronger, broader, and more concretely‑described advanced academic, AP/IB/dual‑enrollment, vocational/CTE, and college‑preparation pathways (and measurable postsecondary outcomes) than circle entries\"": \""This bucket groups all concrete claims about course offerings, AP/IB/dual‑credit/CTE pathways and measurable college outcomes (scholarships, elite admits, credit transfer); it is distinct from safety, facilities, admin, or extracurricular claims because it is strictly about academic program breadth and documented postsecondary results.\"",\n    \""square entries report more severe safety, bullying, substance‑abuse, and physical‑violence incidents (and more accounts of administrative failure or performative responses) than circle entries\"": \""This bucket captures incidents of fights, drugs, gangs, harassment, police involvement, and the school’s ineffective or punitive handling of those incidents; it is separate from facility/operational issues, program breadth, administrative governance problems, and extracurricular descriptions because it focuses on student safety and behavioral crises and incident response.\"",\n    \""square entries include more explicit reporting of facilities, capacity, budget priorities, and security/enforcement policies (from overcrowding and aging buildings to bonds, spending fights, locked bathrooms and SRO/police use) than circle entries\"": \""This bucket covers physical plant, overcrowding, logistics (parking, trailers, scheduling), maintenance/health hazards, capital spending choices and visible security measures—distinct from curricular strength, safety incidents themselves, administrative favoritism, or extracurricular program content because it centers on material/operational infrastructure and resourcing.\"",\n    \""square entries document greater administrative and front‑office dysfunction, poor parental communication, record‑keeping failures, punitive policy enforcement, turnover, and governance secrecy than circle entries\"": \""This bucket aggregates governance and personnel failures—unresponsive counselors, IEP/504 mishandling, favoritism/nepotism, arbitrary discipline, rude front‑office staff, politicized boards and turnover—and is kept separate from classroom/program quality, physical facilities, extracurricular assets, or student safety incidents because it focuses on leadership, processes, and accountability.\"",\n    \""square entries portray a broader, named extracurricular and co‑curricular ecosystem (arts, music, vocational, competitive teams and athletics) but also more documented access inequities and coaching favoritism than circle entries\"": \""This bucket groups descriptions of extensive arts/athletics/club offerings, booster/fundraising support, championships and fees as well as complaints about athlete/club favoritism and access barriers; it is distinct from academic-program strength, facility/logistics, safety crises, and administrative governance because it specifically addresses extracurricular breadth, prominence, and inequitable access.\""\n}""]",,32.01554727554321,28162,1984,2573,,[],['resp_0bb8d0beda133696006a739aef4858819d8d1b077d4ad3fadc'],True
vote|reduce1|22|3,"[""{\n    \""square entries report stronger and more numerous advanced-academic pathways and measurable college-prep outcomes than circle entries\"": \""Covers recurring evidence that square schools list IB/AP/dual‑enrollment, high AP/IB participation, concrete college matriculation and scholarships—this is focused on formal academic-program strength and outcomes and does not overlap with extracurricular, safety, administrative, or facility issues.\"",\n    \""square entries describe broader, higher‑participation extracurricular programs and also visible athletic prioritization/favoritism more than circle entries\"": \""Groups the many reports of expansive arts/choir/band, CTE/CTE pathways, ROTC and athletics plus booster funding and athlete‑favoritism claims into one programmatic/extracurricular bucket distinct from academic rigor, safety incidents, administrative policy, or facility conditions.\"",\n    \""square entries report more frequent and severe student-safety and behavioral crises (fights, gangs, drugs, sexual misconduct, pervasive bullying) than circle entries\"": \""Collects accounts of bullying, assaults, gang/drug incidents, suicides and related claims of ineffective or delayed protection into a single safety/discipline climate theme that is conceptually separate from program offerings, governance, academics, or physical‑plant problems.\"",\n    \""square entries document more administrative and operational dysfunction, inconsistent rule enforcement, favoritism/nepotism, and bureaucratic resistance than circle entries\"": \""Captures the numerous, concrete governance complaints—unresponsive counselors, nepotism, inconsistent grading/attendance policy, enrollment/registration failures, punitive or arbitrary enforcement—separating governance/communication/accountability problems from safety, facilities, academics, or extracurricular programming.\"",\n    \""square entries reveal greater facility, capacity, and operational resource contrasts (either better modern investment or severe underfunding/overcrowding/health hazards) than circle entries\"": \""Groups the many concrete facility and resource reports—overcrowding, AC/food/mold/lead issues, locked bathrooms, portables, and also explicit capital projects—into a single physical‑plant and capacity bucket that is distinct from administrative behavior, curricular strength, safety climate, or extracurricular breadth.\""\n}""]",,32.209059953689575,27905,1664,2164,,[],['resp_00a87717e737591c006a739aef54a88191bae692843acf6a83'],True
vote|reduce1|17|3,"[""{\n  \""square entries describe more frequent and severe student-safety and climate problems (bullying, harassment, drugs, violence, suicides, police involvement) than circle entries\"": \""This bucket groups the many raw items about violence, bullying, drugs, gangs, sexual harassment, police involvement and ineffective/responsive discipline — a distinct, concrete safety‑and‑climate domain that does not conflate with facilities, academics, admin governance or program breadth.\"",\n  \""square entries report more structured advanced academic programs, formal diploma/academy pathways, and documented college matriculation than circle entries\"": \""This bucket captures the repeated evidence of formal AP/IB/academy/dual‑enrollment pathways and measurable college outcomes in square reviews — a programmatic/academic‑pathways dimension that is conceptually separate from safety, facilities, governance or extracurricular prominence.\"",\n  \""square entries report more facility, operational, and student‑support capacity shortfalls (maintenance, tech, scheduling, counselor/IEP/mental‑health support, overcrowding, fees) than circle entries\"": \""This bucket groups concrete, day‑to‑day operational failures — broken HVAC, pests, overcrowding, scheduling/locker/transport logistics, tech/material shortages, sanitation and IEP/counseling capacity — distinct from program strength, extracurricular achievements, safety incidents, or governance behaviors.\"",\n  \""square entries report more administrative favoritism, inconsistent/harsh discipline, nepotism, resource misallocation, and poor leadership/communication than circle entries\"": \""This bucket gathers accounts of governance and personnel dysfunction — favoritism, opaque/retaliatory discipline, budget misprioritization, unresponsive leadership and poor communication — which are organizational/governance phenomena separate from facilities, safety incidents, curricular offerings, or extracurricular scale.\"",\n  \""square entries document broader, higher‑profile extracurricular, arts, and athletics programs and achievements than circle entries\"": \""This bucket consolidates references to extensive clubs, award‑winning arts, championship athletics, booster/parent investment and visible program prestige — a distinct dimension of extracurricular breadth and prominence that should be kept separate from academic pathway strength, operational shortfalls, safety/climate, or administrative malpractice.\""\n}""]",,32.40925121307373,27867,1536,2018,,[],['resp_0f0e1887bbc78bd4006a739aef31cc81928e504936ab9e659b'],True
vote|reduce1|19|0,"[""{\n    \""square entries report stronger advanced academic offerings and measurable college‑prep outcomes than circle entries\"": \""Groups many raw terms describing AP/IB/honors, dual‑enrollment, measurable test/college outcomes and explicit college‑prep resources into a single academic‑program bucket; this is distinct from extracurricular, safety, staffing, or facilities issues because it focuses solely on curricular rigor and postsecondary results.\"",\n    \""square entries report more frequent and severe student safety, bullying, substance‑abuse, and race/harassment incidents (with alleged failures to protect) than circle entries\"": \""This groups all evidence about bullying, fights, drugs, racial/sexual/LGBTQ harassment, threats/lockdowns and administrative minimization/retaliation into one safety/hostile‑climate bucket; it is mutually exclusive from academic, programmatic, staffing or facility buckets because it centers on student conduct and protection failures.\"",\n    \""square entries report greater inconsistency, turnover, and operational dysfunction among staff and administration (teacher shortages/quality variability, counselor/admin unresponsiveness, special‑ed failures) than circle entries\"": \""This captures reviews about unstable or uneven adult support—teacher turnover/absenteeism, inconsistent instructional quality, counselor overload, IEP/504 mishandling and poor parent communication—keeping personnel/support problems separate from governance/favoritism, facilities, safety, or program‑breadth issues.\"",\n    \""square entries emphasize clear operational resource, facility, and capacity realities (underfunding, overcrowding, maintenance, scheduling, and tech infrastructure) more than circle entries\"": \""This buckets all concrete facility and day‑to‑day operational evidence—aging or renovated buildings, mold/cleanliness, overcrowded classes, broken equipment, transportation and scheduling glitches, and tech shortages—distinct from program quality, staff behavior, governance, or student safety.\"",\n    \""square entries report broader and higher‑profile extracurricular, athletics, arts, and vocational/CTE offerings and competitive achievements than circle entries\"": \""This groups all reviewer claims about breadth, prominence, booster/parent engagement, championships, arts/music successes and vocational pathways (including unequal access), separating program/extracurricular richness from academics, safety, staffing, or facilities matters.\""\n}""]",,32.65675115585327,27585,2624,3090,,[],['resp_0cbbc7e5349e0883006a739aef34e881919c5cd7dde76a64fa'],True
vote|reduce1|0|2,"[""{\n    \""square entries report more pervasive student-safety and exclusionary social‑climate problems (bullying, fights, drugs, racism, sexual assault) with poor incident handling than circle entries\"": \""This groups the many raw items describing fights, bullying, drug/gang activity, sexual harassment, suicidality and explicit accounts of incidents plus staff failure/retaliation — a distinct on‑the‑ground safety/social‑climate cluster that is conceptually separate from program strength, facilities, administrative governance, or counseling/support problems.\"",\n    \""Square entries show more administrative dysfunction, favoritism, politicization, and operational mismanagement (responsiveness, record‑keeping, staffing, funding priorities) than Circle entries\"": \""This captures complaints about unresponsive or hostile leaders, nepotism/favoritism for athletes, grade/record errors, micromanagement and politicized district choices — an operational/governance theme that is about who runs the school and how, not about facility condition, student safety incidents, or curricular offerings.\"",\n    \""square entries document broader and better‑resourced advanced academic, CTE, and extracurricular program offerings and measurable postsecondary outcomes than circle entries\"": \""This groups the many concrete citations of AP/IB/STEM/CTE pathways, vocational certifications, large award‑winning ensembles, higher college matriculation anecdotes and named pathway structures — a programmatic/outcomes cluster distinct from safety, administration, facilities, or student‑support failures.\"",\n    \""square entries emphasize tangible facility/funding patterns and resource allocation issues (upgraded/new buildings and athletic investment alongside overcrowding, sanitation, pay‑to‑play and misallocated funds) more than circle entries\"": \""This covers explicit physical, capital and budget evidence (new gyms/stadiums, renovations, simultaneous overcrowding, sanitation/pest issues, bus/transport failures and contested spending decisions toward athletics) which is operationally about resources and infrastructure rather than program content, safety incidents, or counseling/SPED implementation.\"",\n    \""square entries report more inconsistent or inadequate student support services (special‑education noncompliance, overloaded/ineffective counseling, and limited remedial tutoring) than circle entries\"": \""This isolates evidence about failures or variability in counseling, IEP/504 implementation, special‑education staffing/training and remedial/credit‑recovery supports — a distinct category focused on formal student supports and accommodations separate from broad administrative politics, facility conditions, program breadth, or campus safety incidents.\""\n}""]",,33.43866991996765,28008,1856,2367,,[],['resp_0d6225f00483b0ed006a739aef4224819ebb8594b7a7a88b63'],True
vote|reduce1|2|4,"[""{\n    \""square entries report more pervasive student-safety, bullying, substance‑use, and unmet mental‑health/counseling problems than circle entries\"": \""Groups many reviews that describe concrete safety/behavior incidents (fights, drugs/vaping, bullying, weapons, police interventions) and failures or gaps in counseling/anti‑bullying response; this is distinct from facility, programmatic, administrative, or extracurricular topics because it centers on student harm, incident frequency, and protective/remedial service shortfalls.\"",\n    \""square entries report more chronic facility, overcrowding, transportation, and environmental infrastructure problems than circle entries\"": \""Captures the repeated, operationally disruptive physical/resource evidence (pests, no AC, toilets/paper shortages, leaks, overcrowded classes, busing/scheduling) that affect day‑to‑day schooling; this focuses on built‑environment and logistics rather than safety incidents, program offerings, or staff governance.\"",\n    \""square entries describe broader, formal academic and extracurricular program infrastructure and measurable college‑prep outcomes more than circle entries\"": \""Groups the many concrete references to formal academic pathways (IB/AP/dual enrollment/STEM/academies), measurable outcomes (college matriculation, scholarships), and structured support programs—distinct from mere talk of quality or staff behavior because it concerns program presence, scope, and measurable student results.\"",\n    \""square entries document more administrative and counseling failures, inconsistent staff responsiveness, leadership instability, favoritism/discriminatory enforcement, and governance/resource scandals than circle entries\"": \""Aggregates reports of poor governance and personnel practices (nepotism, fiscal scandals, unresponsive front office, inconsistent/biased discipline, counselor failures), which are organizational/management issues separate from physical facilities, student‑safety incidents, or programmatic breadth.\"",\n    \""square entries describe broader and higher‑visibility extracurricular/athletics offerings and athletic prominence (often coupled with athlete favoritism) more than circle entries\"": \""Collects evidence about extensive, high‑profile extracurricular ecosystems (championship teams, award‑winning arts, boosters, heavy athletic spending) and attendant social hierarchies or pay‑to‑play/exclusionary practices, a theme distinct from programmatic academic pathways, safety problems, facilities, or administrative governance.\""\n}""]",,33.44218897819519,24900,1728,2231,,[],['resp_0e1c9f18a6ae60f7006a739aee914081a39c8ceff5487f27ca'],True
vote|reduce1|5|1,"[""{\n    \""square entries report stronger and more numerous advanced-academic pathways and measurable college-prep outcomes than circle entries\"": \""Covers concrete curricular/programmatic evidence (AP/IB/dual‑enrollment, honors/tracking, measurable college placements and scholarships) that reviewers cite about school academic pathways and outcomes — a distinct domain focused on classroom programs and postsecondary results (not facilities, student-safety incidents, governance behavior, or extracurricular funding).\"",\n    \""square entries report greater administrative and governance dysfunction—including favoritism/nepotism, inconsistent discipline, punitive fee/record‑keeping policies, and poor responsiveness—than circle entries\"": \""Groups all reviews that document leadership, policy and governance failures (cover‑ups, nepotism, arbitrary grading/discipline, unresponsive clerical/counseling practices) into one bucket about institutional behavior and decision‑making, which is substantively different from program quality, campus infrastructure, student conduct incidents, or extracurricular breadth.\"",\n    \""square entries report more pervasive student-safety, bullying, harassment, substance-use, and mental-health crises with weak or delayed remedies than circle entries\"": \""Collects first‑hand reports of on‑campus harms and wellbeing failures (fights, weapons/lockdowns, drug use, sexual harassment, suicidality, and ineffective or punitive adult responses) into a safety/wellbeing bucket that is about student conduct and protection rather than governance processes, physical plant, or academic/extracurricular offerings.\"",\n    \""square entries report more facility, capacity, and resource‑allocation problems (overcrowding, aging/renovated buildings, traffic/parking, budget cuts and skewed funding priorities) than circle entries\"": \""Captures concrete operational and infrastructure evidence (overcrowded classes/hallways, mold/asbestos/pests, HVAC/food/ bathroom failures, busing/parking and contested budget allocations) that affect daily schooling, which is distinct from programmatic strength, administrative misconduct, student safety incidents, or extracurricular program descriptions.\"",\n    \""square entries report broader extracurricular, vocational, and athletics/arts program breadth and documented program results (but often with prioritized funding toward athletics) more than circle entries\"": \""Groups reviewer evidence about the scope, quality, and funding priorities of non‑academic offerings (band, theater, sports, magnet/STEM/CTE, booster support and athlete favoritism) into a single bucket about extracurricular ecosystem and spending choices that is separate from academic pathways, safety issues, facilities, or governance failures.\""\n}""]",,33.87045907974243,28032,1664,2179,,[],['resp_01cd8fe01cf13679006a739aeed234819e87025eecfde533da'],True
vote|reduce1|20|3,"[""{\n    \""square entries report more pervasive safety, bullying, drug/gang incidents and inadequate or inconsistent disciplinary response than circle entries\"": \""This captures the large cluster of reviews describing fights, vaping/drug use, assaults, gang/racial targeting, tolerated harassment, and failures or cover‑ups in incident handling — a distinct school‑safety/climate dimension that is separate from program quality, facilities, counseling, or governance process issues.\"",\n    \""square entries report more extensive advanced academic, vocational and extracurricular program offerings and measurable college‑prep outcomes than circle entries\"": \""This groups the many concrete claims about AP/IB/dual‑credit/CTE pathways, internships, awards, national/state extracurricular success and alumni college outcomes into a single program/outcomes bucket that is conceptually distinct from facility, safety, counseling, or admin‑responsiveness topics.\"",\n    \""square entries emphasize larger‑scale facilities, enrollment, crowding, resource allocation, and enforcement regimes (overcrowded classes, maintenance problems, capital projects, security/surveillance, and athletics funding) more than circle entries\"": \""This captures the reviews that focus on building condition, overcrowding, renovations vs maintenance gaps, capital spending tradeoffs, parking/traffic and enforcement of campus logistics — a physical‑infrastructure and capacity axis distinct from student safety incidents, program breadth, counseling/special‑ed, or governance/favoritism.\"",\n    \""Square entries discuss counseling, special‑education, newcomer support, and mental‑health/IEP interaction far more (both positive and negative) than circle entries.\"": \""This groups detailed, operational accounts about guidance counselors, IEP/504 implementation, special‑education noncompliance or support, ESL/newcomer services and mental‑health interventions into one student‑support/equity bucket, separate from safety incidents, curricular offerings, facilities, or administrative politics.\"",\n    \""square entries document more administrative and staff unresponsiveness, rudeness, favoritism, secrecy/cover‑ups, and inconsistent discipline than circle entries\"": \""This captures governance and personnel‑behavior evidence — unhelpful front office, favoritism/nepotism, cover‑ups, opaque policies, record‑keeping errors, and retaliatory or inconsistent discipline — a distinct organizational/leadership dysfunction category that does not conflate with physical facilities, program offerings, safety incidents, or student‑support services.\""\n}""]",,33.973443031311035,27993,2048,2583,,[],['resp_0c9dbb4b3f4b2350006a739aef398c819eb65fbcf7758509cc'],True
vote|reduce1|2|3,"[""{\n    \""square entries document more administrative mismanagement, policy-driven dysfunction, favoritism/nepotism, and operational funding problems than circle entries\"": \""Groups reviews that name leadership failures, opaque/retaliatory policies, turnover, board/scandal narratives and contested budget choices—this is explicitly about governance and managerial decision‑making and is distinct from (a) student safety incidents, (b) facility/capacity problems, (c) curricular/program strength, and (d) peer/clique culture.\"",\n    \""square entries report more frequent and severe student safety, violence, bullying, and substance‑use incidents than circle entries\"": \""Captures concrete accounts of fights, assaults, drug/vaping problems, harassment and ineffective discipline/cover‑ups—focused on immediate student‑safety harms and enforcement breakdowns rather than leadership narratives, physical infrastructure, curricular offerings, or social stratification.\"",\n    \""square entries document substantially stronger and more extensive advanced academic programs, college‑preparatory pathways, and measurable alumni outcomes than circle entries\"": \""Groups entries that enumerate AP/IB/dual‑enrollment/CTE pathways, scholarship and college‑placement evidence—this bucket is about formal curricular rigor and postsecondary outcomes and is intentionally separate from extracurricular breadth, facilities, governance, or social climate.\"",\n    \""square entries report more tangible resource, facility, capacity, and funding problems (and visible athletic/tech spending choices) than circle entries\"": \""Covers overcrowding, building deterioration, pest/cleanliness issues, renovation/capital projects and contested spending (athletics vs textbooks), i.e., physical and capacity constraints distinct from governance critique, safety incidents, program quality, or peer culture.\"",\n    \""square entries portray a more exclusionary, polarized student social culture than circle entries\"": \""Groups reports of cliques, socioeconomic/racial elitism, parental cliquishness and exclusionary social dynamics—this bucket is about peer/community social structure and identity‑based exclusion, separate from safety/discipline events, administrative failures, facilities, or curricular/programmatic strength.\""\n}""]",,34.14055395126343,28299,2176,2603,,[],['resp_089a0dd2fd21b4fb006a739aeebc9c81a28e32d736f7282b85'],True
vote|reduce1|12|1,"[""{\n    \""square entries describe broader, formal academic and extracurricular program infrastructure and measurable college‑prep outcomes more than circle entries\"": \""This groups the many square examples listing AP/IB/dual‑enrollment/academies, internships, measurable college admits and formal college‑prep pathways — a concrete programmatic strength distinct from (a) governance/communication problems, (b) classroom variability, (c) facilities/logistics, and (d) safety incidents.\"",\n    \""square entries report greater administrative and staff dysfunction, including higher turnover, misconduct, favoritism, and weak special‑education support, than circle entries\"": \""This captures governance, front‑office/unresponsive admin, favoritism/nepotism, record‑keeping/grade issues and special‑education noncompliance — systemic personnel and accountability failures that are organizational (not program offerings, facilities, classroom pedagogy, or incident-level safety problems).\"",\n    \""Square entries show greater variability and inconsistency in classroom instruction and student support (teacher quality, absenteeism, counseling, special‑ed) than circle entries\"": \""This groups raw items that describe polarized teacher performance, intermittent counseling/IEP support, substitute/coverage problems and uneven pedagogy — a classroom‑level inconsistency theme that is separate from school‑level governance, formal program breadth, facilities/logistics, or prevalence of safety incidents.\"",\n    \""square entries document more concrete facility, capacity, funding and operational problems (overcrowding, maintenance/pests, budget cuts, unsafe transport, scheduling/management failures) than circle entries\"": \""This bucket collects overcrowding, aging/unsanitary buildings, transportation/traffic hazards, cafeteria/food and contested spending or capital‑vs‑maintenance tradeoffs — operational/resource constraints distinct from personnel governance, classroom instruction variability, program richness, or student‑safety incidents themselves.\"",\n    \""square entries describe more pervasive student-safety, bullying, harassment, substance-use, and mental-health crises with weak or delayed remedies than circle entries\"": \""This groups the many explicit reports of fights, drugs/gangs, sexual assaults, severe bullying, student depression/self‑harm risk and inadequate remediation — incident‑level safety and wellbeing crises that are conceptually different from facilities problems, program offerings, administrative governance, or classroom instructional variability.\""\n}""]",,34.15104103088379,28584,1920,2391,,[],['resp_025bc49abde473fb006a739aef4d24819dbf503eb74e4359e2'],True
vote|reduce1|6|1,"[""{\n    \""square entries report far more pervasive student safety, bullying, substance‑abuse and violent‑incident problems with inadequate or inconsistent staff responses than circle entries\"": \""This bucket groups every raw term documenting concrete on‑campus harms (bullying, fights, assaults, drugs, lockdowns, sexual misconduct, police involvement) and the school’s failure or punitive/inconsistent handling of them; it is distinct from governance, staffing operational failures, facility/overcrowding, and academic-program strength because it focuses specifically on student safety incidents and their immediate disciplinary/response outcomes rather than board policy, staffing variability, infrastructure, or curricular offerings.\"",\n    \""square entries expose more administrative, governance, and policy dysfunction (inconsistent enforcement, politicized board decisions, censorship, and resource mismanagement) than circle entries\"": \""This bucket captures review evidence about system‑level leadership, board politics, censorship/ideological decisions, corruption or misallocated budgets and formal policy problems (e.g., politicized donor choices, district‑level misconduct, levy controversies), which is conceptually separate from day‑to‑day staff turnover/counseling failures, operational logistics/maintenance, safety incidents, or descriptions of academic program quality.\"",\n    \""square entries exhibit stronger, more numerous advanced‑academic programs and measurable college‑prep outcomes than circle entries\"": \""This bucket groups every raw term asserting concrete academic/college‑prep strengths (AP/IB/dual enrollment, academies, elite matriculations, measurable post‑secondary outcomes) and is intentionally exclusive of operational/governance complaints, safety/crime reports, staffing instability, or facilities/capacity issues because it only captures programmatic academic breadth and outcomes.\"",\n    \""square entries report wider and more polarized facility, capacity and extracurricular conditions—both extensive extracurricular/arts/athletics offerings and investments AND chronic overcrowding, uneven maintenance, or renovation disruption—more than circle entries\"": \""This bucket aggregates raw terms that describe the physical and programmatic footprint of the school (new stadiums/renovations, exceptional arts/athletics, many clubs) together with contradictory facility stressors (severe overcrowding, mold/cleanliness problems, renovation disruption), keeping these infrastructure/capacity and extracurricular resource patterns separate from safety incidents, governance/policy dysfunction, staffing variability, or academic program descriptions.\"",\n    \""square entries report greater inconsistency, turnover, and operational dysfunction among staff and administration (teacher shortages/quality variability, counselor/admin unresponsiveness, special‑ed failures) than circle entries\"": \""This bucket collects items about personnel‑level operational breakdowns—high teacher/sub reliance and variability, counselor inaccessibility, IEP/504 noncompliance, scheduling/records failures and front‑office unresponsiveness—and is distinct from governance/policy (board‑level misconduct), on‑campus safety incidents, facility/resource conditions, and academic program quality because it focuses on day‑to‑day staff capacity, continuity, and service delivery.\""\n}""]",,34.51827812194824,27950,1664,2299,,[],['resp_03825c25b99d37cf006a739aeece24819c95c7f191a39a2863'],True
vote|reduce1|9|0,"[""{\n    \""square entries report stronger, more numerous advanced academic and college/career programs and measurable student achievement than circle entries\"": \""Groups many raw terms about AP/IB/honors, dual‑enrollment, academies, certification pathways and documented college outcomes into a single academic‑program strength bucket that is distinct from extracurricular life, facilities, safety, or governance issues (it focuses on in‑class and credential pathways rather than outside‑the‑classroom programs or infrastructure).\"",\n    \""square entries allege more administrative dysfunction, unresponsiveness, favoritism/athletic nepotism, punitive or opaque policies and cover‑ups than circle entries\"": \""Collects complaints about boards/principals, arbitrary punishments, nepotism, cover‑ups, retaliatory responses and poor parent communication into an operational/governance bucket that is about decision‑making and accountability (separate from student safety incidents themselves, physical facility problems, academic program breadth, or extracurricular quality).\"",\n    \""square entries report more pervasive student safety, bullying, substance‑use, violence, and ineffective adult response than circle entries\"": \""Groups the extensive reports of fights, gang/drug activity, sexual assaults, racist/homophobic harassment, bullying and failures to protect or intervene into a single safety/climate bucket that is incident‑focused and distinct from administrative governance, facilities maintenance, academic course offerings, or extracurricular prominence.\"",\n    \""square entries document worse facilities, capacity, sanitation, and accessibility problems (structural decay, pests/mold, overcrowding, ADA inaccessibility, food/bathroom hygiene, traffic/logistics) than circle entries\"": \""Aggregates concrete operational and physical problems (locked/filthy bathrooms, mold, broken infrastructure, overcrowded schedules, traffic/pick‑up hazards and inconsistent renovation tradeoffs) into an infrastructure/capacity bucket that is about the built environment and logistics rather than programs, governance, or safety incidents per se.\"",\n    \""square entries describe broader and higher-quality extracurricular and arts/music offerings (and related athletic prominence or favoritism) than circle entries\"": \""Captures the many mentions of robust band/theater/music, sports championships, CTE/club breadth, booster/community engagement and athlete‑centered culture into an extracurricular/arts/athletics bucket that is programmatic and cultural (distinct from academic curricular strength, physical facility condition, safety incidents, or governance misbehavior).\""\n}""]",,34.79031991958618,28138,1920,2437,,[],['resp_0157b067101b6f83006a739aef40ec81a0a45a4e1a24f92d97'],True
vote|reduce1|20|1,"[""{\n    \""Square entries describe stronger and broader advanced‑academic and college‑preparatory offerings and measurable post‑secondary outcomes (AP/IB/honors, dual‑enrollment, academies, scholarships, college acceptances) than circle entries.\"": \""Groups the many raw terms documenting named AP/IB/honors, dual‑enrollment, academies, documented scholarships/college acceptances and alumni outcomes into a single academic‑program/college‑prep bucket; this is distinct from safety, facilities, staff dysfunction, or counseling issues because it captures program offerings and measurable postsecondary results only.\"",\n    \""square entries show more administrative dysfunction, poor communication, contested resource priorities, and favoritism/nepotism than circle entries\"": \""Captures governance‑level complaints (opaque budgets, favoritism, image‑management, cover‑ups, misallocated athletics funding and politicized discipline) that are about leadership/decision‑making rather than teacher competence, building condition, student safety, or special‑education/counseling delivery.\"",\n    \""square entries report more frequent, severe student safety incidents and inconsistent protective responses than circle entries\"": \""Groups all bullying/fights/lockdown/drug/gang/weapon/assault incidents and repeated accounts of inadequate or biased adult responses into a single safety/behavior climate bucket separate from facilities (physical plant), academics (programs/outcomes), staff professionalism, or counseling supports.\"",\n    \""square entries report worse facility condition, overcrowding, and logistical/operational failures (cleanliness, pests, hazardous transportation, scheduling delays) than circle entries\"": \""Collects all physical‑plant, capacity, sanitation, transportation and day‑to‑day operational breakdown evidence (crowded classes, flooded fields, mold/pests, lunch logistics, bus‑stop hazards) and is kept separate from administrative governance, staff performance, safety incidents, or special‑education/counseling issues.\"",\n    \""square entries document more operational staff and student‑support issues and variability — teacher competence/absenteeism, turnover, substitute noncooperation, plus mixed counseling and special‑education compliance — than circle entries\"": \""Groups teacher‑level and frontline support problems (uneven teacher quality, high attrition, chronic substitute issues, counselor shortages, IEP/504 noncompliance and mental‑health support failures) into a single staff/support bucket distinct from high‑level governance, facility problems, academic program strength, or student safety incidents.\""\n}""]",,35.000288009643555,28333,1792,2352,,[],['resp_05fb6d31f734186e006a739aef369481a1b70b26cd9deff0b6'],True
vote|reduce1|21|4,"[""{\n  \""square entries report more acute facility and operational failures (disrepair, cleanliness, overcrowding, maintenance lapses, meal and scheduling logistics) than circle entries\"": \""Groups together all concrete building/health/space/logistics failures (pests, filthy restrooms, broken desks, cafeteria overcrowding, canceled classes, schedules/transport problems and pay‑to‑participate fees) described across many reviews; it is distinct from administrative, safety, academic or extracurricular themes because it focuses on physical infrastructure and day‑to‑day operational capacity rather than leadership behavior, student conduct, programs or outcomes.\"",\n  \""square entries document substantially richer, named academic pathways and measurable college‑prep outcomes (AP/IB/dual enrollment/CTE, test scores, elite admits) than circle entries\"": \""Captures repeated evidence that square schools list concrete advanced programs, measurable test/college outcomes and named academies/credentials (AP/IB/dual‑credit, STEM/CTE academies, elite admits), and is separate from extracurricular breadth (which is about clubs/teams/fundraising) and from staffing or safety problems (which concern implementation and climate rather than program availability).\"",\n  \""square entries report more severe and varied student safety/behavior crises and hostile peer climates than circle entries\"": \""Groups the many accounts of bullying, fights, gang/drug activity, stabbings/shootings, pervasive harassment and inadequate victim protection/retaliation claims into a single safety‑and‑climate bucket; this is distinct from administrative dysfunction (how leaders respond) and from facility shortcomings (where incidents occur) because it centers on prevalence and severity of student misconduct and harm.\"",\n  \""square entries report more administrative/staff unresponsiveness, inconsistent discipline, and insider favoritism/nepotism than circle entries\"": \""Covers governance and personnel patterns (unreturned calls, grade‑tampering, favoritism for athletes/wealthy families, politicized boards, inconsistent or punitive discipline) that recur across reviews; it is intentionally separated from safety (incident content) and from facilities (physical problems) because it describes leadership/HR/disciplinary practices and accountability failures.\"",\n  \""Square entries report broader, higher‑profile extracurricular, arts and athletics opportunities plus stronger alumni/community engagement and parent fundraising than Circle entries\"": \""Aggregates descriptions of extensive competitive sports, award‑winning arts, many clubs, JROTC/field trips, booster fundraising and multigenerational alumni pride into one programmatic/community bucket; it is exclusive of academic‑program strength (which is curriculum/outcomes focused) and exclusive of infrastructure or discipline issues (which concern capacity or safety rather than program breadth and community investment).\""\n}""]",,35.11094403266907,24972,1984,2561,,[],['resp_0745d5f1c254caf7006a739aef54a081918e7e8948c9800cca'],True
vote|reduce1|5|4,"[""{\n    \""square entries report more frequent and severe student safety, bullying, substance‑use, and violent‑incident problems — and more examples of mishandled responses — than circle entries\"": \""Groups all raw terms documenting fights, gang/drug incidents, sexual coercion, life‑threatening bullying, lockdowns, non‑reporting and PTSD‑level harms; this bucket is restricted to student‑safety/behavior incidents and administrative failures to protect and is distinct from facility, academic, extracurricular or personnel governance themes.\"",\n    \""square entries report more facility, overcrowding, maintenance, and operational logistics problems than circle entries\"": \""Captures concrete building/health/capacity/logistics evidence (mold, cockroaches, lack of AC, overcrowded grades, bussing, closed libraries, testing-space failures, trash/roof leaks and event/traffic bottlenecks); it is focused on physical infrastructure and day‑to‑day operations and does not overlap with safety incidents, program quality, or staff governance buckets.\"",\n    \""square entries document stronger and more diverse advanced academic & career programs and measurable college/career outcomes than circle entries\"": \""Groups the many specific claims about AP/IB/honors/dual‑enrollment/CTE/STEM tracks and quantified college placements or AP scores; this bucket is tightly scoped to academic-program breadth and measurable post‑secondary outcomes and is separate from extracurricular/arts strength or classroom/staff variability.\"",\n    \""square entries report greater systemic staff and leadership dysfunction—poor responsiveness, favoritism/nepotism, high turnover, and administrative mishandling—than circle entries\"": \""Collects items about unresponsive offices, favoritism/elite treatment, recordkeeping and scheduling failures, punitive or politicized discipline, staff turnover, and alleged corruption; this governance/people‑management bucket is distinct from facility problems, student safety incidents, curricular strength, or extracurricular offerings.\"",\n    \""square entries document broader, higher‑achievement extracurricular, arts, STEM, and vocational offerings and stronger student engagement/loyalty than circle entries\"": \""Groups explicit, named extracurricular strengths (competitive bands, drama, choir, vocational tracks, athletics, booster/alumni engagement and community pride) and related high‑profile outcomes; it focuses on co‑curricular breadth and community involvement and is kept separate from in‑building infrastructure, safety/climate, academic rigor, or administrative dysfunction.\""\n}""]",,35.41612792015076,24675,1856,2349,,[],['resp_0f5d34a79cf4c1a4006a739aeeced4819fb8899081a1926980'],True
vote|reduce1|22|2,"[""{\n    \""square entries report far more frequent and severe student-safety and peer‑harassment problems (fights, threats, drugs, suicides, sexual coercion) than circle entries\"": \""Groups all concrete reports of violence, substance use, sexual/coercive incidents, suicidality and bullying plus weak on‑site responses into a single safety/climate bucket — this is distinct from governance (how leaders behave), facilities (physical/operational problems), academics (program/offering strength), and social‑exclusion (peer stratification) because it focuses on the incidents and immediate student harm rather than causes or institutional arrangements.\"",\n    \""square entries document more administrative and staff governance dysfunction — favoritism, punitive/arbitrary discipline, mismanagement, and privacy violations — than circle entries\"": \""Captures patterns of opaque leadership, retaliation, favoritism/nepotism, punitive or inconsistent discipline, recordkeeping/cover‑up claims and IEP/complaint mishandling; it is conceptually about institutional decision‑making and staff behavior rather than the physical plant, peer violence, curricular offerings, or peer exclusion dynamics.\"",\n    \""square entries document substantially stronger and more extensive advanced academic programs, college‑preparatory pathways, and measurable alumni outcomes than circle entries\"": \""Groups all evidence of IB/AP/dual‑enrollment/CTE, measurable college placement and elite alumni outcomes into a single academic‑programs/college‑prep bucket — this is about formal curricular opportunity and outcomes (not facilities, not day‑to‑day operational failures, not safety incidents, and not social exclusion).\"",\n    \""square entries report more concrete facility, enrollment, and day‑to‑day operational problems or investments (overcrowding, classroom size variance, cleanliness/food safety, tech rollout and maintenance, scheduling/transportation glitches) than circle entries\"": \""Aggregates all physical‑plant, capacity/overcrowding, maintenance, construction, transportation, scheduling and tech/logistics evidence into an operations/infrastructure bucket that is about material and logistical constraints rather than leadership choices, peer culture, or curricular strength.\"",\n    \""square entries document more pervasive social stratification, favoritism, exclusionary practices and discriminatory climates (athlete/wealth/parental favoritism, socioeconomic/racial/linguistic exclusion, ASB popularity, push-out policies) than circle entries\"": \""Groups reports of cliques, linguistic/ethnic exclusion, athlete/wealth privilege, tracking‑based two‑tier experiences and exclusion of newcomers or students with disabilities into a single peer‑culture/inclusion bucket, which is distinct from incident‑level safety problems, governance failures, physical infrastructure issues, and academic program descriptions.\""\n}""]",,35.48470687866211,28237,1920,2527,,[],['resp_0baf7374bd0ee1e6006a739aef5e8c81a3b2a958e73ebd9289'],True
vote|reduce1|3|2,"[""{\n    \""square entries document more administrative and staff misconduct, inconsistent/hostile discipline, and poor operational communication than circle entries\"": \""Captures reports of rude/unprofessional staff, retaliatory or inconsistent discipline, counseling/record‑keeping breakdowns and broken parent communication; distinct from the other buckets because it focuses on adult/operational misconduct and communication failures (not student safety incidents, program breadth, facilities, or academic-program strength).\"",\n    \""Square entries report more frequent and severe student safety and behavioral failures (bullying, fights, drugs, gangs) and ineffective enforcement than circle entries\"": \""Groups all reviewer evidence about student-on-student misconduct, substance use, violent incidents, bullying/harassment, and failures or punitive inconsistencies in on‑site enforcement; this is about student behavior and safety climate specifically, not about staff governance, facility condition, extracurricular offerings, or advanced academics. \"",\n    \""square entries describe stronger and more diverse advanced academic, AP/IB/CTE and college‑prep programming and instructional supports than circle entries\"": \""Collects references to IB/AP/honors/dual‑enrollment/CTE pathways, measurable postsecondary outcomes, and rigorous course access—i.e., the school’s formal academic program strength—separate from extracurricular/arts/athletics prominence, adult misconduct, or physical/resource problems. \"",\n    \""square entries report broader, higher‑profile extracurriculars, competitive arts and athletics, and active parent/alumni engagement than circle entries\"": \""Covers the breadth and visibility of clubs, music/theater/athletic championships, booster/parent/alumni involvement and school‑spirit traditions; this bucket is about co‑curricular prominence and community engagement (not academic program rigor, physical facility condition, student-safety incidents, or staff misconduct).\"",\n    \""square entries report greater facility, capacity, and resource allocation extremes (overcrowding, trailers, maintenance/food/health issues, or alternating high‑end renovations and athletic spending) than circle entries\"": \""Encompasses concrete infrastructure, overcrowding, sanitation/food complaints, maintenance/pest problems, capital projects and visible funding tradeoffs (e.g., athletics vs. classroom resources); it is explicitly about physical and resource conditions and funding choices, distinct from staff behavior, student safety, curricular strength, or extracurricular achievements.\""\n}""]",,35.81618618965149,28202,2048,2544,,[],['resp_0a1e222f56fb9c2a006a739aeed61881a1a223d316774dfdce'],True
vote|reduce1|23|3,"[""{\n    \""square entries report more pervasive student safety, bullying, substance‑use, and violent‑incident problems (and frequent failures to address them) than circle entries\"": \""This bucket groups all reviewer evidence about on‑campus harm and ineffective protective responses (drugs, fights, sexual harassment, bullying, weapons, searches), and is distinct from governance, facilities, academics or extracurricular themes because it focuses on student conduct and safety outcomes rather than administrative policy, physical plant, curricular breadth, or program prominence.\"",\n    \""square entries document broader and stronger advanced academic pathways and measurable postsecondary outcomes than circle entries\"": \""This bucket captures concrete programmatic academic strength (AP/IB/dual‑enrollment/STEM/magnet tracks and alumni/college matriculation data) and is mutually exclusive from safety, operations, staff‑behavior or extracurricular prominence because it centers on curricular pathways and measurable academic outcomes only.\"",\n    \""square entries describe broader, higher‑profile extracurricular, arts, and athletics offerings — but also more athletics‑centric favoritism and inequitable access — than circle entries\"": \""This groups accounts of abundant competitive clubs, award‑winning arts/teams, booster funding and attendant favoritism or access tradeoffs, and is separate from administrative dysfunction, facilities/crowding, or classroom instruction because it specifically concerns co‑curricular ecosystem and related equity dynamics.\"",\n    \""square entries report more administrative/staff dysfunction around responsiveness, favoritism, grading/accountability, and bureaucratic errors than circle entries\"": \""This bucket aggregates reviewer claims about leadership instability, nepotism/favoritism, punitive or arbitrary discipline, unreturned communications, recordkeeping/counseling failures and unethical staff behavior, and is distinct from safety incidents, physical‑plant problems, extracurricular offerings, or curricular strength since it targets governance and personnel practices.\"",\n    \""square entries report more acute facility, operational and resourcing constraints (overcrowding, infrastructure problems, scheduling, technology and material shortages, sanitation and cafeteria concerns) than circle entries\"": \""This bucket groups concrete logistics and physical‑plant evidence (crowding, dilapidation, sanitation, transportation, scheduling, tech and supply shortfalls or bond upgrades) and is mutually exclusive from safety/behavior, curricular strength, extracurricular prominence, or staff governance because it focuses on built environment and operational capacity.\""\n}""]",,35.81535005569458,28195,1920,2411,,[],['resp_07fef2e5393f4675006a739aef3c50819d99c3a941d7742abd'],True
vote|reduce1|24|0,"[""{\n    \""square entries report more student‑safety problems, pervasive bullying, violence, and substance use with weak enforcement than circle entries\"": \""This cluster groups all reports of on‑campus harm (bullying, fights, weapons, drugs, sexual harassment, police presence, student suicidality) and the school's inadequate or inconsistent response — a distinct substantive domain of physical/psychosocial safety that does not overlap with facility condition, academic programming, administrative paperwork, or community/favoritism dynamics.\"",\n    \""square entries report more facility, maintenance, capacity and resource-allocation problems (overcrowding, sanitation, pests, HVAC, misallocated athletic spending) than circle entries\"": \""This bucket collects concrete, material and logistical concerns (aging buildings, overcrowded halls, dirty cafeterias, construction impacts, misallocated budgets toward athletics/PR) that are about physical infrastructure and resource choices and are meaningfully different from safety incidents, staff governance failures, curricular offerings, or social/cultural favoritism.\"",\n    \""square entries document more administrative and staff dysfunction — scheduling/counseling failures, recordkeeping errors, favoritism/corruption, staff misconduct, and leadership instability — than circle entries\"": \""This category captures governance and operational breakdowns (unresponsive counselors, bungled schedules/transcripts, nepotism, punitive/arbitrary discipline, deleted reviews, turnover) — i.e., how adults and systems manage students — which is distinct from student safety events, facility problems, academic program strength, or peer‑culture dynamics.\"",\n    \""square entries document more concrete advanced academic pathways, AP/IB/CTE/dual‑enrollment offerings and measurable college outcomes (and attendant track/teacher stratification) than circle entries\"": \""This bucket groups all evidence about formalized curriculum and postsecondary pipelines (IB/AP/dual enrollment/CTE, selective‑admit outcomes, track polarization between elite programs and on‑level tracks) and is conceptually separate from operational, safety, facility, or social‑culture themes.\"",\n    \""square entries report stronger, more salient peer‑culture phenomena and community dynamics (cliques, favoritism toward athletes/connected families, socioeconomic identity, and parent/booster engagement) than circle entries\"": \""This theme captures social structure and community influences (wealth/status cliques, athlete favoritism, booster/parent power, boarding/international dynamics, multigenerational pride) about who gains access and status in the school — a social/ecosystem domain that does not duplicate safety incidents, facilities, administration dysfunction, or curricular offerings.\""\n}""]",,35.88206601142883,28316,1856,2410,,[],['resp_0e0cfffe3bb6c7f5006a739aef38b481a083d0ea6b0b24d110'],True
vote|reduce1|8|1,"[""{\n    \""square entries describe stronger advanced academic programs and college‑preparation pathways than circle entries\"": \""Groups reviews that document concrete AP/IB/honors/dual‑enrollment, measurable college outcomes, academies and CTE-to-college pipelines; this is distinct from extracurricular breadth, safety issues, facilities or administrative dysfunction because it focuses specifically on curricular rigor and postsecondary preparation evidence.\"",\n    \""square entries report more frequent and severe student‑safety problems (bullying, fights, drug incidents, sexualized conduct) and describe inadequate or indifferent disciplinary/administrative responses than circle entries\"": \""Captures the numerous reports of violence, pervasive bullying, drugs, lockdowns, sexual incidents and described failures to protect or appropriately discipline — a safety/climate pattern that is conceptually separate from program quality, facility condition, extracurricular breadth, or governance problems.\"",\n    \""square entries report greater administrative and staff dysfunction, favoritism, turnover, and failures in accountability and support (including IEP/504 noncompliance) than circle entries\"": \""Groups reviews about nepotism, favoritism toward athletes/wealthy students, unresponsive counselors, high leadership turnover, staff misconduct, and breakdowns in special‑education/IEP delivery — themes about governance and staff accountability that are different from facility condition, student‑safety incidents, extracurricular offerings, or curricular strength.\"",\n    \""square entries show greater extremes and variability in facilities, capacity, and material resources than circle entries (either recently upgraded specialized facilities or severe maintenance/overcrowding/resource shortages)\"": \""Collects evidence of physical‑plant contrasts (new buildings/tech/bleacher upgrades vs. overcrowding, mold, dirty bathrooms, limited parking, lost busing and missing textbooks), i.e., tangible resource/capacity conditions separate from programmatic rigor, safety/climate, staff governance, or extracurricular prominence.\"",\n    \""square entries report broader, higher‑profile extracurricular, athletics, arts, and vocational/CTE offerings and competitive achievements than circle entries\"": \""Groups the many concrete accounts of extensive clubs, award‑winning band/theatre, wide athletics and vocational/CTE tracks, booster/alumni support and competitive wins — a programmatic/out‑of‑class opportunities cluster distinct from curricular rigor, safety climate, administrative dysfunction, or facility/capacity problems.\""\n}""]",,35.8930287361145,28217,2112,2610,,[],['resp_00385f901287f48f006a739aef47888191bd29f68d0f883eb1'],True
vote|reduce1|13|2,"[""{\n    \""square entries report more frequent severe student misconduct, substance use, fights, theft, sexual/physical safety incidents, and ineffective or retaliatory anti‑bullying responses than circle entries\"": \""This bucket groups all evidence of student-safety crises (bullying, fights, drugs, sexual/physical incidents) and failed remediation/retaliatory discipline described in the raw terms; it is distinct from administrative, instructional, extracurricular or facilities themes because it focuses on incident types and frontline safety outcomes rather than who manages, funds, or teaches at the school.\"",\n    \""square entries describe stronger and more formal advanced academic and college/career pathways than circle entries\"": \""This bucket groups named curricular pathways (AP/IB/dual enrollment, magnets, AVID/CTE, measurable college outcomes) that reviewers point to as concrete programmatic academic strength, and it is mutually exclusive from extracurricular or facilities buckets because it concerns formal curricular offerings and postsecondary preparation rather than co‑curricular life, buildings, or governance.\"",\n    \""Square entries describe broader extracurricular breadth, stronger school spirit, and higher community/parent mobilization (often coupled with resource prioritization toward athletics/music) than circle entries\"": \""This bucket collects evidence about wide club/arts/athletics ecosystems, booster/alumni/parent engagement, and visible spirit or program prestige (including athletics/music prioritization), which is separate from facility condition, administrative governance, or classroom/instructional quality because it is about program breadth and community mobilization rather than upkeep, policy, or pedagogy.\"",\n    \""Square entries show more administrative dysfunction, favoritism, politicization, and operational mismanagement (responsiveness, record‑keeping, staffing, funding priorities) than Circle entries\"": \""This bucket captures governance- and staff-behavior evidence—nepotism, favoritism, record/transfer errors, poor parent communication, punitive/opaque policies and contested spending decisions—and is distinct from safety, curricular, extracurricular or facilities buckets because it centers on leadership and operational decision‑making rather than incidents, programs, or physical resources.\"",\n    \""square entries report more concrete facility, capacity, and operational resource issues (and also specific renovation/tech rollouts) than circle entries\"": \""This bucket groups overcrowding, sanitation/maintenance, HVAC/water/pest problems, capacity/logistics, contested capital projects and funding shortfalls or tech rollouts described in the reviews, and is mutually exclusive from the extracurricular and administrative buckets because it focuses on physical plant and material resource conditions rather than program breadth or governance behavior.\""\n}""]",,35.93867301940918,27950,1920,2499,,[],['resp_05f41052fef1a307006a739aef6500819d8361d105af014d58'],True
vote|reduce1|4|1,"[""{\n    \""square entries report more frequent and severe student safety, bullying, substance, and violence incidents (and failures to protect) than circle entries\"": \""This groups the many explicit reports of fights, bullying, drug use, sexual harassment, shootings, suicides, lockdowns and documented failures to remediate or protect students; it is distinct from governance or facilities issues because it captures incident‑level student harm and the school's (in)ability to keep students safe rather than who runs or funds the school.\"",\n    \""square entries document more administrative and staff misconduct, inconsistent/hostile discipline, and poor operational communication than circle entries\"": \""This captures allegations of favoritism, nepotism, cover‑ups, withheld documentation, punitive/arbitrary discipline, counselor unresponsiveness and governance scandal—focusing on personnel, policy and recordkeeping failures rather than on discrete safety incidents, physical plant conditions, extracurricular offerings, or academic-program strength.\"",\n    \""square entries report stronger, more numerous advanced academic and college‑preparatory programs and measurable post‑secondary outcomes than circle entries\"": \""This groups the concrete evidence about AP/IB/dual‑enrollment, honors/G/T and vocational pathways and cited college matriculation, test scores and academic awards—a theme about substantive curricular opportunities and outcomes that is conceptually separate from extracurricular prominence, facility problems, or administrative dysfunction.\"",\n    \""square entries emphasize heavy athletic/extracurricular investment, visible school spirit, and high‑end facilities—often contrasted with underfunded classroom materials—more than circle entries\"": \""This groups reviewers’ descriptions of dominant sports culture, award‑winning arts/band programs, booster‑backed high‑end athletic facilities and visible school pride (often noted alongside choices that favor athletics over classroom supplies), and is distinct from general facility decay/overcrowding or from academic-program descriptions.\"",\n    \""square entries report more facility, scheduling and operational/resource shortfalls (overcrowding, maintenance, food, scheduling, missing staff or program cuts) than circle entries\"": \""This aggregates complaints about overcrowding, broken HVAC/bathrooms, leaking roofs, outdated tech, scheduling errors, supply shortages and levy/budget descriptions—focusing on physical capacity and day‑to‑day operational logistics rather than on incident‑level safety, governance misconduct, extracurricular prominence, or curriculum quality.\""\n}""]",,36.13616609573364,28259,2048,2564,,[],['resp_0f8a8a90896a19bf006a739aeec07481a08219b459a6983d11'],True
vote|reduce1|16|2,"[""{\n    \""square entries describe stronger and wider advanced-academic and programmatic offerings and measurable college-prep outcomes (AP/IB/dual-enrollment/STEM/vocational pathways and elite matriculation) than circle entries\"": \""Groups all evidence about formal academic pathways, magnet/AP/IB/dual‑credit/CTE programs and documented college/scholarship outcomes; this is exclusively about programmatic rigor and measurable postsecondary results, not about safety, governance, facilities, or day‑to‑day teaching, so it does not overlap the other buckets.\"",\n    \""square entries report more severe and specific student-safety, bullying, violence, and punitive/uneven discipline issues than circle entries\"": \""Captures the cluster of reviews describing fights, bullying, drugs, weapons, sexual harassment and contested disciplinary responses; it is focused on student conduct and incident handling, distinct from governance mechanics, instructional quality, facility capacity, or advanced-program strength.\"",\n    \""square entries report more administrative and staff governance problems — authoritarian or politicized leadership, inconsistent/favoritism‑based discipline, secrecy/poor recordkeeping, special‑education noncompliance, and parent‑communication failures — than circle entries\"": \""Collects allegations about leadership behavior, politicization, favoritism/nepotism, cover‑ups, policy decisions and record/communication failures; this governance/decision‑making theme is about who runs the school and how, and is deliberately separated from frontline safety incidents, classroom instruction, facility constraints, or program offerings.\"",\n    \""square entries report more acute facility, capacity, and operational problems (overcrowding, logistical scheduling, supply shortages, parking/traffic and inconsistent tech/facility upgrades) than circle entries\"": \""Groups the concrete physical‑plant and operational constraints—overcrowding, sanitation/pest issues, broken HVAC/AC, cafeteria/transport logistics and patchy capital vs maintenance choices—distinct from pedagogy, governance, extracurricular program breadth, or student conduct.\"",\n    \""square entries report worse and more variable classroom instruction, grading and scheduling policies, and inadequate individualized student supports (counseling, special education, IEP delivery) than circle entries\"": \""Covers teacher quality variability, grading/manipulation complaints, scheduling/guidance failures, and special‑education/IEP/counseling breakdowns; this bucket is explicitly about instructional practice and individualized supports and is non‑overlapping with governance, facilities, safety incidents, or advanced‑program availability.\""\n}""]",,36.244189977645874,28737,1792,2318,,[],['resp_05b97c143507c1de006a739aef31d8819c8f87f6c36d9df1db'],True
vote|reduce1|6|3,"[""{\n    \""square entries report more administrative unresponsiveness, favoritism, opacity, punitive or authoritarian disciplinary practices, and governance failures than circle entries\"": \""This captures the recurring, concrete governance problems in square reviews (unreturned communications, nepotism/favoritism, arbitrary discipline, record‑keeping and policy failures) and is distinct from safety, facilities, academics or extracurricular strength because it focuses on institutional decision‑making and procedural/accountability breakdowns rather than outcomes or programs.\"",\n    \""Square entries report more safety incidents, pervasive bullying/substance use, and toxic peer social climate (cliques, racism, elitism) than circle entries\"": \""This groups all reviewer evidence about student‑safety and peer‑climate harms (fights, gangs, drugs, sexual harassment, targeted bullying and discriminatory exclusion) into a single bucket that is conceptually separate from administrative dysfunction, facilities problems, or programmatic strength.\"",\n    \""square entries describe more extensive advanced academic, vocational, and college/career programs than circle entries\"": \""This isolates the repeated cluster of concrete curricular/pathway strengths in square reviews (AP/IB/dual‑enrollment, STEM/CTE, internships, measurable college placements) and is kept separate from extracurricular/athletic prominence or facility/capacity descriptions.\"",\n    \""square entries document broader, higher‑performing extracurricular, vocational, arts, athletics programs and facility/partnership investments than circle entries\"": \""This groups reviewer reports of abundant, award‑winning clubs, arts, marching band, competitive teams, vocational shops and visible community/booster investment—a program‑breadth and achievement signal distinct from academic curricular pathways or governance/fairness issues.\"",\n    \""Square entries report more pronounced facility, capacity, and program‑scale features (overcrowding, physical condition, tech, and large extracurricular/athletic infrastructure) than Circle entries\"": \""This captures the concrete, operational/physical resource themes in square reviews—overcrowding, dilapidated or renovated buildings, pests, scheduling/logistics and technology failures—which are materially different from safety/climate, governance, academics, or extracurricular quality.\""\n}""]",,36.519803047180176,27849,2176,2634,,[],['resp_0364b57b91944f6f006a739aeed15881a0ab8b44215d924826'],True
vote|reduce1|21|3,"[""{\n    \""square entries report more severe student-safety and behavior problems (bullying, fights, drugs, vaping, sexual harassment) and routine failure to enforce discipline than circle entries\"": \""This bucket groups all raw terms describing frequent violent/unsafe student conduct and the school's failure to protect or consistently discipline (bullying, fights, drugs, weapons, sexual harassment, lockdowns); it is distinct from governance/favoritism (administration problems) because it focuses on frontline safety incidents and their handling rather than managerial misbehavior or policy corruption.\"",\n    \""square entries report stronger and broader advanced academic, vocational, and college-prep programs than circle entries\"": \""This captures the many raw terms documenting AP/IB/honors/CTE/dual-enrollment pathways, measurable college outcomes and explicit program names/magnets, and is kept separate from extracurricular/athletics because it targets curricular rigor, pathway breadth and postsecondary results rather than sports/booster prominence.\"",\n    \""square entries document more pervasive administrative dysfunction, inconsistent discipline, favoritism/cronyism, and operational failures than circle entries\"": \""This bucket groups evidence about governance, leadership instability, favoritism/nepotism, opaque decision-making, rude/unresponsive staff, cover‑ups, and inconsistent policy enforcement—distinct from safety incidents (the former describes institutional behavior and governance, the latter describes student conduct and immediate safety outcomes).\"",\n    \""square entries provide more concrete facility, capacity, and resource-condition evidence — including overcrowding, deferred maintenance, meal/health failures, transportation gaps, and active capital projects — than circle entries\"": \""This groups the facility-and-operations items (overcrowding, trailers, HVAC/food/mold issues, traffic/pickup logistics, scheduling, and documented capital projects or renovations) and is kept separate from programmatic or governance themes because it concerns physical plant, space and logistical resource realities.\"",\n    \""square entries emphasize an athletics/coaching‑dominant culture and budgetary/disciplinary favoritism toward athletes more than circle entries\"": \""This bucket collects items about sports prominence, booster/athletics funding priorities, athletic success, pay‑to‑play/fee issues and favoritism toward athletes in discipline or resource allocation, and is distinct from general extracurricular breadth (which can include arts/CTE) and from academic-program strength.\""\n}""]",,36.777716875076294,27779,2368,2884,,[],['resp_0898b8380ce54641006a739aef4d80819e8dd0ee0a6bead44d'],True
vote|reduce1|10|1,"[""{\n    \""square entries report more frequent, severe student-safety and climate problems (bullying, fights, drugs, violence) and failures of effective administrative response than circle entries\"": \""This bucket clusters all concrete harm- and safety-related reports (fights, weapons/threats, drugs, gang activity, pervasive bullying, police presence, victims withdrawing) and the documented failure or indifference of adults to stop them; it is distinct from other buckets because it captures incidents and climate (safety/harm) rather than program quality, facilities, funding, or routine administrative/process failures.\"",\n    \""square entries describe stronger, broader, and more formal advanced-academic programming and tracked college-prep pathways than circle entries\"": \""This bucket groups claims of AP/IB/STEM/dual‑enrollment/academies, measurable college outcomes and formal tracked pathways (rankings, elite admits, college credits), and is exclusive because it addresses curricular/programmatic rigor and postsecondary preparation rather than safety, facilities, administration conduct, or extracurricular fundraising/elite culture.\"",\n    \""square entries report poorer physical facilities, overcrowding, sanitation, and resource shortfalls (vs. circle entries)\"": \""This bucket collects all concrete physical-plant and operational resource evidence (overcrowding, mold/rodents, broken infrastructure, unsanitary cafeterias, trailers, HVAC/bathroom failures, and capital/funding shortfalls) and is separate from program/academic quality, extracurricular breadth, staff behavior, or disciplinary climate.\"",\n    \""square entries report more administrative/staff dysfunction around responsiveness, favoritism, grading/accountability, and bureaucratic errors than circle entries\"": \""This bucket groups operational and governance failures (recordkeeping/enrollment errors, IEP/504 noncompliance, unresponsive or rude front-office staff, nepotism/favoritism in discipline/hiring, arbitrary policies, turnover/leadership instability) and is mutually exclusive because it captures staff/board/process misconduct and accountability breakdowns rather than physical facilities, extracurricular offerings, or student-safety incidents per se.\"",\n    \""Square entries describe broader, better‑supported extracurricular ecosystems but also pay‑to‑play fees and wealthy‑parent influence (including favoritism) more than circle entries\"": \""This bucket captures the pattern of large, high‑profile extracurriculars (bands, state-winning teams, many clubs, boosters/field trips) combined with community funding pressure, pay-to-play/fundraising demands, and social/wealth-based favoritism; it is distinct because it centers on program breadth, community/booster investment and access inequities rather than academics, facilities, overall safety, or internal administrative/process failures.\""\n}""]",,37.02263617515564,28166,2560,3137,,[],['resp_01618a5ff1756c53006a739aef4688819daf55b8cc237caf64'],True
vote|reduce1|6|4,"[""{\n    \""square entries describe stronger, broader advanced-academic and career‑technical programming and measurable college-prep outcomes than circle entries\"": \""This groups all programmatic strength evidence (IB/AP/dual‑enrollment, magnets, CTE, honors and elite college placements) into a single academic-program bucket and is distinct from operational, safety, administrative, or teacher‑quality issues which it does not encompass.\"",\n    \""square entries report more frequent and severe student safety, bullying, substance, and physical‑fight incidents (sometimes involving police) and ineffective disciplinary response than circle entries\"": \""This captures the wide set of concrete safety and student‑behavior harms (assaults, sexual harassment, gang/drug activity, mental‑health crises, ignored incidents and punitive/misapplied discipline) and is kept separate from programmatic strength, facilities, admin governance, or instructional‑quality variability.\"",\n    \""Square entries report more concrete facility, enrollment, and day‑to‑day operational problems or investments (overcrowding, classroom size variance, cleanliness/food safety, tech rollout and maintenance, scheduling/transportation glitches) than circle entries\"": \""This bucket groups all physical, capacity and daily‑operations evidence—from renovations and athletic investments to mold, pests, portables, lunch/transportation/scheduling problems—distinct from staff behavior, academic offerings, safety incidents, or governance issues.\"",\n    \""square entries describe greater administrative dysfunction, inconsistent policy enforcement, favoritism, and fiscal/governance mismanagement than circle entries\"": \""This captures leadership and governance failures (nepotism, opaque board/finance choices, biased discipline, unresponsive administration and cover‑ups) as a distinct theme separate from facilities, safety incidents, instructional variability, or curricular offerings.\"",\n    \""square entries display a more polarized instructional experience than circle entries: distinct pockets of high‑intensity individualized support and advanced teaching alongside uneven classroom quality and neglect of average/struggling students\"": \""This groups evidence of large within‑school variability (excellent mentorship/elite tracks vs. widespread weak teaching, counselor/IEP failures, grade‑inflation/retake practices) and is mutually exclusive from program breadth, facility/operational problems, safety/climate crises, and governance failures.\""\n}""]",,37.16436195373535,24393,1920,2411,,[],['resp_083dd9f142a15139006a739aeee5ac81a09af346eae17985e8'],True
vote|reduce1|17|4,"[""{\n    \""square entries report stronger advanced academic programs, measurable college outcomes, and broader extracurricular breadth than circle entries\"": \""This bucket groups the many concrete claims in Square reviews about AP/IB/dual‑enrollment/CTE/academies, award‑winning arts and athletics, scholarship/college placement evidence and named programs — a programmatic/achievement cluster that is distinct from (a) safety/discipline incidents, (b) facility or operational failures, (c) administrative/governance dysfunction, and (d) social‑hierarchy/favoritism complaints.\"",\n    \""Square entries report more pervasive safety, bullying, substance‑use and discipline breakdowns than circle entries\"": \""This bucket captures the widespread reports in Square of fights, gangs, drug/vaping incidents, unchecked bullying, corporal punishment claims, lockdowns and ineffective or inconsistent incident handling — a student‑safety/behavioral‑incident cluster that is conceptually separate from program strength, governance/policy failures, facilities/resource problems, and social‑elitism themes.\"",\n    \""square entries document more operational and student‑support failures (guidance/IEP/records/mismanagement) — including both concrete special‑education and mental‑health service problems — than circle entries\"": \""This bucket groups Square’s recurring, concrete operational breakdowns around counseling capacity, IEP/504 fights, special‑education misclassification/noncompliance, counselor nonresponse, recordkeeping/PowerSchool errors and mental‑health neglect — issues about individualized supports and compliance that are distinct from overall governance favoritism, campus safety incidents, physical facilities, or programmatic breadth.\"",\n    \""square entries report worse facilities, funding and capacity problems (overcrowding, aging or outdated buildings, large class sizes and resource cuts) than circle entries\"": \""This bucket captures Square reviewers’ concrete complaints about overcrowded lunches, pests/mold/unsanitary conditions, outdated textbooks/labs, slow tech, cancelled renovations or recent capital projects and continuing funding shortfalls — a physical/financial/capacity cluster separate from social dynamics, staff governance, student safety, or curricular offerings.\"",\n    \""square entries describe stronger patterns of social hierarchy, favoritism, and exclusion (athlete/wealth/clique privilege, racial/religious bias) than circle entries\"": \""This bucket collects Square’s repeated reports of clique‑based exclusion, athlete/wealth nepotism, racial/homophobic/ableist discrimination, and preferential treatment tied to family ties — a social‑equity and peer/administrative favoritism theme that is analytically distinct from program quality, safety incidents, operational support failures, or facility/resource problems.\""\n}""]",,37.24466824531555,24529,2176,2718,,[],['resp_03efaa17f80409d6006a739aef322481a2bbb4414f7af64f6d'],True
vote|reduce1|15|4,"[""{\n    \""square entries document more administrative dysfunction, opaque or punitive governance, favoritism, and poor communication than circle entries\"": \""Groups the many reports of bad governance, opaque/performative leadership, unequal enforcement, nepotism and broken parent/staff communication into one governance/fairness theme; this is distinct from tangible facility/resource issues, student‑safety incidents, program breadth, or academic-program strength, which are captured by other buckets.\"",\n    \""square entries report more facility, scheduling and operational/resource shortfalls (overcrowding, maintenance, food, scheduling, missing staff or program cuts) than circle entries\"": \""Captures the concrete, physical and logistical breakdowns (aging buildings, overcrowding, leaking roofs, food/locker/parking/technology shortages and scheduling/registration failures) that disrupt schooling, which is materially different from governance/favoritism, student-safety incidents, extracurricular prominence, or academic-program descriptions.\"",\n    \""square entries report more frequent and more severe student-safety, bullying, and substance-use incidents with inconsistent enforcement than circle entries\"": \""Groups all accounts of fights, bullying, sexualized misconduct, drugs/gangs, threat/weapon reports and linked mental‑health harms plus failures to protect students into a single safety/discipline climate bucket that is conceptually separate from administrative misgovernance, facilities shortfalls, program breadth, or curricular rigor.\"",\n    \""square entries report stronger and more numerous advanced academic pathways, specialized programs, and measurable college-preparation outcomes than circle entries\"": \""Captures the dense cluster of claims about AP/IB/dual‑credit/CTE pathways, measurable college matriculation and scholarship outcomes, and structured academic supports — a curricular/program‑quality theme distinct from extracurricular/booster strength, safety, facilities, or governance problems.\"",\n    \""Square entries document broader, higher‑participation extracurricular, arts, vocational and community fundraising/support than circle entries\"": \""Groups the many descriptions of extensive/competitive athletics, award‑winning arts, CTE/academy breadth, booster funding and visible community/parent mobilization into an extracurricular‑ecosystem bucket that is materially different from facility failures, administrative dysfunction, student‑safety problems, or advanced‑academic programming.\""\n}""]",,37.62940430641174,24813,2688,3178,,[],['resp_0ff6e19f3367c32d006a739aef340881a38147a3b9b0c97ebb'],True
vote|reduce1|12|3,"[""{\n    \""Square entries report more frequent and severe student safety, violence, bullying, substance‑use, and on‑campus misconduct — often with slow or ineffective security/administrative response — than circle entries.\"": \""Covers the concrete, on-the-ground student-safety and behavioral crisis evidence in the raw terms (fights, overdoses, bullying, drugs, harassment and poor incident remediation); this is distinct from governance/favoritism (how leaders behave) and from program/facility descriptions because it focuses on student conduct, safety outcomes, and immediate incident handling.\"",\n    \""square entries document broader and higher‑level advanced academic and college‑preparation programming and measurable postsecondary outcomes than circle entries\"": \""Groups every raw term about AP/IB/dual‑enrollment/CTE offerings and measurable college/career outcomes into a single academic-programs bucket; this is different from extracurricular breadth, from safety problems, and from administrative/process failures because it is about curricular pathways and postsecondary results.\"",\n    \""Square entries describe broader extracurricular breadth, stronger school spirit, and higher community/parent mobilization (often coupled with resource prioritization toward athletics/music) than circle entries\"": \""Captures the large cluster of evidence about arts/athletics/club ecosystems, booster funding, traditions and school‑spirit/community engagement—distinct from physical facility/capacity issues (the buildings themselves) and distinct from academic-program strength (courses and college outcomes).\"",\n    \""square entries report more concrete facility, capacity, scheduling, and resource-allocation constraints or contested spending choices than circle entries\"": \""Groups all raw terms about overcrowding, scheduling/dismissal logistics, sanitation/HVAC/renovation details, lunch/transport problems and visible contested spending into a single operations/resource bucket distinct from curricular, safety, or governance themes.\"",\n    \""square entries report more administrative mismanagement, favoritism, deception, and leadership instability (turnover, record/miscommunication failures) than circle entries\"": \""Collects governance‑level failures (opaque decisions, favoritism/nepotism, budget scandals, IEP/recordkeeping breakdowns, turnover and punitive/arbitrary policies) into one institutional‑governance bucket that is analytically separate from student safety incidents, program offerings, or facility capacity problems.\""\n}""]",,38.08308029174805,28266,2112,2624,,[],['resp_054b99c20f3b086f006a739aef2ea081a0858fe5c3851f7fce'],True
vote|reduce1|16|1,"[""{\n    \""square entries document more systemic administrative and governance failures — corruption/favoritism, hiring problems, grade manipulation, fiscal misprioritization, consolidation/board mismanagement, and routine communication/accountability breakdowns — than circle entries\"": \""Groups together all leadership/board/HR/fiscal problems and opaque or punitive governance practices reported in square reviews (e.g., favoritism, corruption, grade/attendance manipulation, broken parent communication), and is distinct from other buckets because it focuses on institutional governance and policy failures rather than physical plant, student behavior, instructional programs, or experience variability.\"",\n    \""square entries report more frequent, severe student-safety and climate problems (bullying, fights, drugs, violence) and failures of effective administrative response than circle entries\"": \""Captures the many square reports of student misconduct, bullying/hazing, substance use, assaults, lockdowns, and the school's failure or retaliation in responding; this is exclusive from the governance bucket (which is about systems and leadership practices) and from facilities or program buckets (which concern infrastructure or curricular offerings).\"",\n    \""square entries document substantially stronger, named academic pathways and measurable college‑prep outcomes (AP/IB/dual enrollment/CTE, test scores, elite admits) than circle entries\"": \""Aggregates all square evidence of concrete advanced-academic offerings and measurable postsecondary outcomes (AP/IB/dual-credit, academies, elite college matriculation and test-score claims), and is separate from the polarized-experience bucket because it describes program availability and outcomes, not the co‑existence of high/low pockets within a school.\"",\n    \""square entries report more facility, capacity, and operational constraints (overcrowding, run‑down buildings, transportation/parking problems, food/comfort issues) than circle entries\"": \""Groups the explicit physical‑plant and day‑to‑day operational failures in square reviews (bathrooms, rodents/mold, overcrowded classes, busing/locker shortages, food problems), distinct from governance (decision-making) and safety (student conduct) themes because it concerns tangible infrastructure and logistics.\"",\n    \""square entries display a more polarized instructional experience than circle entries: distinct pockets of high‑intensity individualized support and advanced teaching alongside uneven classroom quality and neglect of average/struggling students\"": \""Encapsulates the recurring square pattern of sharp within-school variability — exceptional teachers/program tracks and named supports coexisting with widespread poor instruction, gatekeeping, or IEP failures — and is mutually exclusive from the prior buckets because it describes distributional heterogeneity of instruction/support rather than overall program presence, governance failures, facility constraints, or safety incidents.\""\n}""]",,38.131155014038086,28222,1984,2535,,[],['resp_0b4c1cdd1fdcaaa5006a739aef3bb4819187c60983dad7a72a'],True
vote|reduce1|19|1,"[""{\n    \""square entries describe more severe and uneven facility, space, and resource problems (aging buildings, pests, cafeteria/maintenance failures, overcrowding) — yet also document capital projects — than circle entries\"": \""This groups all concrete infrastructure, capacity and day‑to‑day operational evidence (overcrowding, pests, mold, parking, buses, cafeteria, bonds/renovations, portables) into a single resource/infrastructure bucket that is distinct from safety incidents, admin behavior, extracurricular emphasis, or academic program strength (i.e., it concerns physical/ logistical resources rather than discipline, governance, programs, or outcomes).\"",\n    \""square entries report more pervasive student-safety and behavior crises (bullying, drugs, fights, sexual activity, gangs, and lax supervision) than circle entries\"": \""This captures the cluster of student conduct, violence, substance‑use and supervision/fighting/bullying incidents and ineffective on‑site discipline responses — a safety/climate theme that is logically separable from facility failures, administrative governance, extracurricular prominence, or curricular/program offerings.\"",\n    \""square entries document more administrative dysfunction, misconduct, favoritism, and governance failures than circle entries\"": \""This bucket groups evidence about leadership and front‑office behavior (poor communication/recordkeeping, nepotism/favoritism, biased discipline, IEP/504 noncompliance, board/district problems and staff misconduct) and is kept separate from student safety (incidents), infrastructure (facilities/logistics), extracurricular/athletics funding, or academic-program content.\"",\n    \""square entries emphasize heavy athletic/extracurricular investment, visible school spirit, and high‑end facilities—often contrasted with underfunded classroom materials—more than circle entries\"": \""This groups repeated claims about booster/athletics/arts prominence, championship programs, fundraising/booster support, and pay‑to‑play or allocation choices (athletics‑first funding) into one program‑prioritization bucket that is distinct from overall academic-program strength, safety/climate problems, infrastructure decay, or administrative mismanagement.\"",\n    \""square entries document stronger, formal advanced-academic, CTE, and college-prep programs and measurable postsecondary outcomes than circle entries\"": \""This bundles all evidence of AP/IB/magnets/dual‑enrollment, vocational/CTE credentialing, honors pathways and concrete college/career placement metrics into an academic-programs/outcomes bucket that is conceptually separate from safety issues, facilities/logistics, extracurricular/athletics prominence, or administrative governance failures.\""\n}""]",,38.55924415588379,28696,1984,2524,,[],['resp_08acab048e9c6b54006a739aef336481a2907cba14ecc4968a'],True
vote|reduce1|18|3,"[""{\n    \""square entries report more frequent and severe student-safety and misconduct incidents (fighting, drugs, gangs, weapons, theft) and visible student fear than circle entries\"": \""This groups the many raw items documenting violence, bullying, substance use, suicidality, on-campus assaults and parental safety complaints into a single safety/peer‑climate bucket; it is distinct from administrative or facilities issues because it focuses on student conduct, victimization, and enforcement outcomes rather than operational failures or program offerings.\"",\n    \""square entries emphasize broader, higher‑quality extracurriculars, arts, and athletics and stronger community/parental engagement than circle entries\"": \""This captures the repeated evidence that square schools list many, high‑profile clubs/arts/athletics, booster/levy pressure, and visible community/alumni pride (and sometimes associated costs/favoritism); it is separate from facility or admin buckets because it centers on program breadth, competitive achievement, and community mobilization rather than logistics, safety, or governance breakdowns.\"",\n    \""square entries document more operational and administrative failures (counseling/advising errors, record/front‑office mishandling, poor parent communication, scheduling/transport/logistics problems) than circle entries\"": \""This bucket aggregates the concrete process and governance breakdowns — mis-scheduling, lost records, counselor unresponsiveness, registration/transport errors — and is kept distinct from broader staff/personnel problems (e.g., teacher quality) and from safety or facilities issues because it refers specifically to administrative systems and transactional failures that impede student progression.\"",\n    \""square entries report more acute facility, operational and resourcing constraints (overcrowding, infrastructure problems, scheduling, technology and material shortages, sanitation and cafeteria concerns) than circle entries\"": \""This groups the many items about overcrowded classrooms/portables, broken HVAC/roofs, pests, outdated tech, cafeteria/cleanliness problems and capital investments or remodels into a single physical‑plant and resourcing bucket; it differs from the extracurricular/community bucket (which is programmatic) and from the admin bucket (which is process‑oriented).\"",\n    \""square entries exhibit stronger, more numerous advanced‑academic programs and measurable college‑prep outcomes than circle entries\"": \""This consolidates the repeated claims about IB/AP/dual‑enrollment, magnet/STEM/CTE pathways and concrete alumni/college matriculation evidence into a single academic‑program‑strength bucket; it is mutually exclusive from the safety, facilities, admin, and extracurricular buckets because it focuses strictly on formal curriculum pathways and documented postsecondary results rather than on safety, governance, building condition, or program breadth/community engagement.\""\n}""]",,38.64441204071045,28400,2112,2718,,[],['resp_0b8419ab0c7bca54006a739aef33848191ad488c3f72d49af9'],True
vote|reduce1|13|1,"[""{\n    \""square entries describe a broader, deeper, and higher‑performing extracurricular ecosystem and program‑to‑college/career pathways than circle entries\"": \""Captures the many square reviews that enumerate extensive arts/athletics/CTE/club offerings, participation rates, competitive wins, and explicit college/career partnerships — a programmatic/participation dimension that is about breadth and outcomes rather than facilities, safety, governance or classroom rigor, so it does not overlap with the operational, safety, administrative, or purely academic-program buckets.\"",\n    \""square entries report more acute facility, operational, and resourcing problems (overcrowding, maintenance, scheduling, tech, budgets, and communication) than circle entries\"": \""Groups all concrete evidence about physical plant, overcrowding, sanitation, scheduling/logistics, technology rollout, and budget/fee tradeoffs into a single operational-resourcing theme distinct from (a) extracurricular/program breadth, (b) student safety incidents, (c) governance/favoritism problems, and (d) classroom/advanced-academic program strength.\"",\n    \""square entries describe more administrative/governance failures, favoritism, nepotism, and inconsistent discipline than circle entries\"": \""Collects reports of governance and personnel pathology — secretive boards, nepotistic hires, favoritism in discipline/playing time, retaliatory responses, and opaque policy decisions — which are about institutional decision‑making and equity rather than facility condition, direct student-safety incidents, extracurricular scale, or academic-program availability.\"",\n    \""square entries report more frequent and severe student-safety and misconduct incidents (fighting, drugs, gangs, weapons, theft) and visible student fear than circle entries\"": \""Aggregates all items about bullying, fights, gangs, substance abuse, lockdowns, police involvement, and the school climate of physical/psychological danger into one safety/climate bucket that is analytically separate from governance causes, facility problems, extracurricular strength, or academic-program descriptions.\"",\n    \""square entries report stronger and more numerous advanced academic and college-preparatory programs than circle entries\"": \""Captures the repeated square claims about AP/IB/honors/dual‑enrollment, measurable college-credit and matriculation outcomes, and formal tracked academic pathways — a curricular/rigor and postsecondary‑preparation domain that is conceptually distinct from extracurricular breadth, operational/facility issues, safety incidents, and governance/favoritism complaints.\""\n}""]",,38.99835014343262,27795,3008,3545,,[],['resp_0c10618b0f653228006a739aef525081a08a3e24de36e87ee1'],True
vote|reduce1|8|2,"[""{\n    \""square entries report more frequent severe student safety and behavior incidents and ineffective incident handling than circle entries\"": \""This captures the many raw terms describing bullying, fights, drugs, weapons, lockdowns, suicidality and administrators tolerating or mishandling incidents — a distinct operational/safety cluster about student conduct and incident response that is not the same as staff governance, facilities, academics, or extracurricular offerings.\"",\n    \""square entries allege more administrative and staff dysfunction — unresponsiveness, biased or inconsistent discipline, special‑education/IEP mismanagement, and staffing/credential problems — than circle entries\"": \""This groups the school‑governance and personnel complaints (nepotism, favoritism, hostile staff, poor communication, IEP noncompliance, turnover and credential concerns) into a single management/professionalism theme that is conceptually different from student safety incidents, physical capacity problems, curricular strength, or program breadth.\"",\n    \""square entries describe stronger and more diverse advanced academic, AP/IB/CTE and college‑prep programming and instructional supports than circle entries\"": \""This bucket isolates evidence about formal high‑level curricular pathways (AP/IB/dual enrollment/CTE), measurable college‑prep outcomes, and structured academic supports — a programmatic/academic‑rigor dimension distinct from safety, governance, extracurricular prominence, or building/capacity issues.\"",\n    \""square entries report broader, higher‑profile extracurricular, arts, and athletic programs and achievements than circle entries\"": \""This groups the many references to award‑winning bands, state athletic titles, expansive clubs, JROTC, music/drama strengths and booster/athletics prominence into an extracurricular/programs cluster that is separate from academic program rigor, administrative dysfunction, safety crises, or facility/crowding problems.\"",\n    \""square entries report greater facility and operational strain — overcrowding, scheduling/capacity failures, and aging or poorly maintained buildings — than circle entries\"": \""This covers the concrete physical and logistical problems (overcrowding, locked bathrooms, disrepair, renovation impacts, technology gaps, fee pressures and bond projects) as an infrastructural/resource theme that is clearly distinct from student behavior, staff governance, curricular strength, or extracurricular offerings.\""\n}""]",,39.01026105880737,28368,2240,2757,,[],['resp_0d7ba79edc76ab2a006a739aef883c819181882e27dd763638'],True
vote|reduce1|20|4,"[""{\n    \""square entries document stronger and more numerous advanced-academic and college-preparation programs and measurable outcomes than circle entries\"": \""Groups many raw items that cite AP/IB/Cambridge/dual‑enrollment, named magnet programs, measurable test/college outcomes and scholarships — this is strictly about curriculum/program strength and postsecondary results (not about facilities, discipline, extracurriculars, or governance), so it’s distinct from the other buckets.\"",\n    \""square entries describe a broader, deeper, and higher‑performing extracurricular ecosystem and program‑to‑college/career pathways than circle entries\"": \""Consolidates evidence about extensive arts, athletics, vocational/CTE pathways, competitive teams, and career-linkages (culinary, robotics, law, marching band, FFA, etc.), which is about outside‑class programming and pathway breadth rather than academic-course rigor, physical capacity, safety incidents, or administrative governance.\"",\n    \""square entries report more severe student-safety and discipline failures (violence, bullying, drugs, weapons) and ineffective or inconsistent on‑the‑ground responses than circle entries\"": \""Groups the many explicit reports of fights, bullying, substance use, gang/weapon incidents, suicides and immediate failure to protect/enforce — focused on student‑safety incidents and frontline disciplinary response rather than governance structures, facilities, or program offerings.\"",\n    \""square entries report more pronounced facility, capacity, and logistical problems (overcrowding, trailers, severe maintenance, transportation and sanitation failures) — but also document some capital upgrades — compared with circle entries\"": \""Captures the concrete physical and operational constraints (overcrowded classes, old buildings, heating/AC problems, busing/scheduling, cafeteria/food/pricing, bond/renovation notes) and is separate from curricular strength, extracurricular breadth, safety incidents, or governance issues.\"",\n    \""square entries document greater administrative dysfunction and poor student‑support implementation (guidance/IEP failures, favoritism, turnover, bureaucratic obstacles) than circle entries\"": \""Groups governance/staffing themes — poor communication/recordkeeping, nepotism/favoritism, hiring/turnover, IEP/504 and counseling breakdowns, punitive/arbitrary policies — which concern institutional leadership and service implementation rather than physical infrastructure, safety incident frequency, extracurricular breadth, or academic program content.\""\n}""]",,39.210922956466675,24769,2368,2895,,[],['resp_053eea8d873c1be4006a739aef34e4819cb659462a477455fb'],True
vote|reduce1|13|3,"[""{\n    \""square entries exhibit more documented administrative and staff dysfunction — poor communication/responsiveness, favoritism/equity problems, arbitrary or punitive policies, fiscal/ governance concerns, and explicit unprofessional staff conduct — than circle entries\"": \""This bucket groups the many reports about leadership/staff problems (nepotism, rude front‑office, lost records, punitive/arbitrary discipline, turnover and budget mismanagement) and is distinct from safety, facilities, programmatic, or student‑support topics because it focuses on governance, personnel conduct and operational/communication breakdowns rather than student incidents or program offerings.\"",\n    \""square entries report more pervasive student safety, bullying, substance‑use, and violent‑incident problems (and frequent failures to address them) than circle entries\"": \""This clusters all accounts of fights, bullying, gang/drug activity, weapon/assault incidents, and descriptions of administrators tolerating or failing to remediate them — clearly different from governance/process complaints (bucket 1), facility issues (bucket 4), specialized programs (bucket 3) or special‑education/counseling debates (bucket 5).\"",\n    \""square entries document stronger, broader advanced‑academic, magnet, CTE and college‑prep programs and measurable postsecondary outcomes than circle entries\"": \""This bucket captures the repeated, concrete claims about AP/IB/dual‑enrollment, magnet/CTE pathways, scholarships and college placements — a programmatic/outcome dimension that is program‑offerings and results focused and separate from safety, facilities, staff governance, or special‑education/counseling implementation.\"",\n    \""square entries report worse physical capacity and day‑to‑day logistics (overcrowding, large class sizes, dilapidated/unsanitary facilities, mold/pests, traffic and scheduling bottlenecks) than circle entries\"": \""This groups all concrete facility, sanitation, overcrowding, HVAC/transportation, pests and scheduling/traffic problems, which concern the school’s physical and logistical infrastructure and are conceptually distinct from staffing governance, safety incidents, program strength, or targeted student‑support controversies.\"",\n    \""square entries provide more concrete, contested, and granular accounts of special‑education, guidance, and student‑support practices (including both robust supports and legal/noncompliance failures) than circle entries\"": \""This bucket collects the IEP/504, counseling, remediation/tutoring, credit‑recovery and special‑needs implementation evidence (both successful supports and explicit denials/noncompliance) and is separate from general administrative dysfunction, safety incidents, physical facilities, or advanced‑program descriptions because it specifically addresses individualized student supports and their operational fidelity.\""\n}""]",,39.25836801528931,28345,2432,2993,,[],['resp_06441a7176da9981006a739aef473c8192a1e47dfb750bcfd5'],True
vote|reduce1|16|0,"[""{\n    \""square entries document stronger, broader, and more concretely‑described advanced academic, AP/IB/dual‑enrollment, vocational/CTE, and college‑preparation pathways (and measurable postsecondary outcomes) than circle entries\"": \""This groups all evidence about named advanced/rigorous curricula, AP/IB/dual‑credit/CTE offerings and concrete college matriculation outcomes into a single academic‑program bucket; it is distinct from operational, safety, staffing, or facility topics because it concerns curriculum and measurable postsecondary results only.\"",\n    \""square entries report more frequent and severe student-safety and behavior incidents (fights, gangs, drugs, bullying) and systematic failures to address them than circle entries\"": \""This bucket collects the many reports of violence, bullying, drug use, gang activity, sexual harassment and ineffective incident response/cover‑ups into one safety/climate category that is not about funding, instruction, or administration processes.\"",\n    \""square entries emphasize tangible facility/funding patterns and resource allocation issues (upgraded/new buildings and athletic investment alongside overcrowding, sanitation, pay‑to‑play and misallocated funds) more than circle entries\"": \""This captures concrete physical‑plant, capital investment, overcrowding, fee/pay‑to‑play and visible spending‑priority evidence (including athletics investment) and is kept separate from administrative governance or instructional quality buckets because it addresses where money and space are directed or lacking.\"",\n    \""square entries document more administrative and organizational failures — poor communication, scheduling/transfer/attendance policy mishandling, retaliatory/unprofessional administration, and special‑education/IEP noncompliance — than circle entries\"": \""This bucket groups registrar/records errors, unresponsiveness, favoritism/nepotism, opaque or punitive policy enforcement, and governance scandals into a single management/governance category distinct from facility, safety, curricular or classroom‑staff issues.\"",\n    \""square entries document more operational staff and student‑support issues and variability — teacher competence/absenteeism, turnover, substitute noncooperation, plus mixed counseling and special‑education compliance — than circle entries\"": \""This bucket covers classroom‑level and student‑support staffing problems (uneven teacher quality, absenteeism/substitutes, counselor availability, IEP/tutoring failures or occasional strong one‑on‑one support) and is kept separate from governance, facilities, safety or the existence of advanced programs.\""\n}""]",,39.50998091697693,28017,2304,2817,,[],['resp_009fc24a217f4502006a739aef59c8819f92ef99e57f21fc9c'],True
vote|reduce1|10|4,"[""{\n    \""square entries describe broader, more advanced academic and extracurricular programming and stronger college‑placement outcomes than circle entries\"": \""Captures the many square reviews that name AP/IB/dual‑enrollment/CTE programs, award‑winning arts/athletics, and concrete college matriculation/scholarship outcomes; this is distinct from operational, safety, governance or staffing‑variability themes because it describes program breadth and student outcomes rather than facilities, discipline, or leadership failures.\"",\n    \""square entries document more systemic administrative and governance failures — corruption/favoritism, hiring problems, grade manipulation, fiscal misprioritization, consolidation/board mismanagement, and routine communication/accountability breakdowns — than circle entries\"": \""Groups reviews alleging district‑ or leadership‑level dysfunction (favoritism, coverups, fiscal choices, opaque policy and board problems) that are organizational rather than about classroom instruction, building condition, student behavior, or the existence of academic programs, making it mutually exclusive from facility, safety, programmatic or teacher‑quality buckets.\"",\n    \""square entries report more frequent and more severe student safety/behavior problems and inconsistent or failed discipline enforcement than circle entries\"": \""Collects reports of bullying, sexual harassment, drug/gang activity, fights, and chronic failure to protect/enforce discipline — a discrete category focused on student conduct and immediate safety/response rather than on curricular strength, facilities/logistics, leadership corruption, or teacher variability.\"",\n    \""square entries report more concrete facility, capacity, and operational complaints (overcrowding, HVAC/temperature, cafeterias, locked bathrooms, construction impacts, safety infrastructure failures) than circle entries\"": \""Encompasses the many square complaints about physical plant, overcrowding, meal service, scheduling/logistics and technology/devices as operational realities of the building, which are substantively different from program offerings, governance misconduct, student‑safety incidents, or intra‑school instructional variability.\"",\n    \""square entries display greater within‑school polarization of staff/program quality and instructional consistency than circle entries\"": \""Captures the repeated square pattern of ‘both excellent and awful’ teachers, two‑tier AP/honors vs weak on‑level tracks, variable grading/credit‑recovery practices and uneven one‑on‑one support — an internal‑quality/stratification phenomenon distinct from leadership/governance problems, physical facilities, program breadth, or safety incidents.\""\n}""]",,39.518916845321655,24078,2176,2727,,[],['resp_0572c8ee54a8cd30006a739aef1644819cb2895a2e0a34086c'],True
vote|reduce1|19|2,"[""{\n    \""square entries report more frequent and severe student safety, violence, bullying, and on‑campus substance‑abuse incidents than circle entries\"": \""Groups of raw items that document fights, gangs, drug/dealing/vaping prevalence, sexual‑misconduct allegations, cyberbullying, suicides, and routine failure-to-protect belong here — this bucket is about the lived student‑safety/climate and enforcement outcomes, not about governance, programming, instructional quality, facilities, or extracurricular prominence (which are captured separately).\"",\n    \""square entries report more administrative and policy dysfunction (unresponsiveness, arbitrary or biased discipline, favoritism/nepotism, and governance indifference) than circle entries\"": \""Items alleging leadership turnover, political boards, favoritism/nepotism, punitive/opaque complaint handling, counselor overload/unresponsiveness, and deliberate silencing fit this governance/policy bucket and are conceptually distinct from student-safety incidents (their effects may overlap) and from facility, academic, or extracurricular descriptions.\"",\n    \""square entries exhibit stronger advanced-academic programs and measurable college-preparatory outcomes than circle entries\"": \""Concrete descriptions of AP/IB/dual‑enrollment, specialized academies (STEM, arts, career pathways), National Merit/elite college admits, and named college-prep supports cluster here and are distinct from extracurricular/athletics breadth, from safety/climate problems, and from operational/facility issues.\"",\n    \""square entries emphasize athletics/extracurricular prominence and institutional prioritization of sports (sometimes at the expense of academics) more than circle entries\"": \""Evidence about extensive band/athletics/competitive clubs, booster/parent engagement, award-winning teams, sports‑first spending or athletic favoritism, and pervasive school‑spirit culture belongs in this programmatic/priority bucket and is separate from academic-program strength, safety failures, governance failings, or building/maintenance problems.\"",\n    \""square entries report more acute facility and operational failures (disrepair, cleanliness, overcrowding, maintenance lapses, meal and scheduling logistics) than circle entries\"": \""Concrete complaints about overcrowded enrollment, dilapidated or recently renovated buildings, unsanitary bathrooms, late buses, scheduling/registration errors, denied meal accounts and other day‑to‑day operational/resource shortfalls are grouped here and are distinct from governance dysfunction, student behavior/safety, academic offerings, or extracurricular prominence.\""\n}""]",,40.00913095474243,28874,2176,2726,,[],['resp_0bb102f3a622a637006a739aef34fc8191988487586967eb52'],True
vote|reduce1|17|0,"[""{\n    \""square entries report substantially stronger, broader advanced academic programs and measurable college-preparation outcomes than circle entries\"": \""Many Square reviews enumerate IB/AP/dual-enrollment/early‑college pathways and named college outcomes (scholarships, Ivy/competitive acceptances), a clear programmatic/metric contrast that is about curricular rigor and postsecondary results — distinct from extracurricular prominence, safety issues, administrative dysfunction, or facilities problems covered by other buckets.\"",\n    \""square entries emphasize broader and stronger non‑academic extracurricular breadth and athletics prominence (including booster support and athletic favoritism) than circle entries\"": \""Square reviews repeatedly list extensive arts, bands, sports, booster activity, high‑participation teams and pay‑to‑play/athlete‑favoritism concerns — a cluster about extracurricular scope, prominence and funding priorities that is conceptually separate from academic-program strength, safety/climate, admin governance, or building/operational logistics.\"",\n    \""square entries report more frequent and severe student-safety and climate problems (bullying, harassment, drugs, fights, mental‑health harm, emergency incidents) than circle entries\"": \""A large subset of Square reviews documents concrete safety incidents (fights, bomb/shooting threats, repeated drug/vape incidents, suicides, racial/LGBTQ harassment) and contested or inadequate responses — this cluster is focused on student safety and climate rather than on program offerings, extracurriculars, administration process failures, or facility/capacity issues.\"",\n    \""square entries report more administrative and operational failures — inconsistent discipline, record‑keeping/scheduling errors, staffing shortages, IEP/guidance breakdowns, and alleged corruption — than circle entries\"": \""Numerous Square entries allege unresponsive or arbitrary leadership, favoritism/nepotism, poor counselor/IEP follow‑through, withheld transcripts, and governance/communication breakdowns; these governance and service‑delivery failures are distinct from physical facility problems, extracurricular breadth, academic program strength, or student safety incidents.\"",\n    \""square entries report more tangible operational, facility, and policy/structural issues or changes than circle entries (overcrowding, scheduling, security, credit/policy shifts)\"": \""Square reviews frequently describe overcrowding, broken bathrooms, flooded fields, remodels, closed‑campus/phone policies, credit/grade‑reporting changes and baffling scheduling logistics — a class of concrete, physical and day‑to‑day operational realities that is separable from curricular quality, extracurricular culture, safety/climate, or administrative governance problems.\""\n}""]",,40.087317943573,27890,2368,2902,,[],['resp_0b35373f9d0860c3006a739aef5768819fa19db8b2f0d23e62'],True
vote|reduce1|2|2,"[""{\n    \""square entries report more administrative/governance failures, favoritism, and record‑keeping or disciplinary misconduct than circle entries\"": \""This cluster groups all reports of governance problems (nepotism, favoritism, opaque decisions, mis‑recorded grades/schedules and punitive or inconsistent discipline) — distinct from safety incidents (student harms), program breadth, or facilities because it centers on leadership/administrative practices and operational recordkeeping rather than physical conditions, extracurricular offerings, or student behavior.\"",\n    \""square entries report more frequent, severe safety and student‑behavior problems (bullying, fights, drugs, weapons, sexual harassment) and more failures to safeguard students than circle entries\"": \""This bucket collects evidence of direct student harm and supervisory failure (fights, bullying, drugs, sexual misconduct, weapons, arrests and ignored/ineffective protections) and is kept separate from administrative/governance critique (which is about leadership conduct) and from program/facility descriptions (which are about offerings or infrastructure).\"",\n    \""square entries describe more extensive formal academic, vocational (CTE), and extracurricular pathways and stronger measurable college‑prep outcomes than circle entries\"": \""This groups concrete programmatic strength and measurable outcomes — AP/IB/dual‑enrollment, vocational certifications, magnet programs, and documented college matriculation — and is distinct from extracurricular prominence (which focuses on arts/athletics breadth and awards), from safety/climate, and from administrative process failures.\"",\n    \""square entries report broader, higher‑performing extracurricular, arts, vocational and athletics programs (with awards/achievements) than circle entries\"": \""This bucket captures the density and prominence of student activities (band, sports, theater, FFA, boosters, championships and pay‑to‑play dynamics) as a community/participation signal, separate from formal academic pathways (AP/IB/dual‑credit) and from facility/capacity or safety complaints.\"",\n    \""square entries report more concrete facility, capacity, scheduling, and resource-allocation constraints or contested spending choices than circle entries\"": \""This groups physical and operational resourcing evidence (overcrowding, broken/dirty facilities, scheduling/transport problems, tech shortages, budget cuts or visible prioritization choices) and is kept distinct from administrative misconduct (process/ethics) and from student‑behavior/safety incidents or programmatic quality.\""\n}""]",,40.23503112792969,28211,2624,3107,,[],['resp_056c10e58ca9e984006a739aeec094819e89ff1349867dc2c9'],True
vote|reduce1|5|3,"[""{\n    \""square entries report more physical‑plant problems, overcrowding, and material/resource shortages (facility disrepair, mold/rodents, trailers, large class caseloads, lack of substitutes/tutoring) than circle entries\"": \""This bucket groups all concrete facility, capacity, and material/resource complaints (e.g., roaches, leaking ceilings, trailers, locked bathrooms, lack of seats/AC, food complaints) and is distinct from governance, safety, programmatic, or teacher‑quality issues because it focuses strictly on buildings, space, equipment and day‑to‑day material resources.\"",\n    \""square entries document stronger and more numerous advanced-academic and college-preparation programs and measurable outcomes than circle entries\"": \""This bucket captures every claim about formal advanced‑academic offerings and outcome evidence (AP/IB/dual‑enrollment, academies, vocational/CTE pathways, college placements and awards) and is mutually exclusive from facility, safety, admin, or teacher variability buckets because it is about program breadth/rigor and measurable postsecondary results rather than operations, behavior, or staff conduct.\"",\n    \""square entries report more student safety incidents, bullying, hazing, substance use, and supervision failures than circle entries\"": \""This bucket groups allegations of harms to student physical and emotional safety (bullying, fights, drugs, gangs, weapons/lockdowns, sexual harassment, ineffective security responses) and is separate from facility or administrative dysfunction buckets because it focuses on student conduct, harm events, and direct protection/response failures rather than building condition or governance processes.\"",\n    \""square entries report more administrative unresponsiveness, governance dysfunction, and poor family communication than circle entries\"": \""This bucket covers complaints about leadership and office operations (unresponsive counselors/principals, cover‑ups, nepotism, misallocated spending, broken record‑keeping, arbitrary policy enforcement) and is distinct from safety, facilities, teacher quality, or program‑strength buckets because it centers on governance, decision‑making, and communications rather than frontline incidents, physical plant, or curricular offerings.\"",\n    \""square entries display greater within‑school polarization of staff/program quality and instructional consistency than circle entries\"": \""This bucket groups reports of sharp internal stratification and variability (elite AP/IB pockets vs neglectful regular tracks, highly supportive teachers alongside apathetic or abusive teachers, mixed counseling/special‑ed outcomes) and is exclusive from the other buckets because it describes distributional inconsistency across programs and staff rather than singular problems of facilities, safety incidents, governance failures, or the simple presence/absence of advanced programs.\""\n}""]",,40.405680894851685,28311,2112,2655,,[],['resp_0cc3798eebb62bc1006a739aeec5a4819ca07e995f6b511c3a'],True
vote|reduce1|8|0,"[""{\n    \""square entries describe stronger, more numerous advanced academic programs and measurable college‑preparatory outcomes than circle entries\"": \""Captures the many square reviews that list AP/IB/dual‑enrollment/college credits, quantifiable test/scholarship outcomes and explicit college‑prep pipelines — distinct from operational/facility, safety, governance or extracurricular themes because it is focused specifically on formal academic program strength and measurable postsecondary results.\"",\n    \""square entries report more frequent and severe student-safety, substance-abuse, and staff-misconduct incidents (and victims’ lack of protection) than circle entries\"": \""Groups the numerous square reports of bullying, fights, weapons, drugs, metal detectors, police presence, student assaults and staff failures to protect victims — a safety/behavioral‑climate cluster that is conceptually separate from programmatic strength, facilities/logistics, governance/favoritism, or extracurricular breadth.\"",\n    \""square entries report more acute facility, operational, and resourcing problems (overcrowding, maintenance, scheduling, tech, budgets, and communication) than circle entries\"": \""Covers the concrete infrastructure and operational shortfalls in square reviews (mold/asbestos, locked bathrooms, overcrowded hallways, cafeteria/food issues, tech/material shortages, scheduling/transport problems and pandemic remediation gaps) — distinct from administrative governance (decision‑making/favoritism), safety incidents, extracurricular offerings, or academic-program content.\"",\n    \""Square entries report broader, higher‑profile extracurricular, arts and athletics opportunities plus stronger alumni/community engagement and parent fundraising than Circle entries\"": \""Groups square statements about abundant/award‑winning sports, band/theater, JROTC/CTE offerings, booster/PTA activism and alumni legacy — a community/program‑engagement dimension that differs from academic rigor, facility/operational failures, safety crises, or governance/favoritism issues.\"",\n    \""square entries report systemic access, tracking, and favoritism issues that concentrate resources on top performers/athletes while marginalizing mid‑ or vulnerable students more than circle entries\"": \""Captures square evidence about tracking, athletic/legacy favoritism, unequal discipline/enforcement, and resource concentration (insider hires, athlete protection, neglect of mid‑ability or special‑needs students), which is a distinct equity/access theme separate from governance/process failures, physical facility problems, safety incidents, or the mere existence of advanced programs.\""\n}""]",,40.504469871520996,27788,2304,2832,,[],['resp_09276fcac313b96c006a739aef447881a19a8d6701c1e73b16'],True
vote|reduce1|21|1,"[""{\n    \""square entries report more severe safety, bullying, substance‑use and violent behavior problems (with weak prevention) than circle entries\"": \""This bucket groups all reports of on-campus student harm and failed protective responses (fights, gangs, drugs, sexual coercion, bullying, ignored assaults) and is distinct from administrative, academic, extracurricular or facilities topics because it concerns student safety incidents and their remediation rather than staffing, program, or infrastructure issues.\"",\n    \""square entries document greater administrative and front‑office dysfunction, poor parental communication, record‑keeping failures, punitive policy enforcement, turnover, and governance secrecy than circle entries\"": \""This bucket captures failures of governance, communication, favoritism/nepotism, counselor/IEP mishandling, transcript/fee abuses and opaque board/district decisions and is intentionally separate from safety (incident content), facilities (physical/capacity problems), academics (program rigor/outcomes), and extracurricular breadth (program offerings/funding choices).\"",\n    \""square entries document stronger and more diverse advanced academic & career programs and measurable college/career outcomes than circle entries\"": \""This bucket groups concrete evidence of rigorous curricular pathways and measurable student outcomes (AP/IB/dual enrollment/STEM/CTE, elite matriculations, scholarships) and is mutually exclusive from extracurricular breadth, administrative dysfunction, or safety/facility complaints because it focuses on formal academic and career-program substance and measurable postsecondary results.\"",\n    \""square entries portray a broader, named extracurricular and co‑curricular ecosystem (arts, music, vocational, competitive teams and athletics) but also more documented access inequities and coaching favoritism than circle entries\"": \""This bucket aggregates named clubs/teams/arts/booster/fanbase descriptions plus linked problems of athlete/coach favoritism and inequitable access, keeping program breadth and cultural prioritization distinct from academic-program strength, safety incidents, administrative governance, or physical capacity issues.\"",\n    \""square entries report more acute facility, capacity, and operational problems (crowding, sanitation, maintenance, and logistical failures) than circle entries\"": \""This bucket groups tangible infrastructure and day‑to‑day operational failures—overcrowding, unsanitary buildings, HVAC/food/transport/locker/logistics problems and mixed capital investments—and is separated from administrative misconduct (decision‑making), safety incidents (student harm), academic program quality, and extracurricular descriptions because it concerns physical and logistical conditions only.\""\n}""]",,40.561285972595215,28602,2048,2592,,[],['resp_0f5988b9c73318dd006a739aef3ad481a3b9fde8153f44d59f'],True
vote|reduce1|15|0,"[""{\n    \""square entries report more pervasive student safety, bullying, substance use, and violence problems with ineffective or slow responses than circle entries\"": \""This cluster groups all evidence about on‑campus harm (fights, gangs, drug/vape use, sexual/racial harassment, suicides/self‑harm) and the school’s failure or slowness to remediate — a distinct topic about student safety and incident response that does not overlap with facility, curricular, extracurricular, or governance buckets.\"",\n    \""square entries report more concrete facility and day‑to‑day operational conditions (overcrowding, maintenance/hygiene, transportation, scheduling, and campus layout/security details) than circle entries\"": \""This bucket collects the many reports about physical plant, crowding, lunch lines, HVAC/food/cleanliness, maps/traffic and routine logistics — tangible infrastructure and operational constraints separate from program quality, safety incidents, extracurricular breadth, or administration misconduct.\"",\n    \""square entries report stronger, more numerous advanced academic and college‑preparatory programs and measurable post‑secondary outcomes than circle entries\"": \""This groups all concrete, programmatic academic evidence (AP/IB/dual‑enrollment/AVID/CTE, college acceptances, scholarship metrics and measurable outcomes) into a single academic‑program/outcome theme distinct from extracurricular offerings, safety issues, facilities, or administrative behavior.\"",\n    \""square entries document broader, higher‑achievement extracurricular, arts, STEM, and vocational offerings and stronger student engagement/loyalty than circle entries\"": \""This bucket captures the extensive evidence of thriving bands, theater, athletics, competitive clubs, vocational pathways, awards, and booster/parent engagement — programmatic life outside core academics which is programmatically and culturally distinct from facility conditions, admin dysfunction, or classroom instruction.\"",\n    \""square entries document more administrative and staff dysfunction — scheduling/counseling failures, recordkeeping errors, favoritism/corruption, staff misconduct, and leadership instability — than circle entries\"": \""This groups reports about governance, personnel behavior, counselor/scheduling mistakes, nepotism/favoritism, punitive/unresponsive leadership and turnover into an operational/governance bucket that is separable from safety incidents, physical resources, extracurricular breadth, or academic-program strength.\""\n}""]",,40.6655957698822,28229,2560,3043,,[],['resp_02335e47858ee432006a739aef27e081a19718ea7a738deaf2'],True
vote|reduce1|24|2,"[""{\n    \""square entries report more administrative instability, poor communication/counseling, inequitable discipline or favoritism, and governance misconduct that impede students and parents than circle entries\"": \""This cluster captures governance-level problems (grade‑changing trials, nepotism, district/board mismanagement, opaque decision‑making and nonresponsive leadership) that are about institutional power and policy — distinct from classroom-level instruction, student safety incidents, facilities, or discrete student‑support programs which are covered by other buckets.\"",\n    \""square entries report more pervasive student misconduct, substance use, bullying, and ineffective disciplinary response than circle entries\"": \""This bucket groups evidence of on-the-ground student‑safety failures (drugs, fights, gang activity, pervasive bullying, assaults and punitive or inconsistent discipline) that describe the school climate and behavior problems rather than resource/facility shortfalls, advanced‑program breadth, or administrative/governance malpractice.\"",\n    \""square entries document broader and better‑resourced advanced academic, CTE, and extracurricular program offerings and measurable postsecondary outcomes than circle entries\"": \""This theme collects concrete programmatic strengths (AP/IB/dual‑credit, vocational/CTE tracks, award‑winning arts, competitive athletics and alumni/college outcomes) where reviewers describe substantive curricular and extracurricular opportunity, which is conceptually separate from staffing variability, safety/climate, or facilities constraints.\"",\n    \""square entries report worse physical infrastructure, overcrowding, transportation, and operational resource constraints than circle entries\"": \""This bucket groups material and logistical problems (overcrowded classes, trailers, pest infestations, HVAC/food issues, parking/traffic and broken tech/portal rollouts) that concern the building, capacity and operations rather than staff performance, governance behavior, student misconduct, or program offerings.\"",\n    \""square entries report more inconsistent or inadequate student support services (guidance, counseling, special education, and college advising) than circle entries\"": \""This category isolates failures or variability in hands‑on student supports (IEP/504 breakdowns, counseling caseloads, poor guidance responsiveness, contested accommodations and mixed remediation/tutoring) that affect individual students’ access and success and are distinct from broader governance misconduct, safety incidents, facility problems, or program abundance.\""\n}""]",,41.077739000320435,28476,2240,2702,,[],['resp_096c5c28465c015a006a739aef3b90819f8f8f315b2099ae0f'],True
vote|reduce1|13|4,"[""{\n    \""square entries report stronger advanced academic pathways and measurable college-preparatory outcomes than circle entries\"": \""Many raw items document AP/IB/dual‑enrollment, measurable college acceptances, and rigorous honors/STEM pathways in square reviews—this theme is focused on curriculum strength and outcomes and is kept distinct from extracurricular breadth, safety, administration, or facilities issues.\"",\n    \""square entries document broader extracurricular, vocational and programmatic breadth and show more explicit prioritization/favoritism toward athletics and branded programs than circle entries\"": \""Numerous square reviews catalogue wide arts/CTE/clubs and note athletics‑first funding or favoritism; this bucket isolates program breadth and resource/prioritization choices (not academic rigor, not safety incidents, and not building/operational problems).\"",\n    \""square entries report more student-safety incidents, pervasive bullying, substance/weapon problems, and ineffective behavior-management than circle entries\"": \""A large cluster of square items describe fights, bullying, drugs, sexual harassment, and mishandled discipline—this safety/behavioral‑climate cluster is distinct from administrative governance failures, program offerings, academic rigor, or facility constraints.\"",\n    \""square entries document more administrative dysfunction, opaque decision‑making, and punitive or unilateral leadership behavior than circle entries\"": \""Many square excerpts allege nepotism, unresponsiveness, arbitrary/punitive discipline, counseling/scheduling errors and cover‑ups; this governance/decision‑making bucket is about leadership and policy failures (separate from physical facility or student‑behavior categories).\"",\n    \""square entries report detailed facility, capacity, and day‑to‑day operational conditions (building maintenance, overcrowding, cafeteria/cleanliness, hallway security, scheduling) more often than circle entries\"": \""Several square reviews give concrete accounts of overcrowding, maintenance, tech/grade‑portal failures, transportation and scheduling glitches—this operational/infrastructure bucket is limited to physical and logistical conditions and does not overlap with programmatic quality, safety incidents, or administrative decision‑making.\""\n}""]",,41.38885974884033,24352,2240,2706,,[],['resp_0a891be2cf5a3f66006a739aef1b80819fb7902d8cc98ed2f5'],True
vote|reduce1|22|0,"[""{\n    \""square entries report worse physical facilities, overcrowding, sanitation, and resource‑priority/funding problems than circle entries\"": \""Groups of raw terms repeatedly cite broken/old buildings, pests/mold, locked/insufficient bathrooms, overcrowded classrooms, parking/fee burdens and visible misallocated funding — a facilities/capacity/resource cluster that is distinct from safety, instruction, governance, or extracurricular emphasis.\"",\n    \""square entries report more pervasive safety, bullying, drug/gang incidents and inadequate or inconsistent disciplinary response than circle entries\"": \""Many raw items describe fights, drug overdoses, sexualized conduct, gang activity, bullying, and either ignored or inconsistently enforced discipline — a student‑safety/behavior cluster separate from facility decay, curricular strength, staff governance, or athletics.\"",\n    \""Square entries describe substantially stronger advanced-academic programming and college-preparatory pathways (AP/IB/dual-enrollment, honors, magnets, and measurable elite‑college outcomes) than circle entries\"": \""Numerous entries provide concrete AP/IB/magnet/dual-enrollment pathways, scholarship and college‑placement evidence and structured career tracks — an academic-program strength cluster that does not overlap with safety, facilities, governance, or sports prominence.\"",\n    \""square entries report greater staff and administrative unresponsiveness, favoritism, and failures in discipline plus special‑education/504/IEP compliance than circle entries\"": \""Raw terms consistently document nepotism/favoritism, opaque or erroneous scheduling/credit handling, poor counselor/IEP follow‑through and rude/unresponsive office behavior — an administrative/governance and student‑support cluster distinct from facilities, student‑safety, academics, or athletics.\"",\n    \""square entries report a sports‑centric culture with athletics prioritized in funding, facilities, and favoritism more than circle entries\"": \""Many entries single out athletics/band dominance, booster/parent funding, facility investment skewed to sports and athlete favoritism — a distinct extracurricular/athletics‑priority cluster separate from academic program strength, safety, facilities, or governance issues.\""\n}""]",,41.44667291641235,28541,2688,3115,,[],['resp_00895264bbd55cbe006a739aef4538819eb4215902b5396300'],True
vote|reduce1|18|1,"[""{\n    \""square entries report greater variability and explicit presence of student support services (special education/IEP enforcement, counseling, credit recovery, vocational and dual‑credit pathways), including both robust supports and documented failures, than circle entries\"": \""This bucket captures the many concrete reports (IEP handling, counselor caseloads, tutoring, CTE/dual-credit pathways and both successful integration stories and documented breakdowns) that are about the presence, quality, and variability of in‑school student supports — a service/outcome dimension that is distinct from facility condition, disciplinary climate, governance behavior, or academic-program rigor.\"",\n    \""square entries report worse physical infrastructure, overcrowding, and operational/logistical failures than circle entries\"": \""This groups together the concrete building/facility and day‑to‑day operational problems (pest infestations, leaking ceilings, overcrowded classes, parking/traffic, lost transcripts/transportation gaps, meal/service logistics) and is mutually exclusive because it addresses physical/operational capacity rather than student behavior, programmatic offerings, or leadership/governance issues.\"",\n    \""square entries report more frequent and severe student-safety and behavior incidents (fights, gangs, drugs, bullying) and systematic failures to address them than circle entries\"": \""This bucket aggregates the evidence-centered safety/climate problems (bullying, fights, drug/gang activity, threats, sexual harassment, suicides and poor protective responses), focusing on student conduct and protection outcomes rather than facilities, curricular offerings, staff governance, or support-service availability.\"",\n    \""square entries report more administrative and staff misconduct, leadership instability, favoritism/nepotism, and operational communication failures than circle entries\"": \""This captures governance- and staff‑behavior patterns (cover‑ups, grade‑changing trials, nepotism, punitive/arbitrary discipline, chronic unresponsiveness, recordkeeping errors and high turnover) that concern how the institution is managed and held accountable, and is distinct from physical conditions, student safety incidents, support‑service content, or academic-program breadth/rigor.\"",\n    \""square entries document stronger formal advanced-academic offerings and measurable college-prep outcomes than circle entries\"": \""This bucket groups the multiple concrete claims about organized AP/IB/STEM/magnet/dual‑enrollment pathways and cited college-placement/test outcomes (including uneven instruction caveats), isolating academic-program strength and measurable postsecondary preparation as a separate dimension from extracurricular prominence, safety, facilities, or administrative behavior.\""\n}""]",,41.51018023490906,28347,3712,4222,,[],['resp_00537462526b1f4c006a739aef33708192818f9ef8b91d29dc'],True
vote|reduce1|5|2,"[""{\n  \""square entries exhibit stronger, more concrete advanced-academic pathways and measurable college-prep outcomes than circle entries\"": \""This bucket groups all instances where Square reviewers cite named AP/IB/dual‑enrollment/magnet/CTE pathways and documented college placements or credits (scholarships, Ivy admits, AP exam participation), and is distinct from other buckets because it focuses on curricular program breadth and measurable post‑secondary outcomes rather than facilities, safety, staff behavior, or extracurricular funding.\"",\n  \""square entries report more frequent severe student safety and conduct problems (bullying, fights, drugs, gangs, harassment) and more instances of those incidents being ignored or inadequately investigated than circle entries\"": \""This bucket captures the recurring Square claims of physical fights, gang/drug activity, pervasive bullying, sexualized misconduct and police/discipline failures, and is mutually exclusive because it addresses student safety/behavior and incident response rather than academic offerings, building capacity, governance practices, or program prominence.\"",\n  \""Square entries describe more facility/capacity and day‑to‑day logistics problems (overcrowding, scheduling, lunch/transport issues, tech/connectivity and design) than circle entries\"": \""This bucket collects concrete operational and infrastructure evidence in Square reviews (overcrowded classes, long lunch lines, broken escalators, inaccessible buildings, lengthy commutes, scheduling/transport glitches and capital upgrades), and is separate from governance, safety, academic-program, and extracurricular themes because it concerns the school's physical capacity and daily logistics.\"",\n  \""square entries document greater administrative and staff dysfunction — unprofessional conduct, favoritism, broken commitments, fee/transcript enforcement, counselor overload, and failures in special‑education/IEP responsiveness — than circle entries\"": \""This bucket groups Square accounts of governance and personnel failures (nepotism, favoritism toward athletes/wealthy parents, unresponsive front office, counselor/special‑ed breakdowns, recordkeeping and discipline misuse), distinct from facilities, safety incidents, curricular strength, or extracurricular breadth because it centers on staff behavior, policies, and accountability.\"",\n  \""Square entries describe broader, better‑supported extracurricular ecosystems but also pay‑to‑play fees and wealthy‑parent influence (including favoritism) more than circle entries\"": \""This bucket covers Square reports of large, high‑profile extracurricular offerings (marching band, championship teams, many clubs, strong arts/CTE) together with contested funding priorities, booster/parent donations, pay‑to‑play costs and athlete favoritism, and is exclusive because it focuses on program prominence and funding/access dynamics rather than instructional rigor, safety, facilities, or administrative misconduct generally.\""\n}""]",,41.558308839797974,28416,2240,2808,,[],['resp_02974ef296e1bba1006a739aef2d20819cb73f0a1a80e5f54f'],True
vote|reduce1|9|1,"[""{\n    \""square entries report more frequent and severe student safety, bullying, substance‑use, and violent incidents combined with ineffective or inconsistent administrative responses than circle entries\"": \""This captures the cluster of concrete safety/climate evidence (fights, gangs, drugs, threats, vandalism, frequent police presence and failures to remediate) and is distinct from other buckets because it focuses on student‑behavioral incidents and on‑the‑ground incident‑response rather than facilities, program breadth, governance/favoritism, or special‑needs supports.\"",\n    \""square entries emphasize scale, facilities and operational constraints (overcrowding, scheduling, campus logistics, fees, and concrete resource‑allocation tradeoffs) more than circle entries\"": \""This groups all capacity/physical‑plant and operational logistics evidence (overcrowding, broken bathrooms, parking/entrance design, construction, outdated equipment, tech rollouts and scheduling complaints) and is mutually exclusive because it addresses built‑environment and logistics rather than safety incidents, curricular/extracurricular offerings, staff governance, or individualized student supports.\"",\n    \""square entries emphasize broader and deeper extracurricular, athletics, arts, and vocational programming (often with athletic prioritization and uneven funding) more than circle entries\"": \""This captures repeated, concrete claims about large extracurricular portfolios, marching band/athletic championships, vocational/CTE pathways, booster funding and athletics‑first resource tradeoffs and is separate from academic rigor, facility problems, administration favoritism, or counseling/special‑education issues.\"",\n    \""square entries report more explicit administrative favoritism, discrimination, nepotism, resource‑prioritization and policy unfairness than circle entries\"": \""This groups governance and staff‑misconduct evidence (cover‑ups, nepotism, favoritism toward athletes or connected families, biased enforcement, opaque discipline/record‑keeping) and is exclusive because it addresses decision‑making, fairness and power dynamics rather than physical conditions, safety incidents, program breadth, or IEP/counseling delivery.\"",\n    \""square entries report more failures and inconsistencies in special education, counseling and individualized student supports (including mental‑health response) than circle entries\"": \""This clusters all concrete accounts about IEP/504 noncompliance, overloaded/ineffective guidance, mental‑health and newcomer/refugee accommodations (both positive and failing reports) and is distinct from broader administrative favoritism, facility constraints, safety incidents, or extracurricular/academic program descriptions.\""\n}""]",,41.57178282737732,27971,1920,2482,,[],['resp_039fa1f273f8a39a006a739aefb91c81a1ab362023766e94d6'],True
vote|reduce1|7|3,"[""{\n    \""Square entries report worse safety, bullying, substance‑use, and misconduct incidents and weaker or punitive administrative responses than circle entries\"": \""Covers the concrete student‑safety cluster (bullying, fights, drugs, weapons, suicides, bus/lockdown events) and the school’s failure or punitive handling of those incidents; this is distinct from governance/operations (how the district runs) or facility problems (building condition) because it centers on student harm and incident response rather than scheduling, budgeting, or program breadth.\"",\n    \""square entries report more administrative and staff governance problems and operational failures (leadership instability/cronyism, favoritism, staff misconduct or turnover, poor communication, mishandled records/fees/scheduling) than circle entries\"": \""Groups reviews that describe governance, favoritism/nepotism, chaotic scheduling/records, unreturned parent communications and personnel instability — operational and accountability failures — which are organizational-process issues and do not duplicate the separate safety, facilities, academic-program, or extracurricular evidence.\"",\n    \""Square entries describe stronger and more numerous advanced‑academic programs, AP/IB/STEM/magnet offerings and measurable college‑prep outcomes (but with uneven instruction) than Circle entries\"": \""Captures the concrete presence of advanced academic pathways (IB/AP/dual enrollment/STEM tracks), measurable college outcomes and credentialing while also allowing notes about uneven instruction; this bucket is about programmatic academic strength and outcomes, not about student safety, staffing governance, extracurricular prominence, or building/ logistical problems.\"",\n    \""square entries document broader, higher‑profile extracurricular, arts, and athletics programs and achievements than circle entries\"": \""Groups evidence about wide extracurricular ecosystems, competitive arts/athletics, booster/parent mobilization and visible program achievements (state/national recognition, strong music/theater/athletic traditions) — program visibility and community engagement distinct from academic curriculum rigor, safety incidents, administrative process failures, or physical plant issues.\"",\n    \""square entries report more facility, capacity, and environmental problems — overcrowding, interior deterioration, unsanitary conditions, locked bathrooms, mold/asbestos and maintenance failures — than circle entries\"": \""Covers physical‑plant, space and day‑to‑day logistical problems (overcrowded lunches, pests, HVAC/asbestos, renovation disruption, lack of textbooks/seat shortages) that are materially different from governance/favoritism, student‑safety incidents, academic-program offerings, or extracurricular prominence.\""\n}""]",,41.740020990371704,27831,2688,3228,,[],['resp_0d6e7416f3c5d050006a739aef422c819cad79fead8a9535ef'],True
vote|reduce1|2|0,"[""{\n    \""square entries report more frequent and severe student safety, bullying, substance‑use, and violent incidents — and either inadequate or punitive on‑site responses — than circle entries\"": \""Groups reviews describing concrete safety crises (fights, drugs, gang activity, sexual coercion, lockdowns, self‑harm) and front‑line failure or punitive reactions; this is focused on student harm and immediate adult responses and is distinct from governance/accountability, facility capacity, academic offerings, or extracurricular breadth.\"",\n    \""square entries report more problems with staff professionalism, administrative accountability, and discriminatory/favoritistic governance than circle entries\"": \""Captures reports of nepotism, biased/enforcement, retaliatory or opaque leadership, counselor/IEP neglect, and poor communication—organizational and equity failings that explain policy and personnel behavior rather than physical infrastructure, safety incidents, curricular strength, or extracurricular variety.\"",\n    \""square entries describe stronger, broader advanced academic and extracurricular programing and college‑prep infrastructure than circle entries\"": \""Groups claims about AP/IB/dual‑enrollment, honors/CTE pathways, measurable college outcomes and formal academic academies—this is about curricular rigor and college‑prep capacity, not about safety, staff favoritism, building condition, or the everyday extracurricular culture/funding tradeoffs.\"",\n    \""square entries report more and more-varied extracurricular offerings, visible school spirit, and both inclusive access and athlete‑privilege dynamics than circle entries\"": \""Collects mentions of wide arts/athletics/CTE clubs, state/national team success, school traditions and booster support alongside accounts of athlete‑privilege or access inequities—this is program breadth and culture around activities, distinct from curricular rigor, safety crises, facilities, or governance mechanics.\"",\n    \""square entries report more concrete operational, facility, and scale problems (or extremes) — overcrowding, poor cleanliness/pest infestations, unreliable technology/wifi, hazardous or contested transportation, boarding/residential logistics, and burdensome fees — than circle entries\"": \""Groups tangible day‑to‑day infrastructure and logistical failures (bathrooms, overcrowded hallways, buses/traffic, tech bans, fees, renovations) that affect capacity and operations and are not the same as safety incidents, governance/favoritism, curricular strength, or extracurricular program descriptions.\""\n}""]",,41.74513506889343,28369,2688,3184,,[],['resp_08796fbda269a08b006a739aee978c81a3a82c62a93d37221c'],True
vote|reduce1|16|4,"[""{\n    \""Square entries describe stronger, broader advanced academic and career programs and clearer college‑prep outcomes than circle entries\"": \""This groups all evidence of AP/IB/dual‑enrollment/CTE/academy offerings and measurable postsecondary outcomes — a distinct programmatic/achievement axis that does not overlap with facility, safety, administrative, or extracurricular resource themes.\"",\n    \""square entries report more frequent, severe, and unaddressed student safety and discipline problems than circle entries\"": \""This captures bullying, fights, drug/substance use, threats/harassment, police/SRO involvement and contested/punitive discipline — a school climate and safety bucket separate from program quality, facilities, admin operations, or extracurricular breadth.\"",\n    \""square entries document worse physical capacity, maintenance, sanitation and resource shortfalls (overcrowding, pest infestation, dilapidated facilities, outdated/insufficient materials) than circle entries\"": \""This groups concrete building‑ and capacity‑level failures (crowding, mold/pests, broken bathrooms, HVAC, lunch logistics) that are operationally distinct from leadership dysfunction, curricular breadth, safety incidents, or extracurricular offerings.\"",\n    \""square entries document more systemic operational and leadership breakdowns (unresponsive counselors/teachers, procedural errors, nepotism, budget/hiring mismanagement) than circle entries\"": \""This buckets governance and process failures — counseling/IEP noncompliance, lost records, favoritism, turnover, budget misallocation — which are about institutional governance and communications, not directly about facilities, student safety incidents, academics, or extracurriculars.\"",\n    \""square entries report substantially broader, better‑funded extracurriculars, arts, athletics, band prominence, and active parent/booster/community support than circle entries\"": \""This groups reports of expansive extracurricular ecosystems, booster/fee dynamics, athletic prioritization and community/alumni mobilization — a resource‑and‑culture dimension (including athlete favoritism) that is programmatic and social rather than about academics, safety, facilities, or administrative process.\""\n}""]",,41.770283222198486,24280,2240,2663,,[],['resp_08cc6af94e0fe062006a739aef1ab481a1a35bdf6d63911914'],True
vote|reduce1|1|2,"[""{\n    \""square entries report more pervasive student-safety and discipline problems (bullying, fights, drugs, sexual assault) and inconsistent or ineffective disciplinary responses than circle entries\"": \""Groups many raw terms about fights, gang activity, pervasive bullying, drug use, sexual harassment, threats, lax or punitive enforcement, and failures to protect students into a single safety/behavior climate bucket — distinct from facilities, academics, extracurriculars, or governance because it focuses on student conduct and incident response rather than infrastructure, program offerings, or leadership style.\"",\n    \""square entries report more concrete facility, capacity, maintenance and health/logistics problems (and related crowding) than circle entries\"": \""Clusters the many complaints about overcrowding, large class sizes, mold/exposed wires, broken bathrooms/water fountains, HVAC/air‑conditioning, construction/disruption, scheduling/transportation and food/cafeteria logistics into an operational/infrastructure bucket that is non‑overlapping with safety incidents, curricular strength, extracurricular prominence, or administrative governance.\"",\n    \""square entries report more numerous, higher‑profile extracurriculars, competitive arts and athletics, and active parent/alumni engagement than circle entries\"": \""Groups evidence about extensive band/choir/arts, many sports and championships, booster/parent fundraising, alumni returning as staff, and visible school‑spirit traditions into a program‑breadth & community‑engagement bucket that is conceptually separate from academic rigor, physical plant issues, student safety, or administrative dysfunction.\"",\n    \""square entries document stronger advanced academic programs, formal college‑prep pathways, and measurable postsecondary outcomes than circle entries\"": \""Aggregates references to AP/IB/dual‑enrollment, CTE/academy pathways, measurable college acceptances/scholarships, and concrete college‑credit outcomes into a single academic‑programs & outcomes bucket distinct from extracurricular breadth, safety/climate, facilities, or governance problems.\"",\n    \""square entries document more administrative and staff unresponsiveness, rudeness, favoritism, secrecy/cover‑ups, and inconsistent discipline than circle entries\"": \""Collects the many accounts of unresponsive or rude front‑office staff, favoritism/nepotism (especially toward athletes), grade‑gaming, IEP/504 noncompliance, secrecy/cover‑ups, and arbitrary or politicized discipline into a governance/staffing bucket that is explicitly about leadership, policy and personnel conduct and does not conflate those issues with physical facilities, student behavior incidents, extracurricular strength, or curricular offerings.\""\n}""]",,41.88927698135376,28435,2560,3128,,[],['resp_0c89a89a6ac0b894006a739aeebd0081a385d7e7756263237c'],True
vote|reduce1|3|3,"[""{\n    \""square entries emphasize broader extracurricular/arts/athletics breadth and stronger community/booster support but also more athletic prioritization and favoritism than circle entries\"": \""square entries consistently describe wide arts/CTE/athletic ecosystems, booster-funded facilities, visible school‑spirit and repeated claims of athlete privilege (e.g., band/football dominance and booster spending) — a programmatic/prioritization pattern that is about program breadth and resource allocation and therefore conceptually distinct from (a) student safety incidents, (b) administrative governance failures, (c) facility/overcrowding/tech shortfalls, and (d) academic‑program rigor/outcomes captured by the other buckets.\"",\n    \""square entries report more pervasive student safety problems, bullying, substance use, fights, and either ineffective or excessively punitive disciplinary responses than circle entries\"": \""square entries foreground peer‑violence, drug/alcohol access, repeated fights, racial/sexual harassment, student self‑harm and inconsistent or punitive discipline — a frontline student‑safety and climate cluster that is about interpersonal risk and incident response, not about leadership/governance, facilities/capacity, extracurricular breadth, or academic program strength.\"",\n    \""square entries document greater administrative and operational dysfunction (leadership instability, district governance failures, staffing/scheduling breakdowns, and poor parent/staff communication) than circle entries\"": \""square entries repeatedly allege governance problems — unresponsive or politicized boards, favoritism/nepotism, privacy violations, erratic policy/enforcement, and leadership turnover — a management/governance category that describes who runs the school and how (distinct from student safety, physical resources, curricular offerings, or extracurricular programing).\"",\n    \""square entries report more facility, operational, and student‑support capacity shortfalls (maintenance, tech, scheduling, counselor/IEP/mental‑health support, overcrowding, fees) than circle entries\"": \""square entries contain detailed, concrete accounts of broken infrastructure, pests/mold, overcrowded classes, failing tech rollouts, scheduling/transportation bottlenecks, counselor/IEP failures and pay‑to‑play costs — an operational/capacity theme focused on tangible material and support shortages that is separate from governance decisions, safety incidents, extracurricular breadth, or academic program descriptions.\"",\n    \""square entries document stronger and more specifically described academic program offerings, instructional rigor/resources, teacher availability, and measurable outcomes — along with greater variability in teacher quality and grading practices — than circle entries\"": \""square entries repeatedly report concrete AP/IB/dual‑credit/STEM offerings, measurable college placement and test metrics plus strong teacher availability for some students alongside grade‑inflation/cheating and uneven instruction — an academic‑program cluster about curricular breadth, outcomes, and instructional variability that is intrinsically different from the extracurricular, safety, governance, and facility/capacity clusters above.\""\n}""]",,41.95219707489014,27665,2048,2678,,[],['resp_0ecf3334482772ea006a739aeec09481a38004d845f6776a90'],True
vote|reduce1|7|4,"[""{\n    \""square entries report more pervasive student safety, bullying, violent and substance‑use incidents than circle entries\"": \""This bucket captures all concrete claims about student-on-student harm, gangs, drugs, fights, threats, police involvement, and mental‑health harms and is distinct from administrative, programmatic or facility complaints (it focuses solely on observed safety/behavior crises rather than who caused or responded to them).\"",\n    \""Square entries report more administrative and governance dysfunction—unresponsiveness, mismanagement, recordkeeping/IEP failures, favoritism, and questionable budget/board decisions—than circle entries\"": \""This bucket groups governance- and staff-accountability problems (favoritism, broken discipline systems, IEP/legal failures, board/finance misallocation, recordkeeping and refusal-to-respond) and is mutually exclusive because it centers on institutional decision‑making and personnel conduct rather than student safety incidents, physical facilities, or program offerings.\"",\n    \""square entries report stronger and more numerous advanced academic programs and measurable college-prep outcomes than circle entries\"": \""This bucket covers evidence of AP/IB/dual-enrollment/academies, elite college acceptances, test-score metrics and structured college-prep supports and is separate from extracurricular/athletics prominence or administrative dysfunction because it specifically captures academic pathway strength and measurable academic outcomes.\"",\n    \""square entries describe broader, higher‑profile extracurricular and athletics programs and visible athletics prominence (with attendant favoritism complaints) than circle entries\"": \""This bucket groups named clubs, award‑winning bands/theater, large athletics programs, stadium/capital spending on sports and athlete-favoritism complaints; it is distinct from academic-program strength (curriculum/outcomes) and from facility/capacity problems (physical overcrowding/maintenance).\"",\n    \""Square entries indicate larger scale, overcrowding, and facility/maintenance problems more than circle entries\"": \""This bucket captures concrete operational and infrastructure issues (overcrowding, broken HVAC/escalators, mold/pests, parking/transportation, food/sanitation, fees and bond/renovation disputes) and is mutually exclusive because it addresses physical capacity and daily logistics rather than safety incidents, governance behavior, academics, or extracurricular offerings.\""\n}""]",,42.308709144592285,24294,2560,3031,,[],['resp_00a57d416a06872e006a739aef464081a199b813b747cb7537'],True
vote|reduce1|10|0,"[""{\n    \""square entries document more administrative dysfunction, opaque or punitive governance, favoritism, and poor communication than circle entries\"": \""This captures the many concrete reports in square reviews about cronyism, opaque policy/enforcement, record‑keeping errors, punitive transfer/discipline practices, and poor parent/staff communication — a governance/operational theme distinct from student safety incidents, physical facilities, academic program strength, or extracurricular breadth.\"",\n    \""square entries report more frequent and severe student safety, violence, bullying, and on‑campus substance‑abuse incidents than circle entries\"": \""This groups the pervasive incident‑level evidence in square reviews (fights, gang presence, drug use, racial/sexual harassment, tolerated bullying, police involvement, and related student mental‑health harms) which is about frontline safety/climate and is conceptually different from administrative mismanagement, program offerings, or building/capacity problems.\"",\n    \""square entries describe broader and more advanced academic, vocational and college‑credit pathways than circle entries (AP/IB/honors/dual enrollment/CTE/internships)\"": \""This captures square reviewers' repeated, concrete references to AP/IB/honors, magnet/academy tracks, dual‑enrollment/CTE pathways, internships and measurable college outcomes — an academic-program strength/structure axis that stands apart from extracurricular prominence, safety climate, administrative behavior, or facility conditions.\"",\n    \""square entries show broader and higher-performing extracurricular, arts, and athletics programs but also document athletic favoritism and funding tradeoffs more than circle entries\"": \""This groups square evidence of award‑winning bands, travel, many clubs, strong athletics and booster activity alongside explicit claims of athlete privileging and budget tradeoffs (stadiums vs. academics/maintenance) — a program/priority theme distinct from curricular rigor, safety incidents, governance failures, or physical infrastructure alone.\"",\n    \""square entries document more concrete facility, capacity, funding and operational problems (overcrowding, maintenance/pests, budget cuts, unsafe transport, scheduling/management failures) than circle entries\"": \""This captures the many square reports about overcrowded classes/lunch, pest/cleanliness and disrepair, AC/food shortages, transport/parking hazards, portables and contested capital spending — a physical‑plant and resource‑allocation cluster separate from administrative culture, safety incidents, curricular offerings, or extracurricular strength.\""\n}""]",,42.83184194564819,28547,2304,2851,,[],['resp_01c8d62a9a4e3ca9006a739aef34c8819fbd652754afc408a7'],True
vote|reduce1|4|3,"[""{\n    \""square entries emphasize tangible facilities, resourcing, and allocation problems (overcrowding, dilapidated buildings, pest/mold/health hazards, budget shortfalls, contested spending priorities) more than circle entries\"": \""Covers concrete, physical and budgetary resource realities (buildings, sanitation, overcrowding, capital projects and contested spending) distinct from governance behaviors, student-safety incidents, program breadth, or special-education implementation.\"",\n    \""square entries report more frequent and severe student-safety and climate problems (bullying, fights, drugs, sexual harassment, gang violence, suicides) and ineffective or inconsistent incident response than circle entries\"": \""Captures the prevalence and severity of peer/safety incidents and schools' failure to protect/respond, which is a different axis than infrastructure, curricular offerings, governance/favoritism, or SPED compliance.\"",\n    \""square entries describe substantially broader and more concrete advanced academic, extracurricular, and college/career pathway offerings than circle entries\"": \""Groups evidence about formal program breadth and high‑profile outcomes (AP/IB/dual‑enrollment, award‑winning band, athletics, CTE pathways) and is separate from physical conditions, safety climate, administrative corruption, or special‑education delivery.\"",\n    \""square entries report greater administrative/board‑level dysfunction, corruption, favoritism, and budget misallocation (often favoring athletics) than circle entries\"": \""Specifically groups governance and accountability failures (nepotism, cover‑ups, retaliatory behavior, misallocated funds) that explain choices and responses but are conceptually distinct from tangible facilities, program offerings, safety incidents, or SPED practice.\"",\n    \""square entries report substantially more special‑education/504/IEP compliance problems and also some stronger individualized SPED supports than circle entries\"": \""Isolates IEP/504 and individualized support implementation (both failures and occasional strong supports), a focused service-delivery theme that is not the same as overall instructional breadth, facility problems, safety incidents, or governance/favoritism issues.\""\n}""]",,42.91735625267029,28450,2112,2594,,[],['resp_0a0c6a6ff9b96e55006a739aeee95081a3aed389d3c080188b'],True
vote|reduce1|12|0,"[""{\n    \""square entries report far more student-safety and behavior crises (bullying, fights, drugs, gangs, sexual assault) and ineffective administrative responses than circle entries\"": \""This bucket captures all concrete incidents of violence, bullying, substance use, threats, and documented failure-to-protect accounts in the Square reviews — a distinct topic about immediate student safety and crisis response that does not overlap with facility conditions, program breadth, or special‑education/counseling failures.\"",\n    \""square entries report worse physical facilities, maintenance, cleanliness, capacity strain, and health hazards (mold, pests, overcrowding) than circle entries\"": \""This bucket groups operational and physical‑plant problems (overcrowding, pests, HVAC, lunch/food issues, toilets, parking/traffic, portables and construction impacts) which are about infrastructure and daily logistics rather than behavioral safety, academic programming, or governance/favoritism.\"",\n    \""square entries describe more extensive advanced academic, vocational, and college/career programs than circle entries\"": \""This bucket groups all evidence of AP/IB/CTE/dual‑enrollment pathways, named advanced offerings, vocational tracks, and measurable college‑prep outcomes (and their availability/instability), focusing on program breadth and postsecondary prep rather than staffing responsiveness, discipline, or facilities.\"",\n    \""square entries report more administrative/staff problems around favoritism, inconsistent or punitive discipline, record‑keeping/communication failures, and nepotism than circle entries\"": \""This bucket captures governance and personnel pathologies (nepotistic hiring, favoritism for athletes/locals, politicized board behavior, recordkeeping/privacy breaches and punitive or arbitrary discipline) which are about how adult decisions and policies shape fairness — separate from special‑education/counseling capacity or building conditions.\"",\n    \""square entries report more failures and inconsistencies in special education, counseling and individualized student supports (including mental‑health response) than circle entries\"": \""This bucket isolates breakdowns in student‑specific supports — IEP/504 noncompliance, counselor overload/unresponsiveness, denied diagnoses/accommodations, and mental‑health follow‑up — focusing on individualized services distinct from broad staffing/favoritism or generalized academic program strength.\""\n}""]",,42.99470615386963,28387,2112,2573,,[],['resp_0c091dc54a8ae2ce006a739aef4668819ca943ceb39fce8f1e'],True
vote|reduce1|21|2,"[""{\n    \""square entries report more severe safety and student-conduct crises with ineffective administrative response than circle entries\"": \""This groups reviews that specifically document fights, drugs, bullying, physical/sexualized assaults and other student‑misconduct incidents (and immediate failures of discipline or safety enforcement) — focused on on‑campus safety events and day‑to‑day enforcement — and is distinct from governance, program, facility or extracurricular topics.\"",\n    \""square entries describe stronger advanced-academic, vocational, and college-prep programs than circle entries\"": \""This captures concrete claims about AP/IB/dual‑enrollment, CTE/trades, measurable college placement, honors/rigor and within‑school academic tracks (including polarization around top‑track outcomes) and is intentionally limited to curricular/programmatic rigor and results rather than safety, staffing, facilities, or booster/athletics issues.\"",\n    \""square entries report more facility/space, operational, and resource allocation problems (and scale effects) than circle entries\"": \""This groups evidence about overcrowding, building condition/maintenance, sanitation, transportation/bus shortages, tech/material shortages, capital projects and contested funding choices — operational and infrastructural problems tied to space, capacity and resources rather than program quality, student conduct, or administrative favoritism per se.\"",\n    \""square entries describe broader, higher‑profile extracurricular and community engagement than circle entries\"": \""This bucket covers reports of expansive arts/athletics/club ecosystems, championship teams, booster/parent fundraising, visible school spirit and community/alumni ties (and occasionally pay‑to‑play gatekeeping) — focused on extracurricular scale, achievements and community backing, separate from curricular rigor or facility/administrative failures.\"",\n    \""square entries report more administrative dysfunction, inequitable enforcement, and weaker student-support services (counseling/special-ed/parent communication) than circle entries\"": \""This groups complaints about nepotism/favoritism, opaque governance, poor recordkeeping/communication, counselor overload or IEP noncompliance and uneven discipline/accountability — concentrated on governance, responsiveness and equity of services rather than on specific safety incidents, facilities, extracurriculars, or academic-program strength.\""\n}""]",,43.13394117355347,28144,2624,3122,,[],['resp_0dee040184482038006a739aef39b0819caae863ef1986f915'],True
vote|reduce1|17|1,"[""{\n    \""square entries describe substantially broader, institutionalized advanced academic and career pathways and stronger documented college outcomes than circle entries\"": \""Many square reviews catalog concrete AP/IB/CTE/dual‑enrollment pathways, measurable test/college outcomes, and formal magnet programs that circle reviews do not—this bucket is distinct from instructional variability because it captures program breadth and postsecondary results rather than within‑classroom teacher quality or governance issues.\"",\n    \""square entries report more severe student-safety and discipline failures (violence, bullying, drugs, weapons) and ineffective or inconsistent on‑the‑ground responses than circle entries\"": \""A large subset of square reviews recounts fights, drugs, sexual harassment, gang activity, bomb threats and administrators who ignore or mishandle incidents, which is a safety/climate phenomenon separate from facility or governance descriptions (it concerns student conduct and response efficacy rather than physical plant or policy governance).\"",\n    \""square entries describe more extensive and mixed facility/resource conditions (major renovations or capital investment alongside overcrowding, dilapidation, food/food‑service problems, and security infrastructure) than circle entries\"": \""Square reviews repeatedly report both ends of the facilities spectrum—bond‑funded new wings, tech labs and athletic investment alongside trailers, pests, cafeteria closures and overcrowding—making this a concrete facilities/resource bucket that is about physical capacity and material conditions rather than staff behavior or instructional programs.\"",\n    \""square entries contain more detailed allegations and evidence about administrative governance, policy choices, favoritism, and leadership responsiveness (including nepotism, micromanagement, and legal/accreditation disputes) than circle entries\"": \""Many square items describe nepotistic hiring, favoritism toward athletes, record‑keeping/cover‑up accusations, leadership turnover and opaque disciplinary policies—claims about governance and accountability that are analytically distinct from classroom instruction, student safety incidents, or facility condition.\"",\n    \""square entries describe greater instructional stratification and variability in teacher quality and student support than circle entries\"": \""Square reviews document a consistent pattern of polarized instruction—strong AP/IB pockets and highly engaged mentors alongside apathetic, unqualified, or abusive teachers, grade‑inflation/retake policies and uneven counseling—that focuses on how instruction and supports vary within the school and is conceptually separate from program breadth, governance, facilities, or student‑safety crises.\""\n}""]",,43.17028594017029,28493,2432,2949,,[],['resp_0f9b18881347530d006a739aef3ae881a39307d2396f2113d9'],True
vote|reduce1|12|4,"[""{\n    \""square entries report more pervasive student safety, bullying, substance use, and violence problems with ineffective or slow responses than circle entries\"": \""Groups of raw terms clustered around fights, bullying, vaping/drugs, police/lockdowns, suicidality, and repeated accounts that staff/administration failed to stop or respond to incidents fit this bucket and it is distinct from operational, academic, administrative, or extracurricular complaints (those address different domains).\"",\n    \""Square entries describe stronger and broader advanced‑academic and college‑preparatory offerings and measurable post‑secondary outcomes (AP/IB/honors, dual‑enrollment, academies, scholarships, college acceptances) than circle entries.\"": \""Many raw terms report named AP/IB/dual‑credit/CTE programs, high AP pass rates and concrete college acceptances—this groups programmatic, curricular, and outcome evidence into one academic‑pathway bucket that is separate from safety, facilities, staff behavior, or extracurricular/community claims.\"",\n    \""square entries exhibit more documented administrative and staff dysfunction — poor communication/responsiveness, favoritism/equity problems, arbitrary or punitive policies, fiscal/ governance concerns, and explicit unprofessional staff conduct — than circle entries\"": \""This bucket collects reports about leadership turnover, nepotism, grade‑tampering, unreturned calls/emails, biased discipline, IEP mismanagement and rude/front‑office behavior, which are institutional governance and personnel problems distinct from physical resource shortages, student safety incidents, curricular breadth, or extracurricular strength.\"",\n    \""square entries report more acute facility, capacity, and resource‑shortage problems than circle entries\"": \""Raw terms describing overcrowding, parking/traffic issues, delayed buses, poor lunches/bathroom privacy, outdated texts, funding cuts, and maintenance/cleanliness problems form this infrastructure/resource bucket that is materially different from staff conduct, safety incidents, academic program quality, or extracurricular offerings.\"",\n    \""square entries describe broader, higher‑performing extracurricular, arts, athletics, and community/parent engagement than circle entries\"": \""This bucket groups repeated evidence of many clubs, award‑winning bands/teams, strong booster/parent involvement, athletic prioritization and community/alumni pride into a single extracurricular/community engagement theme that is separate from academic program strength, physical facilities, safety, or administrative dysfunction.\""\n}""]",,43.25568175315857,24338,2112,2623,,[],['resp_0564a5d176c32c11006a739aef4258819f8f3295c5d0f99fd3'],True
vote|reduce1|16|3,"[""{\n  \""square entries report more inconsistent, inequitable, or unresponsive staff and administrative practices (favoritism, poor accommodation follow‑through, counselor/admin failures) than circle entries\"": \""This bucket groups reviews describing governance and personnel problems (favoritism, poor communication, IEP/counseling breakdowns, punitive/arbitrary discipline) and is distinct from safety, facilities, academics or extracurricular themes because it centers on staff/admin behavior, decision‑making, and compliance rather than incidents, building condition, program offerings, or program prominence.\"",\n  \""square entries report more student safety, bullying, substance‑use, and violent‑behavior problems than circle entries\"": \""This bucket captures concrete reports of student misconduct, bullying/clique harassment, drugs, fights, sexual assaults, weapons/bomb threats, and failed protective responses — a discrete safety/climate domain that is about student harm and supervision rather than staffing practices, facilities or curricular offerings.\"",\n  \""square entries describe stronger, broader advanced‑academic and career‑technical programming and measurable college‑prep outcomes than circle entries\"": \""This groups the many reviews that document formal AP/IB/magnet/CTE/dual‑enrollment pathways, measurable college acceptances, scholarships and vocational placements — a programmatic/outcome cluster distinct from safety, administrative conduct, physical infrastructure, or extracurricular/athletics emphasis.\"",\n  \""square entries provide more concrete, detailed evidence about facilities, capacity, operational logistics, and resource spending (both improvements and decay) than circle entries\"": \""This bucket collects reports about building condition, overcrowding, pests, sanitation, capital projects, schedules/transportation, tech rollouts and budget tradeoffs — operational and physical infrastructure topics separate from program strength, personnel behavior, student safety incidents, or extracurricular prominence.\"",\n  \""square entries emphasize broad extracurricular and athletics prominence and funding/prioritization of athletes more than circle entries\"": \""This bucket groups descriptions of extensive arts/athletics ecosystems, booster/fundraising activity, nationally competitive teams, and claims that sports/visibility get prioritized (including athlete favoritism or cuts to other programs), which is a distinct program‑prioritization/community‑engagement axis separate from academics, safety, admin dysfunction, or facilities problems.\""\n}""]",,43.34742498397827,28326,2432,2917,,[],['resp_028383cc38bfe0ac006a739aef2d40819e9e85f4291de3af77'],True
vote|reduce1|11|1,"[""{\n    \""Square entries allege more administrative and staff governance problems, unresponsiveness, turnover, and misconduct than circle entries\"": \""Groups many reviews that describe governance failures — favoritism, turnover, mismanagement, secrecy, recordkeeping/IEP misconduct and punitive or retaliatory leadership — which is organizational/policy-level dysfunction distinct from (a) frontline student support delivery problems, (b) physical facility/resource conditions, (c) student-safety incidents, and (d) programmatic academic breadth.\"",\n    \""square entries include far more concrete facility, capacity, and resource detail — from specialized new facilities and 1:1 technology to chronic maintenance, overcrowding, fees and resource shortfalls — than circle entries\"": \""Captures all reviews that provide tangible descriptions of buildings, overcrowding, maintenance, technology rollouts, funding choices and resource allocation (including contested athletic vs. academic spending), a physical/infrastructure theme that is separate from governance, student safety incidents, support-service delivery, and academic-program strength.\"",\n    \""square entries describe stronger formal advanced-academic pathways and measurable college-preparatory outcomes than circle entries\"": \""Groups evidence about AP/IB/dual-enrollment/CTE tracks, documented college matriculation, scholarship/test-score outcomes and explicit college-prep infrastructure — a curriculum/program-quality theme that is conceptually distinct from facilities, governance, safety, and frontline support failures.\"",\n    \""square entries report more pervasive student safety and behavior problems (bullying, substance use, fights, vaping, racist incidents) than circle entries\"": \""Collects the itemized accounts of bullying, fights, drugs/vaping, racist harassment, assaults and police involvement (and their mishandling), i.e., incident and school-climate safety failures that are about observable student behavior and immediate risk, not about administration style, building condition, program breadth, or counseling/IEP processes.\"",\n    \""square entries report more frontline student‑support gaps and inconsistent staff responsiveness (counseling, special‑education, mental‑health, nurses, teacher follow‑up) than circle entries\"": \""Groups reviews that document failures or variability in delivery of student supports — broken IEPs/504s, poor college counseling, overworked counselors, inconsistent nurse/mental‑health access, and unreturned parent communications — focusing on service implementation and compliance distinct from governance decisions, physical facilities, safety incidents, or curricular offerings.\""\n}""]",,43.48457217216492,28333,2304,2795,,[],['resp_067c99a3264476de006a739aef55c481a3b2214a43d135f87e'],True
vote|reduce1|23|0,"[""{\n    \""square entries reveal greater inequities in student support and inclusion—preferential treatment for athletes/privileged students and poor or punitive treatment of special‑needs, low‑income, or commuter students—than circle entries\"": \""This groups reports of athlete favoritism, socioeconomic/racial exclusion, and unequal IEP/504 treatment into an access-and-equity bucket distinct from governance, safety, facilities, or academic-program claims (it is specifically about who gets support or is marginalized).\"",\n    \""square entries report more pervasive student safety problems, bullying, fights, substance use, and ineffective disciplinary enforcement than circle entries\"": \""This captures all reviewer evidence about on-campus safety breakdowns (fights, drugs, bullying, suicidal-risk statements) and weak/absent behavior enforcement, which is conceptually distinct from administrative paperwork failures, program offerings, or facilities issues.\"",\n    \""square entries document more administrative and operational dysfunction (favoritism, inconsistent or punitive discipline, counseling/scheduling errors, opaque policies, and layoffs) than circle entries\"": \""This groups complaints about governance, poor communication, lost records, unreturned calls, counselor/scheduling failures and favoritism as operational/governance dysfunction separate from safety incidents, equity/access problems, facility capacity, or program strength.\"",\n    \""Square entries describe stronger and more numerous advanced‑academic programs, AP/IB/STEM/magnet offerings and measurable college‑prep outcomes (but with uneven instruction) than Circle entries\"": \""This bucket collects all concrete, named advanced-program and measurable‑outcome evidence (AP/IB/dual enrollment/STEM magnets, National Merit, college matriculation) and separates programmatic academic strength from facility, safety, equity, or governance concerns.\"",\n    \""square entries report more pronounced facility, capacity, and operational failures (or extremes of resourcing) than circle entries\"": \""This groups overcrowding, dilapidated or recently upgraded buildings, sanitation/food/HVAC problems, supply shortages, and contested spending (athletics vs. textbooks) into a facilities-and-resource-allocation bucket that is distinct from administrative governance, safety climate, equity of access, or academic-program content.\""\n}""]",,43.76005506515503,28345,2368,2826,,[],['resp_050581ae543b7f89006a739aef3b88819e8c10b15b8428e53f'],True
vote|reduce1|3|0,"[""{\n    \""square entries report more frequent and severe student-safety and behavior incidents (fights, gangs, drugs, bullying) and systematic failures to address them than circle entries\"": \""Groups all evidence about on-campus safety and student conduct (violence, gangs, drug use, sexual assaults, pervasive bullying, vaping, bus incidents) plus reviewer claims that adults fail to protect or investigate — this is distinct from facility, academic, extracurricular, or governance topics because it focuses squarely on student behavior and immediate protection failures.\"",\n    \""square entries document stronger, concrete advanced academic programs, measurable student outcomes, and institutional reputation than circle entries\"": \""Captures the cluster of concrete programmatic and outcome claims (AP/IB/dual‑enrollment, National Merit, high graduation/college rates, scholarship/admissions evidence) that describe academic opportunity and measurable success — exclusive from teacher variability, safety, facilities, or extracurricular prominence because it centers on formal advanced‑course structures and postsecondary outcomes.\"",\n    \""square entries emphasize athletics/extracurricular prominence and institutional prioritization of sports (sometimes at the expense of academics) more than circle entries\"": \""Groups claims about broad, high‑profile co‑curricular ecosystems, booster/booster‑funding, championships, marching band/theater prominence and explicit athletic favoritism or budget prioritization — separate from academic-program strength (which is curricular/outcome focused), safety failures, facility problems, or administrative mismanagement.\"",\n    \""square entries report more concrete facility, capacity, maintenance and health/logistics problems (and related crowding) than circle entries\"": \""Encompasses HVAC/temperature, pests/mold/unsanitary conditions, overcrowding/large centralized campuses, cafeteria/food complaints, transportation/scheduling and capital investment contrasts (big remodels vs disrepair) — a distinct operational/resource theme not reducible to safety, academics, extracurriculars or governance.\"",\n    \""square entries document more administrative unresponsiveness, favoritism/nepotism, and retaliatory or defensive office behavior toward families/staff than circle entries\"": \""Collects the governance and personnel evidence (unreturned calls, lost records, biased hiring, favoritism toward athletes, punitive use/avoidance of suspensions, IEP/504 noncompliance, named staff misconduct and cover‑ups) that is about leadership/decision‑making and complaint handling, which is conceptually separate from safety incidents, facility conditions, academic program breadth, or extracurricular prominence.\""\n}""]",,43.803760290145874,28247,2752,3294,,[],['resp_0e529dbe98a21ad0006a739aeec1a4819ea9d1962a6ed35e93'],True
vote|reduce1|0|3,"[""{\n    \""Square entries showcase wider and higher‑profile extracurricular, athletics and arts opportunities (and associated fees or athletic favoritism) than circle entries\"": \""Groups many raw terms about abundant named clubs/bands/arts/athletics, championship success, high‑profile trips, booster/fee burdens and explicit athlete‑privilege claims into one program‑breadth bucket; this is distinct from safety, admin, academic rigor, or student‑support issues because it focuses on visible extracurricular scale, achievements and funding/pricing dynamics rather than governance, instruction, or counseling.\"",\n    \""square entries report more pervasive student safety, bullying, violent and substance‑use incidents than circle entries\"": \""Collects the numerous reports of fights, lockdowns, drug/alcohol/vaping use, sexual harassment, gangs, threats, suicidality and ineffective on‑the‑ground protection into a single safety/climate bucket; this is kept separate from administrative misconduct (which is about governance and favoritism) and from program/facility descriptions (which are about offerings and assets).\"",\n    \""square entries report more administrative and staff misconduct, leadership instability, favoritism/nepotism, and operational communication failures than circle entries\"": \""Groups together allegations about corrupt or politicized leadership, favoritism to athletes/affluent families, staff theft/unprofessionalism, lost records, chaotic scheduling and opaque responsiveness into a governance/misconduct bucket that is conceptually distinct from student safety incidents, extracurricular scale, academic program strength, or counseling/special‑education service delivery.\"",\n    \""square entries report stronger advanced academic pathways and measurable college-preparatory outcomes than circle entries\"": \""Aggregates all concrete mentions of AP/IB/dual‑enrollment/STEM/ACT prep, grants that pay AP exams, measurable college placements/scholarships and university partnerships into an academic‑pathway/outcomes bucket; this specifically captures curricular rigor and postsecondary metrics and is distinct from teacher variability, admin failures, extracurriculars, or counseling services.\"",\n    \""square entries report more inconsistent, inadequate, or non‑compliant student support services (counseling, special‑education, remediation, and parent communication) than circle entries\"": \""Groups the mixed but detailed evidence about counselor caseloads, IEP/504 implementation problems, special‑education legal fights, remediation/tutoring gaps, and parent outreach/communication failures into a single student‑support services bucket that is separate from governance/favoritism (administration misconduct), classroom rigor (academic pathways), physical programs (extracurriculars/facilities), and safety/incidents.\""\n}""]",,44.265296936035156,28142,2240,2768,,[],['resp_00a2ed3042936950006a739aeeb35c81a2925017626a4783f5'],True
vote|reduce1|15|3,"[""{\n    \""square entries describe more frequent and severe student-safety and climate problems (bullying, harassment, drugs, violence, suicides, police involvement) than circle entries\"": \""This groups all reports of student misconduct, threats, substance‑use, bullying, and the school’s failure (or contested/inconsistent) response into one safety/climate category; it is distinct from administrative governance (which is about leadership/favoritism) and from facilities, academics, or extracurricular offerings which concern different operational domains.\"",\n    \""square entries document more systemic administrative and governance failures — corruption/favoritism, hiring problems, grade manipulation, fiscal misprioritization, consolidation/board mismanagement, and routine communication/accountability breakdowns — than circle entries\"": \""This bucket captures leadership, hiring, budget, recordkeeping, and opaque/ politicized board behavior and is kept separate from student supports (counseling/IEP), safety incidents, facility conditions, or program breadth because it focuses on governance and personnel-accountability mechanisms rather than service outcomes or program content.\"",\n    \""square entries report more operational, facility, capacity and logistical problems (overcrowding, poor maintenance, broken equipment, bad Wi‑Fi/tech bans, transportation and records errors) than circle entries\"": \""All raw terms about building condition, overcrowding, maintenance/cleanliness, transport/zone logistics, technology/remote‑learning infrastructure and day‑to‑day scheduling belong here; this is explicitly infrastructure/logistics-focused and does not overlap with program quality (academics/extracurricular) or governance intent/ethics.\"",\n    \""square entries describe stronger advanced academic programs, measurable college outcomes, and AP/IB/dual‑credit access than circle entries\"": \""This bucket groups evidence about formal curricular rigor, AP/IB/dual‑enrollment, college matriculation results, and structured academic academies — curricular strength and measurable postsecondary outcomes — which is separable from extracurricular breadth, discipline/safety climate, administrative corruption, or facility/logistics problems.\"",\n    \""square entries describe broader and higher‑profile extracurricular, arts, vocational and competitive opportunities than circle entries\"": \""This bucket collects all mentions of band, theater, athletics, CTE/vocational tracks, competitions, boosters and community support (and any related favoritism in access), keeping co‑/extra‑curricular program breadth and prominence distinct from academic-program strength, facility condition, governance failures, or safety/discipline incidents.\""\n}""]",,44.65052795410156,28350,2624,3179,,[],['resp_024df78f0600b756006a739aef2e60819e85f2802e53025637'],True
vote|reduce1|7|1,"[""{\n    \""square entries describe stronger advanced academic, vocational, and college-prep programs than circle entries\"": \""This groups all concrete programmatic evidence (AP/IB/dual‑credit/CTE, measurable college outcomes, named academies and elite matriculations) describing substantive curricular breadth and postsecondary pipelines — distinct from facility, safety, admin or extracurricular claims because it concerns formal academic/program offerings and outcomes rather than physical conditions, discipline, or governance.\"",\n    \""square entries report greater administrative and staff dysfunction, favoritism, turnover, and failures in accountability and support (including IEP/504 noncompliance) than circle entries\"": \""This captures the numerous reports about leadership/unresponsive governance, nepotism/favoritism, recordkeeping/counseling breakdowns, staff misconduct and special‑education noncompliance — a personnel/governance theme separate from program quality, physical plant, student safety incidents, or extracurricular prominence.\"",\n    \""square entries describe more pervasive student-safety, bullying, harassment, substance-use, and mental-health crises with weak or delayed remedies than circle entries\"": \""This buckets all accounts of fights, bullying, sexual harassment, drugs, police calls, shelter‑in‑place events, student mental‑health harm and staff failure to protect — a school‑climate/safety category distinct from administrative/process failures, program offerings, facilities, or extracurricular strength.\"",\n    \""square entries report worse physical infrastructure, overcrowding, transportation, and operational resource constraints than circle entries\"": \""This groups concrete, physical and operational resource evidence (aging buildings, mold/pests, overcrowded classes, locked bathrooms, transportation/bus fees, budget cuts, renovation vs. capital projects) — clearly different from staff governance, academic programs, student safety, or extracurricular descriptions.\"",\n    \""Square entries document stronger, more visible, and higher‑performing extracurricular and school‑spirit culture (athletics, music, theater, clubs) than Circle entries\"": \""This captures repeated, concrete evidence of robust arts/athletics/band/club ecosystems, booster/parent mobilization and school‑spirit/competition achievements — a community/program participation and culture cluster that is program‑adjacent but distinct from curricular rigor, facility condition, safety problems, or administrative dysfunction.\""\n}""]",,44.850712060928345,28049,2560,3041,,[],['resp_0de09dc61f8b44f6006a739aeed1b081a0a3d55bd76af0623c'],True
vote|reduce1|18|2,"[""{\n    \""square entries document stronger, broader, and more concretely‑described advanced academic, AP/IB/dual‑enrollment, vocational/CTE, and college‑preparation pathways (and measurable postsecondary outcomes) than circle entries\"": \""Groups all raw terms that cite named advanced programs, AP/IB/dual‑credit/CTE academies, measurable college outcomes and selective‑track placements into a single academic‑programs bucket; this is distinct from facilities, safety, governance or student‑support topics because it concerns curriculum, pathways and postsecondary metrics only.\"",\n    \""square entries report more frequent serious safety, bullying, weapon/assault incidents and failures of discipline or administrative protection than circle entries\"": \""Collects every review describing fights, bullying, weapon/drug incidents, suicides or explicit failures to protect students into a single safety/climate bucket; this differs from administrative/governance dysfunction (policy or favoritism) and from student‑support (IEP/counseling) because it focuses on on‑the‑ground harm and incident response.\"",\n    \""square entries report more facility, capacity, and environmental problems — overcrowding, interior deterioration, unsanitary conditions, locked bathrooms, mold/asbestos and maintenance failures — than circle entries\"": \""Groups all concrete infrastructure, overcrowding, maintenance, pest/mold and logistical resource complaints into one physical‑plant/capacity bucket, which is separate from programmatic (advanced academics), governance (board/ favoritism) and safety/behavioral incident buckets.\"",\n    \""square entries include far more detailed accounts of student support services (special-education/IEP implementation, guidance counseling, mental‑health supports or failures) than circle entries\"": \""Captures every mention of IEP/504 practice, counselor responsiveness, mental‑health supports or their breakdowns into a single student‑support services bucket, which is about supports and accommodations rather than facilities, discipline incidents, or curricular program strength.\"",\n    \""square entries report administrative and governance dysfunction, favoritism, politicization, or staff misconduct more than circle entries\"": \""Groups reviews describing opaque district/board behavior, principal turnover, nepotism/favoritism, cover‑ups, recordkeeping/counseling failures and punitive/arbitrary discipline into one governance/administration bucket, distinct from safety (incidents), facilities (physical conditions), advanced academics (program offerings) and student support (IEP/counseling) because it concerns leadership, policy and institutional accountability.\""\n}""]",,44.908506870269775,28258,3328,3864,,[],['resp_0a12ca38ea12aab2006a739aef3c08819197d373dbe5321480'],True
vote|reduce1|17|2,"[""{\n    \""square entries report more frequent, severe student safety/behavior problems and unaddressed bullying/drug/gang/violence incidents than circle entries\"": \""This cluster groups all concrete reports of on-campus danger and hostile peer climate (fights, drug use, sexual harassment, weapons, chronic bullying) and the school’s failure or inconsistent response — distinct from governance or facilities issues because it focuses on student conduct, immediate safety incidents, and remedial/disciplinary breakdowns rather than who runs the school or the state of its buildings.\"",\n    \""square entries describe stronger, more concrete advanced-academic programs and measurable college-prep outcomes than circle entries\"": \""This bucket captures the many explicit mentions of AP/IB/dual-enrollment/CTE pathways, named academic academies, measurable college matriculation and scholarship outcomes, and documented college-prep rigor — a clearly programmatic/outcomes dimension separate from extracurricular prominence, safety incidents, facility problems, or administrative misconduct.\"",\n    \""square entries describe more numerous, higher‑profile extracurricular and athletics programs and visible athletics prominence (with attendant favoritism complaints) than circle entries\"": \""This groups descriptions of award‑winning bands/theater, large competitive sports, booster/parent fundraising and visible school‑spirit culture — including related complaints about athlete favoritism — which are extracurricular/identity phenomena separate from curricular rigor, campus safety, facility capacity, or governance failures.\"",\n    \""square entries report more operational, facility and resourcing constraints or changes—overcrowding, scheduling/logistics, facility condition, pandemic/transport responses, and uneven program funding or cuts—than circle entries\"": \""This bucket aggregates the logistics and physical‑plant evidence (overcrowded halls, locked/unsanitary bathrooms, spoiled food, renovations/overcrowding, scheduling and transportation problems, pay‑to‑play fees and funding tradeoffs) and is distinct from staff behavior, student misconduct, curricular strength, or extracurricular breadth.\"",\n    \""square entries report more administrative/governance and staffing operational problems (nepotism, favoritism, turnover, mismanagement, corrective actions, legal/regulatory issues) than circle entries\"": \""This theme collects governance and personnel dysfunction (unresponsive principals/secretaries, favoritism/nepotism, counselor/casework failures, IEP noncompliance, hiring/turnover, budget misallocation) — centered on who makes decisions and how the institution is managed, and deliberately kept separate from on-the-ground safety incidents, facility constraints, curricular offerings, or extracurricular programming.\""\n}""]",,45.26564407348633,27581,3200,3716,,[],['resp_034c996c3d9f217f006a739aef5dcc81a3a2ab7fad69cae14e'],True
vote|reduce1|0|1,"[""{\n    \""Square entries report broader, higher‑profile extracurricular, arts and athletics opportunities plus stronger alumni/community engagement and parent fundraising than Circle entries\"": \""Groups all evidence about visible extracurricular prestige, booster/alumni fundraising, and community-facing program wins (band, theater, major sports, awards) and is kept separate from academic-program strength, facility/capacity problems, safety incidents, or governance/favoritism critiques which are covered by other buckets.\"",\n    \""square entries report stronger, more numerous advanced and specialized academic pathways but also greater unevenness in instruction and course access than circle entries\"": \""Captures the concrete AP/IB/magnet/dual‑credit/STEM program breadth and measurable college outcomes (and the contrasting within‑school tracking/access gaps), and is conceptually distinct from extracurricular prominence, facility/logistics issues, safety/bullying crises, or administrative governance failures.\"",\n    \""square entries report greater administrative and governance dysfunction—including favoritism/nepotism, inconsistent discipline, punitive fee/record‑keeping policies, and poor responsiveness—than circle entries\"": \""Groups allegations about leadership, hiring/favoritism, opaque policy/recordkeeping, and punitive or arbitrary governance practices; these managerial/governance failures are treated as distinct from safety incidents, academic-program descriptions, operational facility constraints, or extracurricular prominence.\"",\n    \""square entries report more pervasive student-safety, bullying, substance‑use and racial/sexual‑orientation hostility — often paired with ineffective administrative responses — than circle entries\"": \""Collects concrete safety and wellbeing evidence (fights, bullying, overdoses, harassment, gang/drug activity and poor incident remediation) and is intentionally separate from facility/capacity complaints, administrative favoritism, academic-program reporting, or extracurricular descriptions.\"",\n    \""square entries report more facility, scheduling and operational/resource shortfalls (overcrowding, maintenance, food, scheduling, missing staff or program cuts) than circle entries\"": \""Contains the concrete day‑to‑day logistics and infrastructure problems—overcrowded classes, mold/cleanliness, cafeteria/food, scheduling/transfer errors, tech/connectivity and fee barriers—and is kept distinct from program quality, safety incidents, extracurricular prestige, or governance/favoritism issues.\""\n}""]",,45.29178190231323,28412,2304,2810,,[],['resp_05fc2196c7f937cb006a739aef59448191917f867ba5c2ddc0'],True
vote|reduce1|4|0,"[""{\n    \""Square entries report more frequent and severe student-safety and behavioral crises with weaker incident resolution than circle entries\"": \""Many raw terms document fights, weapons, drug use, pervasive bullying, self‑harm and police involvement plus reviewers saying incidents are ignored or poorly handled; this bucket is about on-the-ground safety/behavior events and their resolution and is distinct from governance (which is about leadership/staff systems) or facilities (which is about space/maintenance).\"",\n    \""square entries document substantially stronger and more extensive advanced academic programs, college‑preparatory pathways, and measurable alumni outcomes than circle entries\"": \""Numerous items cite AP/IB/dual‑enrollment/CTE/magnet programs and named college placements or National Merit results, capturing program breadth and measurable post‑secondary outcomes; this is narrowly about academic program strength and outcomes, not about program inequity/polarization or administrative practice. \"",\n    \""square entries report more facility, capacity, and operational constraints (overcrowding, run‑down buildings, transportation/parking problems, food/comfort issues) than circle entries\"": \""Many reviews describe trailers, overcrowded classes, pests/mold, bad food service, traffic/busing and contested capital spending—this bucket isolates physical, logistics and maintenance/resource scarcity problems and is separate from safety incidents or governance failures. \"",\n    \""Square entries allege more administrative and staff governance problems, unresponsiveness, turnover, and misconduct than circle entries\"": \""Raw terms repeatedly name favoritism/nepotism, opaque budgeting, scheduling/records errors, counselor unresponsiveness, leadership turnover and punitive/arbitrary policies; this bucket targets personnel/governance/process failures, which are conceptually different from student safety incidents, facility conditions, or program presence. \"",\n    \""Square entries exhibit greater internal variability and polarized experiences (co‑existence of strong programs/outcomes and severe failures) than circle entries\"": \""Many entries within the same school report both elite AP/arts/athletics successes and stark neglect (special‑ed failures, zoned students underserved, mixed teacher quality), or wildly conflicting reviewer experiences—this bucket captures the pattern of polarization/unevenness that is not captured by simply noting program strength, safety, facilities, or governance alone.\""\n}""]",,45.54059100151062,28282,1984,2507,,[],['resp_02e34a6556820054006a739af0493c81a1a086af0eebaa01c5'],True
vote|reduce1|10|3,"[""{\n    \""square entries exhibit stronger advanced/college‑preparatory academic programs and measurable postsecondary outcomes than circle entries\"": \""Captures the numerous concrete claims about AP/IB/honors, dual‑enrollment, specialized academies and elite college placements in square reviews (scholarships, UC/Ivy admits), and is distinct from facility, safety, admin or extracurricular buckets because it focuses explicitly on curricular pathways and measurable academic outcomes rather than physical capacity, behavior incidents, governance, or booster‑backed programs.\"",\n    \""square entries report more facility, operational, and student‑support capacity shortfalls (maintenance, tech, scheduling, counselor/IEP/mental‑health support, overcrowding, fees) than circle entries\"": \""Groups all concrete evidence about aging buildings, overcrowding, broken equipment, tech/scheduling failures, counselor overload, IEP/504 implementation gaps and pay‑to‑participate burdens in square reviews; this is separated from the admin/governance bucket (which is about decision‑making and favoritism) and from safety, academics, or extracurricular prominence.\"",\n    \""Square entries describe more frequent and severe student safety, behavior, and discipline problems (violence, drugs, gangs, bullying) than circle entries\"": \""Aggregates the repeated incident‑level reports in square entries — fights, drugs/vaping, sexual assault allegations, illegal searches, police involvement and pervasive bullying — and is explicitly about student conduct and safety outcomes, not about program strength, facilities, or administrative favoritism.\"",\n    \""square entries report systemic administrative, guidance, and staffing dysfunction (counselor errors/overload, scheduling failures, nepotism, cover‑ups, punitive policies) more than circle entries\"": \""Groups complaints about governance and personnel practices in square reviews — inconsistent or punitive discipline, favoritism/nepotism, unresponsiveness, record‑keeping/cover‑ups and counseling/scheduling failures — and is deliberately distinct from facility/capacity problems, safety incidents, academic program descriptions, and extracurricular prominence.\"",\n    \""square entries highlight stronger, better‑resourced extracurricular and community‑backed programs (especially performing arts and competitive teams) and active parent/community engagement than circle entries\"": \""Collects evidence of highly visible extracurricular strengths in square reviews — award‑winning band, speech/debate, boosters, athletic facilities and community events — focusing on program breadth, booster funding and participation rather than physical maintenance, administrative dysfunction, classroom rigor, or student safety issues.\""\n}""]",,45.576327085494995,28283,2688,3241,,[],['resp_01bf62ff3094bfc3006a739aef38b081a196f8eb4001f0fc51'],True
vote|reduce1|14|2,"[""{\n\""square entries document more administrative dysfunction, misconduct, favoritism, and governance failures than circle entries\"": \""This groups the many reports of governance and personnel breakdowns (nepotism, board/budget mismanagement, leadership turnover, cover‑ups, counselor/record errors and unreturned parent communications) into a single governance/office‑failure theme that is distinct from student safety, facilities, academic offerings, or classroom instructional variability.\"",\n\""square entries report more frequent and severe student safety/behavior problems and related harassment incidents (including drugs, fights, gangs, bullying, and racial/sexual harassment) that are often mishandled, more so than circle entries\"": \""This captures the cluster of concrete safety and wellbeing evidence (fights, stabbings, assaults, suicides, pervasive bullying, racial/sexual harassment, substance use and failures to protect) and is separate from governance failures, facility conditions, curricular offerings, or teacher‑quality variability.\"",\n\""square entries report worse physical infrastructure, resource shortages, and capacity stress (overcrowding, maintenance, food and supplies) than circle entries\"": \""This groups the many facility‑level complaints (aging or leaking buildings, pests, dirty/closed bathrooms, cafeteria/food problems, overcrowded halls, broken HVAC/tech and transportation/logistics) and is explicitly about physical/resourcing conditions rather than safety incidents, administration behavior, or program offerings.\"",\n\""square entries contain more extensive advanced academic & specialized program offerings and measurable college outcomes than circle entries\"": \""This groups all concrete evidence of stronger programmatic assets (AP/IB/magnet/STEM/CTE/dual‑enrollment, documented scholarships and college placements, Governor's School and career pathways, award‑winning extracurriculars) and is purposely focused on program breadth and outcomes rather than governance, safety, facilities, or inconsistent teacher practice.\"",\n\""square entries exhibit greater variability and unevenness in instructional quality, classroom management, and academic rigor (strong AP/honors pockets vs weak on‑level classes), plus higher substitute/coverage problems, than circle entries\"": \""This captures the repeated descriptions of polarized teacher quality, tracking/stratification, inconsistent grading/rigor, uneven classroom management and counseling availability—an instructional‑quality/inequity theme that is different from (a) governance problems, (b) physical resources, (c) schoolwide safety crises, and (d) the mere presence of advanced programs.\""\n}""]",,45.700148820877075,28281,2432,2963,,[],['resp_04cd477c6293c0a9006a739aefb69c819f9a6a9ca7c088c76a'],True
vote|reduce1|14|0,"[""{\n  \""square entries report stronger and more numerous advanced academic and college-preparatory programs than circle entries\"": \""This groups all evidence of AP/IB/magnet/dual‑enrollment, award‑winning arts/teams, vocational/CTE pathways and measurable college matriculation reported in square reviews — distinct from safety, admin, facilities or support‑service topics because it focuses strictly on program breadth and postsecondary outcomes.\"",\n  \""square entries report more pervasive student-safety and discipline problems (bullying, fights, drugs, sexualized misconduct) than circle entries\"": \""This captures the many square reports of fights, drug dealing/use, bullying, sexual assaults, vaping and ineffective on‑site enforcement — a concrete incidents-and-climate bucket separable from governance failures (policy/favoritism), physical facilities, academic programming, or special‑education/counseling issues.\"",\n  \""square entries report more administrative and governance dysfunction, favoritism, and unresponsiveness than circle entries\"": \""This groups allegations about cronyism, nepotism, opaque board/district decisions, punitive or inconsistent discipline policies, legal threats, and poor communication — i.e., leadership/governance behaviors and accountability problems distinct from classroom instruction, physical plant, student safety incidents, or direct service delivery.\"",\n  \""square entries report more tangible operational, facility, and policy/structural issues or changes than circle entries (overcrowding, scheduling, security, credit/policy shifts)\"": \""This covers concrete infrastructure and logistics evidence in square reviews — overcrowding, mold/asbestos, HVAC/cleanliness, scheduling/block‑period complaints, traffic/pickup problems, security deployments and capital projects — which are physical/operational problems separate from administrative culture, student behavior, academics, or special‑education compliance.\"",\n  \""square entries report more failures to implement special‑education accommodations and complaints about high teacher‑to‑student ratio than circle entries\"": \""This groups IEP/504 errors, counseling overload, refusal or poor implementation of accommodations, pressured medication claims and limited remedial/tutoring access reported in square reviews — focused on individualized student‑support and legal/accommodation compliance and distinct from program breadth, facilities, governance, or general student safety incidents.\""\n}""]",,45.7386839389801,28088,2624,3092,,[],['resp_054fe8a4b1d21e1b006a739aef3a6881928b5da798f2085d89'],True
vote|reduce1|4|4,"[""{\n    \""square entries describe stronger, broader extracurricular/arts/athletics programs and community/booster support and school‑spirit (including athletic prominence) more than circle entries\"": \""This bucket groups all evidence about plentiful, high‑profile extracurriculars, booster/alumni fundraising, athletics/arts prominence and related favoritism (e.g., marching band awards, stadiums, booster scholarships) — it is distinct from administrative, safety, facilities, or classroom‑instruction themes because it focuses on program breadth/visibility and community investment rather than governance, safety incidents, physical condition, or daily teaching quality.\"",\n    \""square entries report more administrative dysfunction, favoritism, poor communication, and leadership instability than circle entries\"": \""This bucket collects reports of governance and personnel problems—nepotism, opaque decision‑making, leadership turnover, grade/discipline manipulation, front‑office rudeness and recordkeeping failures—separating institutional/political failures from program strength, physical resource shortages, safety incidents, or classroom practice issues covered in other buckets.\"",\n    \""square entries report more pervasive student safety, bullying, drug, gang, vandalism and violence problems and frequent failures to protect students than circle entries\"": \""This bucket gathers explicit accounts of student‑safety crises (fights, weapons, sexual harassment, drug use, lock‑downs) and failed protective responses; it is mutually exclusive from facility/resource, administrative, extracurricular, and instructional buckets because it centers on on‑campus harm and supervisory/protective breakdowns rather than funding, governance, program offerings, or pedagogy.\"",\n    \""square entries report more acute overcrowding, facility, logistical, IT and resource problems (portables, large enrollment, pest infestations, restrictive IT filters, budget impacts) than circle entries\"": \""This bucket groups concrete material and operational capacity issues — dilapidated/unsanitary buildings, overcrowded halls/restrooms, scheduling/transport/technology failures, pay‑to‑play fees and capital funding debates — and is kept separate from administrative/favoritism, safety, extracurricular prominence, and instructional quality because it addresses tangible infrastructure and scale constraints.\"",\n    \""square entries report more inconsistent or poor day‑to‑day instructional quality, teacher absenteeism/turnover, and failures in individualized supports (including special‑education/IEP breakdowns) than circle entries\"": \""This bucket captures variability in classroom instruction, weak or excellent teacher pockets, substitute/turnover problems, remediation/IEP and counseling failures, and parent‑teacher communication about academics — distinct from governance, facilities, safety, or extracurricular themes because it focuses on pedagogy, staffing continuity, and direct student supports.\""\n}""]",,45.877655029296875,24839,2944,3498,,[],['resp_0246d9533ff32332006a739aeed634819ea92abe031238bc05'],True
vote|reduce1|2|1,"[""{\n    \""square entries report more frequent, severe student-safety and climate problems (bullying, fights, drugs, violence) and failures of effective administrative response than circle entries\"": \""Groups many raw items about bullying, assaults, drugs, fights, harassment, racist/sexualized incidents, threats, lockdowns, and explicit failures or inaction by staff into a single safety/climate bucket; this is distinct from administrative governance (which concerns policy, records, and favoritism), facilities/resourcing, academic program strength, and special‑education/support controversies, because it focuses on student behavior, safety incidents, and immediate adult response rather than budgets, program offerings, or procedural breakdowns.\"",\n    \""square entries document more administrative and front‑office dysfunction, poor parental communication, record‑keeping failures, punitive policy enforcement, turnover, and governance secrecy than circle entries\"": \""Groups raw items about leadership problems, favoritism/nepotism, misallocated spending, opaque board behavior, record/scheduling errors, communication failures and punitive or inconsistent discipline into one governance/operations bucket; this is mutually exclusive from the safety/climate bucket (which centers on student incidents), the facilities/resource bucket (which centers on physical capacity and budgets as conditions), the academic/program bucket (which centers on course/CTE/AP/arts breadth and outcomes), and the student‑support bucket (which focuses on counseling/IEP/504/support delivery issues).\"",\n    \""square entries report stronger, broader, and better‑documented academic/CTE/extracurricular programs and measurable student outcomes than circle entries\"": \""Collects evidence about AP/IB/dual‑credit, CTE/pathway offerings, award‑winning arts and athletics, documented college scholarships and measurable outcomes, and broad extracurricular breadth into an academic‑programs bucket; this is discrete from governance (how decisions are made), safety (student misconduct), facilities (capacity/maintenance), and student‑support controversies (IEP/504 and counseling service quality).\"",\n    \""square entries report more acute facility, operational, and resourcing problems (overcrowding, maintenance, scheduling, tech, budgets, and communication) than circle entries\"": \""Groups raw items about overcrowding, aging or unsanitary facilities, scheduling/logistics, capital projects versus deferred maintenance, food/meal/service shortages, and visible resource tradeoffs into a facilities/resources bucket; this is distinct from administrative misconduct/governance (policy/favoritism), safety/climate (behavior and threats), programmatic breadth (courses and extracurriculars), and special‑education/counseling controversies (service delivery and compliance).\"",\n    \""square entries document more special-education, counseling, and student-support controversies (both failures and targeted supports) than circle entries\"": \""Consolidates raw items on 504/IEP noncompliance, poor or proactive counseling, case‑management failures, targeted dropout‑prevention successes, and inequitable accommodation practices into a single student‑support bucket; this differs from governance (bureaucratic/fiscal failures), facilities (space/equipment), safety (peer misconduct and threats), and academic program strength (AP/CTE/arts offerings and outcomes).\""\n}""]",,45.882120847702026,27443,2176,2838,,[],['resp_05567e592ba51e0e006a739aee8ff481a399209cee9e8e701a'],True
vote|reduce1|1|0,"[""{\n    \""square entries document more administrative and staff mismanagement, inconsistent policies, favoritism/nepotism, and poor counseling/communication than circle entries\"": \""This bucket captures governance-level problems (hiring/turnover, opaque or punitive policy choices, favoritism/nepotism, front‑office errors, and poor family communication) — distinct from safety incidents, curricular strength, facilities, or extracurricular breadth because it describes managerial/policy failures rather than student behavior, physical capacity, program offerings, or extracurricular prominence.\"",\n    \""square entries report more frequent and severe student safety, violence, bullying, and substance‑use incidents than circle entries\"": \""This bucket groups recurring on-the-ground safety and climate breakdowns (fights, bullying, racial/sexualized harassment, drugs, lockdowns, police involvement and failures to protect) and is kept separate from the administrative bucket (which is about governance) and from facilities (which is about buildings/overcrowding) because it describes student harm and enforcement gaps rather than policy or infrastructure.\"",\n    \""square entries describe stronger, broader, and more concrete advanced academic & college‑preparatory programming than circle entries\"": \""This bucket groups concrete curricular strengths (AP/IB/dual‑enrollment/CTE, measurable test and college outcomes, magnet programs and documented placements) and is kept distinct from extracurricular/athletic prominence, from safety/climate, and from operational/facility issues because it focuses specifically on formal academic pathways and measurable student achievement.\"",\n    \""square entries discuss facilities, funding, and capacity (underfunding, deterioration, renovations, overcrowding, and capital projects) more than circle entries\"": \""This bucket captures physical‑plant and capacity realities (overcrowding, maintenance/pest problems, tech rollouts, capital projects and pay‑to‑play funding tradeoffs) and is separated from extracurricular/athletics (which concerns program prominence and prioritization) and from academic-program strength (which concerns curricula/outcomes), since it is about space, maintenance and resource allocation.\"",\n    \""square entries emphasize broader and stronger non‑academic extracurricular breadth and athletics prominence (including booster support and athletic favoritism) than circle entries\"": \""This bucket groups the scope and visibility of non‑academic life (many clubs, award‑winning arts/performing programs, strong athletics, booster/community investment and complaints about athlete favoritism) and is explicitly different from academic-program buckets (curriculum/outcomes), facilities (physical resources), and governance (policy/favoritism at the administrative level) because it describes program offerings, participation and prioritization in school life.\""\n}""]",,46.2840690612793,28053,2752,3283,,[],['resp_0e99f30cca58074c006a739aeec02481929f6b8f6a23eca7ee'],True
vote|reduce1|0|4,"[""{\n  \""square entries report more severe school safety, student‑behavior, and substance‑use crises than circle entries\"": \""Groups together reviews that describe fights, bullying, drug/alcohol/vaping incidents, lockdowns, arrests, and visible security failures — a distinct cluster about student conduct and physical safety separate from administration, facilities, academics, or teacher-quality issues.\"",\n  \""square entries document greater administrative dysfunction, favoritism, punitive/inconsistent discipline, and poor complaint or counseling responsiveness than circle entries\"": \""Captures patterns of governance failure — nepotism, athletic/parental favoritism, retaliatory or arbitrary discipline, ignored complaints, broken counseling/IEP processes — which is about institutional decision‑making and accountability rather than raw safety incidents, building condition, program breadth, or classroom practice.\"",\n  \""square entries report more concrete operational, facility, and scale problems (or extremes) — overcrowding, poor cleanliness/pest infestations, unreliable technology/wifi, hazardous or contested transportation, boarding/residential logistics, and burdensome fees — than circle entries\"": \""Groups all evidence about physical infrastructure, capacity and resourcing (crowding, mold/roaches, cafeteria/food, parking/pick‑up hazards, tech rollouts and pay‑to‑participate burdens) that is distinct from safety incidents, administrative governance, curricular strength, or teacher variability.\"",\n  \""Square entries describe substantially stronger advanced-academic programming and college-preparatory pathways (AP/IB/dual-enrollment, honors, magnets, and measurable elite‑college outcomes) than circle entries\"": \""Collects descriptions of formal academic offerings and measurable postsecondary outcomes — IB/AP/CTE/dual‑enrollment, college matriculation, award‑winning programs and competitive teams — a programmatic/Outcome dimension separate from safety, operations, governance, or day‑to‑day teacher practice.\"",\n  \""square entries describe more pronounced variability in classroom instruction and teacher staffing (from highly engaged, AP‑strong teachers to uncertified, apathetic, inconsistent instructors) than circle entries\"": \""Groups reports of within‑school extremes in teacher quality, substitutes/burnout, mentorship/tutoring versus apathy or unprofessional teaching — a classroom‑level instructional variability theme distinct from systemic governance, facilities, safety, or institutional program breadth.\""\n}""]",,46.286986112594604,24627,3072,3541,,[],['resp_030149003458085b006a739aee930881a3839112dee90a46e7'],True
vote|reduce1|6|2,"[""{\n    \""square entries report worse physical facilities, maintenance, cleanliness, capacity strain, and health hazards (mold, pests, overcrowding) than circle entries\"": \""Groups many raw terms about aging buildings, overcrowding, unsanitary cafeterias/restrooms, HVAC/pest/health hazards, and daily operational space/transport constraints into a single infrastructure/capacity bucket that is clearly distinct from personnel, safety, extracurricular, or curricular themes.\"",\n    \""Square entries describe broader extracurricular breadth, stronger school spirit, and higher community/parent mobilization (often coupled with resource prioritization toward athletics/music) than circle entries\"": \""This captures the recurring cluster of evidence about extensive arts/athletics/band programs, booster/parent fundraising, travel/competition success, and visible community support — a programmatic/community engagement dimension that is substantively different from facilities, safety incidents, admin governance, or academic-program strength.\"",\n    \""square entries report more frequent and severe student-safety and discipline failures (bullying, fights, drugs, sexual harassment) than circle entries\"": \""This groups the many accounts of fights, pervasive bullying, vaping/drug use, violent incidents, and (often) inadequate protection/incident handling into a single school‑climate/safety bucket that is separate from administrative governance, physical plant, extracurricular offerings, or academic program descriptions.\"",\n    \""square entries exhibit more documented administrative and staff dysfunction — poor communication/responsiveness, favoritism/equity problems, arbitrary or punitive policies, fiscal/ governance concerns, and explicit unprofessional staff conduct — than circle entries\"": \""This bucket consolidates reports of nepotism/favoritism, broken recordkeeping, punitive or inconsistent discipline, rude/unresponsive office staff, opaque board/actions, and other leadership/staff misconduct into an operational/governance theme distinct from student-safety incidents, facilities, extracurriculars, or curricular strength.\"",\n    \""Square entries report stronger, broader formal advanced-academic and college-prep programs and higher measurable academic outcomes than circle entries\"": \""This groups all concrete evidence about AP/IB/dual‑enrollment/academies, measurable college-placement/outcome claims, advanced STEM/tracks and documented alumni success into a single academic-program/outcomes bucket that is conceptually separate from safety, facilities, extracurriculars, or administrative behavior.\""\n}""]",,46.6875422000885,28544,3136,3607,,[],['resp_04d72419545599d4006a739aeec99081a2b280ce2efe980e62'],True
vote|reduce1|14|4,"[""{\n    \""square entries describe stronger and more numerous formal academic programs and college‑prep pathways than circle entries\"": \""Groups reviews that repeatedly cite AP/IB/dual‑enrollment, vocational pathways, named college‑prep supports and measurable alumni/college outcomes—this is strictly about curricular depth and postsecondary preparation (not facility problems, extracurricular favoritism, safety incidents, or governance issues) so it does not overlap the other buckets.\"",\n    \""Square entries report more frequent and more severe student safety problems (bullying, fights, drugs, sexual misconduct) and documented failures to protect students than Circle entries\"": \""Captures all evidence about peer violence, bullying/clique dynamics, substance use, weapons/assaults and administrations' failure to safeguard or remediate those harms—this bucket is focused on on‑campus student safety and protective response rather than program breadth, facilities, or administrative favoritism.\"",\n    \""square entries document more concrete facility, capacity, and operational resource issues (and also specific renovation/tech rollouts) than circle entries\"": \""Contains reviews describing overcrowding, broken/unsanitary buildings, transportation/food/logistics failures, capital projects or tech rollouts—this bucket is about physical infrastructure and day‑to‑day operational capacity, distinct from curricular strength, extracurricular prioritization, safety incidents, or governance behaviors.\"",\n    \""Square entries report more pronounced administrative instability, politicized favoritism, discrimination, and systemic unresponsiveness than Circle entries\"": \""Groups critiques of leadership churn, recordkeeping/scheduling/counseling failures, nepotism/favoritism, discriminatory discipline, poor family communication and tolerated staff misconduct—this governance/staffing category is about decision‑making and personnel practices (not facility failure, curricular offerings, extracurricular funding, or student safety incidents per se).\"",\n    \""Square entries report broader, better‑supported extracurricular ecosystems but also pay‑to‑play fees and wealthy‑parent influence (including favoritism) more than circle entries\"": \""Collects all mentions of extensive arts/athletics/club infrastructure, booster/parent funding, high‑profile competitive success and related favoritism or resource tradeoffs (sports prioritized over academics); it is confined to extracurricular prominence and resourcing, separate from curricular rigor, facilities, safety, or administrative governance issues.\""\n}""]",,48.37970304489136,24246,2752,3256,,[],['resp_0d934fd2d4f70950006a739aef1b588191b192317344e8fb76'],True
vote|reduce1|7|0,"[""{\n    \""square entries document more administrative and staff unresponsiveness, rudeness, favoritism, secrecy/cover‑ups, and inconsistent discipline than circle entries\"": \""This groups dozens of reports about rude/unprofessional staff, favoritism/athlete/wealth bias, record‑withholding, punitive or arbitrary discipline, and leadership unresponsiveness — a governance/staff‑behavior cluster that is operational (who runs the school and how) and therefore distinct from (a) facilities/resource problems, (b) student safety incidents, (c) programmatic academic strength, and (d) extracurricular breadth, each of which describe different types of school activity or assets.\"",\n    \""square entries report more severe and frequent student‑safety and behavioral crises — and often describe ineffective on‑site crisis response — than circle entries\"": \""This isolates concrete incident-level harms (bullying, fights, drug/alcohol use, sexual/racial harassment, self‑harm) and frequent claims that incidents go unaddressed or are mishandled — a safety/behavioral‑climate theme that is about student harm and supervision, not about staffing governance, facility condition, academic offerings, or extracurricular scope.\"",\n    \""square entries describe stronger, more extensive advanced-academic and college-preparatory programs and measurable student outcomes than circle entries\"": \""This captures the many explicit claims about AP/IB/dual‑enrollment/CTE, observable scholarship and college‑placement metrics, and formal academic pathways — a programmatic academic‑quality cluster that is about course offerings and outcomes and is separate from staff misconduct, student safety crises, facility problems, or extracurricular/athletics breadth.\"",\n    \""square entries report broader, higher-profile extracurricular, vocational, and athletics offerings (and sometimes overt athletic prioritization) more than circle entries\"": \""This groups accounts of extensive arts/band/choir, many clubs, competitive athletics, booster/football culture and explicit athletics‑first spending or athlete privileges — programmatic extracurricular breadth and prioritization that is distinct from core academic program strength, from staffing/governance failures, from student safety incidents, and from physical‑plant/resource shortages.\"",\n    \""square entries emphasize tangible facilities, resourcing, and allocation problems (overcrowding, dilapidated buildings, pest/mold/health hazards, budget shortfalls, contested spending priorities) more than circle entries\"": \""This groups concrete, material evidence about buildings, overcrowding, HVAC/health hazards, supply shortages, portables and contested capital/budget choices — a physical‑infrastructure and resource‑allocation domain clearly different from governance/staff behavior, student safety incidents, academic-program strength, or extracurricular programming.\""\n}""]",,48.91869115829468,27892,1984,2537,,[],['resp_042a58a1254e9f01006a739aef80a481a3a642462b3e450421'],True
vote|reduce1|23|4,"[""{\n    \""square entries describe more extensive formal academic, vocational (CTE), and extracurricular pathways and stronger measurable college‑prep outcomes than circle entries\"": \""Many Square reviews enumerate AP/IB/dual‑enrollment, CTE/academy tracks, measurable college acceptances and formal pathways (examples: IB diplomas, early college credit, trade programs) — this theme captures concrete programmatic/credential strength and is distinct from operational, safety, staffing, or community/booster claims in the other buckets.\"",\n    \""square entries report more frequent and severe student‑safety problems (bullying, fights, drug incidents, sexualized conduct) and describe inadequate or indifferent disciplinary/administrative responses than circle entries\"": \""Numerous Square entries detail pervasive bullying, fights, drug use, racialized harassment and claims that victims are punished or ignored — this safety/discipline cluster is about student conduct and incident response and does not overlap with program offerings, facilities capacity, or administrative governance (which are separate buckets).\"",\n    \""square entries report more administrative and staff governance problems and operational failures (leadership instability/cronyism, favoritism, staff misconduct or turnover, poor communication, mishandled records/fees/scheduling) than circle entries\"": \""Square reviews repeatedly cite leadership turnover, favoritism/nepotism, cover‑ups, lost records, punitive/opaque policies and rude front‑office behavior — these are governance/HR/communication failures distinct from physical facility issues, extracurricular breadth, or the safety/behavior climate.\"",\n    \""square entries report more concrete operational, facility, and scale problems (or extremes) — overcrowding, poor cleanliness/pest infestations, unreliable technology/wifi, hazardous or contested transportation, boarding/residential logistics, and burdensome fees — than circle entries\"": \""Square reviewers provide many specific logistics and infrastructure complaints (crowded schools, trailers, mold, broken equipment, busing/parking failures, fines/meal denials) — this captures physical capacity and daily operational constraints, which is different from curricular strength, staff governance, safety incidents, or community/booster activity.\"",\n    \""square entries document stronger, named extracurricular, arts and athletics programs and higher parent/community volunteer involvement (and also report athletics prioritization/pay‑to‑play) than circle entries\"": \""Square entries frequently name band/choir/theatre, championship teams, boosters, scholarships and active parental/booster fundraising while also flagging athlete favoritism or pay‑to‑play — this bucket isolates program visibility/community engagement and resource‑prioritization in extracurriculars, separate from school governance, facilities, academics, or safety issues.\""\n}""]",,48.9936420917511,24247,2432,2988,,[],['resp_0f89342f6e666a07006a739aef6b20819e8a888f2785c51a3c'],True
vote|reduce1|9|4,"[""{\n    \""square entries exhibit stronger advanced academic programs, college‑prep infrastructure, and measurable postsecondary outcomes than circle entries\"": \""This captures the many square reviews that name AP/IB/dual‑enroll/CTE pathways, UC/college credit programs, and concrete alumni/acceptance outcomes—distinct from other themes because it focuses strictly on formal academic offerings and measurable postsecondary results rather than safety, facilities, governance, or extracurricular prominence.\"",\n    \""square entries report more frequent and more severe student-safety and wellbeing failures (bullying, fights, substance abuse, sexual assault, and resultant mental‑health harm) — and failures to remediate them — than circle entries\"": \""This groups all accounts of violence, bullying, drugs/vaping, lockdowns, assaults and documented inadequate remediation into one safety/climate bucket; it is mutually exclusive because it addresses student safety and wellbeing incidents and responses, not administrative mismanagement, academics, facilities, or program breadth.\"",\n    \""square entries report more pronounced administrative and staff governance problems and operational failures (leadership instability/cronyism, favoritism, staff misconduct or turnover, poor communication, mishandled records/fees/scheduling) than circle entries\"": \""This bucket aggregates governance and operational dysfunction (mismanaged records, biased discipline, nepotism, high turnover, unresponsive counselors) and is kept separate from safety (actual incidents) and facilities (infrastructure/funding) because it describes how the institution is run and communicates, not program content or student behavior.\"",\n    \""square entries emphasize tangible facility/funding patterns and resource allocation issues (upgraded/new buildings and athletic investment alongside overcrowding, sanitation, pay‑to‑play and misallocated funds) more than circle entries\"": \""This groups physical/infrastructure and budgeting evidence—overcrowding, maintenance, capital projects, pay‑to‑play and visible funding tradeoffs between athletics/arts—distinct from program quality, governance failures, extracurricular prominence, or safety incidents.\"",\n    \""square entries report broader, higher‑profile extracurricular and community engagement (athletics, music, clubs, parent/alumni volunteers) than circle entries\"": \""This captures the many square references to award‑winning bands, travel clubs, booster support, high‑profile athletics and participation opportunities, and is exclusive from the academics bucket because it concerns non‑academic program breadth, and distinct from facilities/funding because it focuses on program prominence and community engagement rather than infrastructure or budget problems.\""\n}""]",,49.13115906715393,24636,3392,3897,,[],['resp_02ec38acb10cce65006a739aef4534819fb4dcf3c7a6a2e2c6'],True
vote|reduce1|11|4,"[""{\n    \""square entries document stronger, broader advanced-academic, magnet, CTE and college-prep programs and measurable postsecondary outcomes than circle entries\"": \""This bucket captures the many square reviews that list named programs (AP/IB/dual‑enrollment, CTE pathways, measurable alumni outcomes and college credit) and is distinct from other buckets because it focuses solely on programmatic academic breadth and documented postsecondary results rather than safety, facilities, staffing, or equity issues.\"",\n    \""square entries report more pervasive student safety, bullying, substance‑use, and violent‑incident problems (and frequent failures to address them) than circle entries\"": \""This groups all square evidence about fights, sexual harassment, drugs/vaping, ignored assaults and ineffective or punitive incident responses, and is mutually exclusive because it addresses on‑campus safety and disciplinary crisis phenomena rather than program quality, facilities, or administrative record‑keeping.\"",\n    \""square entries report more administrative and operational failures (counseling/advising errors, record/front‑office mishandling, poor parent communication, scheduling/transport/logistics problems) than circle entries\"": \""This bucket organizes complaints about governance, communication breakdowns, counseling/records errors and scheduling/transport mishandling in square reviews, and is separate from facility/resource problems or student‑level inequity because it focuses on managerial/operational processes and responsiveness.\"",\n    \""square entries report more acute facility, operational, and resourcing problems (overcrowding, maintenance, scheduling, tech, budgets, and communication) than circle entries\"": \""This groups square evidence about physical‑plant and capacity issues (overcrowding, pests, rundown buildings, capital projects versus shortages, tech rollouts and budgeting tradeoffs) and is distinct from administrative-process failures because it centers on built environment, capacity and material resource states.\"",\n    \""square entries report greater within‑school academic stratification, inconsistent instructional quality, and inequitable treatment than circle entries\"": \""This bucket covers square descriptions of polarized student tracks, teacher variability, athletic/nepotistic favoritism, and exclusionary treatment of disadvantaged or ‘non‑elite’ students, and is kept separate from admin/facility/program buckets because it targets patterns of inequity and differential student experience inside classrooms and peer culture.\""\n}""]",,49.40526103973389,24434,3328,3807,,[],['resp_0d2f80eaca23acc8006a739aef3d4881a28adc7da2e0581d59'],True
vote|reduce1|24|4,"[""{\n    \""square entries describe stronger advanced academic, vocational, and college‑preparatory programs and outcomes than circle entries\"": \""Many raw terms document AP/IB/dual‑enrollment, engineering/CTE tracks, honors/college‑credit transfers and concrete matriculation/scholarship outcomes in Square reviews—this captures school academic-program strength and measurable postsecondary results and is distinct from facility, safety, governance, or extracurricular claims because it focuses on curricular pathways and outcomes rather than operations, discipline, or community programming.\"",\n    \""square entries report more pervasive student-safety and exclusionary social‑climate problems (bullying, fights, drugs, racism, sexual assault) with poor incident handling than circle entries\"": \""A large cluster of items describe bullying, physical assaults, drug use, racialized harassment and repeated failure to intervene in Square reviews—this bucket isolates safety/climate and incident‑response issues and is mutually exclusive from academic-program strength, facilities/logistics, governance/favoritism, or extracurricular breadth.\"",\n    \""square entries contain more concrete, operational accounts of facilities, capacity, and infrastructure (overcrowding, renovations vs. hidden hazards, accessibility, one‑to‑one tech, scheduling/transportation problems, emergency preparedness) than circle entries\"": \""Numerous raw terms detail crowding, building condition, HVAC/temperature, lunch lines, parking/sidewalks, IT/wifi, bus/transport and renovation impacts in Square reviews—this bucket groups physical and logistical resource constraints and is separate from student safety, curricular rigor, leadership behavior, or extracurricular offerings.\"",\n    \""Square entries contain more evidence of administrative/staff governance problems and contested resource choices — favoritism/nepotism, heavy‑handed or hostile principals, punitive discipline policies, staffing instability, budget tradeoffs and misallocated spending — than circle entries.\"": \""Many items allege favoritism, hostile/monetizing principals, punitive or inconsistent discipline, record‑keeping/scheduling failures, and contested budget priorities in Square reviews—this governance/operational‑accountability cluster is about who runs the school and how decisions are made, distinct from facility conditions, student safety incidents, academic programming, or extracurricular quality.\"",\n    \""square entries document broader, higher‑achievement extracurricular, arts, STEM, and vocational offerings and stronger student engagement/loyalty than circle entries\"": \""Several raw terms praise extensive, award‑winning bands/theaters/sports, STEM teams, vocational shops, academies and active booster/alumni engagement in Square reviews—this groups program breadth, competitive achievements and community involvement and is conceptually separate from curricular rigor, safety/climate, infrastructure problems, or administrative governance.\""\n}""]",,49.45942974090576,24324,3264,3822,,[],['resp_01f878bb72b5ed59006a739aef329481a3ac9a21e737881ec3'],True
vote|reduce1|4|2,"[""{\n    \""square entries report more frequent and more severe student safety and behavioral crises — bullying, fights, drugs, gang activity, suicides — and ineffective or complicit staff responses than circle entries\"": \""This bucket captures the large set of reviews that describe concrete on-campus harm and student misconduct (bullying, fights, substance use, self-harm) and staff failure or complicity in handling those incidents; it is distinct from governance or facility complaints because it focuses on student behavior and safety outcomes rather than policies, resources, or program offerings.\"",\n    \""square entries document more administrative dysfunction, inconsistent discipline, favoritism/cronyism, and operational failures than circle entries\"": \""This bucket groups reviews alleging governance- and staff-level problems — nepotism, favoritism, cover‑ups, grade/athlete manipulation, punitive or opaque enforcement, poor communication and record-keeping — and is mutually exclusive from the safety bucket because it centers on adult/organizational misconduct and policy failures rather than student-safety incidents themselves.\"",\n    \""square entries report more concrete operational, facility, and scale problems (or extremes) — overcrowding, poor cleanliness/pest infestations, unreliable technology/wifi, hazardous or contested transportation, boarding/residential logistics, and burdensome fees — than circle entries\"": \""This bucket covers material, infrastructural and logistical constraints described by reviewers (mold, broken toilets, overcrowded halls, trailers, lunch scheduling, budget cuts, fees), which are operational/resource issues separate from programmatic strength, administrative favoritism, or student-behavior problems.\"",\n    \""square entries report stronger and more numerous advanced-academic pathways and measurable college-prep outcomes than circle entries\"": \""This bucket groups mentions of formal academic strength and measurable outcomes (AP/IB/dual‑enrollment/STEM academies, college credits, high college‑placement statistics), and is exclusive from extracurricular or facility themes because it specifically concerns curricular rigor and postsecondary preparation.\"",\n    \""square entries document broader, higher-profile extracurricular, arts, and athletics programs and achievements than circle entries\"": \""This bucket captures the many reviews listing concrete extracurricular/arts/athletics breadth, competitive successes, and booster/community programing (plays, championships, JROTC, music accolades), and is kept separate from the academic-pathways bucket because it focuses on co-curricular opportunities and achievements rather than curricular/AP/IB outcomes.\""\n}""]",,49.64503598213196,27825,2624,3145,,[],['resp_0dcc76410d834cb4006a739aeeac0881919e6975b65b071993'],True
vote|reduce1|9|3,"[""{\n    \""square entries report stronger advanced academic programs and clearer college‑preparatory outcomes than circle entries\"": \""Groups the many reports of AP/IB/dual‑enrollment offerings, measurable scholarship & college matriculation claims, and deliberate college‑prep supports in square reviews — this is about curricular pathways and outcomes (not extracurricular breadth, safety, facilities, or governance), so it is distinct from the other buckets.\"",\n    \""square entries describe broader, higher‑profile extracurricular, performing‑arts, and athletics programs and achievements than circle entries\"": \""Captures the repeated square claims of large marching bands, award‑winning music/theater, JROTC/CTE shops, varsity tradition and community/alumni fundraising, and athlete‑centric culture — this is program/participation prominence (not academic rigor, safety incidents, facilities problems, or administrative mismanagement), keeping it mutually exclusive.\"",\n    \""square entries report more pervasive student‑safety and exclusionary social‑climate problems (bullying, fights, drugs, racism, sexual assault) with poor incident handling than circle entries\"": \""Groups the abundant square accounts of daily fights, gang/drug issues, targeted racism/ homophobia, student bullying/assaults and law‑enforcement escalations and failures to protect victims — this is the student safety and social‑climate dimension, separate from program strength, facilities or governance issues.\"",\n    \""square entries report more administrative and operational failures — inconsistent discipline, record‑keeping/scheduling errors, staffing shortages, IEP/guidance breakdowns, and alleged corruption — than circle entries\"": \""Aggregates evidence of unresponsive or punitive principals, lost transcripts, counselor unavailability, special‑education noncompliance, nepotism/favoritism and cover‑ups in square reviews — explicitly governance/people/process dysfunction distinct from physical facility or programmatic descriptions.\"",\n    \""square entries report more pronounced facility, capacity, and logistical problems (overcrowding, trailers, severe maintenance, transportation and sanitation failures) — but also document some capital upgrades — compared with circle entries\"": \""Collects square reports about overcrowded cafeterias/halls, pest/mold/HVAC/food safety hazards, parking/busing problems and occasional new construction — this is the built‑environment and operational‑resource bucket, focused on physical infrastructure and logistics rather than safety culture, academic offerings, extracurricular prominence, or leadership dysfunction.\""\n}""]",,49.91137504577637,28572,1792,2296,,[],['resp_003ffef067a3ef1f006a739aef46748191a61b72a64b5e1792'],True
vote|reduce1|6|0,"[""{\n    \""square entries reveal more uneven classroom instructional quality and student‑level support—simultaneously strong, proactive teacher mentorship for some and pervasive favoritism, neglect of struggling/IEP students, unfair grading/makeup practices, and counselor shortcomings—than circle entries\"": \""Groups numerous reviewer claims about the variability of teaching and in‑class support into a single theme (pockets of excellent mentorship vs. pervasive poor instruction, grading/makeup policy abuses, and teacher favoritism) and is distinct from other buckets because it targets instructional practice and classroom-level support rather than schoolwide safety incidents, formal special‑education/counseling programs, extracurricular breadth, or physical/resource constraints.\"",\n    \""square entries include far more detailed accounts of student support services (special-education/IEP implementation, guidance counseling, mental‑health supports or failures) than circle entries\"": \""This bucket isolates concrete reports about formal student‑support systems (IEP enforcement, counselor responsiveness, mental‑health response and legal/IEP noncompliance) and is mutually exclusive because it focuses on programmatic support structures and legal/IEP implementation rather than general teacher quality, discipline/safety incidents, facility problems, or extracurricular offerings.\"",\n    \""square entries report a far worse student safety and behavioral climate than circle entries\"": \""This groups all reviewer evidence of bullying, fights, drug/weapon incidents, sexual misconduct, self‑harm reports and the school's incident frequency/response into a single safety/climate bucket, and it is separate from administrative/process complaints, instructional variability, or program breadth because it centers on student conduct and tangible harm/events.\"",\n    \""square entries report broader, higher‑quality extracurricular, arts, and athletic programs (and stronger booster/community support and facilities) than circle entries\"": \""This bucket captures claims of extensive/award‑winning bands, competitive sports, JROTC, magnet programs, booster/alumni activism and high‑profile program success, and is distinct from facility/resource or academic-program buckets because it addresses program breadth, prominence, and community/booster engagement rather than building condition, enrollment pressure, or classroom instruction.\"",\n    \""square entries emphasize larger‑scale facilities, enrollment, crowding, resource allocation, and enforcement regimes (overcrowded classes, maintenance problems, capital projects, security/surveillance, and athletics funding) more than circle entries\"": \""This groups reviewer evidence about physical plant, capacity/overcrowding, maintenance/pest/HVAC issues, capital projects and contested spending/prioritization (e.g., athletics vs academics) into one operational/infrastructure bucket and remains mutually exclusive by focusing on physical/operational capacity and resource choices rather than student behavior, instructional quality, formal support programs, or extracurricular program content.\""\n}""]",,50.55895400047302,28318,2944,3517,,[],['resp_04b1ff3a6398e9b0006a739aeec670819da252cc657c1d4f09'],True
vote|reduce1|11|0,"[""{\n    \""square entries report more and broader extracurricular, arts, CTE and athletics programs and higher-profile program achievements than circle entries\"": \""Groups all raw items about program breadth, awards, and high‑profile extracurricular/CTE/athletics offerings (including trips and competitive success); this focuses on what programs exist and their prominence and is separate from facility/operational issues, safety/incidents, governance problems, or instructional inequities.\"",\n    \""square entries report worse facilities, overcrowding, and operational/resource constraints (aging or moldy buildings, overcrowded classes, HVAC/food/transportation problems, and cuts to electives) than circle entries\"": \""Captures the concrete physical‑plant, capacity, sanitation, scheduling and material/technology shortfalls reviewers describe, which is distinct from program breadth, student safety incidents, governance/favoritism, or within‑school instructional stratification.\"",\n    \""square entries report far more frequent and severe student-safety, discipline, and substance-use incidents than circle entries\"": \""Groups allegations of bullying, fights, drugs, sexual misconduct, lockdowns and the school’s (in)ability to enforce discipline or protect students, which is about campus safety and incident response rather than facilities, program offerings, governance mechanics, or instructional variability.\"",\n    \""square entries report more administrative governance, operational and equity problems (record‑keeping, transfers, secrecy, favoritism, discriminatory enforcement, policy gating) than circle entries\"": \""Collects complaints about management, favoritism/corruption, opaque communication, misallocated spending, harmful policies and procedural/record failures; this is about governance and decision‑making and is meaningfully distinct from safety incidents, physical infrastructure, program supply, or instructional stratification.\"",\n    \""square entries show more polarized instructional quality and uneven student supports—strong advanced‑track instruction and extracurriculars contrasted with weak general education, special‑education failures, and reliance on external tutoring—than circle entries\"": \""Groups the pattern of high‑end pockets (AP/IB/magnet strength) coexisting with poor on‑level teaching, tracking, special‑education noncompliance, and reliance on tutoring/parent advocacy, which is an instructional‑equity phenomenon separate from program breadth, facilities, governance, or safety incidents.\""\n}""]",,51.37572407722473,28583,3264,3773,,[],['resp_0af01d1aac46bc98006a739aef2b38819fa40643ddbf82be38'],True
vote|reduce1|23|2,"[""{\n    \""square entries report more frequent, severe, and persistent safety and student‑misconduct problems (with weak or inconsistent disciplinary response) than circle entries\"": \""This groups all reports of bullying, fights, drug/alcohol use, sexual harassment, student violence, police involvement, and the school’s failure or inconsistency in protecting students — a distinct operational/climate axis (safety & misconduct response) that does not overlap with facility conditions, program breadth, governance, or extracurricular prominence.\"",\n    \""square entries report more facility, sanitation, overcrowding, and operational logistics problems (pests, leaks, short lunches, parking, scheduling) than circle entries\"": \""This captures concrete physical‑plant, capacity, and day‑to‑day logistics failures (overcrowded classes, portables, pest/cleanliness, locked bathrooms, lunch timing, parking/traffic) which are materially different from safety incidents, academics, administration dysfunction, or extracurricular offerings.\"",\n    \""square entries describe stronger advanced academic programs, measurable college outcomes, and AP/IB/dual‑credit access than circle entries\"": \""This groups all evidence of formalized advanced‑coursework, honors/AP/IB/dual‑enrollment, STEM/CTE pipelines and measurable college placements — an academic program strength axis that is clearly separate from safety, facilities, governance, or extracurricular emphasis.\"",\n    \""Square entries describe stronger, more numerous extracurriculars, athletics dominance, school spirit, and active parent/community/alumni engagement than circle entries\"": \""This bucket captures booster/parent mobilization, high‑profile athletics, award‑winning arts/band, strong school‑spirit traditions and broad club/CTE ecosystems — programmatic and community engagement signals that are distinct from academics, facilities, safety, or administrative governance.\"",\n    \""Square entries report more administrative and governance dysfunction—unresponsiveness, mismanagement, recordkeeping/IEP failures, favoritism, and questionable budget/board decisions—than circle entries\"": \""This groups procedural, staffing and governance failures (counseling/IEP errors, nepotism/favoritism, scheduling/records mistakes, opaque board/finance decisions and rude/unresponsive front offices) which are organizational problems separate from physical conditions, student safety incidents, curricular strength, or extracurricular assets.\""\n}""]",,51.531800985336304,28635,3072,3576,,[],['resp_0db5acc140f682da006a739af03b60819f9e634fce6f2065ff'],True
vote|reduce1|10|2,"[""{\n    \""square entries report more pervasive student safety/behavior crises and weak or punitive discipline responses than circle entries\"": \""This groups all evidence about bullying, fights, gangs, drugs, sexual harassment, suicide/mental‑health harms and how incidents are (not) handled — a discrete safety/discipline/climate cluster distinct from facility, academic, admin or support‑service problems.\"",\n    \""square entries report more operational and capacity failures (overcrowding, cafeteria/food logistics, busing/parking, event mismanagement, facility pests/maintenance) than circle entries\"": \""This captures concrete day‑to‑day infrastructure and logistics failures (crowding, mold, leaking ceilings, lunch problems, traffic/registration chaos) that are about physical capacity and operations rather than staff policy, academics, extracurricular priorities, or special‑ed supports.\"",\n    \""square entries report stronger formal advanced‑academic programs, AP/IB/dual‑enrollment pathways, and measurable college‑placement outcomes than circle entries\"": \""This groups all concrete programmatic academic strengths (AP/IB/dual credit, CTE/early‑college, measurable alumni/ACT outcomes) into an academic‑program/outcomes bucket separate from safety, facilities, extracurricular/athletics or student‑support issues.\"",\n    \""square entries indicate leadership that prioritizes athletics over other school needs more than circle entries\"": \""This isolates claims about sports‑first resource/prioritization (booster funding, equipment, preferential treatment of athletes, athletics crowding out academics) as a distinct theme about institutional priorities and resource allocation, separate from general governance or facilities problems.\"",\n    \""square entries report more failures and inconsistencies in special education, counseling and individualized student supports (including mental‑health response) than circle entries\"": \""This groups frontline student‑support evidence (IEP/SE failures, counseling breakdowns, nurse/health accommodation failures, remediation/tutoring gaps) that is operationally different from broad admin/governance complaints, physical infrastructure, safety incidents, athletics prioritization, or academic program strength.\""\n}""]",,51.69026303291321,27934,3840,4287,,[],['resp_025cbdfbc06f5a2e006a739aef3b208191aac4c03733414fcf'],True
vote|reduce1|20|2,"[""{\n    \""square entries document stronger, broader, and more concretely‑described advanced academic, AP/IB/dual‑enrollment, vocational/CTE, and college‑preparation pathways (and measurable postsecondary outcomes) than circle entries\"": \""This groups all evidence about formal academic pathways, AP/IB/dual‑credit, CTE/vocational tracks and measurable college placements (e.g., named dual‑enrollment partners, alumni to Ivy/elite colleges) — a program/outcome bucket distinct from staff behavior, safety, facilities, or extracurricular claims.\"",\n    \""Square entries report more frequent and more severe student safety problems (bullying, fights, drugs, sexual misconduct) and documented failures to protect students than Circle entries\"": \""This captures bullying/violence/drug/sexual‑misconduct incidents and reviewers’ reports that administration failed to remediate or protect — a discrete student‑safety/climate cluster separate from program strength, facilities, staffing governance, or extracurricular breadth.\"",\n    \""square entries report more administrative and staff misconduct, leadership instability, favoritism/nepotism, and operational communication failures than circle entries\"": \""This groups governance and personnel dysfunction (hostile/absent principals, nepotism, cover‑ups, broken front‑office processes, lost paperwork, inconsistent policy enforcement) and is deliberately separated from classroom instructional quality and from facility/resource issues.\"",\n    \""square entries report more facility, capacity, and resource‑allocation problems (overcrowding, aging/renovated buildings, traffic/parking, budget cuts and skewed funding priorities) than circle entries\"": \""This bucket collects concrete physical‑plant and resourcing evidence (overcrowding, pest/cleanliness, HVAC/bathroom problems, capital projects and contested spending choices like stadiums vs. academics), distinct from personnel governance, student safety, curricular/program claims, or extracurricular descriptions.\"",\n    \""square entries report broader, higher‑profile extracurricular, vocational, and athletics offerings (and sometimes overt athletic prioritization) more than circle entries\"": \""This groups all items about arts, music, award‑winning teams, many clubs, booster/funding for athletics and claims that sports are prioritized over academics — an extracurricular/funding‑priority dimension that is separate from academic program substance, facilities, safety, or staff governance.\""\n}""]",,51.909546852111816,28444,3648,4178,,[],['resp_049abd1262d98280006a739aef4150819ea2db596ea7bcb54f'],True
vote|reduce1|11|2,"[""{\n    \""square entries document greater administrative dysfunction, inequitable enforcement, and governance/budget problems than circle entries\"": \""Many raw terms describe cover‑ups, punitive/opaque policies, favoritism/nepotism, missed scholarship deadlines, district lawsuits, and leadership that protects reputation — a governance/budget theme that is organizational (not about classrooms, safety, facilities, extracurriculars) and thus distinct from the other buckets.\"",\n    \""square entries report a broader, higher-profile extracurricular and arts/sports ecosystem and visible school traditions than circle entries\"": \""Numerous items detail championship teams, award‑winning bands, boosters/boosters funding, large event traditions and visible athletics/arts prominence — a community‑facing program/visibility cluster separate from administration, safety, facilities, or classroom instruction.\"",\n    \""Square entries report more concrete facility, capacity and operational resource problems (overcrowding, maintenance, fees, missing supplies) than circle entries\"": \""Many entries document overcrowded classes, cafeteria breakdowns, renovation disruptions, sanitation/maintenance failures, transportation/bussing problems and fee burdens — operational/material issues distinct from governance choices, extracurricular prominence, safety incidents, or teacher practice.\"",\n    \""Square entries document greater variability and dysfunction in staff quality, responsiveness, and student support (including special‑education/counseling failures) than circle entries\"": \""A large group of raw terms focus on inconsistent teaching quality, grading favoritism, counselor/IEP failures, guidance unresponsiveness and mixed teacher availability — an instructional and support‑service theme that differs from facility constraints, governance scandals, safety crises, or extracurricular breadth.\"",\n    \""square entries report more frequent and severe student safety, bullying, drug, harassment and targeted‑bias incidents (with often ineffective institutional responses) than circle entries\"": \""Many reviews allege fights, gangs, drugs, racialized exclusion, sexual misconduct and ignored bullying or mishandled safety incidents — a student‑safety and climate cluster that is operationally and substantively distinct from administration, facilities, teacher/support quality, or program breadth.\""\n}""]",,52.553080797195435,27906,3392,3873,,[],['resp_0c0152dbab0e3520006a739aef28cc81a0acf1f305c48c480a'],True
vote|reduce1|15|2,"[""{\n    \""Square entries report more administrative and governance dysfunction, operational failures, and resource‑misallocation than circle entries\"": \""Groups many reviews that describe broken governance and office-level failures (unresponsive leadership, budgeting/board controversies, misallocated spending, staffing instability and opaque decision‑making) into a single category; this is distinct from safety, facilities, academic-program, or extracurricular themes because it focuses on leadership/board/office governance and large‑scale resource choices rather than student behavior, building condition, curricular offerings, or program prominence.\"",\n    \""square entries report more pervasive student safety, bullying, substance‑use, and unmet mental‑health/counseling problems than circle entries\"": \""This groups all evidence about unsafe student behavior, pervasive bullying/harassment, drugs/gangs/violent incidents and the resulting mental‑health harms or failure-to-protect by the school; it is kept separate from administrative/governance dysfunction (which is about leadership/process) and from counseling/special‑education operational failures (which are program/service breakdowns), because these reviews emphasize on‑the‑ground student harm and security climate.\"",\n    \""square entries report more facility, overcrowding and operational maintenance failures than circle entries\"": \""Collects concrete claims about buildings, cleanliness, HVAC/pest problems, overcrowded hallways/portables, parking/traffic and day‑to‑day logistics and food/meal issues; this is mutually exclusive from governance (who runs the school), safety/climate (student behavior), academics (course offerings/rigor), and extracurricular prominence (program breadth/athletics), because it concerns physical plant and capacity constraints only.\"",\n    \""Square entries exhibit stronger instructional rigor, advanced-course pathways, and concrete college-readiness supports than circle entries\"": \""Captures reviews describing substantive academic strength (AP/IB/dual‑enrollment/CTE pathways, measurable college placement, rigorous STEM/AP tracks and documented outcomes) and classroom-level rigor; it is kept distinct from extracurricular/athletics prominence (which is about non‑academic programs and booster/athlete dynamics) and from administrative or facility issues because it focuses squarely on curriculum, instruction, and college‑prep outcomes.\"",\n    \""square entries emphasize broader and stronger non‑academic extracurricular breadth and athletics prominence (including booster support and athletic favoritism) than circle entries\"": \""Groups all evidence of large, visible extracurricular ecosystems (championship athletics, award‑winning band/arts, dozens of clubs, booster/alumni fundraising and athlete favoritism) into one bucket; this is separate from academic-program strength (classroom rigor/college prep), facilities (physical condition/capacity), governance (board/administration behavior), and safety (student misconduct), because it specifically concerns extracurricular scale, prestige and related social/funding dynamics.\""\n}""]",,54.959867000579834,28705,3456,4035,,[],['resp_0ea7e99b4bcc8ccf006a739aef27c881a1bf1da115c19e9010'],True
vote|reduce1|8|4,"[""{\n    \""square entries report more pervasive student safety, bullying, drug, gang, vandalism and violence problems and frequent failures to protect students than circle entries\"": \""This groups all reviewer evidence about on-campus safety, peer violence, substance/weapon access, vandalism and the school’s failure to protect victims—distinct from governance, facilities, instruction, or inequitable services because it is about student misconduct and safety response alone.\"",\n    \""square entries report more administrative and governance dysfunction, unequal enforcement, and contested resource allocation than circle entries\"": \""This captures reviews alleging leadership/board-level failures (coverups, secrecy, retaliatory responses, policy shifts, contested budgeting/athletics favoritism and unequal rule enforcement) and is kept separate from classroom‑level staff behavior, student safety incidents, facility decay, or special‑education inequities.\"",\n    \""square entries document substantially stronger and more extensive advanced-academic and college‑preparatory programs and measurable alumni outcomes than circle entries\"": \""This groups concrete programmatic strengths (AP/IB/dual‑enrollment/magnets, measurable test/college placement and alumni success) and is explicitly about curricular/pathway quality and outcomes, not about safety, administration, facilities, or equitable service delivery.\"",\n    \""square entries report poorer physical facilities, overcrowding, sanitation, and resource shortfalls (vs. circle entries)\"": \""This bucket covers building condition, overcrowding, cafeteria/health issues, scheduling/capacity logistics and uneven capital projects—operational infrastructure problems that are materially different from governance behavior, classroom instruction, safety incidents, or inclusion failures.\"",\n    \""square entries report more systemic inequities and failures to support vulnerable students (special-education/IEP noncompliance, discriminatory tracking, exclusion of low-income/minority students) than circle entries\"": \""This collects evidence about differential treatment, special‑education breakdowns, discriminatory tracking or exclusion and parental/legal escalation for vulnerable students, which is conceptually distinct from overall administrative dysfunction, student‑safety incidents, facility conditions, or programmatic academic strength.\""\n}""]",,55.10126972198486,24600,3264,3686,,[],['resp_09c05573c576bcc9006a739aef1c40819ca2ae2f318f76a45b'],True
vote|reduce1|14|3,"[""{\n    \""square entries report more chronic resource, facility, and capacity shortfalls (overcrowding, aging/unsanitary buildings, supply shortages, transportation, food, and basic infrastructure) than circle entries\"": \""Groups of reviews in Square repeatedly cite concrete building- and logistics-level failures (rats, leaking ceilings, 44‑student classes, broken equipment, lack of textbooks, crowded buses) — a theme about physical capacity and day‑to‑day operational shortages that is distinct from safety incidents, program strength, staff behavior, or curricular polarization.\"",\n    \""square entries report more pervasive student-safety, bullying, harassment, substance‑use and racial/sexual‑orientation hostility — often paired with ineffective administrative responses — than circle entries\"": \""Square reviews contain detailed accounts of fights, assaults, weapons/lockdowns, gang/drug activity, racial harassment and poor follow‑through by staff/counselors, a student‑safety/climate cluster that is about harm and incident response rather than facilities, enrichment programs, governance, or intra‑school academic stratification.\"",\n    \""square entries describe stronger formal advanced academic programs and measurable postsecondary outcomes than circle entries\"": \""Many Square items enumerate named AP/IB/magnet/dual‑enrollment/CTE pathways, scholarship and college‑placement evidence and test‑prep supports — a discrete theme about formal program breadth and documented postsecondary outcomes that is separate from (a) whether those programs coexist with neglect elsewhere or (b) administrative or safety problems.\"",\n    \""square entries report greater administrative and staff dysfunction, favoritism, turnover, and failures in accountability and support (including IEP/504 noncompliance) than circle entries\"": \""A coherent set of Square reviews documents unresponsive or hostile front offices, nepotism/favoritism for athletes or connected families, high principal/teacher turnover, mishandled records/fees and contested special‑education/counseling practice — an organizational‑governance and staffing accountability theme distinct from physical plant, safety incidents, curricular strength, or the pattern of polarized instruction.\"",\n    \""square entries show more polarized instructional quality and uneven student supports—strong advanced‑track instruction and extracurriculars contrasted with weak general education, special‑education failures, and reliance on external tutoring—than circle entries\"": \""Square frequently presents juxtaposed evidence — excellent IB/AP/arts/coaching for some students alongside watered‑down mainstream classes, grade inflation, downgrading of transfers and parents paying for tutors — a polarization/inequity theme that specifically captures within‑school contrasts and unequal access (different from overall program presence, facility problems, safety, or governance issues).\""\n}""]",,55.66156482696533,28498,3008,3572,,[],['resp_0a4ada0612fc27a0006a739aef2fc481a1b82ba2ddd7d95444'],True
vote|reduce1|1|4,"[""{\n    \""square entries document stronger advanced-academic programs and measurable college-prep outcomes (AP/IB/dual-enrollment/scholarships) than circle entries\"": \""Groups all evidence about formal academic rigor, named advanced tracks, dual‑credit/AP/IB offerings and concrete college/placement/scholarship outcomes; this is distinct from extracurricular strength, safety problems, facilities/overcrowding, and governance/favoritism issues.\"",\n    \""square entries document stronger, named extracurricular, arts and athletics programs and higher parent/community volunteer involvement (and also report athletics prioritization/pay‑to‑play) than circle entries\"": \""Captures the abundant, high‑profile lists of clubs, band/theater, CTE/CTE partnerships and athletic pride/booster activity (and the related pay/prioritization claims); it is separate from academic-program claims, safety incidents, physical/infrastructure problems, and administrative/governance behavior.\"",\n    \""square entries report more pervasive student safety, bullying, substance‑use, violence, gang activity, and ineffective disciplinary or law‑enforcement responses than circle entries\"": \""Groups all concrete accounts of fights, bullying, sexual harassment, drug dealing/vaping, threats/suicide incidents and slow or absent disciplinary/law enforcement response; this behavioral‑safety cluster is conceptually distinct from program quality, facilities/capacity, extracurricular breadth, or governance/favoritism.\"",\n    \""square entries report more acute facility, capacity, and resource problems (overcrowding, sanitation, outdated materials, technology and transportation hazards) than circle entries\"": \""Collects the physical‑plant and operational resource evidence (overcrowded classes, vermin, broken HVAC/alarms, bus/transport hazards, outdated tech and maintenance shortfalls); these material/space problems are different from governance/favoritism, student‑safety incidents, program offerings, or special academic outcomes.\"",\n    \""square entries report more administrative and governance dysfunction, favoritism, opaque discipline/cover‑ups, and policy shifts than circle entries\"": \""Groups complaints about leadership turnover, nepotism/favoritism, cover‑ups, recordkeeping/scheduling failures and adversarial parent communication; this governance/authority cluster is kept separate from facilities, student‑safety, extracurricular offerings, and academic‑program strength.\""\n}""]",,57.1635000705719,24610,3392,3887,,[],['resp_01e596a25e79a779006a739aeeca4c81a19cf4536c2cc52729'],True
vote|reduce1|1|1,"[""{\n    \""square entries report more pervasive student safety and behavioral crises (bullying, drugs, fights, weapons, sexual misconduct) and often depict administrative minimization of those incidents compared with circle entries\"": \""This bucket groups the many reports of violence, bullying, substance use, sexualized misconduct, lockdowns and related mental‑health harms in square reviews — it is distinct from facilities, academics, administration, or extracurriculars because it focuses on student conduct and safety outcomes rather than physical resources, program breadth, or governance practices.\"",\n    \""square entries report more acute facility, operational, and resourcing problems (overcrowding, maintenance, scheduling, tech, budgets, and communication) than circle entries\"": \""This bucket captures concrete day‑to‑day infrastructure and logistical failures in square reviews (aging buildings, sanitation/food issues, overcrowded lunches/classes, bus/schedule problems, lack of materials/AC), and is mutually exclusive from safety (incidents) and from administrative governance because it describes material/operational capacity rather than policy choices or misconduct incidents.\"",\n    \""square entries document stronger, broader, and more concretely‑described advanced academic, AP/IB/dual‑enrollment, vocational/CTE, and college‑preparation pathways (and measurable postsecondary outcomes) than circle entries\"": \""This bucket groups the concrete programmatic evidence in square reviews about advanced coursework, dual‑credit/CTE pathways and measurable college outcomes (Merit finalists, ACT/SAT metrics, top‑tier placements), and is kept separate from extracurricular breadth, facilities, or administrative responsiveness because it concerns curricular offerings and academic outcomes specifically.\"",\n    \""square entries document greater administrative and operational dysfunction (leadership instability, district governance failures, staffing/scheduling breakdowns, and poor parent/staff communication) than circle entries\"": \""This bucket collects governance and people‑management evidence in square reviews — unreturned calls, cover‑ups, leadership turnover, opaque hiring/record practices, scheduling/counselor breakdowns — and is distinct from 'safety' (student incidents), 'facilities' (physical plant), and 'programmatic strength' (academics/extracurriculars) because it focuses on how the system is run and how adults respond.\"",\n    \""square entries describe broader, higher‑profile extracurricular infrastructure, arts/athletics achievements, and community/PTA event activity than circle entries\"": \""This bucket aggregates square reviews describing abundant clubs/CTE/vocational programs, strong band/ROTC/athletics, booster/PTA engagement and community pride — kept separate from administrative dysfunction and funding disputes because it specifically captures program breadth, competitive achievement and visible community investment rather than governance failures or safety/facility deficits.\""\n}""]",,58.00219202041626,28120,3648,4261,,[],['resp_032857d039ac99a3006a739aee8c80819d8cbcc286142711a5'],True
vote|reduce1|18|0,"[""{\n    \""square entries describe stronger and more diverse advanced academic, AP/IB/CTE and college‑prep programming and instructional supports than circle entries\"": \""Groups all evidence about formal academic pathways, AP/IB/dual‑enrollment/magnet/CTE offerings and measurable college outcomes (scholarships, ACT/college placements); this is distinct from extracurricular, safety, facilities, or administration problems because it specifically captures curricular/programmatic college‑prep capacity and outcomes rather than program funding, physical plant, or governance.\"",\n    \""Square entries document broader, higher‑profile extracurricular, arts and athletics opportunities plus stronger alumni/community engagement and parent fundraising than Circle entries\"": \""Collects reviewer claims about large/competitive bands, state/national athletics/arts results, many clubs, boosters and parent/alumni fundraising or advocacy; it is exclusive of facility/health problems (physical plant) and exclusive of classroom instruction or discipline issues because it focuses on program breadth, competitive success and community financial/volunteer support.\"",\n    \""square entries report more frequent and severe student safety/behavior problems, plus hostile social climates (bullying, fights, drugs, gangs, racism/homophobia) with weak or inconsistent enforcement, than circle entries\"": \""Captures all safety- and climate‑related incidents and resulting student mental‑health harms (fights, weapons, drug use, sexual/physical assaults, pervasive bullying/harassment) including failures to remediate; this bucket is purposefully separate from administrative misconduct (governance/favoritism) and from facility or program strength buckets because it centers on student‑to‑student harm and immediate campus safety outcomes.\"",\n    \""square entries report more extreme facility, infrastructure, and resource conditions (both upgraded investments and acute shortages/overcrowding) than circle entries\"": \""Groups concrete physical‑plant and resourcing evidence (mold/pests/asbestos, run‑down buildings, overcrowded classrooms, cafeteria/food/cleanliness, bond/levy projects, visible athletic capital spending and tradeoffs); it is distinct from extracurricular praise or curricular strength because it addresses the built environment, capacity and material resource allocation rather than program presence or instructional quality.\"",\n    \""square entries reveal more uneven classroom instructional quality and student‑level support—simultaneously strong, proactive teacher mentorship for some and pervasive favoritism, neglect of struggling/IEP students, unfair grading/makeup practices, and counselor shortcomings—than circle entries\"": \""Collects reviewer evidence about heterogeneous teaching quality, chronic substitute coverage, polarizing tracking/grade‑inflation, special‑education/IEP failures or praised individual staff, and differential supports for top students versus struggling learners; this instructional/support variability bucket is kept separate from governance/favoritism (which focuses on policy/board/HR misconduct) and from safety, facilities, or extracurricular prominence because it centers on day‑to‑day instruction and individualized student support outcomes.\""\n}""]",,59.755600929260254,27827,3456,4086,,[],['resp_03cb14a29f489162006a739aef3b90819eaee79e72cc6b660f'],True
vote|reduce1|12|2,"[""{\n    \""square entries report more acute facility/resource extremes (either recent high‑investment renovations/modern tech or pronounced shortages/overcrowding/unsanitary conditions) than circle entries\"": \""Groups all concrete evidence about the building, capacity, capital projects, tech rollouts and maintenance (renovations vs. mold/lead/overcrowding/locked bathrooms) into a single resource/facilities bucket; this is distinct from safety incidents, governance choices, instructional programs, or staff support problems which are about people/policy rather than physical capacity or capital condition.\"",\n    \""square entries report more frequent and severe student safety, discipline, and substance‑abuse incidents — and more instances of ineffective responses to them — than circle entries\"": \""Collects the many reports of bullying, fights, gang/drug activity, weapons/assaults, lockdowns and descriptions of inadequate or inconsistent incident response into one safety/discipline bucket; it is separate from facilities (physical condition), administrative governance (policy/favoritism/financial mismanagement), advanced academic offerings, and teacher/counselor accountability issues (which concern instruction and supports rather than peer violence and drug incidents).\"",\n    \""square entries exhibit stronger advanced/rigorous academic and college‑prep programs than circle entries\"": \""Captures all concrete, programmatic evidence of AP/IB/dual‑enrollment/CTE/honors pathways and measurable postsecondary outcomes and college counseling supports into an academic-programs bucket; this is mutually exclusive from facilities, safety, governance, or staff‑support failures because it focuses specifically on curriculum, course breadth, and documented college prep results.\"",\n    \""square entries document more administrative and governance dysfunction, punitive or coercive policies, and resource/financial mismanagement than circle entries\"": \""Bundles allegations about nepotism, opaque/performative leadership, punitive/coercive administrative practices (fees, humiliating policing), contested budget/prioritization decisions and image‑management into a governance/leadership bucket that is conceptually distinct from frontline teacher/counselor failures, physical facilities, student‑safety incidents, or the existence/quality of academic programs.\"",\n    \""square entries report more frequent teacher/counselor accountability failures and inconsistent support — including special‑education noncompliance — than circle entries\"": \""Groups evidence about uneven instructional quality, grading/organizational errors, long‑term subs/turnover, unresponsive or overloaded counselors, IEP/504 failures and inconsistent remedial supports into a staff‑support/accountability bucket; this is focused on personnel practice and student support delivery and kept separate from governance/policy, physical facilities, safety/crisis incidents, and the presence of advanced academic programs.\""\n}""]",,61.2031831741333,28211,2112,2673,,[],['resp_00685196cf4f4043006a739aef9cb4819c868c9a7d9eae9c73'],True
vote|reduce1|3|4,"[""{\n    \""square entries describe stronger, named advanced academic programs and measurable college‑preparation outcomes than circle entries\"": \""Groups the many raw terms about AP/IB/dual‑enrollment, academies, measurable alumni/college credit outcomes and explicit college‑prep tracks into a single academic-programs bucket; this is distinct from safety, facilities, extracurricular prioritization, and governance/accountability issues, which are separate operational domains.\"",\n    \""square entries report more pervasive student-safety and misconduct problems (bullying, fights, drugs, sexual/violent incidents) than circle entries\"": \""Collects all reviewer evidence of bullying, fights, drug/gang/sexual incidents, threats, policing/searches and ineffective responses into a single safety/discipline bucket that is conceptually different from program strength, facilities/capacity, administrative governance, or extracurricular resourcing.\"",\n    \""square entries document more administrative and governance dysfunction, favoritism, concealment and poor operational accountability than circle entries\"": \""Captures complaints about favoritism/nepotism, misused funds, record‑keeping/transcript failures, unresponsive leadership, punitive or politicized policies and alleged cover‑ups — a governance/decision‑making theme distinct from physical facilities, student safety, curricular breadth, or extracurricular prominence.\"",\n    \""Square entries report larger enrollment, overcrowding, active construction/renovation disruptions, and tangible facility/resource shortfalls more than circle entries\"": \""Groups all concrete, physical and operational resource evidence (overcrowded classes, buses, sanitation/cleanliness, HVAC/food, capital projects/renovations, scheduling/space constraints) into an infrastructural/capacity bucket separate from governance, safety, academics, or programmatic offerings.\"",\n    \""square entries emphasize more extensive, higher‑profile, and better‑resourced extracurricular and vocational offerings (and clearer athletic/arts prioritization conflicts) than circle entries\"": \""Aggregates reviewer reports of wide CTE/arts/athletics/award‑winning programs, strong school spirit, and contested budget/priority tensions (athlete favoritism vs. other clubs) into a single extracurricular/resources allocation bucket that is not reducible to academic rigor, safety, facilities, or governance failures.\""\n}""]",,62.06388187408447,24469,2688,3166,,[],['resp_0cc2570c623386fd006a739aef44bc819299521cc67b78eace'],True
vote|reduce1|24|3,"[""{\n    \""square entries document stronger and more numerous advanced-academic and college-preparation programs and measurable outcomes than circle entries\"": \""Groups reviews that cite AP/IB/dual‑enrollment, high ACT/AP scores, scholarships and explicit college‑prep outcomes — a distinct pattern of curricular strength and measurable student outcomes that is about academic offerings/results (not about athletics, facilities, student safety, or administrative behavior).\"",\n    \""square entries report more frequent and severe student-safety and conduct problems (bullying, fights, drugs, sexual assault, self‑harm) — and contested/inadequate responses — than circle entries\"": \""Captures reviews describing concrete student‑behavior crises and failures/contestation in disciplinary or protective responses (fights, drugs, harassment, suicides), which is about student safety/climate rather than program breadth, facilities, or governance processes.\"",\n    \""square entries report greater administrative mismanagement, favoritism/corruption, and poor communication/operational responsiveness than circle entries\"": \""Groups accounts of leadership failings, nepotism/favoritism, cover‑ups, unreturned parent contacts, lost records and punitive/arbitrary policies — focused on governance and staff/office behavior (distinct from physical plant, student incidents, or curricular strengths).\"",\n    \""square entries report more severe facilities, capacity, health‑and‑operations problems and scheduling/records breakdowns than circle entries\"": \""Covers overcrowding, broken/unsanitary infrastructure, scheduling/registration/transportation/tech failures, and supply/meal problems — concrete operational and physical‑plant issues distinct from administrative favoritism, extracurricular prominence, or student safety incidents.\"",\n    \""square entries describe more numerous, higher‑profile extracurricular and athletics programs and visible athletics prominence (with attendant favoritism complaints) than circle entries\"": \""Collects reviews highlighting broad/award‑winning clubs, band/arts, competitive teams, booster/alumni support and pay‑to‑play or athlete‑first resource choices — focused on extracurricular scale and prioritization rather than academic rigor, safety crises, facility decay, or governance misconduct.\""\n}""]",,63.44140696525574,28103,2432,2867,,[],['resp_0987a2f4cfa37e7a006a739aef3c6081a1867b57d020169165'],True
vote|reduce1|3|1,"[""{\n    \""square entries report a wider, higher-achieving, and more central extracurricular ecosystem (sports, band, music, theater, competitive teams) and community visibility than circle entries\"": \""This groups the many square-specific claims about award‑winning bands, extensive sports, boosters, fundraising, and visible school spirit—distinct from academic rigor (AP/dual enrollment), safety incidents, admin governance, or counseling/special-ed concerns because it focuses on program breadth/visibility and parent/booster investment rather than institutional operations or student supports.\"",\n    \""square entries report more pervasive student safety and bullying problems plus inconsistent or punitive discipline responses than circle entries\"": \""This captures the dense cluster of square reports about fights, drug use, sexual harassment, suicide, police involvement and weak/retaliatory disciplinary handling—a distinct theme about on‑the‑ground student safety and climate that is separable from governance failures, program offerings, academic strength, or counseling/IEP implementation.\"",\n    \""square entries describe stronger advanced academic programs and measurable postsecondary outcomes than circle entries\"": \""This groups square claims about abundant AP/IB/dual‑enrollment/STEM/CTE pathways and named elite college matriculations or measurable test/graduation outcomes, keeping academic-program strength separate from extracurricular prominence, safety/climate issues, admin dysfunction, or individualized special‑needs/counseling stories.\"",\n    \""square entries document more administrative and staff dysfunction — favoritism, nepotism, inconsistent teacher quality, punitive or inconsistent discipline, and recordkeeping/communication failures — than circle entries\"": \""This bucket isolates governance and personnel patterns (opaque discipline, favoritism toward athletes/wealthy families, nepotism, mishandled records/fees, high turnover and unresponsiveness) that underlie many complaints but are conceptually distinct from specific safety incidents, curricular breadth, or special‑education/counseling service quality.\"",\n    \""square entries report more inconsistent, inadequate, or non‑compliant student support services (counseling, special‑education, remediation, and parent communication) than circle entries\"": \""This groups the detailed, concrete accounts in square reviews about IEP/504 failures, counselor overload or responsiveness, mixed special‑education practice, and remediation/tutoring access—focusing on frontline student‑support delivery rather than broader admin governance, overall academic program offerings, extracurricular life, or general safety incident reports.\""\n}""]",,65.21869802474976,28586,3456,3994,,[],['resp_069fba0ceeac9a0e006a739aeebc7c819fa789b996b73e6d33'],True
vote|reduce1|11|3,"[""{\n    \""square entries report more frequent and more severe student-safety, bullying, and substance-use incidents with inconsistent enforcement than circle entries\"": \""This groups the many raw items describing fights, gangs, drugs/vaping, bomb/gun threats, routine bullying, police calls, and claims that discipline is inconsistent or ineffective; it is distinct from program/resource or admin-failure buckets because it focuses on on-campus threat incidents and enforcement outcomes rather than programs, facilities, or governance.\"",\n    \""square entries describe stronger, broader advanced-academic and college-prep offerings (AP/IB/dual-enrollment/CTE) and more measurable postsecondary outcomes than circle entries\"": \""This captures the repeated evidence of IB/AP/dual‑enrollment/STEM/academy pathways, AP breadth and test/college‑placement metrics in square reviews; it is mutually exclusive from extracurricular or operational buckets because it refers specifically to formal academic pathways and measurable college/career outcomes rather than clubs, facilities, or administrative behavior.\"",\n    \""square entries document broader, better‑resourced extracurricular, vocational, arts, athletics programs and facility/partnership investments than circle entries\"": \""This groups the many square claims of thriving band/theater/JROTC/athletics, booster-funded investments, specialized academies and visible program achievements; it is kept separate from the facilities/resources bucket by focusing on program breadth, achievements and community/booster backing rather than building condition, crowding, or basic operational shortfalls.\"",\n    \""square entries document more administrative/governance dysfunction, favoritism, unresponsiveness and cover‑ups than circle entries\"": \""This consolidates allegations about nepotism, biased discipline/favoritism for athletes/affluent families, record‑keeping failures, punitive or retaliatory administrative actions, and unresponsiveness/cover‑ups; it differs from staff‑turnover or instructional-quality themes by centering on governance, policy abuse and mishandled complaints rather than pure teacher quality or facilities.\"",\n    \""square entries report worse facility condition, operational failures, overcrowding, and basic resource shortages than circle entries\"": \""This groups explicit claims about dirty or dilapidated buildings, overcrowding, scheduling/transportation logistics, supply shortages and contested capital priorities (even when mixed with isolated renovations); it is distinct from extracurricular/funding and academic-program buckets because it addresses physical infrastructure and day‑to‑day operational capacity rather than program offerings or governance behavior.\""\n}""]",,66.32706499099731,28412,2240,2743,,[],['resp_0d2ad05f22ba48d7006a739aef4e808192b981391a63e8b8ad'],True
vote|reduce1|5|0,"[""{\n    \""square entries document worse staff and administrative professionalism, responsiveness, equity, and special‑education compliance problems than circle entries\"": \""Groups many reviewer claims about unresponsive/rude office staff, favoritism, record‑keeping/IEP/504 failures, discriminatory enforcement, and counselor/teacher accountability into a single governance/staff‑practice bucket; this is distinct from safety, facilities, extracurriculars, and program‑strength because it centers on personnel, governance and legal/communication compliance rather than student conduct, buildings, or curricular breadth.\"",\n    \""square entries report more frequent and severe student safety, bullying, and on‑campus substance‑abuse incidents than circle entries\"": \""Collects all evidence of fights, stabbings, suicides, pervasive bullying, vaping/drug use, lockdowns, and administrative minimization of those incidents into a single student‑safety/climate bucket; this is mutually exclusive from staff/governance failures (which are about actors and policies), facilities (which are about space and upkeep), academics (program offerings/outcomes), and extracurricular scope/priority.\"",\n    \""square entries describe a broader, better‑resourced extracurricular / arts / CTE ecosystem and higher student participation than circle entries\"": \""Captures reviewer reports of many clubs, award‑winning bands, CTE/CTE academies, vocational tracks, Cirque/magnet programs and high participation or booster activity — a program‑breadth and community‑engagement bucket that is separate from academic rigor/college‑prep (course quality and outcomes), safety/climate, physical capacity, or staff/governance problems.\"",\n    \""square entries report poorer physical facilities, overcrowding, sanitation, and resource shortfalls (vs. circle entries)\"": \""Aggregates complaints about overcrowded classes/hallways, trailers, mold/odors, broken infrastructure, parking/traffic and food/bathroom logistics into a facilities/capacity/resource bucket that is about physical environment and operations rather than teacher quality, safety incidents, extracurricular offerings, or curricular rigor.\"",\n    \""square entries describe stronger, broader advanced‑course offerings and documented college‑access outcomes than circle entries\"": \""Groups claims about AP/IB/dual‑enrollment, measurable test/ranking outcomes, SAT/ACT prep, college credit/placement and vocational-to-college pathways into an academic‑program/college‑prep bucket distinct from extracurricular breadth (activities/facilities), staff/governance conduct, student safety, or physical/operational conditions.\""\n}""]",,68.04546213150024,28848,4480,5006,,[],['resp_03f1c6c4c67bc667006a739aeebe8481a1bfd062e33ce605f4'],True
vote|reduce1|0|0,"[""{\n    \""square entries report more acute facility, operational, and resourcing problems (overcrowding, maintenance, scheduling, tech, budgets, and communication) than circle entries\"": \""This groups all concrete, physical and operational evidence (overcrowded halls, mold/pests, broken HVAC, lunch/transport/logistics, textbook/tech shortages, budget tradeoffs and capital projects) — a distinct theme about material capacity and service delivery that is separate from safety incidents, program strength, staff quality, or governance problems.\"",\n    \""square entries report more safety incidents, bullying, drug use and student mental‑health crises (and associated prevention/response efforts) than circle entries\"": \""This bucket captures persistent threats to student safety and wellbeing (fights, drugs, sexual misconduct, suicidality, bullying, gang activity and mental‑health neglect) and the school's remedial or absent responses — a distinct cluster focused on student harm and protection rather than facilities, curricular offerings, teacher variability, or administrative politics.\"",\n    \""square entries exhibit greater variability and polarization in teacher quality, instructional practices, and classroom control than circle entries\"": \""This groups evidence of wide within‑school contrasts (excellent AP/mentor teachers alongside apathetic/tenured underperformers, heavy AP rigor vs. neglected general classes, inconsistent classroom management) — a distinct pattern about instructional heterogeneity distinct from facility problems, safety crises, governance failings, or overall program portfolios.\"",\n    \""square entries document more administrative and counseling failures, inconsistent staff responsiveness, leadership instability, favoritism/discriminatory enforcement, and governance/resource scandals than circle entries\"": \""This bucket collects problems tied to leadership, governance and staff accountability (unresponsive counselors/front office, favoritism toward athletes/wealthy parents, nepotism, cover‑ups, leadership churn and policy inconsistency) and is meaningfully different from discrete safety events, physical resource shortages, program strength, or teacher‑level variability.\"",\n    \""square entries exhibit stronger formal advanced-academic programs and measurable college-preparatory outcomes than circle entries\"": \""This groups the concrete, positive programmatic strengths (AP/IB/dual enrollment/CTE academies, named strong arts/music programs, measurable college placements and scholarships) into a single theme about program richness and outcomes that is separate from issues of facilities, safety, teacher inconsistency, or administrative dysfunction.\""\n}""]",,69.93410181999207,28333,2304,2802,,[],['resp_0f5a18ab00939d2e006a739aeebe3481a3818b59f3bd2bdfdc'],True
vote|reduce1|9|2,"[""{\n    \""square entries describe broader, more active extracurricular, athletics, arts, faith, alumni, and community engagement than circle entries\"": \""This bucket groups the many square reviews that catalog program breadth, championship teams, booster/parent/alumni activity and no‑cut or high‑participation access to clubs/arts — a program/engagement dimension that is about available opportunities and community mobilization, not about academic rigor, physical plant, safety incidents, or governance behavior, so it is distinct from the other selected buckets.\"",\n    \""square entries describe greater extremes in facilities, funding, and resource allocation (both concentrated investments and glaring maintenance/overcrowding failures) than circle entries\"": \""This bucket captures square reviews that report concrete facility and capacity contrasts (new auditoriums or turf vs. mold, cockroaches, pot‑holes, overcrowded halls, parking/bussing gaps and selective capital spending), which is a physical‑resource/capacity theme separate from program breadth, student safety incidents, administrative favoritism, or curricular strength.\"",\n    \""square entries document greater administrative dysfunction, inequitable enforcement, and governance/budget problems than circle entries\"": \""This bucket collects square evidence of governance failures — nepotism/favoritism, inconsistent or punitive policies, recordkeeping/scheduling/counseling errors, board/district mismanagement and budget opacity — a leadership/governance axis that explains process and fairness problems but is conceptually distinct from raw facility condition, student safety events, extracurricular breadth, or advanced academic offerings.\"",\n    \""square entries report more frequent, severe, and unaddressed student safety and discipline problems than circle entries\"": \""This bucket groups square reviews describing bullying, fights, gang/drug activity, sexualized incidents, student mental‑health crises and punitive or ineffective disciplinary responses — the direct school‑safety and student‑harm signal which is about incidence and impact on students rather than program quantity, physical infrastructure, governance mechanics, or academic pathways.\"",\n    \""square entries report stronger advanced-academic pathways, AP/IB/honors access, and measurable college-preparation outcomes than circle entries\"": \""This bucket covers square reviews that list concrete curricular strength (AP/IB/honors, dual‑enrollment, test scores, graduation/college placement) — an academic‑program/outcomes dimension focused on rigor and measurable college readiness that is separate from extracurricular scale, facility condition, governance failures, or student safety incidents.\""\n}""]",,76.5046718120575,28157,3776,4288,,[],['resp_0f0f2e2affe155da006a739aef48b4819e9a25dc60899b3750'],True
vote|reduce1|15|1,"[""{\n    \""square entries describe substantially broader and more concrete advanced academic, extracurricular, and college/career pathway offerings than circle entries\"": \""Groups the many raw items that list named AP/IB/dual‑enrollment/magnet/CTE pathways, measurable college/career outcomes, award‑winning teams and wide extracurricular breadth; this is distinct from facility, safety, admin or frontline‑support claims because it focuses on programmatic offerings and measurable student outcomes rather than governance, maintenance, or incident response.\"",\n    \""square entries report more pervasive student-safety, bullying, harassment, substance‑use and racial/sexual‑orientation hostility — often paired with ineffective administrative responses — than circle entries\"": \""Captures the cluster of concrete reports about fights, gangs, drugs, sexual/racial harassment, persistent bullying and failure to protect or adequately investigate — a climate/incident-oriented category that is about student conduct and on‑the‑ground safety (not program strength, building condition, or formal governance failures captured elsewhere).\"",\n    \""square entries report greater administrative and governance dysfunction—including favoritism/nepotism, inconsistent discipline, punitive fee/record‑keeping policies, and poor responsiveness—than circle entries\"": \""Groups raw items alleging cronyism, biased enforcement, punitive policies (fees, harsh tardy rules), opaque governance decisions and unprofessional leadership behavior; this bucket is about systemic leadership/policy failures and decision‑making (distinct from frontline counseling shortages or campus safety incidents which are downstream consequences).\"",\n    \""square entries report greater facility deterioration, overcrowding, sanitation problems, and space/capacity strain than circle entries\"": \""Collects the concrete infrastructure/resource evidence (dead rats, sewer odor, trailers, no AC, overcrowded classes, renovations vs. severe maintenance failures and budget tradeoffs) and funding/prioritization tensions — a physical‑plant and capacity theme separate from program offerings, staff governance, or student conduct.\"",\n    \""square entries report more frontline student‑support gaps and inconsistent staff responsiveness (counseling, special‑education, mental‑health, nurses, teacher follow‑up) than circle entries\"": \""Covers the detailed accounts about IEP/504 implementation successes and failures, counseling availability/mishandling, mental‑health referral paths, tutoring/remediation access and teacher follow‑up issues — specifically operational student‑support services rather than high‑level governance, facility or extracurricular descriptions.\""\n}""]",,215.65820598602295,28261,3264,3783,,[],['resp_0cd895b2bfa92647006a739af0eab481a18f7662efa4a92be5'],True
