Identifier,Response,Web Search Sources,Time Taken,Input Tokens,Reasoning Tokens,Output Tokens,Reasoning Effort,Error Log,Response IDs,Successful
vote|reduce1|15|0,"[""{\n    \""circle entries report more administrative and governance dysfunction (turnover, favoritism, cover‑ups, coercion, hiring based on connections) than square entries\"": \""Groups reviews that document leadership and governance pathologies—nepotism, favoritism toward athletes/donors, cover‑ups, mass firings, and leadership instability—distinct from facilities/operational problems (which are tactical service failures) or from safety/academic program descriptions (which are about student outcomes and incidents).\"",\n    \""circle entries report more tangible facilities, operational, and parent‑communication breakdowns than square entries\"": \""Captures concrete service- and infrastructure-level failures (overcrowding, lunches/busing, scheduling, front‑office nonresponse, maintenance, resource misallocation) that are operationally distinct from governance/favoritism issues, student safety incidents, special‑education practice, or academic-program quality.\"",\n    \""circle entries report more student violence, drug activity, gang presence, and acute safety incidents than square entries\"": \""Groups all reviewer reports of on‑campus safety crises—fights, gangs, drugs, sexual incidents, invasive searches, bullying and staff non‑intervention—separating immediate physical/behavioral safety problems from administrative misconduct, operational logistics, counseling/IEP supports, or programmatic academic claims.\"",\n    \""circle entries emphasize stronger measurable college‑preparatory outcomes and academic rigor than square entries\"": \""Collects reviews describing concrete academic strengths and measurable post‑secondary signals (AP/IB breadth, dual‑credit, high ACT/SAT, scholarship/college admits, rigorous pedagogy) and distinguishes them from individualized special‑needs supports, safety complaints, governance failures, or mere operational descriptions.\"",\n    \""circle entries contain more explicit, concrete claims about special‑education, guidance/counseling, and individualized supports (both positive and negative) than square entries\"": \""Groups reviews that discuss IEP/504 practice, counselor responsiveness, remediation/credit‑recovery, ADHD accommodations and individualized teacher outreach—focusing on student support systems and legal/accommodation practice rather than facilities, governance, broad academic prestige, or acute safety incidents.\""\n}""]",,19.50110101699829,26516,512,988,,[],['resp_06f2ded9584a488f006a72548831f4819fbf013c9fd906addf'],True
vote|reduce1|10|0,"[""{\n    \""circle entries show more pronounced teacher/staff polarization: higher reports of highly engaged, individualized teacher support coexisting with greater variability, turnover, and staffing problems than square entries\"": \""Captures the recurring pattern in circle reviews of both exceptionally committed teachers and frequent teacher-quality/turnover problems—distinct from special‑education concerns, governance/favoritism, facilities logistics, or program‑level academic offerings which are separate phenomena.\"",\n    \""circle entries surface special‑education, IEP/504 and counseling issues (both concrete success stories and explicit failures/understaffing/rights abuses) far more than square entries\"": \""Groups all reviewer evidence about special‑education and counseling practice (positive accommodations, procedural violations, denials, ESL gaps, and counselor behavior) into one bucket that is operationally and legally distinct from general teacher variability, governance favoritism, facilities failures, or advanced‑program descriptions.\"",\n    \""circle entries report more administrative misconduct, insider favoritism, nepotism, punitive/retaliatory practices, and overt prioritization of athletics over academics than square entries\"": \""Aggregates governance‑level problems (corruption, secrecy, selective enforcement, athletic privilege, retaliatory discipline) that are about leadership and policy choices rather than classroom instruction quality, special‑education service delivery, facility logistics, or curricular program strength.\"",\n    \""circle entries report more concrete operational, facility and logistical failures (food shortages, chronic tech/device breakdowns, enrollment/scheduling errors, grade/reporting problems, pest/maintenance issues) than square entries\"": \""Contains the tangible, day‑to‑day infrastructure and operational complaints (HVAC, sanitation, scheduling/registration errors, device rollouts, cafeteria/transport) that are materially different from personnel polarization, governance misconduct, SPED/counseling issues, or academic-program content.\"",\n    \""circle entries document stronger formal college-prep, advanced coursework, dual‑credit and measurable postsecondary outcomes than square entries\"": \""Groups explicit programmatic evidence (AP/IB/dual‑enrollment, vocational/CTE pathways, documented college acceptances/awards) into an outcomes/programs bucket that is separate from staff behavior, special‑education/counseling, governance/favoritism, or facilities/operational failures.\""\n}""]",,21.64479899406433,26444,1472,1959,,[],['resp_0427e50646279e31006a72548828148192b23c799a32d0ee5e'],True
vote|reduce1|21|0,"[""{\n    \""circle entries report more frequent and severe student safety and behavior incidents (fights, drugs, weapons, sexual assaults, hate crimes, vandalism) than square entries\"": \""Many raw items document bullying, on‑campus fights, drug/tobacco use, gang/shooting incidents, sexual harassment, threats and lockdowns in circle reviews—this bucket isolates student safety/behavioral crises as a distinct phenomenon separate from facility, governance, academic, or extracurricular descriptions.\"",\n    \""circle entries report more administrative and governance dysfunction, communication failures, favoritism/nepotism, and punitive or inconsistent discipline than square entries\"": \""Numerous entries allege nonresponsive leadership, politicized boards, favoritism/nepotism, manipulated student governance and unequal/retaliatory discipline in circle reviews; this bucket focuses specifically on governance/process failures and is conceptually distinct from safety incidents, material resource problems, academic program strength, or extracurricular breadth.\"",\n    \""circle entries report stronger advanced-academic programs, AP/IB breadth, and measurable college-prep outcomes than square entries\"": \""A large cluster of circle reviews highlights robust AP/IB/dual‑credit tracks, high test/college‑placement metrics and named college‑prep pathways; this bucket captures academic-program substance and outcomes and does not overlap with governance, safety, facilities, or extracurricular program breadth.\"",\n    \""circle entries describe broader extracurricular, vocational, arts, and enrichment offerings and contested resource prioritization (strong sports/arts magnets, career academies, working bank) more than square entries\"": \""Many circle items enumerate extensive arts, band, UIL, vocational/CTE, magnet and championship athletics programs and disputes about resource prioritization, so this bucket groups programmatic breadth and community/booster prominence apart from facility conditions, governance, teacher quality, or academic rigor.\"",\n    \""circle entries document greater facility and resource variability (underfunding, maintenance/sanitation, technology and textbook gaps, and capital vs. staff spending tensions) than square entries\"": \""Raw terms repeatedly describe overcrowding, mold/infestations, uneven renovations, 1:1 device rollouts gone wrong, levy dependence and contested capital vs staffing spending—this bucket isolates concrete material, funding and operational resource issues from governance, safety, curricular rigor, or extracurricular programming.\""\n}""]",,24.497066020965576,26520,1024,1497,,[],['resp_014ee4a498792b7e006a7254883170819d9d189754b3ac383c'],True
vote|reduce1|21|3,"[""{\n    \""circle entries report more pervasive student violence, bullying, gang/drug activity and administrative inaction than square entries\"": \""This bucket captures the many circle reports of fights, bullying (including targeting of disabled/LGBTQ students), drug/substance use, ganglike behavior, threats and suicidal crises combined with staff non‑intervention — a distinct safety/behavior cluster separate from administrative governance, academics, community engagement, or facility issues.\"",\n    \""circle entries describe richer, more active community & extracurricular ecosystems (parent/PTA/booster involvement, alumni networks, business/nonprofit mentoring, robust arts/athletics) than square entries\"": \""This groups circle items that document strong parent/PTA/booster activity, alumni ties, internships, award‑winning arts/athletics and organized volunteer programs — a community/extracurricular strength profile that is conceptually different from safety problems, operational failures, academic pathways, or governance/favoritism concerns.\"",\n    \""circle entries document more administrative mismanagement, unresponsiveness, favoritism/nepotism, and governance failures than square entries\"": \""This bucket aggregates circle allegations about opaque boards, nepotistic hiring, favoritism toward athletes/wealthy families, retaliation/secrecy, and refusal to cooperate with parents or law — governance and personnel dysfunction distinct from frontline safety incidents, extracurricular richness, facility breakdowns, or academic programming.\"",\n    \""circle entries report more concrete, diverse college‑prep and career pathways (AP, dual‑enrollment, early college, CTE, industry certifications) and documented college‑credit/outcomes than square entries\"": \""This groups the circle reviews that list explicit advanced/technical pathways (AP/IB, dual enrollment, early college, CTE, certifications), measurable outcomes (college credits, matriculation, awards) — a programmatic/academic‑pathway cluster not reducible to community engagement, safety, governance, or facilities.\"",\n    \""circle entries report more concrete facility, operational, and administrative service failures (cafeteria/food quality, restroom/maintenance problems, parking/transit, lost transcripts and billing errors) than square entries\"": \""This captures circle reports of tangible operational breakdowns — pests, dirty buildings, food safety, bus/scheduling logistics, recordkeeping and billing mistakes — a facilities/operations category clearly separable from student safety incidents, governance/favoritism claims, extracurricular strength, or academic-program descriptions.\""\n}""]",,25.695446014404297,26614,1856,2382,,[],['resp_04d6220e01c8e30c006a72548834d481a1a538bdd73f0f8e0d'],True
vote|reduce1|24|5,"[""{\n    \""circle entries report more acute facilities, infrastructure and resourcing failures (heat/AC failures, overcrowding, sanitation, underfunding) than square entries\"": \""Groups many concrete, operational complaints about buildings, overcrowding, aging materials, and budget/resource shortfalls into a single infrastructure/resourcing bucket; this is distinct from safety incidents, administrative misconduct, academic program strength, and extracurricular prominence, which are captured by other selected buckets.\"",\n    \""circle entries report more pervasive student safety problems, bullying, fights, police involvement and drug‑related issues than square entries\"": \""Collects all personnel- and student-conduct safety failures (violence, gangs, drug incidents, police responses, pervasive bullying) into one behavioral/safety bucket that is conceptually separate from facility/resourcing failures, administrative dysfunction, academic-program descriptions, and extracurricular/arts narratives.\"",\n    \""circle entries report more administrative and staff dysfunctional practices (unresponsiveness, nepotism/favoritism, hiring problems, inconsistent teacher quality, counseling/special‑education failures, allegations of misconduct and discriminatory discipline) than square entries\"": \""Groups the governance, staffing, discipline-process, and alleged-misconduct patterns (retaliation, nepotism, cover-ups, counseling/SPED noncompliance) into an operational-governance bucket that is clearly different from physical facilities, student-safety incidents, curricular/college-program strength, and extracurricular resource descriptions.\"",\n    \""circle entries report more extensive advanced college‑prep offerings and measurable postsecondary outcomes than square entries\"": \""Aggregates concrete programmatic advantages (AP/IB/dual‑enrollment/early‑college pathways, documented college acceptances and measurable outcomes) into an academic-program/outcomes bucket that is distinct from safety, facilities, governance, and extracurricular achievement or breadth.\"",\n    \""circle entries emphasize broader, award‑winning extracurriculars, active parent/booster engagement, and high student participation more than square entries\"": \""Captures arts/athletics, competitive teams, booster/parent involvement, field trips, and public-facing program achievements in a single extracurricular/community-engagement bucket that does not overlap with infrastructure, safety, governance, or core academic-pathway claims.\""\n}""]",,24.87478494644165,22996,1920,2413,,[],['resp_020ae2e8cd6161e9006a725488184c819d832752c74b015699'],True
vote|reduce1|8|1,"[""{\n  \""circle entries emphasize a small‑school, family‑oriented, highly personalized community with strong parent/alumni involvement and visible teacher support more than square entries\"": \""This bucket groups reviews that describe tightly knit, small‑school culture, high parental/PTA/alumni engagement, and hands‑on teacher mentorship — a distinct people/community dimension that is about size, relationships, and engagement rather than infrastructure, safety, governance, or curricular breadth.\"",\n  \""circle entries describe broader and more formalized advanced-academic and career programming (AP/dual-credit, magnet/STEAM, CTE, college‑prep outcomes) than square entries\"": \""This bucket captures concrete programmatic differences — AP/IB/dual‑enrollment, academies, CTE and measurable college‑prep outcomes — and is explicitly curricular/program-focused, kept separate from operational failures, safety incidents, governance problems, or small‑school community traits.\"",\n  \""circle entries report more operational, facility, and logistical breakdowns (transportation, overcrowding, meal/yearbook/accounting errors, HVAC, lost records, scheduling) than square entries\"": \""This groups the concrete, material and process failures (busing, overcrowding, lost transcripts, cafeteria/scheduling/maintenance problems) into an infrastructure/operations bucket distinct from governance/favoritism, safety/behavior, or academic/program content.\"",\n  \""circle entries report more pervasive bullying, physical fights, substance use, and discriminatory harassment — with frequent reviewer claims that staff and leaders fail to stop it — than square entries\"": \""This safety/behavior bucket aggregates accounts of violence, bullying, gangs, drugs, targeted harassment and related mental‑health harms — a distinct category focused on student safety and misconduct (separable from operational breakdowns, governance/favoritism, or curricular offerings).\"",\n  \""circle entries report more administrative and governance dysfunction, communication failures, favoritism/nepotism, and punitive or inconsistent discipline than square entries\"": \""This captures leadership/management themes — nonresponsive principals, nepotism, selective enforcement, IEP/504 noncompliance and opaque governance — a governance/accountability cluster clearly separable from community closeness, facilities failures, safety incidents, or academic program strength.\""\n}""]",,27.058176040649414,26742,1152,1656,,[],['resp_0bd266dd8642c39e006a725487efac81a28a8b4108855494c4'],True
vote|reduce1|11|4,"[""{\n    \""circle entries report more frequent and severe student-safety and misconduct incidents (fights, drugs, gangs, weapons, theft) than square entries\"": \""This bucket captures concrete on-campus safety, violence and substance‑use incidents and administrative non‑intervention (threats, stabbings, fights, vaping, theft), which is distinct from governance/favoritism issues, curricular/program differences, teacher‑level caring/support, or physical‑resource problems covered by the other buckets.\"",\n    \""circle entries report more administrative and governance dysfunction (turnover, favoritism, cover‑ups, coercion, hiring based on connections) than square entries\"": \""This bucket groups allegations about leadership, opaque/biased enforcement, nepotism, retaliation and governance failures, which are organizational and procedural problems separate from frontline safety incidents, classroom pedagogy/support, academic-program strength, or facility/operational breakdowns.\"",\n    \""circle entries describe stronger advanced academic programs, clearer measurable outcomes, and a more explicit college‑prep reputation than square entries\"": \""This bucket captures claims about AP/IB/dual‑enrollment, measurable college/career outcomes, and explicit college‑prep pathways and metrics—programmatic academic quality indicators that are conceptually distinct from safety, governance, teacher caring, or facilities/resource issues.\"",\n    \""circle entries describe more individualized, small‑school instructional support, caring teachers, and proactive counseling/parent engagement than square entries\"": \""This bucket groups reports of one‑on‑one tutoring, teacher mentorship, small‑school personalization and active counselor/parent outreach, which are human‑resource and pedagogical support patterns separate from governance, large‑scale safety incidents, institutional program breadth, or facilities problems.\"",\n    \""circle entries report more acute facility, operational, and resource failures (overcrowding, broken/absent equipment, sanitation/food-safety issues, transportation gaps) than square entries\"": \""This bucket covers tangible infrastructure and service failures—food safety, buses, tech/lab shortages, maintenance and capital upgrades—which are physical/resource problems distinct from leadership/favoritism, classroom support, programmatic academic rigor, or student‑safety/discipline incidents.\""\n}""]",,29.045347929000854,26271,1344,1832,,[],['resp_07945aa3748f94ee006a725488293c819296afff660c5397a0'],True
vote|reduce1|18|1,"[""{\n    \""circle entries report more frequent and severe student safety, bullying, harassment, and discrimination incidents than square entries\"": \""This groups all raw terms about fights, pervasive bullying, hate‑speech, drug distribution, assaults, victim‑blaming, punitive discipline of victims and staff non‑intervention — a clear safety/behavior cluster that is distinct from program, facilities, or governance complaints.\"",\n    \""circle entries describe stronger formal college-preparatory programs and measurable academic gains than square entries\"": \""This captures the many circular reviews that name AP/IB/dual‑enrollment, elite admits, scholarships, measurable test/college metrics and structured remediation/acceleration pathways — a programmatic/outcome cluster separate from safety, facilities, or governance issues.\"",\n    \""circle entries document more concrete administrative breakdowns, mismanagement, and formal escalations (unresponsiveness, financial or legal complaints, staff-targeting) than square entries\"": \""This bucket groups allegations of cover‑ups, lying administrators, nepotism/favoritism, punitive/retaliatory leadership, BOE unresponsiveness and governance churn — governance/ethics failures that are conceptually distinct from classroom quality, student safety, or physical‑resource claims.\"",\n    \""circle entries provide more concrete facility, operational, and program-structure detail (technology, renovations, schedules, sanitation, transportation, cafeterias, portable classrooms, and credit/dual‑enrollment systems) than square entries\"": \""This groups the many concrete operational and infrastructure items (HVAC, overcrowding, cafeterias, transportation, 1:1 device programs, schedule blocks, meal/records/billing errors and capital projects) which are logistical/resource observations distinct from pedagogy, safety, or governance.\"",\n    \""square entries describe more consistently accessible, caring, and stable staff/administration with better parent communication than circle entries\"": \""This captures the cluster of square reviews emphasizing steady, caring teachers, reliable counseling/parent outreach and lower turnover — a human‑resource/staff‑support pattern that is meaningfully different from circle’s programmatic strengths, safety crises, facility problems, or governance failings.\""\n}""]",,29.066386938095093,26521,1344,1839,,[],['resp_0b506eb4a18bc683006a72548827a081a19371a5a744658934'],True
vote|reduce1|12|5,"[""{\n    \""circle entries report more pervasive student safety problems, bullying, and racially/sexually discriminatory incidents with staff/administration failing to intervene than square entries\"": \""Groups reviews that describe concrete student-harm incidents (fights, weapons/drugs, pervasive bullying, identity‑based harassment) and repeated adult non‑intervention; this is focused on on-the-ground safety/harms and is distinct from governance, programming, facilities, or academic-offering categories.\"",\n    \""circle entries report more administrative and operational dysfunction, favoritism, secrecy, metric manipulation, and resource mismanagement than square entries\"": \""Captures allegations about governance and misconduct (nepotism, favoritism, grade/record manipulation, discipline quotas, opaque decisions, leadership turnover) and is explicitly about administration/governance failures rather than incident-level student safety, instructional quality, facilities, or curricular offerings.\"",\n    \""circle entries report more extensive advanced college‑prep offerings and measurable postsecondary outcomes than square entries\"": \""Groups reviews documenting formal academic pathways and measurable outcomes (AP/IB/dual enrollment/college credits, scholarship/Ivy admits, named programmatic pipelines), focusing on curricular opportunity and outcomes rather than extracurricular prestige, safety, or administrative problems.\"",\n    \""circle entries document richer, higher‑profile extracurricular and athletics/fine‑arts programs and often report athletics prioritized over academics more than square entries\"": \""Covers concrete, high‑visibility nonacademic offerings (state championships, renowned music/choir, engineering teams, large club ecosystems) and critiques about athletics/booster prioritization — a programmatic/extracurricular axis separate from academic pathways, safety incidents, or governance misconduct.\"",\n    \""circle entries report more tangible facilities, operational, and parent‑communication breakdowns than square entries\"": \""Groups reviews describing infrastructure and operational deficits or logistics/communication failures (outdated textbooks/tech plans, cafeteria/lunch scheduling, lost paperwork, parent portal failures, device rollouts), which are concrete facility/operations problems distinct from governance malpractice, classroom programming, extracurriculars, or student-safety incidents.\""\n}""]",,29.294432878494263,23103,1600,2069,,[],['resp_0811a133fc1536f4006a72548817b88191b45c4cb1e5783ef9'],True
vote|reduce1|16|3,"[""{\n    \""circle entries report more pervasive student-safety problems, bullying/harassment (including identity‑based attacks), physical fights, and repeated administrative failure to intervene than square entries\"": \""This bucket captures the many raw terms about violence, bullying, hate‑based harassment, substance use, weapons, and documented adult non‑intervention; it is distinct from governance, facilities, academic program, and support/service buckets because it focuses specifically on on‑campus safety incidents and staff failure to protect students.\"",\n    \""circle entries report more administrative dysfunction, opaque governance, and hostile parent interactions than square entries\"": \""This groups items about nepotism/favoritism, cover‑ups, politicized school boards, record manipulation, punitive governance, and adversarial parent–office relations; it is mutually exclusive from safety, facilities, academic-program, and special‑education buckets because it centers on leadership, policy, and governance behavior rather than frontline incidents or service delivery.\"",\n    \""circle entries describe stronger formal academic programs, specialized tracks, and measurable college‑preparatory outcomes than square entries\"": \""This bucket aggregates the concrete claims of robust AP/IB/dual‑enrollment/CTE/JROTC pathways, measurable postsecondary matriculation and scholarship outcomes, and named specialized tracks — a programmatic/academic offering cluster distinct from safety, governance, staffing/support, or physical‑resource issues.\"",\n    \""circle entries document more operational, facility, and logistical failures and burdens (food, transportation, overcrowding, scheduling, maintenance) than square entries\"": \""This captures the repeated, concrete complaints and upgrades about buildings/maintenance, HVAC/AC, pests/food quality, overcrowding/parking, scheduling/transcript errors and transport problems — focusing on physical and logistical infrastructure rather than governance decisions, safety incidents, academic programs, or individualized student supports.\"",\n    \""circle entries document more failures, delays, and inadequacies in special‑education services and remediation for struggling learners than square entries\"": \""This bucket groups the many specific IEP/504 noncompliance, counseling/casework breakdowns, poor remediation, mental‑health neglect and targeted failure to support vulnerable students; it is separate from overall teacher quality, governance, facilities, or broad academic program claims because it zeroes in on legally‑mandated and personalized support failures.\""\n}""]",,30.519094944000244,26786,2368,2855,,[],['resp_04e24966e62f6ef7006a7254883500819c8206d8afc7e3f3df'],True
vote|reduce1|7|4,"[""{\n    \""circle entries describe broader and more numerous specialized academic and extracurricular pathways, partnerships, and high‑level program offerings than square entries\"": \""Groups reviews that enumerate concrete programmatic breadth (AP/IB/dual‑enrollment, career academies, internships, arts, ROTC, scholarships and external partnerships) and is distinct from community or operational claims because it focuses on documented curricular/pathway offerings and measurable outcomes rather than safety, governance, staffing, or culture.\"",\n    \""circle entries portray a tighter small‑school / family community with higher parental/alumni continuity and personalized teacher investment than square entries\"": \""Captures reports of small‑school intimacy, multi‑generational enrollment, strong alumni/booster support, high parental volunteering and individualized teacher mentorship, and is mutually exclusive because it describes social/community structure and relationships rather than program breadth, administrative failures, safety incidents, or teacher credential/turnover problems.\"",\n    \""circle entries report more administrative and operational governance failures (communication, discipline inconsistency, resource/facility mismanagement, and closed‑door/board indifference) than square entries\"": \""Groups explicit complaints about district/board-level unresponsiveness, billing/records errors, policy non‑enforcement, finance/mismanagement and facility projects or omissions, and is distinct from teacher-level misconduct, student-safety incidents, community cohesion, or curricular/program descriptions.\"",\n    \""circle entries report more pervasive student-safety and behavior breakdowns (bullying, fights, drugs, violence) than square entries\"": \""Collects reviews describing bullying, assaults, drug/gang activity, police/SRO presence and administrative tolerance or mishandling of these incidents, and is kept separate from governance failures or teacher‑quality issues because it centers on student conduct and campus safety outcomes rather than bureaucratic or instructional processes.\"",\n    \""circle entries report more staffing instability, teacher qualification problems, and staff favoritism or misconduct than square entries\"": \""Encompasses complaints about high turnover, unqualified or absent teachers, classroom humiliation, favoritism/nepotism by staff/coaches, grade‑manipulation and specific teacher misconduct, and is mutually exclusive by focusing on personnel competence and behavior at the classroom/staff level rather than on systemic governance, safety incidents, community cohesion, or program offerings.\""\n}""]",,30.569791793823242,26458,1472,1960,,[],['resp_0f9718aa3b7206de006a7254879a7c81a2aad47f22c9c62cc0'],True
vote|reduce1|9|0,"[""{\n    \""circle entries allege more governance failures, administrative neglect, favoritism/nepotism, suppression of criticism, and exclusionary or punitive policies than square entries\"": \""This bucket captures reviewer claims about leadership misconduct, biased discipline, nepotism, retaliation, and opaque governance (e.g., favoritism for athletes/donors, fake positive reviews, punishment tied to payments/grades), which is distinct from safety incidents, program breadth, instructional rigor, or facility problems covered by the other buckets.\"",\n    \""circle entries report more severe student safety, bullying, substance, and adult non‑intervention problems than square entries\"": \""This groups reports of acute on‑campus harm and adult failure to protect (daily fights, bomb/shooting threats, gang/drug activity, pervasive racist/homophobic harassment, victims blamed), a concrete safety/behavior cluster that is separate from governance/policy allegations, academic offerings, extracurricular strength, or physical/facility failures.\"",\n    \""circle entries report more concrete advanced academic programs, AP/IB/dual‑enrollment, and measurable college outcomes than square entries\"": \""This bucket aggregates descriptions of formalized rigorous academics and documented postsecondary metrics (IB/AP/dual enrollment, college acceptances, scholarships, named partnerships), which is conceptually about curricular pathways and outcomes rather than governance, safety, extracurricular breadth, or operational infrastructure.\"",\n    \""circle entries describe broader, better‑resourced extracurricular, arts, competitive-team and alternative-program offerings (magnet/dual‑credit/internships) more than square entries\"": \""This captures the many reports of expansive extracurricular life and community investment (award‑winning band, athletics, drama, camps, JROTC, 1:1 devices, alumni boosters) and is distinct from academic-program rigor, safety incidents, governance failures, or facility/operational breakdowns.\"",\n    \""circle entries report more operational, facilities, funding, and records-management failures (maintenance, pests, heating/ventilation, transportation, lost transcripts, corrupt budget allocations) than square entries\"": \""This bucket groups concrete logistics and infrastructure breakdowns—overcrowding, sanitation/pest issues, bus/food failures, scheduling/grade/reporting errors and alleged misallocated capital—that are operational in nature and separate from program quality, extracurriculars, safety incidents, or governance favoritism.\""\n}""]",,31.119025230407715,26547,1472,1967,,[],['resp_00755537bb4b721c006a7254882d5081a3af49a06fca5d0615'],True
vote|reduce1|0|4,"[""{\n    \""circle entries report more severe student‑safety and criminal incidents (gang affiliation, in‑class drug use, violent bullying, vandalism) than square entries\"": \""This captures the large cluster of raw terms documenting physical violence, gang/drug activity, frequent fights, assaults, and unhandled bullying in circle reviews — a concrete safety/incident pattern that is distinct from administrative governance, academic programming, facility reporting, or community/cohort cohesion (the other buckets).\"",\n    \""circle entries report stronger academic rigor, AP/IB/dual‑enrollment offerings and measurable college outcomes than square entries\"": \""This groups the many circle statements about AP/IB/dual enrollment, honors/tracking, documented scholarship/college matriculation and measurable academic outcomes, and is explicitly about curricular rigor and postsecondary pathways rather than safety, governance/favoritism, facilities, or community intimacy.\"",\n    \""circle entries report stronger small-school personalization and proactive teacher/counselor mentorship, family/community cohesion, traditions, and localized supports than square entries\"": \""This bucket aggregates comments about small class sizes, close-knit/alumni/parental involvement, mentoring/tutoring availability, school‑spirit and traditions — a people-and-culture pattern that is separate from programmatic rigor, safety incidents, administrative corruption, or material/facility conditions.\"",\n    \""circle entries report more administrative and staff dysfunctional practices (unresponsiveness, nepotism/favoritism, hiring problems, inconsistent teacher quality, counseling/special‑education failures, allegations of misconduct and discriminatory discipline) than square entries\"": \""This groups reports alleging governance failures, favoritism/nepotism, punitive or opaque discipline, retaliation, and HR/record‑keeping problems — clearly about leadership and personnel misconduct/structures and distinct from student‑safety incident reports, curricular breadth, community warmth, or physical resource descriptions.\"",\n    \""circle entries provide more concrete reporting of facilities, funding, staffing, credentialing, and governance issues (both positive renovations and specific failures) than square entries\"": \""This captures the dense set of concrete operational details (overcrowding, AC/cleanliness, tuition/fees, capital upgrades, teacher credentialing, camera/metal detector failures, funding shortfalls) emphasizing material and resource conditions, which is materially different from the other buckets that focus on safety incidents, academic program quality, community personalization, or administrative malpractice.\""\n}""]",,32.06585192680359,26347,1600,2124,,[],['resp_0f47ea63dc3a2681006a72548760d8819eb63c3ce7e7e2d8eb'],True
vote|reduce1|3|0,"[""{\n    \""circle entries report more pervasive student safety, behavioral, inclusion, and disciplinary problems than square entries\"": \""This cluster groups all raw terms about bullying, fights, weapons/drugs, sexual harassment, racial harassment, retaliatory/misapplied discipline, and police/security incidents — a distinct on‑campus safety/behavior dimension that is separable from administrative governance, facilities deficits, program breadth, or community identity.\"",\n    \""circle entries report more administrative dysfunction, favoritism, enrollment/record manipulation, and poor responsiveness than square entries\"": \""This bucket captures governance failures (nepotism, favoritism, arbitrary discipline, enrollment/residency manipulation, nonresponsive escalation and record/billing errors) and is conceptually distinct from safety incidents, physical resource problems, program offerings, or family/community culture.\"",\n    \""Circle entries report more concrete facilities, operational and funding instability issues (cleanliness, food quality, HVAC, overcrowding, program cuts, tuition/donor influence, tech provisioning) than square entries\"": \""This groups raw terms about physical plant, maintenance, sanitation, overcrowding, technology lag, cafeteria/bus/logistics, and funding/service cuts — an operational/facilities/resource axis that does not overlap with administrative favoritism (policy/governance), student safety/behavior, programmatic breadth, or community identity.\"",\n    \""circle entries document broader, concrete programmatic offerings and hands‑on/career pathways (vocational & technical programs, culinary/recording studio, JROTC/IB, dual‑credit, STEM/CTE, extensive extracurriculars) and often cite measurable alumni/postsecondary outcomes more than square entries\"": \""This bucket groups all specifics about advanced academic tracks, IB/AP/dual‑enrollment/early‑college, CTE/vocational pathways, award‑winning arts/athletics and documented college/career outcomes — a programmatic/academic-offering dimension distinct from safety, facilities, governance, or local community culture.\"",\n    \""circle entries emphasize stronger localized community, parental/alumni engagement, faith identity, and small‑school family culture than square entries\"": \""This captures reviewers' repeated descriptions of tight small‑school family feel, faith or single‑sex identity, booster/parent fundraising and relocation/legacy behavior — a social/missional community identity axis that is separate from program depth, facility problems, safety incidents, or administrative governance failings.\""\n}""]",,32.43162989616394,26131,1664,2181,,[],['resp_0d4bab034b3b2f0b006a7254878bb4819c8ff0e5b226b15c59'],True
vote|reduce1|23|3,"[""{\n    \""circle entries describe stronger formal academic programs, measurable test/ranking improvement, and clearer college‑readiness outcomes than square entries\"": \""Many circle reviews list AP/IB/dual‑enrollment, rising test scores, college matriculation and scholarship totals—this groups all concrete claims of advanced programming and measurable postsecondary outcomes and is distinct from safety, governance, facilities, or community themes which are about operations or culture rather than programmatic academic rigor and results.\"",\n    \""circle entries report more frequent and severe student‑safety and behavior incidents (bullying, fights, drugs, hazing) than square entries\"": \""Numerous circle reviews recount fights, weapons/drug incidents, sexual harassment, suicidal crises, pervasive bullying and adult non‑intervention—this clusters all direct safety/violence/peer‑misconduct problems and is separate from administrative misconduct, facility logistics, academic programs, or community identity.\"",\n    \""circle entries allege more governance failures, administrative neglect, favoritism/nepotism, suppression of criticism, and exclusionary or punitive policies than square entries\"": \""A large subset of circle items accuse principals/boards of cover‑ups, biased discipline, nepotism, retroactive policy changes and retaliation—this groups governance/leadership abuse and procedural misconduct and is mutually exclusive from facility problems, student safety incidents, academic offerings, or community cohesion.\"",\n    \""circle entries report more concrete operational, facilities, and instructional logistics problems (gradebooks, outdated materials, tech/config, overcrowding, cleanliness, scheduling) than square entries\"": \""Many circle reviews name lost transcripts, overcrowded classrooms, broken/restroom/food issues, bus/schedule failures and tech rollouts—this captures tangible day‑to‑day operational and maintenance breakdowns distinct from governance accusations, safety violence, program quality, or the school’s community/faith identity.\"",\n    \""circle entries emphasize stronger parental/community/alumni engagement, faith/identity-driven culture, and small‑school cohesion than square entries\"": \""Several circle reviews highlight multigenerational attendance, strong alumni/parent mobilization, religious/faith programming and a familylike small‑school feel—this groups the social identity, community/faith cohesion, and recruitment/retention dynamics, clearly separate from programmatic rigor, safety incidents, governance failures, or facility logistics.\""\n}""]",,31.64298701286316,26701,1600,2093,,[],['resp_03328ea5e731a3b2006a7254888764819faba49a440ea2b968'],True
vote|reduce1|4|4,"[""{\n    \""circle entries report more administrative and governance dysfunction, resource misallocation, and staffing instability than square entries\"": \""Many circle reviews name turnover, politicized hiring, nepotism, fiscal choices that favor athletics/administration, broken scheduling/records, and unresponsive leaders — this bucket captures governance/operations problems (hiring, budgets, communication, stability) and is distinct from safety, programs, extracurriculars, or special‑education failures which are separate operational domains.\"",\n    \""circle entries report more frequent and severe student safety incidents, bullying, racial/sexual discrimination, and staff/security misconduct than square entries\"": \""Circle reviews repeatedly document fights, robbery/threats, pervasive bullying, racial and sexual slurs, victims disciplined or retraumatized, drug/vaping use and lapses in supervision — this bucket isolates student‑safety and abuse/harassment problems (including staff non‑intervention), separate from governance, curricular offerings, extracurricular strength, or special‑education casework.\"",\n    \""circle entries describe broader and more formalized advanced-academic and career programming (AP/dual-credit, magnet/STEAM, CTE, college‑prep outcomes) than square entries\"": \""Many circle entries enumerate AP/IB/dual‑enrollment, vocational/CTE pathways, measurable college matriculation and scholarship totals — this bucket groups concrete advanced‑academic and postsecondary pathways and outcomes, distinct from extracurricular bragging, facility reports, safety incidents, or administrative dysfunction.\"",\n    \""circle entries describe richer, broader extracurricular, athletics, arts, and alumni infrastructure than square entries\"": \""Circle reviews frequently mention award‑winning bands, state championships, ROTC/FFA/skills competitions, internships, strong alumni networks and recent capital investments in facilities — this bucket captures the breadth/celebrity of extracurricular and community infrastructure, separate from classroom instruction, special‑education/counseling, or safety/governance issues.\"",\n    \""circle entries report more frequent special‑education/accommodation implementation failures and inadequate individualized supports than square entries\"": \""Several circle reviews detail IEP/FAPE concerns, lack of identification/training for learning differences, removed remediation forcing outside tutoring, and counseling gaps — this bucket isolates special‑education, counseling, and individualized‑support implementation problems distinct from programmatic offerings, extracurricular strength, safety incidents, or governance failures.\""\n}""]",,32.66572904586792,26461,1536,2011,,[],['resp_0bf96738c5dce388006a72548813a481a19a60003e38b81a4f'],True
vote|reduce1|22|0,"[""{\n    \""circle entries report more pervasive student-safety and behavior breakdowns (bullying, fights, drugs, violence) than square entries\"": \""This bucket groups the many raw terms documenting on‑campus fights, drug use, gang activity, tolerated hate speech, weapons/lockdowns and police involvement in circle reviews; it is distinct from governance, operational, academic or extracurricular themes because it specifically captures student conduct and safety incidents and staff non‑intervention rather than leadership, facilities, programs or curricula.\"",\n    \""circle entries report more administrative misconduct, favoritism, nepotism, secrecy, and opaque/illegal governance than square entries\"": \""This bucket captures the numerous allegations of cronyism, nepotistic hiring, administrative retaliation, cover‑ups, board politics and opaque governance in circle entries and is kept separate from operational failures (which are service‑level) and safety incidents (which are student behavior focused).\"",\n    \""circle entries describe stronger advanced academic programs, clearer measurable outcomes, and a more explicit college‑prep reputation than square entries\"": \""This bucket groups circle claims about AP/IB/dual‑credit/AA completion, high test/college metrics, magnet/academy programs and named postsecondary outcomes, and is mutually exclusive from extracurricular/facility strength or governance/operational failings because it specifically indexes curricular rigor and documented college readiness.\"",\n    \""circle entries report more extensive, well‑funded, and varied extracurriculars, arts/sports culture, and facility/technology investments than square entries\"": \""This bucket aggregates circle descriptions of award‑winning band, competitive arts, athletics prominence, rich clubs, 1:1 devices and capital upgrades, and is distinct from academic-program rigor (which is curricular) and from operational problems (which are service failures) or governance issues.\"",\n    \""circle entries contain more concrete operational and service‑delivery failures (administrative nonresponse, scheduling/records/credit mishandling, guidance/counseling breakdowns, special‑education accommodation failures, transportation/food problems) than square entries\"": \""This bucket groups the detailed, service‑level failures in circle reviews—lost transcripts, gradebook/back‑office delays, counseling/IEP breakdowns, scheduling conflicts, food/pest/HVAC complaints—and is kept separate from governance/favoritism (intentional misconduct) and from safety or curricular/extracurricular descriptions because it targets day‑to‑day operational execution.\""\n}""]",,32.71592617034912,26236,1664,2193,,[],['resp_074840d65db51980006a725488271c819ea3afa20c7e2b7f87'],True
vote|reduce1|2|0,"[""{\n    \""circle entries report stronger/ broader advanced academic, arts, CTE and college‑pathway offerings and measurable postsecondary outcomes than square entries\"": \""Many circle reviews name AP/dual‑credit/CTE programs, flagship band/arts, large scholarship totals and elite college placements—this bucket isolates program breadth and measurable post‑graduation outcomes and is distinct from classroom support, safety, facilities, or governance issues.\"",\n    \""circle entries report more individualized teacher engagement and student‑facing academic supports (one‑on‑one help, after‑school tutoring, retake practices) than square entries\"": \""Numerous circle items describe routine 1:1 tutoring, teacher‑run workshops, remediation periods and proactive counselor work that are operationally teacher/student‑facing supports, which is conceptually separate from institutional governance, facilities, or campus safety.\"",\n    \""circle entries report more administrative and governance failures, inconsistent discipline, favoritism/nepotism, and operational mishandling than square entries\"": \""A large cluster of circle reviews allege nepotism, retaliation, withheld records/transcripts, opaque policy enforcement and poor parent communication—these governance/administration breakdowns are organizational and distinct from program quality, classroom tutoring, safety incidents, or physical infrastructure.\"",\n    \""circle entries report more pervasive student safety and behavior problems (bullying, frequent fights, vandalism, on‑campus drugs) and failures of discipline than square entries\"": \""Many circle reviews recount bullying, physical assaults, gang/drug activity and administrators failing to remedy them—this safety/behavior cluster is about student conduct and enforcement, not about curriculum offerings, teacher tutoring, facilities maintenance, or governance per se.\"",\n    \""circle entries report more acute facilities, sanitation, capacity, and logistical resource problems (pest infestations, no heat/AC, overcrowding, bus no‑shows, poor food) than square entries\"": \""A distinct set of circle comments list broken bathrooms, outdated tech, overcrowded/old buildings, food/cafeteria complaints and transit/parking logistics—these material/operational resource failures are separate from programmatic strength, teacher supports, governance misconduct, or safety incidents.\""\n}""]",,34.04322099685669,26213,1664,2114,,[],['resp_0eb631e743c9fab0006a72548751b081a2a773c14643dbc983'],True
vote|reduce1|13|2,"[""{\n    \""circle entries report stronger formal advanced-academic pathways, measurable college-prep outcomes, and sustained tech/dual-enrollment programs than square entries\"": \""This groups all reviews documenting named AP/IB/AICE/Cambridge pathways, dual‑enrollment/college‑credit, measurable matriculation/scholarship outcomes and sustained tech/program investments; it is distinct from other buckets because it focuses exclusively on curriculum/programmatic college‑prep assets and outcomes, not safety, governance, community culture, or day‑to‑day operational breakdowns.\"",\n    \""circle entries report more administrative authoritarianism, mishandled discipline, cover‑ups, politicized governance, and adversarial parent relations than square entries\"": \""This captures reviewer claims about punitive or opaque governance (cover‑ups, politicized boards, nepotism, punitive exclusions and adversarial leader–parent dynamics) and is mutually exclusive because it targets governance style and power/fairness abuses rather than operational errors, student safety incidents, academic program breadth, or small‑school social dynamics.\"",\n    \""circle entries report more frequent and severe student safety, violence, substance‑use and misconduct incidents than square entries\"": \""This bucket groups explicit reports of fights, assaults, gang/drug activity, vaping, weapons/lockdowns and staff failure to protect students — a discrete category of student‑safety/behavioral crisis distinct from administrative style, curricular strength, facility/resource issues, or community/mentorship positives.\"",\n    \""circle entries depict a closer, small-school/family-like community with high parental volunteering, teacher mentorship, and alumni return networks more than square entries\"": \""This groups reviews that emphasize small‑school personalization, strong teacher mentorship, active PTSA/alumni engagement and family‑style supports; it is separate from academic-program claims, safety/crisis reports, governance accusations, and operational failures because it describes social structure and relational supports inside the school.\"",\n    \""circle entries contain more concrete operational and service‑delivery failures (administrative nonresponse, scheduling/records/credit mishandling, guidance/counseling breakdowns, special‑education accommodation failures, transportation/food problems) than square entries\"": \""This bucket aggregates procedural, logistical and service‑delivery breakdowns (lost transcripts, billing errors, scheduling/credit mistakes, broken special‑ed processes, food/sanitation/transport issues) and is distinct from governance/cover‑up complaints, safety incidents, curricular/program strengths, or descriptions of small‑school culture because it concerns everyday systems and service execution.\""\n}""]",,34.041609048843384,26641,1344,1911,,[],['resp_04becc0a77a5238e006a72548827b481a0bc95414c722ca95a'],True
vote|reduce1|4|5,"[""{\n    \""circle entries report more frequent serious student safety incidents, bullying, substance use, police involvement, and administrative mishandling or toleration of those incidents than square entries\"": \""This bucket groups the many raw terms about fights, gang/drug activity, suicides, pervasive bullying, sexual/health hazards, and failures to protect students — it is distinct from governance/favoritism (how leaders behave), resourcing (facilities/transport), or academics (curriculum/outcomes), because it centers on on-the-ground safety/behavior incidents and immediate adult non‑intervention.\"",\n    \""circle entries document more administrative mismanagement, unresponsiveness, favoritism/nepotism, and governance failures than square entries\"": \""This bucket captures allegations of politicized boards, cover‑ups, cronyism, biased discipline, arbitrary/punitive administrative acts and leadership churn — these are systemic governance and personnel‑practice problems that are conceptually separate from student safety incidents, instructional program breadth, material resource shortages, or reports of caring frontline staff.\"",\n    \""circle entries report stronger formal advanced academic, CTE, dual‑credit and measurable postsecondary outcomes than square entries\"": \""This bucket consolidates the many concrete claims about AP/IB/dual‑enrollment, vocational/CTE offerings, scholarships, elite college admits, and measurable graduation/college‑entry metrics — focusing on programmatic academic pathways and outcomes rather than facility conditions, safety incidents, or administrative culture.\"",\n    \""circle entries mention more concrete facility, operational, and logistical resource details (transportation, campus/building condition, textbooks/tech, health services, extracurricular fees/space) than square entries\"": \""This bucket groups explicit, tangible resource and operational reports — overcrowding, cafeteria/food, late buses, textbooks, aging or new facilities, tech provisioning and fees — which are physical/operational constraints distinct from academic program content, school governance behavior, or student safety events.\"",\n    \""square entries emphasize more consistent supportive staff, named engaged administrators, and family‑like community/pride than circle entries\"": \""This bucket brings together square's repeated themes of steady, caring teachers, responsive principals/counselors, parent communication and community pride — a people‑and‑climate profile that is the inverse of governance, safety, resource, and academic-program buckets and thus mutually exclusive from those institution‑level operational or outcome categories.\""\n}""]",,34.0436270236969,22726,1984,2488,,[],['resp_06124f0140086884006a725487f91481a28c7da654cbf39e9b'],True
vote|reduce1|20|0,"[""{\n    \""circle entries report more administrative and staff governance problems — poor communication, favoritism/nepotism, fee mismanagement, high turnover, punitive/arbitrary actions, and local financial irregularities — than square entries\"": \""Many raw items document governance failures (nepotism, opaque fee waivers, retaliatory discipline, record‑keeping failures, staffing instability) that are organizational/policy problems distinct from physical facilities, student safety incidents, curricular offerings, or faith/community culture covered by other buckets.\"",\n    \""circle entries report more pervasive student-safety and behavior problems (bullying, fights, drugs, sexual harassment, lockdowns) than square entries\"": \""A large subset of raw terms describe concrete safety incidents (gang bullying, hazing, vaping/drugs, assaults, sexual harassment) and immediate adult non‑intervention — these are operational safety/behavioral incidents distinct from governance malpractice, facilities/logistics, curricular strength, or faith identity.\"",\n    \""circle entries describe stronger formal college-preparatory programs and measurable postsecondary outcomes (AP/IB/dual-enrollment, scholarships, elite admits) than square entries\"": \""Many reviews enumerate named academic pathways (AP/IB, dual enrollment, academies, measurable scholarship/admit outcomes) and alumni trajectories, which are programmatic/academic‑outcome claims separate from safety, governance, facilities, or religious mission.\"",\n    \""circle entries emphasize a formal Christian faith mission and enforcement of faith‑based conduct more than square entries\"": \""Numerous entries explicitly frame the school as faith‑centered (Bible instruction, Christ‑centered mission, faith‑based discipline), a coherent cultural/programmatic identity that is conceptually distinct from infrastructure, safety incidents, governance failures, or academic pathway strength.\"",\n    \""circle entries report more operational, facility, and communication failures (or visible capital investments) affecting capacity and family logistics than square entries\"": \""Raw terms repeatedly name tangible infrastructure/logistics issues (outdated textbooks, roaches/bedbugs, busing, HVAC/overcrowding, tech rollouts and occasional large capital projects) and communication/process breakdowns — concrete resource and logistics problems that are separable from governance/policy, safety incidents, faith identity, or curriculum quality.\""\n}""]",,34.08965873718262,26406,1856,2320,,[],['resp_01d55b036e5104cd006a7254882cb481a1847a609b4ce4fe31'],True
vote|reduce1|15|4,"[""{\n    \""circle entries report far more student-safety, violence, bullying, substance‑abuse and crisis incidents than square entries\"": \""This cluster captures the many circle reports of acute safety crises (gangs, shootings, lockdowns, fights, hate speech, drug use, death threats and unaddressed bullying) and is distinct from governance or program buckets because it concerns frontline incidents and victimization rather than administrative policy, programming, or extracurricular breadth.\"",\n    \""circle entries report more administrative and operational dysfunction—poor parent communication, attendance/records/IEP mishandling, opaque grading, and inconsistent policy enforcement—than square entries\"": \""This bucket groups concrete governance and administrative failures described in circle reviews (unresponsive offices, transcript/financial‑aid problems, IEP noncompliance, billing/transport breakdowns, favoritism) and is kept separate from safety (incidents) and programming (academic/extracurricular offerings) because it focuses on management, compliance and communications processes.\"",\n    \""circle entries report stronger formal college‑preparatory programs, measurable academic outcomes, and advanced‑course/dual‑enrollment opportunities than square entries\"": \""This bucket collects circle claims about formal academic rigor and measurable post‑secondary outcomes (AP/IB, dual enrollment, high test/scholarship metrics, elite admits) and is mutually exclusive from extracurricular/community or administrative‑dysfunction buckets because it specifically centers on curricular pathways and documented academic outcomes rather than facilities, safety, or governance.\"",\n    \""circle entries report broader, higher‑participation extracurricular life, sustained alumni/parent community engagement, and stronger school‑spirit traditions than square entries\"": \""This grouping covers circle descriptions of wide extracurricular breadth, booster/alumni support, facility investments, flagship arts/athletics and intense community traditions, differentiated from the college‑prep bucket because it is about out‑of‑class programs, public reputation and community backing rather than formal academic credentialing or course access.\"",\n    \""circle entries show greater within-school polarization and program-level variability (strong standout teachers/programs alongside serious weaknesses) than square entries\"": \""This bucket captures circle’s repeated pattern of stark contrasts inside one school—exceptional niche programs/teachers and simultaneous severe failures (e.g., caring teachers next to brutality/neglect)—and is kept distinct from the other buckets by focusing on variability/internal contradictions rather than any single axis like safety, governance, academics, or extracurricular scale.\""\n}""]",,34.27112579345703,26760,1536,2039,,[],['resp_09d3ca7d4fbb13c9006a7254883128819fadf6fefa36115fa7'],True
vote|reduce1|4|0,"[""{\n    \""circle entries report more frequent severe student-safety incidents, pervasive bullying, and everyday physical fights than square entries\"": \""Many raw items document on‑campus violence, fights, sexual harassment, gang/drug incidents, bomb/kill threats and pervasive peer bullying in circle reviews — a distinct cluster about student safety and misconduct that is conceptually separate from facility, governance, academic-program, or student‑support issues.\"",\n    \""circle entries report more administrative/governance dysfunction, politicized favoritism or nepotism, policy micromanagement, and budget‑driven program cuts or layoffs than square entries\"": \""Numerous circle items allege nepotism, insider scholarships, cover‑ups, politicized board/ superintendent actions and manipulative governance decisions — a governance/favoritism theme that is organizational and distinct from frontline safety, facilities, student supports, or academic-program strength.\"",\n    \""circle entries describe stronger advanced academic programs and better-documented college/career outcomes than square entries\"": \""Many circle reviews highlight AP/IB/dual‑enrollment, vocational/CTE pathways, college credit accumulation and named top‑college placements — an academic-program/outcomes cluster that is substantively about curriculum and postsecondary results and not about safety, facilities, governance, or day‑to‑day student support gaps.\"",\n    \""circle entries report more concrete operational, facility, safety and administrative enforcement failures (mold, buses, tech, credit/record withholding, punitive discipline/fundraising threats) than square entries\"": \""Raw terms repeatedly record mold, HVAC, pests, overcrowded buses, broken tech, withheld transcripts, and punitive enforcement/fundraising pressures in circle reviews — a facilities/operational failure category focused on material infrastructure and logistics, separate from governance favoritism, student‑safety incidents, academic-program content, or individualized support services.\"",\n    \""circle entries report greater gaps and failures in student support services—special education, IEPs, counseling, attendance, transfers and guidance—than square entries\"": \""Many circle items document IEP noncompliance, counseling shortages, wrongful record/transcript handling, accommodation failures and contested special‑education cases — a focused theme about student support and legal/educational accommodations, which is distinct from campus violence, facilities breakdowns, governance corruption, or advanced-program strength.\""\n}""]",,35.29469680786133,26271,1792,2313,,[],['resp_0f8ed1d541b9de78006a7254882f38819d80d413eb3fc362d7'],True
vote|reduce1|21|4,"[""{\n    \""circle entries report more frequent and severe student-safety incidents, violence, and persistent bullying than square entries\"": \""This groups all reports of fights, drugs, theft, sexual/racial harassment, suicides, K9/security sweeps and administrative non‑response into a single student‑safety/behavior bucket; it is distinct from administrative‑favoritism, academic-program, teacher‑support, and facilities/operational buckets because it focuses on on‑campus incidents and safety outcomes rather than governance, pedagogy, or logistics.\"",\n    \""circle entries report more staff/administrative favoritism, nepotism, unprofessional conduct, governance failures and financial or policy mismanagement than square entries\"": \""This captures allegations about opaque governance, nepotism, favoritism, punitive/authoritarian policies, secretive personnel actions, tuition/fee policies and formal escalations; it is mutually exclusive from the safety bucket (which is about student incidents), the academic‑program bucket (which is about curriculum and pathways), the teacher/counselor support bucket (which is about individualized help), and the facilities/operational bucket (which is about service delivery and infrastructure).\"",\n    \""circle entries have stronger advanced academic programs, dual‑credit pathways, and measurable college‑prep outcomes than square entries\"": \""This groups concrete claims about AP/IB/dual‑enrollment, scholarships, high standardized scores, measurable alumni college placement and structured college‑prep pathways; it is clearly different from claims about safety, governance/favoritism, teacher accessibility, or facilities because it concerns curricular rigor and quantified post‑secondary outcomes.\"",\n    \""circle entries describe stronger, more consistent teacher/counselor accessibility and individualized student supports than square entries\"": \""This bucket covers reports of small classes, one‑on‑one mentorship, responsive teacher communication, intervention/tutoring programs and successful SPED/IEP follow‑through; it is focused on relational supports and case‑level student interventions, separate from system‑level governance/favoritism, broad academic offerings, safety incidents, or facility/resource failures.\"",\n    \""circle entries report more concrete operational, facility, and resource failures and cost burdens than square entries\"": \""This collects concrete logistics and resource items (cafeteria/lunch shortages, HVAC/pests, overcrowding, technology rollouts/failures, hidden fees/tuition policies, scheduling/records problems and capital projects); it is distinct from safety, governance, academics, and individualized teacher supports because it addresses operational capacity, material resources and family‑facing service delivery.\""\n}""]",,35.36607003211975,26595,1856,2439,,[],['resp_0a521dea01140f94006a72548839c881a3b3d415634b8758a2'],True
vote|reduce1|12|1,"[""{\n    \""circle entries report more concrete, formal advanced‑academic offerings and college/career preparation structures (AP/IB, dual enrollment, distance AP access, measurable college credit outcomes and structured college‑readiness programs) than square entries\"": \""This bucket groups the many circle items citing AP/IB, Early College, dual‑credit, measurable college credits and alumni outcomes into a distinct programmatic/credentialing theme that is separate from extracurricular, safety, governance, or teacher‑quality issues.\"",\n    \""circle entries describe broader, higher-profile extracurricular and facility investment (championship athletics, marching band, vocational academies, 1:1 tech, new/LEED facilities) than square entries\"": \""This captures circle statements about award-winning arts/athletics, new buildings, 1:1 devices and partnerships as an operational/resources/extracurricular cluster that is materially different from academic‑pathway, safety, governance, or staff‑competence buckets.\"",\n    \""circle entries report more pervasive student-safety, bullying, drug/violence incidents and staff non‑intervention than square entries\"": \""This groups the substantive safety-related reports (fights, assaults, pervasive bullying, drug use, threatened/physical harm and adult inaction) into a single harm-and-protection bucket that is conceptually distinct from administrative favoritism, program breadth, or teacher instructional quality.\"",\n    \""circle entries report more administrative and governance failures, inconsistent discipline, favoritism/nepotism, and operational mishandling than square entries\"": \""This bucket isolates governance‑level problems (board/leadership dysfunction, favoritism, inconsistent enforcement, cover‑ups, recordkeeping/logistics failures) so they remain separate from frontline safety incidents, extracurricular resources, or classroom teacher competence.\"",\n    \""square entries report more teacher disengagement, turnover, inconsistent classroom instruction, and failures to intervene/support students than circle entries\"": \""This captures the square‑focused pattern about poor day‑to‑day instructional quality, apathetic or unqualified teachers, high turnover and lack of classroom intervention, which is distinct from the circle‑centred themes of advanced programs, extracurriculars, safety crises, or governance failures.\""\n}""]",,35.66719198226929,26636,1600,2045,,[],['resp_0efc99dfddbb4453006a7254882ce881a1b25c5b3aa5c4c632'],True
vote|reduce1|7|2,"[""{\n    \""square entries describe more consistent, supportive, responsive teachers, counselors and parent communication than circle entries\"": \""Many square reviews highlight steady, communicative staff and reliable counseling/parent outreach (e.g., praised principals, counselors, and consistently caring teachers), a theme distinct from the other buckets because it focuses on consistently functioning front‑line adult supports rather than program breadth, safety incidents, facilities, or governance failings.\"",\n    \""circle entries report stronger advanced academic programs and measurable college/career outcomes than square entries\"": \""Numerous circle reviews call out concrete AP/IB/dual‑enrollment pathways, early‑college outcomes, named college credits and scholarship/placement evidence — this captures the substantive academic/programming advantages distinct from extracurricular prominence, safety problems, facilities, or governance issues.\"",\n    \""circle entries report more administrative and governance dysfunction, communication failures, favoritism/nepotism, and punitive or inconsistent discipline than square entries\"": \""A clear cluster of circle items allege nepotism, cover‑ups, opaque leadership, arbitrary or punitive discipline, and record/communication errors — these governance/management failures are operational and political in nature and separate from academic program strength, extracurriculars, teacher quality, or student safety incidents.\"",\n    \""circle entries report more pervasive student safety, bullying, substance‑use, gang/violent incidents, and unaddressed misconduct than square entries\"": \""Many circle reviews document bullying, assaults, gang recruitment, frequent fights/lockdowns, sexual harassment, and staff inaction — this bucket specifically targets frontline student‑safety/crisis incidents and lack of protection, which is conceptually distinct from facilities/operations, academic offerings, governance, or parent/staff responsiveness.\"",\n    \""circle entries emphasize broader, award‑winning extracurriculars, active parent/booster engagement, and high student participation more than square entries\"": \""Circle entries frequently list award‑winning bands/arts, numerous clubs, strong athletics and booster/parent fundraising (and sometimes athletic favoritism), representing the school’s extracurricular ecosystem and community engagement — a programmatic/community resource theme distinct from academics, safety, facilities, or leadership/governance problems.\""\n}""]",,35.9341139793396,26190,1984,2431,,[],['resp_0c248fe6e13f977c006a72548789d4819284c2139ff0500ba7'],True
vote|reduce1|5|1,"[""{\n    \""circle entries report more frequent and severe student-safety incidents, violence, and persistent bullying than square entries\"": \""This captures the many circle reviews describing fights, lockdowns, bomb/kill threats, drug dealing, bullying, repeated aggressors and police involvement — a clear safety/behavior cluster that is distinct from facility, academic, administrative, or community topics in the other buckets.\"",\n    \""circle entries document more administrative and operational failures, favoritism, and staff misconduct or unresponsiveness than square entries\"": \""This groups circle reports about opaque leadership, nepotism/favoritism, cover‑ups, punitive/retaliatory administrators, scheduling/transcript errors and unresponsive offices — an administrative/governance failure theme that is conceptually separate from safety incidents, physical resource problems, program strengths, or community identity.\"",\n    \""circle entries report more acute facility, instructional-material, sanitation, and operational resource failures than square entries\"": \""This bucket covers the concrete infrastructure and logistics complaints in circle reviews (dirty bathrooms, pests, food safety, overcrowding, busing/transport burdens, missing textbooks/tech, HVAC/maintenance) and is focused on physical/operational resource breakdowns rather than staff behavior, safety incidents, or curricular/program differences.\"",\n    \""circle entries describe stronger, documented college‑preparatory rigor and measurable post‑secondary outcomes (AP/IB, scholarships, elite acceptances) than square entries\"": \""This groups circle statements about AP/IB breadth, dual‑credit/associate degree pathways, scholarship totals and measurable matriculation outcomes — a discrete academic-program/outcomes cluster that is separate from special‑education/counseling failures, administrative misconduct, facility issues, or social/community culture.\"",\n    \""circle entries emphasize close‑knit community, alumni/faith continuity, parental involvement, tuition/fee models and visible extracurricular identity more than square entries\"": \""This captures circle references to strong alumni ties, faith/spiritual identity, multigenerational enrollment, active parent/booster engagement, tuition/fee/fundraising models and pronounced extracurricular/school‑pride — a community/culture/financial‑model theme distinct from safety, admin dysfunction, facilities, or academic-program strength.\""\n}""]",,36.123743295669556,26343,2816,3273,,[],['resp_087659e9c0a11965006a725487827481a08a04b10aaff245ed'],True
vote|reduce1|6|1,"[""{\n    \""circle entries document more administrative dysfunction, punitive governance, and selective/favoritism practices than square entries\"": \""Many raw terms describe nepotism, retaliation, opaque board politics, record‑manipulation, and uneven rule enforcement; this groups governance/fairness failures that are organizational and distinct from (a) frontline safety incidents, (b) pure facility/operational breakdowns, (c) extracurricular/community strengths, and (d) academic-program differences.\"",\n    \""circle entries report more severe student safety and behavior problems (bullying, fights, drugs, gang activity) than square entries\"": \""A large cluster of raw items center on physical fights, pervasive bullying, substance use, sexual harassment and staff inaction—concrete safety/discipline crises that are conceptually separable from administrative favoritism, logistical/facility breakdowns, curricular rigor, or community/extracurricular descriptions.\"",\n    \""circle entries report stronger formal advanced-academic, CTE, dual‑credit and measurable postsecondary outcomes than square entries\"": \""Many reviews cite AP/IB/dual‑enrollment, measurable SAT/AP pass rates, scholarship/college placements and vocational pathways — a cohesive theme about institutional academic pathways and outcomes that is distinct from safety, governance, facility, or community/extracurricular claims.\"",\n    \""circle entries emphasize tight local community, multigenerational/alumni ties, faith‑oriented programming, and inclusive small‑school participation more than square entries\"": \""Numerous raw terms describe multigenerational enrollment, alumni engagement, faith/Catholic identity, mentoring, small‑school personalization and robust arts/sports traditions; these social/identity/extracurricular/community features are not the same as operational breakdowns, safety incidents, governance failures, or the presence/absence of advanced academic pathways.\"",\n    \""circle entries report more acute facility, operational, and resource failures (overcrowding, broken/absent equipment, sanitation/food-safety issues, transportation gaps) than square entries\"": \""A distinct set of raw items document overcrowding, registration/records/scheduling breakdowns, tech and cafeteria/maintenance problems and fee/tuition practices—concrete logistical and resource issues that differ from governance/favoritism, student‑safety crises, curricular strength, or community/alumni traits.\""\n}""]",,36.123730182647705,26482,1856,2376,,[],['resp_0a51b6f9448fa3ca006a725487a218819e8a665903225ea03a'],True
vote|reduce1|10|3,"[""{\n    \""circle entries report more frequent and severe student safety, bullying, violent incidents, and day‑to‑day disciplinary failures than square entries\"": \""This groups all reports of fights, gang activity, lockdowns, daily violence/drug incidents, pervasive bullying, and adult non‑intervention found in circle reviews — a discrete category distinct from program quality, governance, community cohesion, or academics because it focuses solely on student safety and on‑campus conduct issues.\"",\n    \""circle entries describe broader, higher‑quality extracurricular, vocational, and fine‑arts programs (including competitive athletics) than square entries\"": \""This captures circle reviewers' frequent, concrete mentions of award‑winning bands, state championships, vocational/Ag/CTE shops, media/tech labs and no‑cut sports — a program‑breadth/achievement bucket separate from classroom instruction quality, safety problems, administrative governance, or parent/community ties.\"",\n    \""circle entries report stronger formal college‑preparatory programs and measurable postsecondary outcomes than square entries\"": \""This groups Circle statements about AP/IB/dual‑enrollment, early‑college links, documented scholarship and elite‑college matriculation, and measurable graduate outcomes — a distinct axis about advanced academic pathways and outcomes that is not the same as extracurricular strength, safety, admin dysfunction, or local community dynamics.\"",\n    \""circle entries report more administrative nonresponse, concealment, nepotism, unequal/punitive discipline, and policy‑driven exclusion than square entries\"": \""This bucket covers governance and operational misconduct (unreturned records/emails, favoritism/nepotism, cover‑ups, punitive or inconsistent discipline, IEP/504 mishandling) — a management/governance cluster clearly separable from safety incidents, academic program descriptions, extracurricular offerings, or close‑community features.\"",\n    \""circle entries emphasize small‑school personalization and sustained parent/alumni/community engagement and loyalty more than square entries\"": \""This groups circle comments about small class sizes, multigenerational enrollment, intense parent volunteering/relocation choices, parish/faith identity and alumni continuity — a community/scale/identity dimension distinct from safety, program breadth, advanced academics, or administrative malpractice.\""\n}""]",,36.174225091934204,26366,1920,2414,,[],['resp_0094fdbe6d1f479c006a7254882bb4819d9b210158e1426861'],True
vote|reduce1|20|3,"[""{\n    \""Circle entries describe stronger advanced academic programs and measurable postsecondary outcomes than square entries\"": \""Groups all reviews that cite AP/IB/dual‑enrollment, specialized academies, vocational/CTE offerings, and concrete college‑placement or scholarship outcomes into a single academic‑programs bucket distinct from safety, operations, community/arts, or governance issues.\"",\n    \""circle entries report more frequent and severe safety, bullying, and student‑behavior incidents and enforcement failures than square entries\"": \""Collects entries that document fights, gangs, drug incidents, pervasive bullying/harassment, student self‑harm threats and explicit failures to protect or discipline — a student‑safety/behavior cluster that is operationally and substantively separate from academic programming, facilities, community life, or administrative corruption.\"",\n    \""circle entries describe a stronger small‑community / personalized‑attention culture, broader extracurricular & arts participation, and deeper alumni/community continuity than square entries\"": \""Captures reviews emphasizing small‑school identity, tight parent/alumni networks, high extracurricular/arts/JROTC participation and community pride — a social/community strengths cluster that is conceptually distinct from facilities problems, safety crises, academic rigor, or governance misbehavior.\"",\n    \""circle entries report more tangible facility and operational deficiencies (food service, sanitation, overcrowding, construction/maintenance, and technology gaps) than square entries\"": \""Groups concrete, day‑to‑day operational failures — cafeteria/food issues, cleanliness, HVAC/overcrowding, outdated textbooks/devices, scheduling/gradebook errors and record/transfer mishandling — which are practical infrastructure problems separate from governance favoritism, safety incidents, community culture, or curricular quality.\"",\n    \""Circle entries allege greater administrative corruption, favoritism, secrecy, arbitrary personnel/financial decisions, and governance instability than square entries\"": \""Aggregates allegations about nepotism, selective discipline/protection of athletes/donors, opaque budget or hiring practices, cover‑ups and rapid leadership turnover — governance and ethical complaints that are analytically distinct from facility breakdowns, student safety acts, curricular strength, or community cohesion.\""\n}""]",,36.223721981048584,26098,1920,2380,,[],['resp_0df91bbed885ad2c006a7254882a34819293035a7120e5d788'],True
vote|reduce1|22|5,"[""{\n    \""circle entries document stronger, measurable advanced‑academics and college‑preparation outcomes than square entries\"": \""Many raw items describe concrete AP/dual‑enrollment/college‑placement metrics and formal advanced pathways in circle reviews (AP scores, dual‑credit, alumni college outcomes) — this bucket is narrowly about curricular rigor and measurable postsecondary outcomes and does not overlap with extracurricular breadth, discipline, or administrative implementation issues.\"",\n    \""circle entries report more student-safety incidents, bullying, drugs/weapons, and failures or unevenness in disciplinary response than square entries\"": \""Numerous raw terms recount fights, harassment, on‑campus drug/deal incidents, sexual assault claims and inconsistent enforcement in circle reviews — this bucket is focused solely on student safety/behavior incidents and disciplinary response, distinct from curricular, extracurricular or governance problems.\"",\n    \""circle entries document more administrative dysfunction, politicization, and failure of policy/enforcement (unresponsiveness, denial, nepotism, inconsistent discipline, recordkeeping errors) than square entries\"": \""Many entries describe nepotism, favoritism, transcript/scheduling/communication failures, and unresponsive leaders in circle reviews — this governance/operations bucket captures administrative misconduct and procedural breakdowns and is separate from safety, special‑education implementation, extracurricular strength, or academic-program content.\"",\n    \""circle entries document richer, higher‑profile extracurricular and athletics/fine‑arts programs and often report athletics prioritized over academics more than square entries\"": \""Numerous circle items list extensive clubs, high‑participation marching band, competitive athletics, vocational/arts programming and complaints that sports or boosters are prioritized over academics — this groups programmatic breadth and resource/prioritization toward extracurriculars, distinct from classroom instruction quality, safety, or admin failures.\"",\n    \""circle entries report worse special‑education and mental‑health accommodations and more dismissive treatment of vulnerable students than square entries\"": \""Multiple raw terms document ignored IEP/504s, inadequate SPED supports, mental‑health neglect and punitive handling of vulnerable students in circle reviews — this bucket targets disability/mental‑health accommodations and staff/counseling failures and is kept separate from general administrative dysfunction or broader safety incidents.\""\n}""]",,35.60410284996033,23149,1728,2193,,[],['resp_0c4f41594089cbbc006a72548817c0819caffbf29821bb6ccf'],True
vote|reduce1|12|3,"[""{\n    \""circle entries report more administrative mismanagement, favoritism, secrecy, and punitive/harassment practices than square entries\"": \""Groups many raw items about nepotistic hiring, selective enforcement, punitive discipline, cover‑ups, record/metric manipulation and rude/unresponsive leadership into a single governance‑and‑accountability cluster that is clearly distinct from facility issues, student‑safety incidents, program breadth, or community engagement.\"",\n    \""circle entries report more pervasive student-safety and behavior breakdowns (bullying, fights, drugs, violence) than square entries\"": \""Collects all reports of on‑campus violence, bullying, gang/drug activity, police involvement, severe racial/sexual harassment and unremedied safety complaints into one safety/behavior bucket that is conceptually separate from administrative governance, physical‑resource failures, curricular/program offerings, and parent/alumni engagement.\"",\n    \""circle entries describe broader, tangible specialized programming and student pathways (vocational/FFA, internships/senior projects, dual‑enrollment/college credits, performing arts, athletics championships) more often than square entries\"": \""Groups explicit descriptions of AP/IB/dual‑credit, academies, CTE/vocational shops, strong arts/band/athletics achievements and measurable post‑secondary pipelines into one programmatic/offering cluster that is distinct from complaints about discipline, facilities, administration, or local community cohesion.\"",\n    \""circle entries contain more concrete, variable facility/resource and technology reports (investments and acute failures) than square entries\"": \""Captures the many concrete comments about buildings, renovations, HVAC/AC failures, sanitation, overcrowding, classroom tech (iPads, laptops, smartboards) and equipment shortfalls as an infrastructure/resources bucket separate from governance/favoritism, safety incidents, curricular offerings, and community involvement.\"",\n    \""circle entries report stronger parent/community/alumni engagement, small‑school cohesion, and sustained local reputation than square entries\"": \""Groups the multiple items about tight small‑town identity, multigenerational loyalty, parental relocation/enrollment choices, booster/alumni involvement and visible community support into a single social/cohort engagement bucket that is clearly different from administrative misconduct, safety problems, facilities/tech issues, or academic/program breadth.\""\n}""]",,36.471235036849976,26674,1920,2432,,[],['resp_0175b342e85b2a26006a72548827f881a18a88cda83f2589b7'],True
vote|reduce1|2|5,"[""{\n    \""circle entries report more frequent and severe student‑safety and behavior incidents (bullying, fights, drugs, hazing) than square entries\"": \""This bucket captures all concrete accounts of student-on-student violence, drug/use/weapon incidents, pervasive bullying, and staff non‑intervention described in many circle reviews and is distinct from governance/facility/program themes because it focuses on incidents and behavioral safety outcomes rather than who runs the school or what resources it has.\"",\n    \""circle entries report more administrative instability, favoritism/nepotism, governance failures and resource mismanagement than square entries\"": \""This bucket groups allegations about board/leadership misconduct, politicized hiring/promotions, favoritism toward athletes/staff‑children, turnover and fiscal/decision‑making abuses; it is mutually exclusive from safety or facilities buckets because it centers on governance and personnel/policy corruption rather than student behavior or material conditions.\"",\n    \""circle entries report stronger advanced-academic programs and measurable college-prep outcomes than square entries\"": \""This bucket aggregates claims about IB/AP/dual‑enrollment/CTE pathways and concrete college placement or test‑score outcomes—program quality and outcomes—distinct from teacher‑level supports (tutoring/mentoring) or facilities/resource problems.\"",\n    \""circle entries report more proactive, individualized teacher- and counselor-led academic/emotional support and parent communication (tutoring, study tables, SPED programs) than square entries\"": \""This bucket covers reviewer evidence of one‑on‑one mentoring, mandatory tutoring windows, active counselors, SPED accommodations, and parent‑teacher responsiveness, and is kept separate from program‑level academic offerings and governance because it targets frontline staff practices and individualized supports.\"",\n    \""circle entries report more material, facility, and operational infrastructure shortages and environmental hazards than square entries\"": \""This bucket groups HVAC/pest/sanitation, overcrowding/parking/transportation, textbook/tech deficits, food/pricing complaints and other tangible logistics or environmental failures and is exclusive of governance, safety incidents, teacher support or curricular-program buckets because it concerns physical and operational resources rather than personnel behavior, policy, or programmatic quality.\""\n}""]",,36.62013912200928,22843,1984,2448,,[],['resp_0cbc7a7f9d9ca7cc006a72548781148191b66e964e520c6455'],True
vote|reduce1|22|3,"[""{\n\""circle entries describe more authoritarian or opaque administrative practices, favoritism, and governance cover-ups than square entries\"": \""This bucket captures governance-level complaints (nepotism, opaque discipline, board/leadership misconduct and cover-ups) focusing on who runs the school and how decisions are made; it is distinct from safety, academic-program, extracurricular, and student‑support buckets because it concerns power, policy, and institutional transparency rather than frontline incidents, program breadth, or direct student services.\"",\n\""circle entries report more pervasive student safety problems, bullying, and racially/sexually discriminatory incidents with staff/administration failing to intervene than square entries\"": \""This groups all concrete safety and harassment failures (fights, gang/drug activity, hate crimes, repeated bully perpetrators, staff-enabled bullying and crisis responses) and is separate from governance (which is about decision-making), academics (program/outcomes), extracurriculars (program breadth/resources), and student-support (IEP/counseling) buckets because it centers on immediate physical/psychosocial harm and nonintervention.\"",\n\""circle entries report stronger advanced-academic programming and measurable college-prep outcomes than square entries\"": \""This bucket covers AP/IB/dual‑enrollment, quantified scholarship/college matriculation outcomes, and formal advanced-track claims—i.e., the presence and results of high‑level academic pathways—and is mutually exclusive from extracurricular/facility, safety, governance, and student‑support buckets because it focuses specifically on formal academic pathways and measurable postsecondary results.\"",\n\""circle entries document broader and better‑maintained extracurricular programs, performing‑arts/STEM/CTE offerings and facility/capital improvements than square entries\"": \""This groups descriptions of rich arts/athletic/CTE/STEM offerings, booster/alumni support, championship teams, and visible facility investments or program maintenance, and is distinct from the academic‑pathway bucket (which is about AP/IB/dual‑credit outcomes), the safety bucket (which is about incidents), the governance bucket (which is about decision‑making), and the student‑support bucket (which is about counseling/IEP/remediation).\"",\n\""circle entries report more inconsistent or inadequate individualized student‑support and accommodation practices (special education, 504/IEP, ESL, counseling, mental‑health) than square entries\"": \""This bucket groups concrete accounts of IEP/504 noncompliance, counseling failures, mental‑health crises or responsiveness, and remediation/tutoring gaps—focused on case‑level supports and accommodations—and is separate from safety (harm/violence), governance (policy/favoritism), academic-program (AP/IB outcomes), and extracurricular/facility descriptions.\""\n}""]",,35.89610409736633,26281,1600,2151,,[],['resp_0f67b38b93837b96006a7254883714819297a182c75670de06'],True
vote|reduce1|3|2,"[""{\n    \""circle entries describe stronger advanced academic programs, rigorous in-class instruction, and measurable postsecondary outcomes than square entries\"": \""Groups many raw items about AP/IB/dual‑credit, high test/graduation metrics, named college admits and formal college pathways into a single academic-quality bucket that is distinct from (and does not overlap) operational, safety, community, or governance issues.\"",\n    \""circle entries report more administrative instability, unresponsiveness, and governance misconduct (nepotism/coverups/funding bias) than square entries\"": \""Collects reviews alleging favoritism, board/leader corruption, cover‑ups, opaque governance and leadership churn into a discrete governance/misconduct bucket that is conceptually separate from student safety, facilities, community cohesion, or curricular strength.\"",\n    \""circle entries report more frequent and severe student safety, bullying, substance-use, and violence incidents than square entries\"": \""Groups all accounts of fights, gangs, drugs, weapons, bullying/cyberbullying, sexual harassment and staff non‑intervention into a focused safety/behavior bucket that does not conflate with governance, resource, or academic program descriptions.\"",\n    \""circle entries emphasize tighter community cohesion, selectivity or faith/identity orientation, and high parental commitment (waitlists, relocation, tuition) more than square entries\"": \""Encompasses faith-based identity, single‑sex/selective admissions, alumni/multi‑generational ties, relocation/waitlist motivation and parental/booster engagement as a distinct community/mission/cohort‑composition bucket separate from facilities, safety, governance, or curricular rigor.\"",\n    \""circle entries report more detailed facility, operational, and resource-management facts and failures (new construction, renovations, cafeteria/food, transportation, 1:1 device programs, e-text outages, funding mismanagement) than square entries\"": \""Aggregates concrete operational issues—fees, sanitation, tech/device programs, lockers, scheduling, IEP/records errors and budget misallocation—into an infrastructure/operations bucket that is materially different from governance misconduct, student safety crises, community identity, or academic program strength.\""\n}""]",,36.7469596862793,26341,2240,2728,,[],['resp_0faaae6518604d8e006a72548762c881a099254cfeb66419a0'],True
vote|reduce1|24|4,"[""{\n    \""circle entries allege more nepotism, favoritism, politicized governance, and unequal discipline (often privileging athletes/connected families) than square entries\"": \""This groups all governance/insider‑bias claims (nepotism, favoring athletes/connected families, opaque budgeting and punitive/unequal discipline) into one accountability/fairness bucket distinct from safety, academics, facilities, or support services.\"",\n    \""circle entries report more pervasive student-safety problems, bullying, fights, racial harassment, sexual harassment, gang activity, and administrative minimization or nonresponse than square entries\"": \""This isolates all incidents and patterns of physical/identity‑based harm and administrative non‑intervention (bullying, fights, harassment, drugs, sexual misconduct) so it does not overlap with governance, academic program strength, facilities, or special‑education/counseling issues.\"",\n    \""circle entries report stronger, broader advanced-academic programs and measurable college/career outcomes than square entries\"": \""This groups concrete descriptions of AP/IB/dual‑enrollment, academies, vocational/CTE pathways, and reported college/scholarship outcomes into a single academic‑programs bucket separate from safety, governance, facilities, or individualized supports.\"",\n    \""circle entries report more acute facilities, sanitation, capacity, and logistical resource problems (pest infestations, no heat/AC, overcrowding, bus no‑shows, poor food) than square entries\"": \""This captures operational and capital/resource failings (bathrooms, HVAC, buses, cafeteria, overcrowding, maintenance) as an infrastructural bucket distinct from programmatic academics, safety incidents, governance, or counseling/special‑ed issues.\"",\n    \""circle entries report more frequent failures and disputes around special education, counseling, accommodations, and student mental‑health support than square entries\"": \""This groups IEP/504/counseling failures, dismissive treatment of vulnerable students, mental‑health impacts, and remediation disputes into a focused student‑support bucket that is separate from general academics, facilities, governance, or safety/violence.\"" \n}""]",,36.60044312477112,26401,1856,2350,,[],['resp_0da644192a9ce2b4006a7254882b38819d857dc82b2b52c928'],True
vote|reduce1|18|3,"[""{\n    \""circle entries report more frequent, severe student-safety incidents and unaddressed bullying/violence than square entries\"": \""This groups the many raw items describing fights, gang/drug activity, weapons, sexual misconduct, tolerated hate speech, metal detectors and police interventions in Circle reviews — and is kept distinct from governance, staffing, facilities or academic-program themes (other selected buckets) because it focuses strictly on student safety, peer harm, and adult non‑intervention rather than administrative/operational causes or curricular offerings.\"",\n    \""circle entries report more administrative unresponsiveness, favoritism/nepotism, and inconsistent or weaponized discipline than square entries\"": \""This bucket captures the large set of Circle items alleging cronyism, selective enforcement, retaliation, opaque boards, financial/political favoritism and punitive/unequal discipline practices — and it is kept separate from safety, facilities, teacher support, and academic-program buckets because it specifically characterizes governance and personnel‑policy dysfunction rather than physical conditions, instructional quality, or extracurricular breadth.\"",\n    \""circle entries describe stronger advanced-academic programming and measurable college‑preparation outcomes than square entries\"": \""This groups Circle reports of AP/IB/dual‑enrollment/early‑college/CTE pathways, scholarship and test‑score evidence and explicit college‑prep claims, and is mutually exclusive from the safety, governance, facilities and staff‑support buckets because it concerns programmatic academic pathways and postsecondary outcomes rather than safety incidents, governance misconduct, resource shortfalls, or day‑to‑day counseling/teacher responsiveness.\"",\n    \""circle entries report more concrete operational, facility, and resource shortfalls (overcrowding, cafeteria/bus problems, sanitation, outdated tech, missing amenities) than square entries\"": \""This bucket covers Circle claims of rats, leaking sinks, no AC, overcrowded lunches, transportation and maintenance failures and missing textbooks — distinct from governance/favoritism, safety incidents, teacher support, or academic-program richness because it addresses tangible building/ logistics/ resource deficits and service breakdowns.\"",\n    \""square entries describe more consistent, supportive, responsive teachers, counselors and parent communication than circle entries\"": \""This groups the Square items that emphasize accessible principals, caring teachers, proactive counselors, coordinated parent outreach and reliable student supports — and is kept separate from the four Circle‑focused buckets because it is a directional claim about staff responsiveness and family‑facing supports that contrasts with Circle’s governance, safety, facilities or advanced-program patterns.\""\n}""]",,37.590490102767944,26494,2176,2698,,[],['resp_02d788f26b78be6e006a72548834f8819c87d72e9586d2c894'],True
vote|reduce1|7|0,"[""{\n    \""circle entries describe broader concrete programmatic resources and extracurricular breadth (arts, vocational pathways, clubs, STEM/media facilities, modernized campuses) than square entries\"": \""This bucket groups all items about tangible program offerings and visible resourcing (AP/IB/dual‑enrollment, arts, CTE, ROTC, recording studios, championships, college partnerships) and is distinct from facilities/operations (which covers failures) and from administration or safety issues (which cover governance or behavior), so it captures programmatic breadth specifically.\"",\n    \""circle entries document more administrative mismanagement, unresponsiveness, favoritism/nepotism, and governance failures than square entries\"": \""This bucket collects complaints about leadership, board politics, cover‑ups, favoritism, admissions/athletic protectionism, and opaque decision‑making and is mutually exclusive from program/facility, safety, teacher‑support, and logistics themes because it targets governance and policy dysfunction rather than programs, physical assets, or classroom practice.\"",\n    \""circle entries report more pervasive student safety, substance use, and bullying problems with administrative inaction or inconsistent discipline than square entries\"": \""This bucket groups items about bullying, fights, thefts, gangs/drugs, violent incidents, discriminatory harassment and claims that staff fail to protect students or apply discipline consistently, and is separate from administrative governance (policy/favoritism) and from operational/facility faults or academic/program descriptions.\"",\n    \""circle entries describe operational, facilities, and logistical breakdowns more than square entries\"": \""This bucket covers concrete operational problems (pest infestations, HVAC/AC failures, overcrowded buses/cafeterias, scheduling/credit tracking errors, late buses, food problems, construction logistics) distinct from programmatic richness, governance failures, or student‑behavior/safety incidents because it focuses on physical infrastructure and daily logistics.\"",\n    \""circle entries describe more personalized teacher engagement, small‑class mentorship, and teacher‑led academic supports than square entries\"": \""This bucket groups accounts of one‑to‑one tutoring, small class sizes, teacher volunteerism, active parental communication and individualized remediation/mentoring, and is distinct from curricular/program breadth (offerings) and from governance, safety, or facilities issues because it centers on classroom-level adult–student supports and pedagogy.\""\n}""]",,38.23819541931152,26563,2048,2531,,[],['resp_0e8e606b9f75e7b7006a725487851881a2a84e2a97f7c4875d'],True
vote|reduce1|11|5,"[""{\n    \""circle entries report more severe student safety, bullying, harassment, drug and violence incidents with frequent adult non‑intervention than square entries\"": \""This bucket groups the many circle claims of fights, bullying, racial/sexual harassment, drug/theft incidents, police/SRO involvement and staff non‑intervention — a concrete safety/behavior cluster distinct from administrative governance, academics, community/cohort culture, or facilities issues captured by the other buckets.\"",\n    \""circle entries report more administrative unprofessionalism, favoritism, nepotism, retaliation, and governance problems than square entries\"": \""This bucket captures circle reports of crony hiring, favoritism toward athletes/donors, cover‑ups, administrators who hang up on parents or force resignations — governance and personnel misconduct that is operationally different from student safety incidents, physical resource shortfalls, instructional program strength, or community personalization.\"",\n    \""circle entries report stronger, broader advanced-academic programs and measurable college/career outcomes than square entries\"": \""This bucket groups circle statements about AP/dual‑enrollment, magnet/vocational pathways, measurable college acceptances, scholarships and accelerated credit — concrete academic-program strength and outcomes distinct from teacher access/parent cohesion, facility problems, disciplinary safety, or governance failures.\"",\n    \""circle entries describe stronger parental/community engagement, small‑school personalization, and proactive staff/administrative outreach than square entries\"": \""This bucket aggregates circle claims of small classes, high parent/Alumni involvement, tight community/faith identity, teacher accessibility and individualized supports — a people‑and‑culture cluster that is about social structure and supports rather than programmatic rigor, safety incidents, governance abuse, or material/operational breakdowns.\"",\n    \""circle entries report more concrete facility, resource, technology, and operational breakdowns (bathrooms, buses, trailers, food, tech, scheduling, and misallocated fundraising) than square entries\"": \""This bucket collects circle reports about overcrowding, HVAC/cleanliness, missing textbooks, dated computers, scheduling/registration failures and cafeteria/transport problems — tangible infrastructure and operational failures separate from safety incidents, governance/misconduct, community/teacher personalization, or academic-program content/outcomes.\""\n}""]",,38.656944036483765,23147,1984,2457,,[],['resp_04319e6913ed1c37006a725488163481a0b3035e40e214c5bd'],True
vote|reduce1|9|5,"[""{\n    \""circle entries report more student safety incidents, violence, substance/gang activity, and staff failure to address them than square entries\"": \""This bucket captures the many circle reports of fights, weapons/drugs, stalking, repeated bullying and police/lockdown failures and distinguishes them from square's less‑frequent/less‑severe safety mentions, making it distinct from governance, staffing, academic or facilities topics.\"",\n    \""circle entries report more administrative and governance failures, favoritism/corruption, poor parent communication, and accountability problems than square entries\"": \""This groups circle allegations about nepotism, cover‑ups, board/superintendent mismanagement, fundraising/tuition coercion and unresponsive complaint handling, separating governance and ethics failures from safety, instructional support, or resource descriptions.\"",\n    \""circle entries provide more specific, concrete accounts of facilities, resources and instructional staffing issues (building renovations or decay, tech/lab availability, class size, teacher qualifications, budgeting and misallocation) than square entries\"": \""This bucket aggregates circle entries that focus on tangible operational facts—renovations, overcrowding, pest/cleanliness, tech, class loads, and budget tradeoffs—kept separate from programmatic academics, extracurricular identity, teacher mentoring, or governance problems.\"",\n    \""circle entries report stronger formal college‑prep, advanced‑course offerings, and measurable student outcomes than square entries\"": \""This groups circle evidence of AP/IB/dual‑credit, formal academies, CTE/credential pathways and documented college matriculation or associate‑degree outcomes, distinct from teacher availability, extracurricular/athletic emphasis, facility detail, or governance issues.\"",\n    \""circle entries report more proactive, individualized teacher/counselor support, mentorship, and parent communication than square entries\"": \""This bucket covers circle claims of routine one‑on‑one tutoring, counseling/mentoring programs, individualized differentiation and active parent outreach, separating human‑support practices from structural facility/resource, governance, safety, or formal programmatic (AP/CTE) differences.\""\n}""]",,38.815940141677856,22732,1792,2259,,[],['resp_0847efbd84fd463f006a7254883c80819fb9df4d76300fcac7'],True
vote|reduce1|17|0,"[""{\n    \""circle entries report more frequent and severe student-safety and behavior problems than square entries\"": \""Many raw items describe fights, weapon/drug incidents, pervasive bullying, in-class drug use, gang activity, and staff non‑intervention in circle entries—this bucket isolates concrete safety/discipline crises (distinct from administrative, programmatic, facility, or support-service themes).\"",\n    \""circle entries describe stronger formal academic programs, specialized tracks, and measurable college‑preparatory outcomes than square entries\"": \""Numerous circle reviews enumerate AP/IB/dual‑enrollment/CTE/magnet programs, scholarship and elite college placements, and clear college‑credit pathways—this captures programmatic academic strength and measurable outcomes (separate from teacher quality, safety, or facilities).\"",\n    \""circle entries report more administrative and governance dysfunction (turnover, favoritism, cover‑ups, coercion, hiring based on connections) than square entries\"": \""Many circle items allege nepotism, favoritism, record/credit manipulation, refusal to share documents, punitive or opaque governance, and politicized boards—this focuses on leadership/governance failures distinct from safety, curricular offerings, or family/community culture.\"",\n    \""circle entries provide more detailed accounts of facilities, extracurricular breadth, and resource allocation issues (arts/athletics emphasis, cafeteria quality/pricing, maintenance/overcrowding, fundraising) than square entries\"": \""Circle reviews include granular reporting on capital projects, tech rollouts, facility disrepair, fundraising/fee burdens, and the prominence or favoritism of athletics/band versus academics—this groups physical, financial, and extracurricular resource detail apart from academic program content or special‑needs supports.\"",\n    \""circle entries depict a small, tight-knit, multigenerational community with strong parental/alumni loyalty and personalized teacher mentorship more than square entries\"": \""Many circle excerpts emphasize small‑school scale, multi‑generational enrollment, strong parent/volunteer involvement, faith or single‑sex identity, and close teacher–student relationships—this social/community identity cluster is distinct from safety incidents, governance failures, facilities, or formal academic pathways.\""\n}""]",,38.81534814834595,27029,2176,2629,,[],['resp_06fd31d862ec6ca8006a7254885ba8819ebc79b53ab8bb4c4c'],True
vote|reduce1|24|0,"[""{\n    \""circle entries describe broader and more formalized advanced-academic and career programming (AP/dual-credit, magnet/STEAM, CTE, college‑prep outcomes) than square entries\"": \""Many Circle reviews enumerate explicit program infrastructure (AP/IB/dual‑enrollment, TRANSTEM/academies, clear college matriculation lists and early‑college credentials) — a concrete programmatic distinction that is about curricular pathways and outcomes rather than facilities, discipline, governance, or frontline teacher tone (the other buckets).\"",\n    \""circle entries report more pervasive bullying, physical fights, substance use, and discriminatory harassment — with frequent reviewer claims that staff and leaders fail to stop it — than square entries\"": \""A large cluster of Circle items document on‑campus violence, gang/drug activity, racial slurs, teen‑pregnancy and chronic bullying (often paired with reviewers saying staff don’t intervene), which is a discrete safety/behavior pattern distinct from administrative favoritism, program breadth, resource reporting, or the generally positive teacher‑support claims captured in other buckets.\"",\n    \""circle entries report more administrative retaliation, cronyism, favoritism, coverups, and governance instability than square entries\"": \""Circle reviews repeatedly allege nepotism, cover‑ups, selective enforcement (athlete/legacy favoritism), leadership suppression of dissent, and politicized district governance — a governance/fairness issue focused on decisionmaking and power that differs from operational facility detail, student‑safety incidents, or curricular program descriptions.\"",\n    \""circle entries provide more concrete operational detail about facilities, funding, fees, schedules, and material resources (both shortages and investments) than square entries\"": \""Circle entries consistently list granular operational facts — pests, broken AC/roofs, bus no‑shows, charging parents, lost credits/registration errors, grant appeals and capital projects — a tangible facilities/funding/logistics cluster separate from program quality, safety incidents or administrative favoritism.\"",\n    \""square entries describe more consistently engaged, pedagogically effective, and communicative teachers/staff and timely school‑family responsiveness than circle entries\"": \""Square reviews more often praise accessible principals, caring teachers, effective counselors and prompt parent communication and student supports — a frontline human‑resource/teacher‑responsiveness pattern that is conceptually distinct from Circle’s program breadth, safety crises, governance corruption, or operational/facility reports.\""\n}""]",,38.132455825805664,26550,1984,2517,,[],['resp_0a13e81055b2a788006a72548844288191b6c596372961fbd6'],True
vote|reduce1|5|5,"[""{\n    \""circle entries report more detailed facility, operational, and resource‑management facts and failures (new construction, renovations, cafeteria/food, transportation, 1:1 device programs, e‑text outages, funding mismanagement) than square entries\"": \""Many circle reviews enumerate concrete operational details (cafeteria quality/length of lunch, laptop programs, shuttle/parking, ceiling leaks, library size, funding cuts) so this bucket captures tangible infrastructure and logistics issues distinct from staff behavior, safety incidents, advanced-program descriptions, or community culture.\"",\n    \""circle entries emphasize a small-school, familylike personalization and close student–staff relationships more than square entries\"": \""A large subset of circle reviews highlight small classes, one‑on‑one advising, visible principals, strong alumni/parent ties and a ‘family’ atmosphere—this is a people/culture and scale attribute that is conceptually separate from facility problems, academic-program breadth, safety/crime, or governance/favoritism.\"",\n    \""circle entries report more acute student safety problems, bullying, gang activity, fights, and criminal incidents than square entries\"": \""Numerous circle excerpts document fights, drug/dealings, gang presence, sexual harassment and severe bullying (including suicide/psychiatric harms), a discrete category of physical/psychosocial safety incidents and enforcement failures that is not the same as infrastructure faults, curricular offerings, personalized support, or nepotistic governance.\"",\n    \""circle entries report more administrative misconduct, insider favoritism, nepotism, punitive/retaliatory practices, and overt prioritization of athletics over academics than square entries\"": \""Many circle items allege favoritism (teacher/coach children, donor privilege), nepotism, punitive or opaque discipline, and athletics‑first resource choices—this governance/fairness/misconduct theme is about power and policy decisions and is distinct from facilities, safety incidents, program richness, or close school communities.\"",\n    \""circle entries report more extensive advanced academic programs, AP/IB/dual‑enrollment pathways, measurable college‑prep outcomes and national recognition than square entries\"": \""A consistent group of circle reviews name AP/IB/dual‑enrollment, measurable college outcomes, CTE credentialing and external awards—this concrete academic-pathway/programming cluster differs from operational/facility matters, interpersonal safety issues, administrative corruption, or small‑school personalization.\""\n}""]",,39.0826690196991,23046,1664,2200,,[],['resp_0c19245b81024482006a7254896ce881a3889880ef3cb0d053'],True
vote|reduce1|4|3,"[""{\n    \""circle entries report more frequent and severe student-safety and misconduct problems (bullying, fights, drugs, gang violence, lockdowns) than square entries\"": \""Groups many raw items documenting on-campus violence, persistent bullying, substance use, suicides, lockdowns and supervision failures into a single safety/behavior category that is distinct from administration, resourcing, individualized supports, or academic-program themes.\"",\n    \""circle entries allege more nepotism, favoritism, athletic prioritization, and protection of insiders in staffing and discipline than square entries\"": \""Captures governance and equity allegations (donor/athlete preference, protection of insiders, hiring favoritism and unequal discipline) as a distinct theme separate from general administrative operational errors or from student-safety incidents.\"",\n    \""circle entries document more extensive advanced academic and career pathways (AP/IB/dual‑enrollment, early college, and vocational/CTE) and measurable postsecondary outcomes than square entries\"": \""Groups all concrete claims about AP/IB/dual‑credit, vocational/CTE offerings, scholarship and college‑placement metrics into one academic-programs/outcomes bucket, which is explicitly different from personalization, safety, governance or facilities issues.\"",\n    \""circle entries report more individualized supports and stronger local/familial community engagement (small classes, proactive counselors, hands‑on teachers, multi‑generational loyalty and relocation demand) than square entries\"": \""Aggregates elements about one‑on‑one tutoring, small‑school personalization, visible teacher/counselor outreach, multigenerational/community enrollment and parent communication into a single people‑and‑supports bucket distinct from facilities, governance, safety, or programmatic rigor.\"",\n    \""circle entries report more concrete operational, facility, and resource failures and cost burdens than square entries\"": \""Groups cafeteria/meal‑denial, HVAC/cleanliness/rodents, overcrowding, scheduling/transportation, device/tech provisioning, mandatory fees and other logistical or capital/resource failures into one operational/resources bucket distinct from safety incidents, governance favoritism, personalized supports, or advanced academic programming.\""\n}""]",,39.134827852249146,26855,2112,2572,,[],['resp_0f64b725eaa57c1e006a725487a0d0819faa853012c542afb3'],True
vote|reduce1|16|0,"[""{\n    \""circle entries report more frequent and severe student safety incidents, bullying, racial/sexual discrimination, and staff/security misconduct than square entries\"": \""This bucket groups all raw terms describing on‑campus violence, repeated fights, hate/identity‑based harassment, sexual/physical assaults, theft/drug dealing and failures of staff/security to protect — distinct from administrative governance, facilities/resource faults, special‑education/counseling gaps or programmatic strengths because it centers on acute student safety and interpersonal harm incidents.\"",\n    \""circle entries report more administrative unresponsiveness, punitive/ vindictive governance, nepotism, financial/record mishandling, and alleged legal/ethical violations than square entries\"": \""This bucket collects items about governance and personnel malpractice (nepotism, favoritism, withheld appeals, financial/PTA irregularities, punitive policy, cover‑ups and disciplinary protection), which are organizational‑level accountability failures and are conceptually separate from frontline student safety incidents, classroom instruction variability, material/facility breakdowns, or support‑service implementation.\"",\n    \""circle entries describe stronger, broader, and more measurable advanced academic, vocational, and college‑placement programs than square entries\"": \""This bucket captures the cluster of concrete program/offering claims (AP/IB/Cambridge, dual‑enrollment, CTE/ROTC/Ag, scholarship/ACT outcomes and documented college matriculation), which are positive, programmatic evidence of academic pathways and are distinct from operational problems, safety complaints, or individualized support failures.\"",\n    \""circle entries report more acute facility, operational, and resource failures (overcrowding, broken/absent equipment, sanitation/food‑safety issues, transportation gaps) than square entries\"": \""This bucket groups tangible infrastructure and service breakdowns — HVAC/heat, pests, lack of textbooks/tech, broken Chromebooks, lunch/bus failures, scheduling/short lunch problems — separate from governance/favoritism, student safety incidents, special‑education/counseling gaps, or curricular/program strength.\"",\n    \""circle entries report greater gaps and failures in student support services—special education, IEPs, counseling, attendance, transfers and guidance—than square entries\"": \""This bucket covers failures and disputes around individualized student supports (IEP non‑implementation, poor counseling/college guidance, ELL/sped breakdowns, transfer credit problems and attendance/notification lapses), which are distinct from wholesale facility failures, acute safety events, governance corruption, or descriptions of advanced academic offerings.\""\n}""]",,39.29838705062866,25831,1920,2485,,[],['resp_0cfbbe174e919603006a72548842a4819e9dc4b1c3cf9e8de2'],True
vote|reduce1|1|1,"[""{\n    \""circle entries report more administrative and operational dysfunction — poor communication, records/scheduling errors, favoritism/nepotism, and politicized governance — than square entries\"": \""This groups the many raw items about opaque boards, enrollment/IEP/record mishandling, favoritism/retaliation, unreturned calls, scheduling/placement errors and governance complaints; it is distinct from facility/resource problems (physical plant) and from safety or academics because it centers on governance/process and personnel‑policy failure.\"",\n    \""circle entries report more frequent and severe student safety, bullying, violent incidents, and day‑to‑day disciplinary failures than square entries\"": \""This captures the cluster of concrete safety harms (bullying, fights, drugs, assaults, threats, police non‑response, mental‑health breakdowns) and claims that discipline is ineffective or misapplied; it is separate from administrative/process dysfunction (above) and from extracurricular/athletics focus or academic program strength.\"",\n    \""circle entries report more chronic facility, resource, scheduling and operational shortfalls and failures than square entries\"": \""This groups facility and operational details (overcrowding, pests, plumbing/cleanliness, lack of labs/textbooks, custodial shortages, transportation/locker logistics, cafeteria/food hygiene, tech provisioning timing) that affect daily functioning — distinct from governance/favoritism, safety incidents, extracurricular emphasis, or advanced‑academics.\"",\n    \""circle entries report stronger, formal advanced‑academic pathways and measurable college‑prep outcomes than square entries\"": \""This covers the many concrete programmatic claims about AP/IB/dual‑enrollment/magnet/college partnerships, quantified credit offers, honors/AP availability and measurable college placements — a cluster about formal academic pathways and outcomes that is analytically separable from facility, safety, governance, or extracurricular themes.\"",\n    \""circle entries emphasize higher‑profile athletics and broad extracurricular competitiveness and school identity more than square entries\"": \""This groups accounts of athletics‑first cultures, elite/competitive teams and band/arts traditions, booster/donor involvement, and athlete favoritism/tryout gating — a distinct set of resource/identity/prioritization issues that differ from governance/process failures, physical resource deficits, safety crises, or academic-program statements.\""\n}""]",,39.703713178634644,26388,1664,2134,,[],['resp_042f151da0d0139c006a7254875ef0819dab3ef3e66eff3e91'],True
vote|reduce1|11|2,"[""{\n    \""circle entries report more pervasive student‑safety problems and unaddressed misconduct (bullying, physical fights, drug dealing/overdoses, sexual activity, theft, unsecured entry) than square entries\"": \""This bucket groups the many raw items documenting peer violence, substance/gang activity, weapons/assaults, sexual incidents, and routine non‑physical bullying with adult nonresponse in circle reviews; it is kept distinct from administrative or programmatic failures because it captures direct student safety and misconduct events rather than who caused or managed them.\"",\n    \""circle entries report more administrative favoritism, nepotism, staff misconduct, inconsistent discipline, and governance failures than square entries\"": \""This bucket collects allegations about biased/insider treatment, cronyism, cover‑ups, retaliation, corrupt evaluation/leadership, and uneven/enforced discipline policies from circle reviews; it is separate from the student‑safety bucket because it focuses on adult governance and decision‑making, not the underlying student incidents.\"",\n    \""circle entries report stronger, broader, and more celebrated extracurriculars, athletics, arts, vocational shops, and external opportunities than square entries\"": \""This bucket groups claims of extensive, award‑winning or flagship extracurricular life (marching band, JROTC, sports, drama, vocational shops, travel, competitions and community partnerships) documented in circle reviews; it is distinct from academic rigor or college‑prep buckets because it captures extra‑classroom program breadth and prestige rather than in‑class curriculum or outcomes.\"",\n    \""circle entries report stronger advanced‑academic offerings and measurable college‑prep outcomes than square entries\"": \""This bucket covers circle reports of abundant AP/IB/dual‑credit/academy pathways, documented test/college matriculation data, scholarships and named postsecondary outcomes; it is kept separate from extracurriculars and from administrative or special‑education issues because it specifically targets classroom/program pathways and measurable academic results.\"",\n    \""circle entries report explicit special‑education and disability‑service failures, targeted mistreatment, and legal/noncompliance (IEP/504 problems) more than square entries\"": \""This bucket groups the concrete complaints about IEP/504 denial, reduction/cancellation attempts, poor counseling for students with disabilities, accommodation breaches and related legal disputes appearing in circle reviews; it is exclusive from general counseling/teacher‑support or governance buckets because it specifically concerns special‑education compliance, disability accommodations, and legally protected services.\""\n}""]",,39.78176021575928,26615,1984,2518,,[],['resp_0e5915e07322c3af006a7254882cf481918f99b75e63bf5f55'],True
vote|reduce1|23|4,"[""{\n    \""circle entries report more frequent and severe student safety and conduct problems (bullying, fights, drugs, sexual harassment, lockdowns) than square entries\"": \""Many raw items document gang ties, shootings, weapons, drug solicitation, daily fights, sexual harassment, and staff inaction — a concrete cluster about on-campus violence and peer harm that is about student behavior and safety incidents, and is kept distinct from governance/favoritism, academic-program, personalization, or facilities/extracurricular buckets which address different operational domains.\"",\n    \""circle entries report more administrative favoritism, nepotism, staff misconduct, inconsistent discipline, and governance failures than square entries\"": \""Numerous entries allege cronyism, last-name/tuition-based advantage, coach/athlete preferential treatment, policy non‑enforcement, cover‑ups and retaliatory leadership — a governance/fairness cluster focused on how adults and systems behave, which is meaningfully different from student-safety incidents, resourcing/program breadth, academic rigor, or community personalization.\"",\n    \""circle entries report stronger and more specialized academic pathways, higher measurable college‑prep outcomes, and more intense academic rigor than square entries\"": \""Multiple reviews name AP/IB/dual‑enrollment, academies, early‑college/credential pathways and concrete post‑secondary outcomes (graduation credit, college completion, scholarships), forming an academic-programs/rigor cluster distinct from staffing/governance, safety, facility/extracurricular assets, or small‑school personalization.\"",\n    \""circle entries report stronger small-school personalization and proactive teacher/counselor mentorship, family/community cohesion, traditions, and localized supports than square entries\"": \""Many pieces emphasize low student‑teacher ratios, named devoted teachers, active parent/alumni involvement, tight village culture and hands‑on counseling/mentoring — a people‑centered personalization/community cluster that is different from programmatic academic strength, physical resources/extracurricular breadth, safety incidents, or governance malpractice.\"",\n    \""circle entries report broader, higher‑profile extracurricular, vocational, and community partnership programs and better‑documented facilities/resources than square entries\"": \""Raw terms frequently list nationally ranked bands, state championships, auditoriums, labs, 1:1 device programs, STEM/CTE offerings and explicit facility investments — an assets-and-program‑infrastructure cluster about tangible resources and extracurricular scale that is separable from academic‑pathway rigor, personalization, safety issues, or administrative favoritism.\""\n}""]",,39.1883659362793,26440,2432,2946,,[],['resp_06c80eee23fa746d006a7254882b74819da835a0c2cf218c4e'],True
vote|reduce1|17|5,"[""{\n    \""circle entries report stronger advanced academic programs and measurable college/career outcomes than square entries\"": \""Many circle reviews document IB/AP/dual‑enrollment/CTE pathways, concrete test/scholarship metrics and alumni college success—this bucket isolates programmatic academic strength and measurable postsecondary outcomes and does not overlap with governance, safety, facilities, or teacher‑quality buckets.\"",\n    \""circle entries report more pervasive bullying, targeted harassment, gang violence, and ineffective anti-bullying responses than square entries\"": \""Numerous circle reviews recount repeated fights, gangs, drugs, racial/sexuality‑based harassment and administration inaction or retaliation—this safety/behavior cluster is distinct from academic offerings, facilities/logistics, staffing competence, or governance/favoritism issues.\"",\n    \""circle entries document more operational, facilities, and student‑support resource problems (overcrowding, outdated instructional tech, late buses, poor food service, and weak or improperly implemented special‑education/counseling) than square entries\"": \""A large subset of circle items give concrete logistics/facility/service failures (transportation, food, overcrowding, cleanliness, scheduling, IEP mishandling), which are operational and resource problems separate from pedagogical quality, safety incidents, or administrative favoritism.\"",\n    \""square entries report more teacher incompetence, uneven instructional quality, and classroom management failures than circle entries\"": \""Many square reviews emphasize disengaged or ineffective teachers, inconsistent grading and poor classroom control—this captures frontline instructional breakdowns distinct from school governance, facilities, safety, or formal program availability.\"",\n    \""circle entries report more administrative unresponsiveness, favoritism/nepotism, and inconsistent or weaponized discipline than square entries\"": \""Circle reviews repeatedly allege cronies/donor favoritism, nepotistic hiring, opaque record/credit manipulations, dismissive administrators and punitive or arbitrary discipline—this governance/fairness cluster is separate from academic program strength, student safety, teacher skill, or physical/operational conditions.\""\n}""]",,40.48630499839783,23191,2240,2706,,[],['resp_04cf84f059eecd81006a7254882c448191b9f19f350368cecb'],True
vote|reduce1|17|3,"[""{\n    \""circle entries report stronger advanced-academic offerings and measurable college-prep outcomes than square entries\"": \""This groups all concrete programmatic, pathway, AP/dual‑enrollment/IB/college‑prep and measurable outcome claims (scholarships, ACT/grad rates) that describe systemic curricular strength — distinct from teacher-level mentorship, operational/facility problems, safety incidents, or governance/favoritism issues.\"",\n    \""circle entries report more pervasive student safety and misconduct incidents (bullying, drugs, fighting, vaping, hazing) than square entries\"": \""This captures the explicit reports of on-campus violence, substance-dealing/use, repeated fights, sexual harassment and staff non‑intervention — a safety/behavior cluster that is substantively different from academic program claims, facilities/resource shortfalls, teacher mentorship, or administrative favoritism.\"",\n    \""circle entries report more administrative unresponsiveness, procedural mismanagement, favoritism/nepotism, and punitive/record‑keeping failures than square entries\"": \""This bucket groups governance and complaint-handling problems (nepotism, biased discipline, opaque policies, ignored parent complaints, legal escalation) that are about leadership and process failures rather than student-safety incidents, physical facilities, formal academic pathways, or one‑on‑one teacher supports.\"",\n    \""circle entries report more chronic facility, resource, scheduling and operational shortfalls and failures than square entries\"": \""This covers concrete infrastructure and service failures (overcrowding, heating/AC, buses, lunches, technology rollouts, lost records, budget cuts and scheduling) that concern the school’s physical and operational capacity rather than pedagogy, community identity, safety incidents, or governance bias.\"",\n    \""circle entries report more individualized teacher engagement and student‑facing academic supports (one‑on‑one help, after‑school tutoring, retake practices) than square entries\"": \""This groups descriptions of frontline instructional care — mentorship, counseling interventions, tutoring, counselor advocacy and proactive teacher outreach — which are classroom- and student‑support phenomena distinct from formal advanced programs, operational failures, safety crises, or administrative favoritism.\""\n}""]",,41.09829926490784,26548,2176,2611,,[],['resp_0bbbadc7fb9774a5006a7254896238819ca1d7190d683c5187'],True
vote|reduce1|1|0,"[""{\n    \""circle entries portray a small, personalized school culture with closer teacher‑student mentorship, stronger alumni/parent engagement, and distinctive standout extracurricular programs more than square entries\"": \""This groups raw terms about multigenerational/alumni continuity, heavy parent volunteerism, small class sizes, family‑like community identity, faith‑centered daily life, and tight teacher mentorship — a community/personalization cluster that is distinct from programmatic rigor, facilities, safety, or governance problems in the other buckets.\"",\n    \""circle entries document broader and stronger advanced academic and extracurricular pathways and measurable postsecondary outcomes (AP/IB/dual enrollment, tech/vocational teams, awards, scholarships) than square entries\"": \""This captures reviews emphasizing AP/IB/dual‑credit, career/CTE academies, award‑winning arts and athletics, scholarship totals and concrete college admissions — a program/outcome cluster that is about curricular and credential offerings/outcomes and separate from facility, safety, community, or governance themes.\"",\n    \""circle entries report more severe facilities, overcrowding, and operational/resource failures (HVAC, textbooks, food, tech, scheduling) than square entries\"": \""This groups complaints and facts about physical plant, sanitation, overcrowded classrooms and parking, broken HVAC, meal denial, tech shortfalls, scheduling/block problems and other operational logistics — concrete material/resource issues that are operationally distinct from safety incidents, academic program strength, parent/alumni culture, or governance/favoritism.\"",\n    \""Circle entries report more frequent and severe student safety, bullying, drug and violent‑incident problems that staff or administrators fail to remediate than square entries\"": \""This bucket collects accounts of fights, gangs, drug/alcohol activity, sexual‑misconduct or police responses and explicit staff non‑intervention or ignored bullying reports — safety/behavioral-crisis phenomena that are meaningfully different from administrative mismanagement, facilities faults, academic offerings, or tight small‑school culture.\"",\n    \""circle entries report more administrative unresponsiveness, procedural mismanagement, favoritism/nepotism, and punitive/record‑keeping failures than square entries\"": \""This groups allegations about opaque governance, nepotistic hiring, biased discipline, cover‑ups, lost records/grading errors, and poor parent communication — governance and accountability failures that are organizational/political in nature and separable from safety incidents, facilities deficits, curricular breadth, or community warmth.\""\n}""]",,41.44762086868286,26421,2368,2883,,[],['resp_0ac4f4b7233df978006a72548760348192a7039545362c060f'],True
vote|reduce1|13|0,"[""{\n    \""circle entries report more administrative retaliation, cronyism, favoritism, coverups, and governance instability than square entries\"": \""Many raw items describe targeted reprisals, nepotism, opaque policy/discipline, and leadership churn—this bucket isolates governance/favoritism/retaliation issues and is distinct from safety, facilities, teacher‑support, or academic‑program themes.\"",\n    \""circle entries report more severe student-safety problems (bullying, fights, drugs, gang activity, sexual misconduct) and more staff tolerance or inaction than square entries\"": \""A large cluster of reviews document violent or pervasive safety/harassment incidents combined with adult non‑intervention; this safety/discipline cluster is substantively different from administrative governance, facility failures, academic offerings, or teacher‑access issues.\"",\n    \""circle entries report stronger formal college-preparatory academic programs and measurable postsecondary outcomes than square entries\"": \""Multiple entries name AP/IB/dual‑credit, clear college matriculation evidence, scholarship examples and rigorous honors—this academic‑program/outcomes bucket captures curricular strength and results, separate from teacher access, governance, safety, or facilities.\"",\n    \""circle entries report more concrete facility, operational, and administrative service failures (cafeteria/food quality, restroom/maintenance problems, parking/transit, lost transcripts and billing errors) than square entries\"": \""Numerous reviews enumerate tangible operational breakdowns (HVAC, mold, overcrowding, bus/parking, gradebook/website problems and meal quality); grouping these infrastructure/logistics failures keeps them distinct from governance, safety, pedagogy, or programmatic excellence.\"",\n    \""circle entries report stronger teacher mentorship, tutoring, and parent/community engagement than square entries\"": \""Many circle reviews highlight proactive, individualized teacher availability, routine tutoring, and active parent/alumni involvement—this teacher/support/community access cluster targets human‑support practices separate from facilities, governance, safety, or formal program offerings.\""\n}""]",,41.4526629447937,26454,2560,3008,,[],['resp_0e9c2f704615c9c1006a725488326081a1aab7394c9eda31e5'],True
vote|reduce1|14|1,"[""{\n    \""circle entries report more concrete administrative, operational and governance failures (records, scheduling, finance, facilities, corruption) than square entries\"": \""Many raw items detail lost records, withholding transcripts, nepotism, misallocated budgets and contested policy decisions — this bucket groups those governance/operational breakdowns and is distinct from safety, facilities, pedagogy, or community‑culture issues.\"",\n    \""circle entries report more frequent and severe student safety, bullying, violent incidents, and day‑to‑day disciplinary failures than square entries\"": \""A large cluster of reviews allege pervasive bullying, fights, gang/drug activity, lockdowns and administrative non‑intervention — this safety/discipline cluster is about student harm and enforcement, separate from administrative paperwork, facilities, academic pathways, or small‑school culture.\"",\n    \""circle entries report broader formal advanced academic and career pathways (AP/IB/honors, dual‑enrollment, certifications, work‑study) and measurable college/career outcomes more than square entries\"": \""Many circle reviews list named AP/IB/dual‑credit/CTE academies, scholarship totals and alumni outcomes — this academic-programs/outcomes bucket groups curricular rigor and concrete college/career pipelines apart from governance, safety, facilities, or social culture.\"",\n    \""circle entries report more acute facilities, sanitation, capacity, and logistical resource problems (pest infestations, no heat/AC, overcrowding, bus no‑shows, poor food) than square entries\"": \""Numerous items describe overcrowded classrooms, filthy bathrooms, food/cafeteria and transportation breakdowns — this facilities/logistics cluster focuses on physical plant and service failures distinct from governance, safety, pedagogy, or community feeling.\"",\n    \""circle entries describe a small‑school, familylike community with close teacher relationships and personalized attention more than square entries\"": \""Several reviews emphasize small class sizes, family/alumni continuity, caring teachers and intense parent/alumni engagement — this community/personalization cluster captures social culture and relational supports separate from admin dysfunction, safety crises, facilities, or formal academic pathway descriptions.\""\n}""]",,41.55025315284729,26512,2240,2692,,[],['resp_00636d1d0210d93e006a72548825e881929739518591f94e22'],True
vote|reduce1|7|5,"[""{\n    \""circle entries describe smaller, close-knit school communities with visible staff presence and individualized attention more than square entries\"": \""Many raw items cluster around small‑school personalization (small classes, alumni continuity, visible principals, high parent/volunteer integration and teacher availability); this bucket is distinct from academic-program, safety, governance, and facilities/operational concerns because it captures community scale, relationships, and hands‑on staff presence rather than programmatic or failure modes.\"",\n    \""circle entries report more concrete advanced academic programs, measurable college- and career-prep outcomes, and vocational/dual-credit rigor than square entries\"": \""A large subset of reviews documents AP/IB/dual‑credit, vocational/CTE, measurable test/college metrics and clear postsecondary pathways; this bucket focuses on curricular and outcome offerings (program breadth and rigor) and is mutually exclusive from community, safety, governance, or logistical/facility problems.\"",\n    \""circle entries document more administrative governance, financial, and favoritism failures (nepotism, corruption, harassment, billing disputes, politicization) than square entries\"": \""Numerous items allege nepotism, politicized board decisions, corruption, favoritism in discipline/athletics, and contested financial choices — a governance/fairness cluster separate from physical‑safety incidents, instructional program quality, community intimacy, or operational breakdowns.\"",\n    \""circle entries report more frequent and severe safety, bullying, substance, and violence incidents than square entries\"": \""Many circle reviews detail bullying, fights, gang/drug concerns, sexual/predatory misconduct and police involvement; this bucket isolates acute student‑safety and violence/harassment incidents and how they affect students, distinct from administrative malpractice, program offerings, or facilities logistics.\"",\n    \""circle entries report more operational, facility, and logistical breakdowns (transportation, overcrowding, meal/yearbook/accounting errors, HVAC, lost records, scheduling) than square entries\"": \""A clear cluster concerns breakdowns in systems and infrastructure—overcrowding/trailers, scheduling failures, food/transportation problems, tech rollouts and special‑ed implementation—which is different from governance/favoritism, safety incidents, community closeness, or academic program strength.\""\n}""]",,41.62183594703674,22676,2112,2574,,[],['resp_00d20e38ac6f2b9e006a7254881940819286edcdb7bf614d08'],True
vote|reduce1|23|1,"[""{\n    \""circle entries report stronger formal advanced‑academics and college‑preparation outcomes than square entries\"": \""Groups all raw terms about AP/IB/dual‑enrollment, measurable college placements/scholarships and explicit early‑college or ACT/AP supports into a single programmatic/outcomes bucket; this is distinct from community, safety, staffing, or governance issues because it focuses on curricular pathways and documented postsecondary results rather than social climate or administrative behavior.\"",\n    \""circle entries report more pervasive student safety problems, bullying, and racially/sexually discriminatory incidents with staff/administration failing to intervene than square entries\"": \""Collects all concrete reports of fights, gang/drug incidents, repeated bullying, threats, hate/racial harassment and administrations ignoring or mishandling safety complaints into one safety/discipline bucket; this is mutually exclusive from academic-program, favoritism, staff‑quality, and community‑cohesion buckets because it concerns student conduct and immediate physical/psychological safety rather than resources, governance, teacher variability, or community ties.\"",\n    \""circle entries report systemic favoritism, nepotism, donor/legacy-based preferential treatment, and political play more than square entries\"": \""Captures allegations about donor protection, athletic/legacy/last‑name privileges, pay‑for‑placement, politicized governance, and contested resource allocation as a governance/fairness cluster; this is separate from teacher‑level variability, safety incidents, community cohesion, or curricular strength because it targets inequitable enforcement and power dynamics in administration and resourcing.\"",\n    \""circle entries show more pronounced teacher/staff polarization: higher reports of highly engaged, individualized teacher support coexisting with greater variability, turnover, and staffing problems than square entries\"": \""Bundles items describing both intense praise for named/over‑invested teachers and simultaneous reports of unqualified staff, high turnover, burnout, and unprofessional conduct into a single staffing‑quality/variability bucket; this differs from the community/parental engagement bucket (which concerns scale and continuity) and from governance/favoritism (which concerns power and allocation) because it speaks specifically to classroom‑level personnel stability and variability.\"",\n    \""circle entries emphasize tight local community, multigenerational/alumni ties, faith‑oriented programming, and inclusive small‑school participation more than square entries\"": \""Groups raw terms about small‑school/family culture, parents relocating or long alumni ties, active PTO/boosters, faith identity and close parental communication into a single community/cohesion bucket; this is distinct from academic-program strength, safety problems, governance favoritism, and teacher variability because it describes the social fabric, parental/alumni continuity and local identity rather than programs, incidents, or administrative behavior.\""\n}""]",,41.141841173172,26568,1984,2552,,[],['resp_09585d08000ca8cc006a725488296081a1a9cd2497cf23f9e0'],True
vote|reduce1|0|5,"[""{\n    \""circle entries report more concrete measurable academic outcomes and structured college‑prep pathways (scholarships, ACT/SAT/grad rates, AP/IB/dual enrollment supports) than square entries\"": \""Groups reviews that provide specific academic-program and outcome evidence (AP/IB, dual‑enrollment, scholarships, ACT prep, college matriculation) — distinct from facilities/logistics, extracurricular achievements, safety incidents, or governance complaints because it is explicitly about curricular pathways and measurable postsecondary results.\"",\n    \""circle entries report more pervasive student safety problems, violence, gang/drug activity, and daily disruptions than square entries\"": \""Captures items documenting bullying, fights, gang/drug activity, high pregnancy/suicide claims and daily security/supervision breakdowns — mutually exclusive from academic-program, facilities/operational, extracurricular, or governance buckets because it is strictly about student safety and behavioral incidents on campus.\"",\n    \""Circle entries report more administrative and governance dysfunction (unresponsiveness, recordkeeping failures, favoritism, leadership turnover and opaque policies) than square entries\"": \""Groups allegations of bureaucratic failure, favoritism/nepotism, non‑responsive leadership, recordkeeping/credit errors and politicized board actions — separate from programmatic academic claims, physical/logistical problems, student safety incidents, or extracurricular strength because it targets governance and policy/accountability breakdowns.\"",\n    \""circle entries contain more concrete facility, operational, logistics, and resource details (positive or negative) that affect families than square entries\"": \""Groups concrete, family‑facing operational details (late buses, lunches, overcrowding, broken elevators, tech/lab access, construction, fees) — distinct from curricular/outcome evidence, safety incidents, governance failures, or extracurricular achievements because it concerns physical capacity and daily logistics.\"",\n    \""circle entries report broader extracurricular breadth and higher extracurricular achievements (arts, athletics, competitions, internships, exchanges) than square entries\"": \""Captures references to extensive clubs, award‑winning bands/teams, state championships, exchanges, and strong arts/CTE offerings — distinct from academic‑outcome, safety, governance, or operational themes because it centers on scope and performance of nonacademic programs.\""\n}""]",,42.01635122299194,23076,2752,3202,,[],['resp_083113a05f4a6e16006a7254875dbc819c811797a1a232d6e7'],True
vote|reduce1|6|0,"[""{\n    \""circle entries report more frequent, explicit on-campus violence, drug incidents, and physical/security infrastructure failures than square entries\"": \""This groups the many raw items documenting fights, repeated physical bullying, gang activity, in‑class drug use, sexual assault/harassment, death threats and concrete safety/threat incidents (including busing/transportation dangers), and is distinct from other buckets because it centers on acute student‑safety and criminalized behavior rather than governance, programming, resources, or community ties.\"",\n    \""circle entries report more administrative unresponsiveness, procedural mismanagement, favoritism/nepotism, and punitive/record‑keeping failures than square entries\"": \""This captures reviews describing unreturned parent communications, lost transcripts/records, billing/fine/meal‑denial problems, politicized leadership, protected staff/athlete favoritism and nepotism, and punitive or arbitrary discipline, and is mutually exclusive because it focuses on governance/process/accountability failures rather than safety incidents, curricular offerings, physical resources, or parent/community cohesion.\"",\n    \""circle entries report more concrete advanced-college pathways, measurable postsecondary outcomes, and named AP/STEM/dual-enrollment programs than square entries\"": \""This groups the many concrete programmatic descriptions and outcome claims (AP/IB/dual‑credit, STEM/engineering tracks, vocational/CTE teams, scholarships, named matriculation examples and measurable scores), and is separate from other buckets because it addresses curricular pathways and measurable academic outcomes rather than safety, operations, administration, or community culture.\"",\n    \""circle entries describe stronger parental/community/alumni engagement, small‑school personalization, and faith‑based or small‑town institutional identity than square entries\"": \""This bundles raw terms about active PTOs, principal/teacher accessibility, multigenerational alumni ties, parents relocating or choosing schools, faith/mission identity, and a family‑like small‑school feel, and is distinct because it concerns relational/community identity and local engagement rather than material logistics, governance misconduct, safety crises, or academic-program specifics.\"",\n    \""circle entries report more operational, facility, and logistical dysfunctions (overcrowding, underfunding, pests, busing/meals, lack of materials, poor communication) than square entries\"": \""This covers raw reports of overcrowding, sudden bus cuts, meal‑account denials, missing textbooks/tech problems, scheduling chaos, HVAC/cleanliness issues and concrete service delivery failures (including many IEP/504 follow‑through problems framed as capacity gaps), and is mutually exclusive because it focuses on physical/material/service infrastructure and logistics rather than governance/favoritism, safety incidents, curricular pathways, or community engagement.\""\n}""]",,42.02812314033508,26685,2304,2905,,[],['resp_0fa7cffaefbae9b0006a7254879dc48192828075b713f44f61'],True
vote|reduce1|14|2,"[""{\n    \""circle entries report more staffing instability, teacher qualification problems, and staff favoritism or misconduct than square entries\"": \""Groups numerous raw items about high teacher turnover, uncertified/nontraditional teachers, tenure‑protected underperformance, coach/teacher favoritism, and staff misconduct—this is distinct from admin/facility breakdowns (another bucket) because it focuses on personnel competence, retention and biased behavior rather than organizational logistics or infrastructure.\"",\n    \""circle entries report more operational, administrative, and organizational dysfunction (poor communication, scheduling/transport failures, staffing gaps, broken facilities) than square entries\"": \""Captures the many reviews describing late grade reporting, scheduling errors, record/registration mishandling, phone/office unresponsiveness, and facility/logistics failures—keeps administrative/operational process failures separate from teacher competence/favoritism, student safety incidents, community culture, or programmatic academic offerings.\"",\n    \""circle entries report more pervasive student safety, bullying, fights, drugs, sexual harassment and related on‑campus misconduct (often tolerated or mishandled) than square entries\"": \""Groups the many concrete safety items—frequent fights, bullying (including targeting of students with disabilities), drug/alcohol incidents, overdoses, sexual harassment, police involvement and staff inaction—distinct from staffing or admin dysfunction because it centers on student misbehavior, harm, and protective responses.\"",\n    \""circle entries report more concrete, named advanced academic, vocational, and extracurricular program offerings and measurable postsecondary outcomes than square entries\"": \""Collects the numerous specific program and outcome claims (AP/IB/Cambridge/AICE, dual‑enrollment/running start, CTE/FFA/skills competitions, national trophies, measurable college placements/metrics) and separates programmatic strength and measurable outcomes from personnel, safety, operations, or community/cohesion themes.\"",\n    \""circle entries portray a small, tight‑knit, multigenerational community with strong parental/alumni loyalty, active local engagement, and explicit faith or mission identity more than square entries\"": \""Groups reviews describing familial continuity, volunteer logistics help, strong alumni/parent boosters, faith-based identity, audition/selective cultures and local pride—kept distinct from program strength, safety problems, staffing instability, or administrative breakdown because it concerns community cohesion and identity rather than operational or instructional characteristics.\""\n}""]",,42.18740105628967,26412,2048,2567,,[],['resp_0460004073c8888d006a7254883054819d824a7b505be9dd0f'],True
vote|reduce1|13|1,"[""{\n    \""circle entries emphasize athletics/band prominence and preferential treatment of athletes (sometimes at academic or safety cost) more than square entries\"": \""Many circle reviews repeatedly praise strong sports/music programs, championship success, band leadership and also allege athlete favoritism or discipline leniency (e.g., athletes protected, coach misconduct), which groups these program‑centered and athlete‑prioritization claims into a cluster distinct from facility, governance, safety, or academic‑program buckets.\"",\n    \""circle entries report more operational/resource failures, chronic understaffing/turnover, overcrowding, and facility or funding problems than square entries\"": \""Numerous circle items document broken toilets, overcrowded halls, underfunding, failed levies, construction disruption, and frequent teacher turnover — an operational/facilities/resource theme that is separable from governance (policy/favoritism), safety incidents, extracurricular strength, or academic/program quality.\"",\n    \""circle entries report more pervasive student safety, bullying, and racially/sexually discriminatory incidents with staff/administration failing to intervene than square entries\"": \""Many circle entries recount repeated physical fights, bullying, racial slurs, hazing, sexual misconduct allegations, lockdowns and explicit staff inaction — a concentrated pattern of on‑campus safety, harassment, and discrimination that is conceptually distinct from program breadth, facilities failures, administrative finance/favoritism, or academic offerings.\"",\n    \""circle entries report more administrative and staff governance problems — poor communication, favoritism/nepotism, fee mismanagement, high turnover, punitive/arbitrary actions, and local financial irregularities — than square entries\"": \""A large set of circle reviews highlights unresponsive offices, favoritism/nepotism, politicized discipline, billing/levy controversies and hostile leadership behavior, which coheres as a governance/administration failure category separate from student safety incidents, physical facility problems, academic program strength, or extracurricular emphases.\"",\n    \""circle entries report more and stronger advanced curricular, specialized and college‑preparatory programs (IB/AP/early‑college/STEM/magnet/JROTC) than square entries\"": \""Many circle reviews enumerate IB/AP/early‑college, dual‑credit, CTE/industry certifications and measurable college outcomes (scholarships, elite admits), forming a coherent advanced‑academics/programming bucket that is distinct from extracurricular/athletics emphasis, operational/facility issues, governance problems, or safety concerns.\""\n}""]",,42.31212782859802,26469,2176,2728,,[],['resp_0ed404e01d622730006a725488691481a18d905dd887f0b98a'],True
vote|reduce1|21|1,"[""{\n\""circle entries report more pervasive student-safety problems, bullying/harassment (including identity‑based attacks), physical fights, and repeated administrative failure to intervene than square entries\"": \""Groups reviews that center on student safety crises (fights, gang/drug activity, severe harassment, threats and unresolved bullying); this is distinct from governance or programmatic strengths because it focuses on on-the-ground threats to student physical/psychological safety rather than administrative structure, academic programming, or facilities.\"",\n\""circle entries report more administrative and staff dysfunctional practices (unresponsiveness, nepotism/favoritism, hiring problems, inconsistent teacher quality, counseling/special‑education failures, allegations of misconduct and discriminatory discipline) than square entries\"": \""Clusters reviews documenting governance and staff misconduct (nepotism, retaliation, opaque discipline, counselor/IEP failures, rude front‑office behavior) and is separate from safety incidents, academic offerings, community culture, or physical facility problems because it names leadership/process failures and personnel malpractice specifically.\"",\n\""circle entries report stronger advanced academic programs, specialized tracks, and measurable college‑prep outcomes than square entries\"": \""Captures reviews that describe formal college‑prep and credentialed pathways (AP/IB/dual‑enrollment/CTE/magnet programs, scholarships, high matriculation/test metrics) and is mutually exclusive from small‑school culture or safety/governance themes by focusing explicitly on structured academic pathways and measurable student outcomes.\"",\n\""circle entries describe a stronger small‑community / personalized‑attention culture, broader extracurricular & arts participation, and deeper alumni/community continuity than square entries\"": \""Groups reviews that emphasize small‑school/familylike personalization, named teacher mentorship, active alumni/parent engagement and rich extracurricular traditions (band, boosters, town identity), which is conceptually different from formal academic-program strength, governance dysfunction, safety crises, or facility shortcomings.\"",\n\""circle entries report more tangible facility and operational deficiencies (food service, sanitation, overcrowding, construction/maintenance, and technology gaps) than square entries\"": \""Captures concrete logistics and resource failures (broken bathrooms, expired food, bus cuts, overcrowded lunches, maintenance and tech rollout problems) and is distinct from safety, governance, academic-program, or community‑culture buckets because it focuses on physical infrastructure and operational service delivery.\""\n}""]",,42.55928611755371,26336,1792,2308,,[],['resp_0bad4c3a7a8b2f3e006a72548829a4819c876886b463a394f3'],True
vote|reduce1|17|2,"[""{\n    \""circle entries report more administrative favoritism, politicized staff protection, inconsistent or punitive discipline, and suppression of dissent than square entries\"": \""This groups reviews that describe nepotism, donor/athlete prioritization, arbitrary or retaliatory disciplinary policies, staff protection by administration and cover‑ups — a governance/power dynamic distinct from safety, facilities, academics, or community themes.\"",\n    \""circle entries report more severe and frequent on‑campus safety and criminal incidents (violence, fights, drug dealing, threats, theft, sexual misconduct) than square entries\"": \""This captures the many reports of fights, drugs, gang/weapon incidents, sexual misconduct and staff non‑intervention — a student‑safety/crime cluster that is conceptually separate from administrative favoritism, facility logistics, academic programming, or parental/community identity.\"",\n    \""circle entries report more concrete operational, facility, and logistical failures (food shortages, chronic tech/device breakdowns, enrollment/scheduling errors, grade/reporting problems, pest/maintenance issues) than square entries\"": \""This groups detailed accounts of broken HVAC, pests, cafeteria/food problems, scheduling/records/transport failures and opaque fee practices — operational service‑delivery failures that are materially different from governance, safety, programmatic academics, or community cohesion.\"",\n    \""circle entries report more concrete advanced academic pathways, formal dual‑enrollment/AP policies, and measurable college/postsecondary outcomes than square entries\"": \""This bucket covers the many specific mentions of AP/IB/dual‑enrollment, CTE/magnet tracks, measurable test/college results and formal partnership credit structures — programmatic academic breadth and measurable outcomes that are distinct from safety, administration, operations, or community identity.\"",\n    \""circle entries emphasize stronger parental/community engagement, faith/identity-driven culture, and small‑school cohesion than square entries\"": \""This groups references to multigenerational alumni ties, active parent/volunteer networks, faith‑based mission, small‑school intimacy and local traditions — a community/identity dimension that is separable from administrative corruption, student safety, facilities logistics, or formal academic program offerings.\""\n}""]",,43.04691195487976,26803,2176,2648,,[],['resp_02bb1f55dbbe9c21006a7254882f9881a38b3022c3a5530d9a'],True
vote|reduce1|13|3,"[""{\n    \""circle entries report more advanced academic programs, college‑credit pathways, and measurable postsecondary outcomes than square entries\"": \""Many raw terms describe AP/IB/dual‑enrollment, early college, scholarship totals and concrete postsecondary placements in circle schools; this bucket is focused on formal, measurable advanced‑academic pathways and outcomes and is distinct from extracurricular resourcing or teacher behavior.\"",\n    \""circle entries report stronger community/parent/booster involvement and better onsite resourcing for extracurriculars, arts, athletics and technology than square entries\"": \""Numerous circle items document active parent volunteers, boosters, capital improvements, 1:1 devices, modern facilities, and broad arts/athletics programs; this bucket captures community funding/resourcing and program breadth separate from in‑class teaching quality or administrative governance.\"",\n    \""circle entries report more administrative and staff dysfunctional practices (unresponsiveness, nepotism/favoritism, hiring problems, inconsistent teacher quality, counseling/special‑education failures, allegations of misconduct and discriminatory discipline) than square entries\"": \""Many circle entries allege favoritism, record‑withholding, rude front offices, governance politics and opaque decisions—this bucket groups governance/HR/fairness and personnel‑level misconduct distinct from student safety incidents or programmatic resource descriptions.\"",\n    \""circle entries report more pervasive student safety, substance use, and bullying problems with administrative inaction or inconsistent discipline than square entries\"": \""A large cluster of circle raw terms detail fights, thefts, sexual harassment, vaping/drugs, police involvement, and administrators who ignore or unevenly enforce consequences—this bucket isolates on‑campus safety/behavior crises and enforcement failures apart from curriculum or resourcing topics.\"",\n    \""circle entries document greater teacher dedication, one‑on‑one support, and tight parent/community/alumni involvement than square entries\"": \""Many circle reviews specifically praise individual teachers, counseling, tutoring, one‑on‑one mentorship and strong alumni/parent continuity; this bucket captures personalized instructional and mentoring supports (and pro‑family engagement) and is deliberately separated from institutional resourcing, governance dysfunction, or measurable advanced‑academic program labels.\""\n}""]",,43.12453007698059,26563,2432,2870,,[],['resp_07c1e195085c417a006a7254883664819ca6a227bb81848422'],True
vote|reduce1|16|4,"[""{\n    \""circle entries report more student safety incidents, bullying, violent fights, gang activity and administrative non‑response than square entries\"": \""This bucket captures all reports of physical danger, drugs/weapons, repeated fights, gang ties and victims not being protected — a focused safety/incident cluster distinct from governance failures, facility problems, academic programming, or community/extra‑curricular praise.\"",\n    \""circle entries describe stronger advanced-academic programming, measurable college‑prep outcomes, and higher test/AP achievement than square entries\"": \""This groups concrete programmatic strength (AP/IB/dual‑enrollment, test scores, scholarships, college matriculation) and outcomes that are institutional and curricular in nature, which is separate from safety, facilities/operations, leadership misconduct, or small‑school community dynamics.\"",\n    \""circle entries report more administrative/staff misconduct, favoritism, discriminatory or covert discipline, and accountability failures (nepotism, tenure protection, staff harassment, privacy breaches) than square entries\"": \""This bucket isolates governance and personnel pathology (nepotism, biased discipline, recordkeeping/privacy breaches, staff legal/misconduct claims) and is purposefully distinct from frontline safety incidents, resource/facility shortfalls, academic-program strength, or the school’s community/extracurricular identity.\"",\n    \""circle entries report more concrete facility, resource, technology, and operational breakdowns (bathrooms, buses, trailers, food, tech, scheduling, and misallocated fundraising) than square entries\"": \""This groups tangible operational and infrastructure failures — sanitation, overcrowding, bus/tardy logistics, missing tech/supplies, funding allocation — which are operational/resource issues separate from governance abuses, safety incidents, curricular rigor, or small‑school culture.\"",\n    \""circle entries describe a stronger small‑community / personalized‑attention culture, broader extracurricular & arts participation, and deeper alumni/community continuity than square entries\"": \""This captures the opposite pole: tight community, one‑on‑one teacher outreach, extensive extracurricular/arts/athletics and multigenerational loyalty — a cultural/relational cluster that is analytically distinct from safety crises, administrative corruption, material facility problems, or formal advanced‑academic program metrics.\""\n}""]",,43.25551986694336,26540,2176,2680,,[],['resp_0dc4ebd738f5ad83006a7254882f98819c84762c9023c4d22d'],True
vote|reduce1|19|3,"[""{\n    \""circle entries report more frequent, severe, and persistent student safety/discipline incidents and administration refusal or failure to remediate than square entries\"": \""Many raw terms document fights, bullying, sexual assault, police arrests, drugs, hate‑speech incidents and explicit administrative inaction — this cluster isolates concrete safety/behavior crises (distinct from program, facility, or governance topics) and is clearly different from academic, extracurricular or special‑education concerns.\"",\n    \""circle entries describe stronger advanced academic programs, clearer measurable outcomes, and a more explicit college‑prep reputation than square entries\"": \""Numerous circle reviews call out AP/IB/dual‑enrollment, documented scholarship/college admits and measurable outcomes (ACT/AP pass rates, elite admits), so this bucket captures academic‑program strength and outcome evidence separate from extracurricular breadth or governance issues.\"",\n    \""circle entries report more administrative unresponsiveness, punitive/ vindictive governance, nepotism, financial/record mishandling, and alleged legal/ethical violations than square entries\"": \""A distinct set of items detail opaque decision‑making, favoritism/nepotism, lost transcripts, scheduling/record errors and cover‑ups — these governance and accountability failures are organizational (not classroom instruction, not extracurricular programming, not special‑education support).\"",\n    \""circle entries document stronger extracurricular breadth, performing‑arts/STEM/CTE offerings and facility/capital improvements than square entries\"": \""Many circle entries emphasize broad/award‑winning clubs, music and sports programs, recent capital projects, 1:1 tech and vocational tracks — this groups resource/program breadth and facility investment apart from academic rigor, safety incidents, or administrative malpractice.\"",\n    \""circle entries contain more explicit, concrete claims about special‑education, guidance/counseling, and individualized supports (both positive and negative) than square entries\"": \""Reviews repeatedly provide detailed SPED/504, counseling, remediation or accommodation stories (successful individualized supports and also documented failures/non‑compliance), which is a focused operational category distinct from overall academics, extracurricular life, safety crises, or governance problems.\""\n}""]",,43.28522992134094,26105,2496,2976,,[],['resp_0cb1cedc99138258006a725488262c81a0ab8e502ab67c3f5c'],True
vote|reduce1|20|5,"[""{\n    \""circle entries report more frequent and more severe safety, drug, and assault incidents combined with staff inaction than square entries\"": \""This bucket groups the numerous raw items alleging fights, drugs, gang activity, sexual/health hazards, recurring physical assaults, and explicit staff non‑response — a concrete safety/discipline pattern that is distinct from governance issues, facility logistics, program offerings, or teacher‑support narratives.\"",\n    \""circle entries report more administrative and governance failures, inconsistent discipline, favoritism/nepotism, and operational mishandling than square entries\"": \""This bucket captures allegations about leadership misconduct, nepotism, biased discipline, cover‑ups, enrollment/selection gatekeeping, and politicized governance — organizational and policy failures that are conceptually separate from student safety incidents, physical facility breakages, or claims about advanced academic programming.\"",\n    \""circle entries report stronger, more concrete academic program breadth and measurable college/career outcomes than square entries\"": \""This bucket groups the many concrete mentions of AP/IB/dual‑enrollment, vocational/CTE pathways, measurable test/GPA/scholarship outcomes and formal college partnerships — programmatic, curricular strength and documented postsecondary success that are different from operational, safety, or governance complaints.\"",\n    \""circle entries report more concrete operational, facilities, and instructional logistics problems (gradebooks, outdated materials, tech/config, overcrowding, cleanliness, scheduling) than square entries\"": \""This bucket aggregates the specific, practical breakdowns reviewers describe — broken buses, pest infestations, controlled email/Chromebooks, scheduling and credit errors, lunch strikes, maintenance and tech failures — which are logistical/facility problems distinct from governance/favoritism, safety crises, or curricular breadth.\"",\n    \""square entries describe more consistently supportive, accessible adult support and orderly instructional environments (caring teachers, responsive counseling, visible administration, safer/ordered climate) than circle entries\"": \""This bucket groups the square reviews that emphasize caring teachers, responsive counselors, visible/supportive leaders, orderly classrooms and proactive student supports — a staff‑and‑climate positive profile that is mutually exclusive from the circle buckets which focus on safety failures, governance breakdowns, logistical deficits, or advanced program claims.\""\n}""]",,43.30980181694031,22946,2432,2920,,[],['resp_0c859f7a79524421006a7254881c38819f89b0b379c111a3c2'],True
vote|reduce1|20|4,"[""{\n    \""circle entries report more pervasive bullying, harassment, violent safety incidents, and administrative tolerance or mishandling of those problems than square entries\"": \""This groups the many raw items about fights, sexual/racial harassment, bomb/lockdown/shooting incidents, targeted bullying of vulnerable students, and repeated reviewer claims that administrators failed to protect victims — a distinct safety/behavior cluster that is about student harm and enforcement, and does not overlap with academic-program, facilities, teacher-support, or governance/favoritism buckets.\"",\n    \""circle entries describe stronger and more consistently engaged classroom staff and individualized instructional support than square entries\"": \""This captures the recurring raw claims of small classes, teacher availability, frequent teacher‑family communication, tutoring/AVID/remediation, and hands‑on mentoring that describe instructional relationships and supports — a staff‑engagement bucket separate from safety incidents, formal program breadth, infrastructure/facility issues, or governance/favoritism problems.\"",\n    \""circle entries report stronger advanced-academic programs, AP/IB/dual‑credit availability and clearer measurable college‑prep outcomes than square entries\"": \""This groups the many concrete statements about AP/IB/dual‑credit offerings, AVID, college credits earned, measurable acceptances/scholarships, and named academic awards — a program/outcomes cluster focused on formal curricular pathways and postsecondary results, distinct from teacher behavior, safety, facilities, or administrative governance.\"",\n    \""circle entries report more administrative and governance dysfunction (turnover, favoritism, cover‑ups, coercion, hiring based on connections) than square entries\"": \""This bucket contains the allegations about nepotism, biased discipline, hostile/front‑office behavior, leadership churn, misused funds and punitive governance practices — a governance/accountability cluster about who runs the school and how, which is conceptually separate from facility conditions, classroom support, safety incidents, or academic-program descriptions.\"",\n    \""circle entries detail facility, operational, and resource conditions more (positive or negative) than square entries — cleanliness, technology, food, uniforms/costs, transport logistics, renovations, and budget choices\"": \""This groups the concrete, operational reports (overcrowding, pests, cafeteria waits/food, missing labs/equipment, uniform/fee policies, parking/transport, renovation mentions and budget cuts) — an infrastructure/operations bucket that is about material conditions and logistics, clearly distinct from governance misconduct, instructional relationships, safety incidents, or curricular/programmatic offerings.\""\n}""]",,43.40746593475342,26485,2112,2673,,[],['resp_053d0577bccec03b006a7254882abc8192a70a90cdd5b036cd'],True
vote|reduce1|10|2,"[""{\n    \""circle entries report a broader, concrete set of specialized academic, vocational, arts, and early‑college program offerings and extracurricular breadth than square entries\"": \""This bucket groups many raw terms documenting named academies, AP/IB/dual‑credit, JROTC/ROTC, award‑winning bands, FFA/agriscience, internships and numerous clubs — and is distinct from the other buckets because it captures programmatic breadth and explicit curricular/offering detail rather than community feel, safety, administration, or facilities problems.\"",\n    \""circle entries portray a small‑school, family‑like community with more individualized teacher attention and active parental/alumni involvement than square entries\"": \""This bucket captures repeated claims about small‑school intimacy, alumni‑to‑staff continuity, parental volunteer/PTA influence, faith/single‑sex identity, and one‑on‑one mentoring — and is mutually exclusive because it emphasizes relational/community dynamics rather than program breadth, operational breakdowns, safety incidents, or governance failures.\"",\n    \""circle entries report more administrative and governance dysfunction, resource misallocation, and staffing instability than square entries\"": \""This groups the many allegations about favoritism/nepotism, politicized boards, leadership turnover, administrative secrecy, IEP/504 mismanagement and biased counselor practices — and stays separate from facility/resource failures, safety incidents, program richness, or small‑school personalization by focusing on governance and personnel/policy malpractice.\"",\n    \""circle entries report more frequent and severe student-safety and peer-harm problems (bullying, fights, drugs, gang violence) and administrative toleration of them than square entries\"": \""This bucket collects the raw terms about pervasive bullying, frequent fights, substance/vaping issues, police involvement or concealment, and staff non‑intervention — and is distinct because it centers on direct threats to student safety and peer harm rather than program offerings, facilities logistics, or governance/process failures.\"",\n    \""circle entries report more concrete operational, facility, and resource failures and cost burdens than square entries\"": \""This groups concrete, material shortcomings and burdens (underfunding, poor lunches, late buses, locked bathrooms, tuition/fees and withdrawal penalties, tech/maintenance problems) and is exclusive because it focuses on tangible infrastructure, resourcing and cost issues rather than relational community, curricular breadth, safety incidents, or governance misconduct.\""\n}""]",,43.520344257354736,26326,2688,3191,,[],['resp_0471db1f143287e6006a72548826b881a2a480ec67e7692649'],True
vote|reduce1|3|1,"[""{\n    \""circle entries report stronger specialized academic/CTE offerings, early-college/AP opportunities, and extracurricular awards/achievements than square entries\"": \""This bucket groups all items documenting explicit program breadth and measurable academic/extracurricular outcomes (AP/IB/dual‑credit, CTE, internships, awards, magnet tracks) in circle reviews and is distinct from governance, safety, facilities, or personalization buckets because it concerns programmatic scope and outcomes rather than discipline, building condition, administrative behavior, or teacher–student relationships.\"",\n    \""Circle entries report more administrative and governance dysfunction (unresponsiveness, recordkeeping failures, favoritism, leadership turnover and opaque policies) than square entries\"": \""This bucket captures corruption, opaque policies, recordkeeping/transfer blocking, nepotism and board/leadership turnover in circle reviews and is mutually exclusive from safety/facilities/academic-program buckets because it targets institutional decision‑making and governance practice rather than student safety incidents, physical infrastructure, or program offerings.\"",\n    \""circle entries report more pervasive student safety, substance use, and bullying problems with administrative inaction or inconsistent discipline than square entries\"": \""This bucket groups entries describing fights, assaults, drugs/alcohol, gang/vandalism incidents, hate‑based harassment and explicit administrative failure to remediate—distinct from governance (policy/board-level) issues because it emphasizes frontline safety/behavior incidents and their immediate handling rather than opaque governance or resource problems.\"",\n    \""Circle entries document more concrete facility, maintenance and operational failures and abrupt service changes (mold, trailers/overcrowding, leaks, bus cuts, broken bathrooms, HVAC problems) than square entries\"": \""This bucket aggregates reports of sanitation, food‑safety, overcrowding, technology/transportation failures and capital/maintenance complaints in circle reviews and is distinct from governance (decision‑making) and safety (student behavior) buckets because it focuses on tangible infrastructure and operational service breakdowns.\"",\n    \""circle entries emphasize stronger teacher–student connection, individualized supports, small‑school community cohesion and outreach than square entries\"": \""This bucket groups accounts of small‑school personalization, dedicated teachers, tutoring/IEP/counseling examples, parent volunteering and alumni ties in circle reviews and is mutually exclusive from the advanced‑program bucket (program breadth/outcomes), governance (policy/favoritism), safety (violence/drugs) and facilities (infrastructure) because it centers on relational supports and community cohesion inside the school.\"" \n}""]",,43.60858201980591,26276,2304,2869,,[],['resp_0beb30d49ae38ccf006a72548761d081928f72164eab45754d'],True
vote|reduce1|24|1,"[""{\n    \""circle entries report stronger advanced academic programs, college‑prep pathways, and measurable outcomes than square entries\"": \""Groups raw terms that document concrete program offerings (AP/IB/dual‑credit/CTE/JROTC), external recognitions, and quantified postsecondary outcomes/scholarships tied to circle schools; mutually exclusive because it focuses on formal program breadth and measurable results rather than day‑to‑day staffing, safety, governance or facility problems.\"",\n    \""circle entries report more severe student safety, bullying, harassment, drug and violence incidents with frequent adult non‑intervention than square entries\"": \""Captures all reports of on‑campus physical harms, pervasive peer harassment, substance use, gang/fight incidents, and staff non‑intervention described in circle reviews; mutually exclusive because it addresses student safety/behavioral crises specifically, not administrative governance, operational resources, academic programming, or individualized instruction.\"",\n    \""circle entries report more operational, facility, and service-level shortcomings (maintenance, sanitation, communication, counseling, special-education support, attendance/records, and resource shortfalls) than square entries\"": \""Groups concrete logistical and material failures—textbooks, buses, food, HVAC/maintenance, scheduling/records, IEP/504 breakdowns and similar service gaps reported in circle reviews; mutually exclusive because it is about physical and service infrastructure rather than governance motives, classroom/program content, safety incidents, or teacher mentoring.\"",\n    \""circle entries report more administrative and staff governance problems — poor communication, favoritism/nepotism, fee mismanagement, high turnover, punitive/arbitrary actions, and local financial irregularities — than square entries\"": \""Collects allegations of biased discipline, nepotism, punitive enforcement tied to payments/grades, cover‑ups, and opaque leadership/board failures in circle entries; mutually exclusive because it centers on governance and personnel/policy corruption rather than facilities, student safety events, program strength, or individualized teaching supports.\"",\n    \""circle entries report more individualized, student‑centered instructional and counseling support (small classes, teacher one‑to‑one help, proactive counselors, remediation focus) than square entries\"": \""Groups raw items describing small‑school personalization, proactive counselors, mentors, teacher availability, tutoring/study sessions and case‑by‑case accommodations found in circle reviews; mutually exclusive because it addresses relational, instructional and counseling practices at the classroom/case level rather than formal program metrics, safety crises, facilities/services, or governance issues.\""\n}""]",,42.96971607208252,26081,2304,2853,,[],['resp_0a70930ad34033c7006a7254882998819f98b597a38c4efd56'],True
vote|reduce1|9|1,"[""{\n    \""Circle entries report more administrative favoritism, corruption, nepotism, arbitrary discipline, and active harassment of parents/students than square entries\"": \""This bucket groups all governance-level misconduct and favoritism allegations (cover‑ups, nepotism, punitive/retaliatory leadership, donor/athlete protection and parent intimidation) — a discrete theme about who runs the school and how they treat stakeholders, distinct from facility breakdowns, safety incidents, instructional programming, or small‑school personalization captured by other buckets.\"",\n    \""circle entries report more frequent and severe student-safety and peer-harm problems (bullying, fights, drugs, gang violence) and administrative toleration of them than square entries\"": \""This bucket collects the concrete, day‑to‑day safety and peer‑harm reports (physical fights, drugs, weapons, gang activity, pervasive bullying, suicides, staff non‑intervention) and the specific claim that leadership tolerates these harms, which is a separate phenomenon from governance favoritism, programmatic rigor, operations/records failures, or teacher/parent intimacy.\"",\n    \""Circle entries report more formal advanced academic pathways, dual‑enrollment/college‑credit programs, and measurable college‑prep outcomes than square entries\"": \""This bucket captures structured academic offerings and measurable postsecondary outcomes (AP/IB/dual enrollment, vocational magnets, scholarships, Ivy/selective matriculation, quantified metrics) — a program/outcome‑focused pattern that is conceptually distinct from safety, governance/favoritism, operational failures, or small‑school/teacher attention themes.\"",\n    \""circle entries report more administrative, operational, compliance and resource‑management failures (poor communication, counseling breakdowns, policy non‑enforcement, facility/overcrowding and legal/privacy lapses) than square entries\"": \""This bucket groups concrete operational breakdowns and resource/compliance problems (lost transcripts, scheduling/locker/transport issues, overcrowding, broken elevators, tech rollout failures, IEP mishandling) — an implementation/Infrastructure category distinct from governance corruption, safety incidents, curricular offerings, or personalized teacher/community support.\"",\n    \""circle entries report more individualized, small-class, family-like teacher attention and active parent–school collaboration/community pride than square entries\"": \""This bucket groups narrowly the accounts of small‑school personalization and proactive teacher/counselor supports (low ratios, one‑on‑one help, tutoring, engaged principals, multigenerational alumni/parent involvement) which is a people‑and‑culture signal distinct from institutional governance, safety crises, operational failures, or formal advanced‑academics.\"" \n}""]",,43.794403076171875,26805,2368,2918,,[],['resp_06a1dbbbd69593c5006a7254879a88819d82b58374350a903e'],True
vote|reduce1|0|1,"[""{\n    \""circle entries describe broader and more concrete advanced‑academic, arts, and college‑pathway offerings than square entries\"": \""This groups all raw terms documenting concrete program breadth (AP/IB/dual‑enrollment, arts majors, CTE, scholarships, college matriculation, advanced electives and partnerships) and is distinct from teacher/counseling behavior or admin process failures because it focuses on formal curricular and pathway offerings and measurable postsecondary outcomes rather than interpersonal support, safety, or operational breakdowns.\"",\n    \""circle entries allege more nepotism, favoritism, and inequitable or discriminatory staff practices than square entries\"": \""This bucket captures the many explicit allegations about legacy/admissions favoritism, donor/athlete/parent‑name advantages, hiring by denomination, biased discipline, and confidentiality breaches, and it is kept separate from overall governance/operational dysfunction or staffing quality because it specifically targets biased, preferential, or discriminatory personnel and enforcement practices.\"",\n    \""circle entries report more pervasive student‑safety problems and unaddressed misconduct (bullying, physical fights, drug dealing/overdoses, sexual activity, theft, unsecured entry) than square entries\"": \""This groups the extensive accounts of violence, gangs/drug activity, weapons, daily fights, pervasive bullying, police nonresponse, and related health/sanitation crises, and is exclusive from academic/programmatic and administrative buckets because it concerns on‑campus safety and student misconduct rather than courses, favoritism, or record‑keeping.\"",\n    \""circle entries contain more concrete operational and service‑delivery failures (administrative nonresponse, scheduling/records/credit mishandling, guidance/counseling breakdowns, special‑education accommodation failures, transportation/food problems) than square entries\"": \""This bucket collects detailed, procedural breakdowns—lost paperwork, opaque fees, IEP/504 noncompliance, counselor inaction, lunch/transport failures and mis‑recorded attendance—that are about school systems and service delivery rather than pedagogy, safety incidents, or favoritism.\"",\n    \""circle entries describe more individualized, small‑school instructional support, caring teachers, and proactive counseling/parent engagement than square entries\"": \""This groups descriptions of one‑to‑one mentoring, small‑class personalization, named supportive teachers/coaches, proactive principal outreach and coordinated teacher‑parent intervention meetings, and is explicitly distinct from program‑breadth, safety crises, nepotism, or administrative service failures because it focuses on classroom‑level relational and remedial supports.\"" \n}""]",,43.92902612686157,26525,2112,2628,,[],['resp_0b329a7e22873905006a725487647881a38bd9aba93616d26a'],True
vote|reduce1|0|0,"[""{\n    \""circle entries report more frequent and severe student safety, bullying, substance‑use, and mental‑health crises than square entries\"": \""Many circle reviews contain concrete incidents—daily fights, gang/drug activity, sexual misconduct, repeated bullying, suicides and police involvement—so this bucket isolates acute safety/behavioral crisis material distinct from programmatic, administrative, instructional, facility, or community-support topics.\"",\n    \""circle entries report more administrative and staffing governance problems (hiring, nepotism, turnover, secrecy, and favoritism) than square entries\"": \""Circle texts repeatedly allege nepotism, donor/athlete favoritism, cover‑ups, opaque board behavior and high leadership turnover, which are governance/accountability issues that are separate from frontline classroom quality, safety incidents, or program descriptions.\"",\n    \""circle entries provide more concrete operational and programmatic detail (facilities, resource allocation, fees/fundraising, and specific program offerings/outcomes) than square entries\"": \""Circle items give granular operational facts—overcrowding, trailers, HVAC leaks, fees, booster funding, named facilities, 1:1 devices and scholarship totals—so this bucket groups logistical/facility/resource specifics distinct from safety, governance, instruction, or community culture.\"",\n    \""circle entries report stronger advanced academic programs, college‑prep pathways, and measurable outcomes than square entries\"": \""Many circle reviews enumerate AP/IB/CTE/dual‑enrollment programs, college credits, large scholarship totals and alumni placement evidence, differentiating formal advanced‑academic pathways and measurable outcomes from administrative failings, safety concerns, or teacher‑level supports.\"",\n    \""circle entries report more individualized, small‑class, family‑like teacher attention and active parent–school collaboration/community pride than square entries\"": \""Circle entries frequently describe small classes, 1:1 tutoring, visible principal/teacher personal engagement and strong parental/alumni involvement—grouping personalized instructional/supportive community features that are distinct from institutional resources, program breadth, governance, or safety crises.\""\n}""]",,44.38010501861572,26002,2560,3029,,[],['resp_07b1a1a00e32e3ed006a725487457081a0ad7a2046c10ea429'],True
vote|reduce1|19|0,"[""{\n    \""circle entries report more explicit advanced academic pathways and measurable postsecondary outcomes (AP/IB/dual‑enrollment, early college, scholarships, test metrics) than square entries\"": \""Numerous circle reviews enumerate AP/IB, dual‑enrollment, early‑college programs and concrete scholarship/college placement metrics — this bucket captures formal academic pathways and measurable outcomes, which is distinct from extracurricular breadth, governance problems, safety incidents, or physical/operational failures.\"",\n    \""circle entries describe stronger extracurricular breadth, documented athletic/arts/JROTC success, alumni/community engagement and higher participation than square entries\"": \""Circle entries repeatedly list award‑winning bands, drama, state championships, JROTC, robotics, extensive clubs, and active alumni/booster involvement — this groups activity/programmatic strength and community participation separately from academic-program rigor, administrative dysfunction, safety issues, or facilities/operations.\"",\n    \""circle entries report more administrative/governance dysfunction, politicized favoritism or nepotism, policy micromanagement, and budget‑driven program cuts or layoffs than square entries\"": \""Many circle items allege nepotism, favoritism, opaque/authoritarian decision‑making and politicized budget or policy choices — this governance/misconduct cluster is about leadership and rule‑making distinct from physical infrastructure problems, student safety incidents, extracurricular quality, or academic offerings.\"",\n    \""circle entries report more pervasive student safety, discipline, bullying, and hate‑incidents (including gang/violent episodes) and related security failures than square entries\"": \""Circle reviews contain concentrated reports of assaults, fights, weapons/drugs, racial harassment, bullying and adult non‑intervention — grouping these behavioral/safety failures keeps them separate from governance, curricular strength, extracurriculars, or operational/facility breakdowns.\"",\n    \""circle entries report more concrete operational and facility failures (technology rollouts, internet/Chromebook issues, buses, lunch delivery, pests, overcrowding, building maintenance) than square entries\"": \""Many circle entries document missing cafeterias, broken HVAC/AC, faulty laptops, bus/transport and billing problems, lost records and upkeep deficits — this bucket isolates physical/logistical/resource failures as distinct from governance malpractice, safety/discipline, extracurriculars, or formal academic pathways.\""\n}""]",,44.64236402511597,26415,2112,2627,,[],['resp_0664e9a22b9c2bf1006a725488d13881a1b8a5ad5861d0a67f'],True
vote|reduce1|22|1,"[""{\n    \""circle entries highlight broader, higher-participation extracurriculars, athletics/arts achievements, and community/alumni support (marching band, state championships, scholarships) more than square entries\"": \""Groups many raw items that describe large, high‑profile extracurricular scale and community/booster/alumni backing (band >300, state sports, scholarships, travel trips) — this is distinct from academic-program strength (college prep) and from governance or safety issues, because it specifically concerns extracurricular scale, achievements, and community investment.\"",\n    \""circle entries describe stronger, formal college-preparatory programs and measurable post‑secondary outcomes than square entries\"": \""Captures the repeated concrete claims about AP/IB/dual‑enrollment, CTE/early‑college partnerships, college credits, elite acceptances and scholarship outcomes — a programmatic/achievement theme that is program- and outcome-focused and therefore separable from both extracurricular pride and complaints about safety or administration.\"",\n    \""circle entries report more frequent and severe student safety, bullying, substance, and violence incidents than square entries\"": \""Groups all items documenting peer-on-peer violence, gang/drug activity, on‑campus weapons, pervasive bullying, racial/sexual harassment, mental‑health crises, and described administrative non‑response — this is about acute student safety and behavior incidents, not about curricular strength, parent engagement, or governance processes.\"",\n    \""circle entries report more administrative dysfunction, favoritism, communication breakdowns, and counselor inaccessibility than square entries\"": \""Collects the governance/operational items (nepotism, booster/parent favoritism, opaque board decisions, financial mismanagement, lost records, targeted retaliation, poor complaint handling) that concern how the school is run — distinct from teacher‑level care/support, extracurricular scale, academic offerings, or episodic safety events.\"",\n    \""circle entries describe stronger, personalized teacher availability, small‑school relationships, and active parent/community involvement than square entries\"": \""Groups reviewer claims about hands‑on teacher/counselor accessibility, small‑school belonging, sustained advisor relationships, active PTO/volunteers and parent‑driven supports — a relational/personnel and community-engagement dimension that is characteristically different from formal program breadth, acute safety crises, or administrative malpractice.\""\n}""]",,43.84050393104553,26365,2560,3028,,[],['resp_0a24f71bb6a37ada006a725488437c8191ad26e9128e918702'],True
vote|reduce1|3|5,"[""{\n    \""circle entries report more administrative favoritism, nepotism, retaliatory or dishonest governance and inequitable discipline than square entries\"": \""This groups the many circle claims about crony hiring, favoritism for athletes/donors/staff‑kin, retaliatory leadership and biased discipline into a governance/fairness bucket distinct from (a) student safety events (which are incidents), (b) operational/resource failures (which are logistics), (c) teacher quality variability (which is classroom practice), and (d) programmatic academic strengths (which are curricular/outcome features).\"",\n    \""circle entries report more pervasive student-safety problems, bullying, fights, racial harassment, sexual harassment, gang activity, and administrative minimization or nonresponse than square entries\"": \""This isolates the frequent concrete safety and harassment incidents (weapons, fights, bullying, racial/sexual abuse, gangs, expulsions) and the school’s failure to protect/respond — a distinct axis from governance favoritism, day‑to‑day operations, teacher competence, or the presence of advanced programs/outcomes.\"",\n    \""circle entries document broader and stronger advanced academic and extracurricular pathways and measurable postsecondary outcomes than square entries\"": \""This captures circle reports of AP/IB/dual‑credit, CTE/industry academies, award‑winning arts/robotics/ROTC, and documented college placements as a programmatic/outcome cluster that is separate from governance problems, safety incidents, facilities/logistics, or variable classroom teaching quality.\"",\n    \""circle entries provide richer operational detail about student supports and service failures (tutoring/intervention, IEP/ELL implementation, textbooks, food, overcrowding, busing) than square entries\"": \""This groups the granular, practical operational and resource items (IEP/ELL inconsistencies, lost records, lunches, late buses, overcrowding, HVAC, textbook/tech shortages, scheduling/logistics) into an infrastructure/service bucket that is about how the school runs day‑to‑day rather than who runs it, teacher skill, safety events, or high‑level program offerings.\"",\n    \""circle entries show greater variability in teacher quality and personalized instructional support (from committed mentors to tenure‑protected underperformance) than square entries\"": \""This captures the repeated circle contrasts—some reviews naming highly engaged, mentoring teachers and targeted small‑class supports while others describe apathetic, unqualified or tenure‑protected poor teachers—and separates classroom instructional consistency/mentorship from governance/favoritism, operational logistics, safety incidents, and program-level academic offerings.\""\n}""]",,44.8747820854187,22848,2240,2802,,[],['resp_0ed4219167f85255006a7254881eb081a08e8e6282225e84c3'],True
vote|reduce1|5|3,"[""{\n    \""circle entries report more pervasive student-safety and behavior problems plus inconsistent or biased discipline (bullying, fights, drugs, theft, racialized harassment) than square entries\"": \""This bucket groups the many reports of physical fights, bullying, drug/gang incidents, hate/sexual harassment and administrators failing to intervene in Circle reviews — it is focused strictly on student safety/behavior incidents and enforcement failures (not on governance causes, programs, facilities, or community pride), making it mutually exclusive from the governance, programming, community, and resourcing buckets below.\"",\n    \""circle entries allege more administrative favoritism, nepotism, cover‑ups, and governance dysfunction than square entries\"": \""This captures Circle claims about biased discipline, donor/athlete preferential treatment, nepotistic hiring, withheld records/grade manipulation, and cover‑ups — a governance/fairness category (who runs the school and how decisions are made) that is distinct from student safety incidents, academic-program breadth, parent/community cohesion, or physical resource deficits.\"",\n    \""circle entries report more concrete, diverse college‑prep and career pathways (AP, dual‑enrollment, early college, CTE, industry certifications) and documented college‑credit/outcomes than square entries\"": \""This groups Circle descriptions of AP/IB/dual‑credit, CTE/vocational certificates, 1:1 tech, measurable scholarship/college outcomes and structured pipelines — it is about curricular/programmatic offerings and measurable student outcomes (not about safety problems, governance/favoritism, facility shortfalls, or community identity).\"",\n    \""circle entries describe more cohesive family‑style community and active parent/alumni engagement than square entries\"": \""This bucket captures Circle assertions of small‑school/family culture, multi‑generational attendance, active PTA/boosters, parents relocating/choosing schools, and faith/community integration — social cohesion and local engagement that are conceptually separate from program offerings, administrative corruption, student‑safety crises, or infrastructure/resource issues.\"",\n    \""circle entries report more material resource and operational shortfalls, funding inequities, and parent out‑of‑pocket charges (facilities, transportation, cafeteria, fees) than square entries\"": \""This collects Circle reports of broken toilets/AC, overcrowded buses/cafeterias, budget shortfalls, maintenance neglect and fee/tuition complaints — an operational/infrastructure/resource bucket focused on tangible facility and resourcing failures (not on student safety incidents, program breadth, governance favoritism, or community cohesion).\""\n}""]",,44.995930671691895,26105,2304,2834,,[],['resp_09094b8cbb5bd11e006a72548786d481a19c35dabcfbaf2d29'],True
vote|reduce1|20|2,"[""{\n    \""circle entries report more pervasive student-safety, bullying, substance‑use and ineffective disciplinary enforcement than square entries\"": \""Groups the many raw items about frequent fights, bullying (including staff‑enabled bullying), suicides/mental‑health crises, drug/weapons incidents, and adult non‑intervention; this is distinct from governance, operational, academic‑program, and personalization themes because it centers on acute safety and discipline incidents and enforcement failures rather than who runs the school, what facilities exist, or what programs are offered.\"",\n    \""circle entries allege more frequent administrative governance failures, corruption, nepotism, retaliatory/punitive administrative actions, and leadership instability than square entries\"": \""Captures the cluster of claims about favoritism, nepotism, protected athletes/legacies, board corruption, lawsuits, retaliatory behavior by principals/deans, and politicized governance; it is mutually exclusive from safety, operations, academics, and small‑school warmth because it focuses on leadership/decision‑making and governance misconduct rather than student incidents, building resources, program quality, or close community ties.\"",\n    \""circle entries describe stronger specialized academics, early‑college pathways, and measurable high student outcomes than square entries\"": \""Groups raw terms that cite AP/IB/dual‑enrollment, early‑college programs, National Merit/major scholarship totals, college matriculation metrics, and concrete advanced‑academic pathways; this bucket is specific to programmatic academic rigor and measurable outcomes and is separate from personalization, administrative misbehavior, safety incidents, or operational failures.\"",\n    \""circle entries report more operational, facility, and service-level shortcomings (maintenance, sanitation, communication, counseling, special-education support, attendance/records, and resource shortfalls) than square entries\"": \""Aggregates detailed, actionable complaints about broken HVAC/flooding/pests, lost transcripts/record problems, busing and scheduling failures, inconsistent counseling/IEP implementation, fee/waiver opacity, and other service‑level deficits; it is distinct from governance/favoritism (who makes decisions), safety incidents (acute student harm), academic-program strength, and the small‑school relational theme.\"",\n    \""circle entries report more individualized, small‑school personalization, and active parent‑school collaboration/community pride than square entries\"": \""Captures the set of raw terms describing very small class sizes, one‑on‑one tutoring, family/multi‑generational loyalty, strong alumni/donor engagement, and proactive parent partnership or localized community identity; this theme is about relational scale and community support and is intentionally separate from programmatic academic excellence, operational faults, safety crises, or governance corruption.\""\n}""]",,45.03809404373169,26818,2176,2743,,[],['resp_0c2ce3be70e5bda2006a72548868c881a3be5ff0afafa5e6b2'],True
vote|reduce1|3|4,"[""{\n    \""circle entries report more severe and systemic student safety, bullying, harassment, and discrimination incidents (and failures to protect marginalized students) than square entries\"": \""Groups all concrete accounts of violence, stabbings/overdoses, bomb threats, gang activity, repeated fights, death threats, identity‑based harassment and staff non‑intervention into one safety/harassment bucket (distinct from admin corruption or facility breakdowns because it centers on student welfare incidents and failures to protect).\"",\n    \""circle entries allege more administrative governance failures, corruption, nepotism, retaliatory/punitive administrative actions, and leadership instability than square entries\"": \""Captures reports of vindictive principals, record‑manipulation, favoritism/nepotism, cover‑ups, punitive retaliation, politicized hiring and governance breakdowns (separate from safety incidents or routine operational problems because it focuses on leadership behavior, governance and unfair personnel/policy practices).\"",\n    \""Circle entries describe broader, more formalized academic & extracurricular programs (AP/IB/academies, vocational certifications, clubs, arts, STEM electives) than square entries\"": \""Groups the many concrete programmatic claims—AP/IB/AICE, academies, CTE shops, dual‑credit, scholarships, named clubs and arts/band achievements—into a single program‑breadth bucket that is distinct from individualized teacher support or facility/resource complaints.\"",\n    \""circle entries describe a small‑school, familylike community with close teacher relationships and personalized attention more than square entries\"": \""Collects accounts of close student–teacher bonds, one‑on‑one tutoring, counselors/principals personally knowing students, multigenerational/alumni continuity and small‑school community feel (distinct from programmatic breadth or administrative misconduct because it emphasizes relational, per‑student personalization).\"",\n    \""circle entries report more concrete facility, resource, technology, and operational breakdowns (bathrooms, buses, trailers, food, tech, scheduling, and misallocated fundraising) than square entries\"": \""Groups logistical, infrastructure, and operational failures—lost records, front‑office nonresponse, iPad rollout failures, pests/mold, cafeteria/food problems, scheduling/transportation and budgeting/resource allocation—into a distinct bucket focused on physical/operational conditions rather than safety incidents, governance corruption, program offerings, or community intimacy.\""\n}""]",,45.045469999313354,26379,2496,2993,,[],['resp_07d17fbf389b0a55006a725487a224819cb2a0ea784e6f134b'],True
vote|reduce1|6|5,"[""{\n    \""circle entries report more advanced academic programs, college‑credit pathways, and measurable postsecondary outcomes than square entries\"": \""Groups all raw items about AP/IB/dual‑enrollment/early‑college/CTE/academies, honors/scholars pathways and measurable alumni/college matriculation claims; this is programmatic/outcome‑level (formal course tracks and college results) and is distinct from individual teacher support, safety incidents, facilities, or governance complaints captured by other buckets.\"",\n    \""circle entries report stronger, routine teacher accessibility, small‑class individualized support, and hands‑on mentorship than square entries\"": \""Captures repeated statements naming dedicated teachers, after‑class help, small class sizes, one‑on‑one mentoring and parent–teacher responsiveness; this is about frontline instructional and relational supports (teacher–student/parent ties) and is mutually exclusive from program‑level offerings, facility/operational problems, discipline/safety incidents, and governance/favoritism issues.\"",\n    \""Circle entries report more administrative and governance dysfunction (unresponsiveness, recordkeeping failures, favoritism, leadership turnover and opaque policies) than square entries\"": \""Groups all allegations of nepotism, favoritism, opaque enrollment/expulsion gatekeeping, recordkeeping errors, board/district misconduct and leadership instability; this bucket is about governance and power/decision processes and is separate from student safety events, physical/resource failures, teacher accessibility, or formal academic programs.\"",\n    \""circle entries report more student-safety incidents, bullying, drugs/weapons, and failures or unevenness in disciplinary response than square entries\"": \""Collects raw terms describing fights, gang/drug incidents, vaping, theft, pervasive bullying and discriminatory/retaliatory environments plus uneven or absent school disciplinary responses; this bucket focuses on behavioral/safety occurrences and enforcement outcomes and is distinct from governance/favoritism, facilities/operations, teacher mentorship, or curricular/program claims.\"",\n    \""circle entries report more chronic facility and resource shortfalls and operational problems (overcrowding, outdated tech/textbooks, maintenance, budget cuts) than square entries\"": \""Groups concrete operational and infrastructure problems—broken bathrooms, pest infestations, overcrowded buses/classrooms, antiquated registration/scheduling, funding‑driven program cuts and outdated technology—and is explicitly about physical/logistical capacity, separable from governance, safety incidents, teacher relational support, or academic program richness.\""\n}""]",,45.30019497871399,22546,2496,3038,,[],['resp_0d6823c1795102e3006a7254878da881919a20c2627ad825a1'],True
vote|reduce1|4|2,"[""{\n    \""circle entries highlight more administrative mismanagement, favoritism/nepotism, turnover, and inconsistent policy enforcement than square entries\"": \""This bucket groups the many reports of governance problems (hiring based on ties, protected staff, capricious discipline, frequent leadership churn and nonresponsive boards) and is distinct from safety, facilities, academic program, and student‑support buckets because it specifically captures leadership/governance failures rather than incidents, resources, curricula, or classroom supports.\"",\n    \""circle entries report more severe, systemic student safety problems and administrative coverups than square entries\"": \""This bucket captures the cluster of concrete safety concerns (regular fights, bullying, drugs/gangs, sexual/identity harassment, expulsions, and claims of cover‑ups or non‑intervention) and is mutually exclusive from the other buckets because it focuses on student physical/psychological safety and administrative suppression of incidents rather than governance mechanics, program offerings, pedagogy, or facilities problems.\"",\n    \""circle entries report stronger advanced-academic offerings and measurable college-prep outcomes than square entries\"": \""This bucket collects the many concrete descriptions of formal advanced pathways (AP/IB/dual‑enrollment, CTE/CTC, high AP/college admission metrics and scholarships) and is separate from the individualized‑support bucket because it addresses program structure and measurable postsecondary outcomes rather than remediation, counseling, or day‑to‑day teacher help.\"",\n    \""circle entries report stronger remedial and individualized student supports and measurable positive outcomes (tutoring, special‑education services, counseling responsiveness, small classes, college admissions) than square entries\"": \""This bucket groups evidence of hands‑on supports (one‑on‑one teacher availability, counseling, SPED casework, targeted tutoring and documented student recoveries) and is kept distinct from the advanced‑academics bucket because it emphasizes remedial/individualized interventions and special‑needs/counseling responsiveness rather than formal accelerated pathways or institutional prestige.\"",\n    \""circle entries report more severe overcrowding, facility and resource deficits, and operational failures than square entries\"": \""This bucket captures the concrete operational and material problems (overcrowded classes/mobile classrooms, maintenance/pest/cleanliness complaints, lost records, scheduling/grade errors, and underfunding or tuition/fee dynamics) and is mutually exclusive from governance, safety, academic programs, and student‑support buckets because it focuses on physical infrastructure and logistics rather than leadership behavior, safety incidents, curricular offerings, or instructional supports.\""\n}""]",,45.587717056274414,25953,2560,3108,,[],['resp_0b9517757dcc6251006a72548879d8819e9891940353e46d3f'],True
vote|reduce1|24|3,"[""{\n    \""circle entries report more concrete material-resource problems, opaque/punitive fee practices, and uneven resource allocation (facility failures, overcrowding, frequent small fees, athletics-first funding) than square entries\"": \""Groups reviews describing tangible facility and funding shortfalls (overcrowded lunchrooms, aging buildings, food/cleanliness issues, lost transcripts, fees and contested spending) — distinct from governance/favoritism, safety incidents, curricular/college‑prep program descriptions, or extracurricular breadth because it focuses on physical resources and allocation rather than people, policies, or program content.\"",\n    \""circle entries report more concrete advanced academic pathways, formal dual‑enrollment/AP policies, and measurable college/postsecondary outcomes than square entries\"": \""Captures the many circle reviews that enumerate AP/IB/AVID/dual‑enrollment/academy programs and cite measurable outcomes or college access (scholarships, admissions), a curriculum‑focused cluster that is separate from safety, facilities, extracurricular culture, or administrative misconduct.\"",\n    \""circle entries describe more administrative mismanagement, favoritism/cronyism, and unresponsiveness than square entries\"": \""Groups reviews alleging nepotism, opaque/punitive discipline, withheld records, leadership turnover and deliberate unresponsiveness — a governance/accountability theme that is conceptually distinct from material resource failures, student safety incidents, program richness, or extracurricular prominence.\"",\n    \""circle entries report more pervasive student safety, bullying, fights, theft, drug solicitation, and disruptive behavior problems than square entries\"": \""Collects the numerous reports of on‑campus violence, gangs, pervasive bullying, sexual/racial harassment, weapons/substance incidents and failures to protect students — a discrete safety/behavior cluster separate from administrative corruption, facilities shortages, curricular rigor, or breadth of extracurriculars.\"",\n    \""circle entries emphasize broader extracurricular breadth, athletics/fine-arts prominence, and active community/alumni engagement more than square entries\"": \""Synthesizes reviews that highlight rich arts, band, JROTC, sports culture, booster/parent involvement and alumni continuity — a program‑and‑community identity theme that differs from resource deficits, governance problems, safety crises, or academic/college‑prep program detail.\""\n}""]",,44.772562980651855,26129,2880,3367,,[],['resp_07eeb5f22690320d006a72548824ac81928be3635b801e8e86'],True
vote|reduce1|10|1,"[""{\n    \""circle entries report more severe safety and pervasive student-behavior problems (violence, gangs, drugs, sexual misconduct) combined with administrative dismissal of bullying and safety complaints than square entries\"": \""This bucket groups the many raw items about on-campus violence, drug/weapon/sexual misconduct, chronic physical fights, and repeated claims that staff/administration ignore or blame victims — it is focused on student-safety incidents plus leadership failure to protect and is distinct from governance/favoritism, facilities, academic programs, or teacher-quality buckets.\"",\n    \""circle entries describe broader, concrete specialized academic and extracurricular pathways (AP/IB/dual enrollment, arts, elite athletics, early‑college/dual‑credit programs) than square entries\"": \""This bucket captures the suite of concrete programmatic offerings (AP/IB/dual-enrollment, magnet/academy tracks, CTE, strong band/arts/athletics, measurable college-credits/outcomes) documented in many circle reviews and is explicitly about curricular/extracurricular program breadth and documented outcomes, not about safety, administration misconduct, facilities, or everyday teacher behavior.\"",\n    \""circle entries report more administrative dysfunction, inconsistent enforcement, favoritism/cliques, poor communication and unstable or image‑management leadership than square entries\"": \""This bucket groups reports of nepotism/cronyism, opaque boards, privacy breaches, punitive or arbitrary discipline, politicking/cover‑ups and leadership that prioritizes optics over remediation — a governance/fairness theme that is conceptually separate from physical resource shortfalls, student-safety incident frequency, program richness, or classroom instructional quality.\"",\n    \""circle entries report more operational, facility, and service-level shortcomings (maintenance, sanitation, communication, counseling, special-education support, attendance/records, and resource shortfalls) than square entries\"": \""This bucket collects the concrete service and infrastructure failures (overcrowding, cafeteria/food quality, outdated tech, broken portals, busing cuts, lost records, poor special-ed follow-through and counseling shortages) and is limited to tangible operational/resource breakdowns rather than programmatic offerings, safety incidents, governance favoritism, or teacher professionalism.\"",\n    \""Square entries report more consistent staff engagement, accessible communication, and effective school-level supports than circle entries\"": \""This bucket covers the contrasting cluster where square reviews repeatedly praise steady, responsive teachers/counselors, clear parent communication, and dependable day‑to‑day supports — a staff‑engagement / supportiveness pattern that is the inverse of the circle-focused governance, safety, facility, and programmatic issues above and therefore mutually exclusive from those circle-centered buckets.\""\n}""]",,45.64400887489319,26599,2560,3112,,[],['resp_09453052d4f4dd5a006a7254882b008191aadf87a87a2e6b13'],True
vote|reduce1|12|0,"[""{\n    \""circle entries report more chronic failures in special‑education, counseling, and individualized student‑support compliance than square entries\"": \""This groups numerous raw terms describing IEP/504 breakdowns, counselor unresponsiveness, mental‑health harms and accommodation failures—distinct from governance, safety, athletics, or advanced‑academics concerns and therefore non‑overlapping with the other buckets.\"",\n    \""Circle entries report more formal advanced academic pathways, dual‑enrollment/college‑credit programs, and measurable college‑prep outcomes than square entries\"": \""This captures the many concrete claims about AP/IB/dual‑enrollment, college matriculations, SAT/AP metrics and structured postsecondary pathways—an academic‑program/outcomes theme that is separate from safety, operational governance, athletics prioritization, or special‑education support.\"",\n    \""circle entries report more pervasive student safety, bullying, substance‑abuse, and violent incidents than square entries\"": \""This groups the dense set of items about fights, gangs, drugs, weapons, vaping, suicidal impacts and bullying/harassment—focused on student safety and peer harm rather than administrative governance, instructional rigor, extracurricular breadth, or special‑needs compliance.\"",\n    \""circle entries report greater prioritization of athletics and athlete favoritism over academics and arts than square entries\"": \""This bucket collects reports of sports‑first funding, coach favoritism, removal of academic space for athletic facilities, pay‑to‑play and athlete protection—an extracurricular/resource‑prioritization pattern distinct from safety incidents, admin malpractice, special‑education failures, or formal college‑prep programming.\"",\n    \""circle entries report more administrative and staff dysfunctional practices (unresponsiveness, nepotism/favoritism, hiring problems, inconsistent teacher quality, counseling/special‑education failures, allegations of misconduct and discriminatory discipline) than square entries\"": \""This groups governance and staff‑professionalism problems—poor parent communication, nepotism, opaque discipline, staff misconduct and turnover—which are organizational failures separate from student‑safety incidents, athletic prioritization, advanced‑academics evidence, or specific special‑education/counseling failures (the latter are split out above to preserve specificity).\""\n}""]",,45.652832984924316,26602,2112,2579,,[],['resp_0146479a754de04e006a7254882d2881a2b4791a42de4da6d0'],True
vote|reduce1|22|4,"[""{\n    \""circle entries describe stronger, more concrete advanced-academic and college-preparation pathways and supports (AP/IB, dual‑enrollment, early‑college, external partnerships, conservatory tracks) than square entries\"": \""Groups all raw terms documenting named advanced-course offerings, dual‑credit/early‑college/CTE pathways, external college partnerships and measurable postsecondary outcomes in circle reviews; this is mutually exclusive from governance, facilities, safety, and everyday instructional‑practice buckets because it concerns formal program availability and outcomes rather than who runs the school, how buildings/operations function, safety incidents, or day‑to‑day teacher behavior.\"",\n    \""circle entries report more administrative dysfunction, poor communication, and leadership instability/unresponsiveness than square entries\"": \""Captures the many circle complaints about board/superintendent/principal churn, opaque/retaliatory governance, lost records, enrollment/communication failures and nepotism; it is distinct from facilities (physical/logistical problems), safety incidents, advanced‑program descriptions, and classroom instruction because it targets governance, transparency and parent‑facing responsiveness.\"",\n    \""circle entries report more concrete operational, facility, and resource shortfalls (overcrowding, cafeteria/bus problems, sanitation/food-safety issues, transportation gaps) than square entries\"": \""Groups raw items about buses not showing, filthy cafeterias/lunch complaints, HVAC/cleanliness, technology provisioning, overcrowding and capital project details; these are operational/resource conditions separate from administration‑level misconduct, student safety/behavior problems, programmatic academic offerings, or teacher instructional quality.\"",\n    \""circle entries report more severe student safety incidents, bullying, substance use, fights, and administration failure to protect students than square entries\"": \""Collects the many circle accounts of on‑campus drugs, gang activity, thefts, physical assaults, identity‑based harassment and failures or dismissals by staff to intervene; this cluster is focused on student‑safety and victim‑protection incidents and deliberately separated from governance/process complaints, facilities/logistics, program descriptions, and routine instructional quality.\"",\n    \""square entries report more pervasive teacher incompetence, abusive classroom behavior, and instructional-control failures than circle entries\"": \""Aggregates square reviewers' recurring claims that teachers are disengaged, do not teach (packet/substitute reliance), exhibit punitive or unprofessional classroom conduct, and fail to provide individualized academic support — a classroom‑instruction and teacher‑quality axis that is conceptually distinct from the other circle‑focused buckets (program strength, administration, facilities, and safety).\""\n}""]",,45.70512080192566,26778,2432,2963,,[],['resp_0c58e73af2e378ac006a72548826e081a0af9ccc6afcf1f24f'],True
vote|reduce1|18|5,"[""{\n    \""circle entries report more student safety incidents, pervasive bullying, violent episodes, and administration failures to protect or properly discipline than square entries\"": \""Many raw terms document fights, overdoses, severe injuries, pervasive bullying, drugs/gangs, spectator harassment and repeated claims that administrators ignore or minimize threats — a distinct safety/discipline cluster that does not overlap with programmatic, community‑culture, admin‑favoritism, or facilities/logistics issues captured by other buckets.\"",\n    \""circle entries allege more nepotism, favoritism, personal administrative misconduct, retaliation, and leadership instability than square entries\"": \""Numerous items describe cronyism, athletic/insider favoritism, home‑town/last‑name bias, administrative harassment/retaliation, and revolving ineffective leadership — a governance/favoritism theme separate from the safety incidents, community/pride narratives, academic programming, or facility/operational failures.\"",\n    \""circle entries report more concrete advanced academic programs, AP/IB/dual‑enrollment, and measurable college outcomes than square entries\"": \""A large subset of reviews details formal pathways (AP, IB, dual‑enrollment, STEM diplomas, scholarship totals and alumni college outcomes), which is a distinct programmatic/outcome dimension and does not conflate with safety, favoritism/governance, small‑school community identity, or logistical/facility problems.\"",\n    \""circle entries reflect more active parental/alumni/community engagement, a smaller/family‑like school feel, and explicit faith identity than square entries\"": \""Many entries emphasize small‑school personalization, multigenerational loyalty, booster/fan culture, faith‑centered programming and strong local pride — a social/community/cultural cluster that is conceptually different from administrative corruption, safety crises, curricular breadth, or operational breakdowns.\"",\n    \""circle entries report more concrete operational, facility and logistical failures (food shortages, chronic tech/device breakdowns, enrollment/scheduling errors, grade/reporting problems, pest/maintenance issues) than square entries\"": \""A distinct set of raw terms documents hallmarks of operational breakdowns — broken restrooms, lost records, withheld report cards, overcrowding, maintenance and tech failures — which are logistical/facility problems separate from the school’s community identity, governance favoritism, safety incidents, or academic program quality.\""\n}""]",,46.586137771606445,22676,2176,2693,,[],['resp_0ac73f39964d35d0006a7254881360819c8186a3dd50278303'],True
vote|reduce1|5|4,"[""{\n    \""circle entries report more administrative favoritism, nepotism, governance problems, and staff misconduct than square entries\"": \""Many raw items document hiring/legacy/donor/athlete favoritism, cover‑ups, opaque board conflicts and staff misconduct at circle schools — this bucket is focused on governance/favoritism misconduct and is distinct from safety, pedagogy, facilities, or support-service failures captured by other buckets.\"",\n    \""circle entries report more pervasive student safety/behavior incidents and unresolved bullying than square entries\"": \""A large subset of raw terms describe fights, ongoing bullying, racial/homophobic harassment, drug incidents and staff tolerance at circle schools — this bucket isolates student‑safety and conduct crises (and administrative inaction on them) and is separate from governance, instructional quality, or programmatic richness.\"",\n    \""circle entries describe stronger formal college-preparatory programs and measurable postsecondary outcomes (AP/IB/dual-enrollment, scholarships, elite admits) than square entries\"": \""Numerous circle reviews cite IB/AP/dual‑enrollment, scholarship totals and elite‑college admits, so this bucket captures institutionalized advanced‑academic pathways and measured outcomes and is deliberately different from teacher-level supports or extracurricular breadth.\"",\n    \""circle entries contain more concrete operational and service-delivery failures (administrative nonresponse, scheduling/records/credit mishandling, guidance/counseling breakdowns, special-education accommodation failures, transportation/food problems) than square entries\"": \""Many raw items recount lost records, abrupt bus or fee changes, denied lunches, credential/IEP breakdowns and nonresponsive admin at circle schools — this bucket groups logistical/operational breakdowns and frontline service failures apart from governance favoritism, safety incidents, or curricular strength.\"",\n    \""circle entries report more individualized teacher engagement and student-facing academic supports (one-on-one help, after-school tutoring, retake practices) than square entries\"": \""A consistent cluster of circle items praise one‑on‑one teacher attention, formal tutoring/summer school and remediation practices, so this bucket captures classroom‑level personalized support (distinct from formal program availability, facilities, governance, or safety issues).\""\n}""]",,46.59348011016846,26247,2752,3199,,[],['resp_04ccf2ef8cc6834e006a725487811c81a38246164dc7a57aa2'],True
vote|reduce1|12|2,"[""{\n    \""circle entries describe stronger formal academic programs, measurable test/ranking improvement, and clearer college‑readiness outcomes than square entries\"": \""Groups the many comments about AP/IB/dual‑enrollment, rising test scores, scholarship/National Merit results, college prep supports and measurable postsecondary outcomes that circle reviewers cite — this is about programmatic academic strength and outcomes and is distinct from safety, governance, special‑needs support, or facilities/operational complaints.\"",\n    \""circle entries report more pervasive student safety problems, bullying, gangs, substance use, and inadequate victim support than square entries\"": \""Captures the cluster of reports about fights, gang/drug activity, assaults, hate‑symbol vandalism, stalking and administrators failing to protect victims that recur in circle reviews — this bucket is squarely about student‑safety incidents and response failures, not about curricular strength, staffing favoritism, special‑education compliance, or facility logistics.\"",\n    \""circle entries report more administrative favoritism, selective enforcement, exclusionary/punitive policies, and nepotism than square entries\"": \""Groups allegations of athlete/donor favoritism, unequal discipline, opaque punishment policies, targeted staff retaliation, and admission/selection cronyism found in circle entries — focused on governance and equity of enforcement rather than safety incidents, academic program quality, or operational/facility problems.\"",\n    \""circle entries document greater failures supporting vulnerable students (special education, IEP noncompliance, counselors/mental‑health neglect, and exclusion) than square entries\"": \""This bucket collects recurring reports about missed IEP/504 accommodations, unhelpful counselors, ASD/ADHD training gaps, and exclusion of students with disabilities — a distinct theme about compliance and individualized supports separate from general administrative favoritism, campus safety crises, academic program breadth, or facility issues.\"",\n    \""circle entries report more concrete facility, operational, and administrative service failures (cafeteria/food quality, restroom/maintenance problems, parking/transit, lost transcripts and billing errors) than square entries\"": \""Groups the granular operational and infrastructure complaints—overcrowding, flooding/portable units, lost records, lunch shortages, technology rollout problems and transportation/parking issues — focused on physical/operational capacity and resource allocation rather than pedagogy, safety incidents, governance favoritism, or special‑needs supports.\""\n}""]",,46.773040771484375,26776,2688,3223,,[],['resp_0ce885f3536f6b81006a7254882a6c819db96ae7245cec1bc6'],True
vote|reduce1|2|1,"[""{\n    \""circle entries report more severe on-campus violence, gang activity, drug use, bullying and related student safety crises (including lockdowns and suicidal outcomes) with insufficient protective response than square entries\"": \""This bucket groups all reviewer claims about acute student-safety harms (fights, gangs, drugs, weapons, pervasive bullying, lockdowns, mental‑health harm) and inadequate protection — a clear operational safety pattern distinct from administrative misconduct, program offerings, facilities/investment, or teacher/counselor responsiveness.\"",\n    \""circle entries report more administrative unresponsiveness, punitive/ vindictive governance, nepotism, financial/record mishandling, and alleged legal/ethical violations than square entries\"": \""This bucket captures governance and process failures (cover‑ups, favoritism/nepotism, punitive discipline, record/grade manipulation, billing/finance problems and requests for legal review) and is separate from safety incidents, curricular/program strength, facility investment, or frontline staff support.\"",\n    \""circle entries document more extensive advanced academic and career pathways (AP/IB/dual‑enrollment, early college, and vocational/CTE) and measurable postsecondary outcomes than square entries\"": \""This groups claims about concrete academic pathways and outcomes (IB/AP breadth, dual credit/early college, vocational/CTE, scholarships, National Merit and college matriculation), which is a programmatic/outcome axis distinct from safety, governance, extracurricular facilities, or day‑to‑day adult support.\"",\n    \""circle entries describe broader, higher‑profile extracurricular programs and better capital/facility investments (arts, band, vocational, athletics) than square entries\"": \""This bucket groups reviewer reports about extracurricular scale, flagship arts/athletics/band/CTE programs and visible capital projects or facility upgrades — focused on program breadth and physical investment rather than student safety, governance failures, curricular rigor, or staff responsiveness.\"",\n    \""square entries report more consistently visible, supportive staff, counselors and proactive administrative interventions for students than circle entries\"": \""This bucket isolates the contrasting pattern where square reviews emphasize dependable, engaged adults (teachers, counselors, responsive leadership, successful anti‑bully enforcement) and clear student supports — a day‑to‑day personnel/support dimension that is conceptually distinct from safety incidents, governance malpractice, curricular offerings, or facility/extracurricular scale.\""\n}""]",,46.7871880531311,26481,2240,2731,,[],['resp_0e8880589bd85ea4006a7254876b78819f9a8ebee20139cb70'],True
vote|reduce1|15|5,"[""{\n    \""circle entries report more pervasive student-safety problems, bullying, fights, racial harassment, sexual harassment, gang activity, and administrative minimization or nonresponse than square entries\"": \""Groups all reports of acute physical/psychological safety failures and staff/administration ignoring or mishandling harm (bullying, fights, sexual/racial harassment, gangs, lockdowns, police interventions); this is distinct from facilities, programmatic, governance or instructional themes because it centers on student harm and enforcement failures rather than resources, academics, or favoritism.\"",\n    \""circle entries report more concrete advanced academic pathways, formal dual‑enrollment/AP policies, and measurable college/postsecondary outcomes than square entries\"": \""Captures the cluster of entries that document formal, high‑credential academic programming (AP/IB/dual‑enrollment/early‑college/CTE certifications) and measurable college/career outcomes; this is mutually exclusive from safety, operations, governance, and everyday instructional complaints because it specifically catalogs structured academic pathways and outcomes.\"",\n    \""circle entries allege more administrative favoritism, nepotism, corruption, rigid/punitive policy enforcement and implementation failures than square entries\"": \""Groups allegations about governance and equity—preferential treatment for athletes/donors/legacies, nepotistic hiring, cover‑ups, and biased discipline—that are organizational and political in nature and thus separate from service‑delivery breakdowns, facilities issues, safety incidents, or pedagogical quality.\"",\n    \""circle entries contain more concrete operational and service‑delivery failures (administrative nonresponse, scheduling/records/credit mishandling, guidance/counseling breakdowns, special‑education accommodation failures, transportation/food problems) than square entries\"": \""Captures the practical, transactional operational failures (e.g., lost credits, counselor inaccessibility, IEP neglect, lunch/busing problems, scheduling and tech deployments) that affect day‑to‑day access to services and are distinct from broad governance favoritism, violent/safety incidents, advanced‑program presence, or teacher instructional quality.\"",\n    \""square entries describe more pervasive instructional failure, disengaged or incompetent teachers, and poor college preparation than circle entries\"": \""Collects reports that focus on classroom instruction problems—unqualified or disengaged teachers, weak pedagogy, low expectations and inadequate college‑prep counseling—which are pedagogical and staff‑performance issues distinct from administrative favoritism, facility/operational logistics, safety crises, or the presence of formal advanced programs.\""\n}""]",,46.812779903411865,22714,2432,2941,,[],['resp_071e9e1d3c908be8006a725488337081a3b1851a4dac9f3b49'],True
vote|reduce1|15|1,"[""{\n    \""circle entries report more severe student-safety, bullying, and violent‑incident problems (including gang ties and unaddressed assaults) and administrative failure to protect than square entries\"": \""Many raw terms recount physical assaults, death threats, gang/drug activity, chronic peer harassment and explicit accounts of staff/administration ignoring or mishandling reports—this bucket isolates on‑campus safety and frontline protection failures and is distinct from governance, facilities, academic-offering, or special‑education themes which are captured in other buckets.\"",\n    \""Circle entries report stronger specialized academic programs, measurable AP/IB/CTE outcomes, dual‑enrollment and selective admissions than square entries\"": \""Numerous circle reviews list concrete advanced pathways (AP/IB, early college, CTE, dual‑credit, scholarship/college matriculation evidence and auditioned arts), so this bucket groups substantive programmatic/college‑prep outcomes and is mutually exclusive from safety, admin favoritism, facilities, or special‑education compliance issues.\"",\n    \""circle entries report more nepotism, staff/athlete favoritism, corrupted governance, and coercive/punitive administrative practices (privacy intrusions, nontransparent testing, no-appeal demerits) than square entries\"": \""Raw items repeatedly allege cronyism, preferential athlete treatment, retaliatory or opaque discipline and personnel favoritism—this governance/fairness cluster differs from (a) student‑safety incidents, (b) facility/operational failures, (c) academic‑program strength, and (d) special‑education/counseling compliance.\"",\n    \""circle entries report more concrete operational, facility and logistical failures (food shortages, chronic tech/device breakdowns, enrollment/scheduling errors, grade/reporting problems, pest/maintenance issues) than square entries\"": \""Many circle reviews detail HVAC/mold/pest problems, overcrowding, scheduling/registration errors, fee/tuition practices and cafeteria/bathroom shortcomings—this captures physical and operational resource failures distinct from safety incidents, governance favoritism, program offerings, or special‑education provision.\"",\n    \""circle entries document more frequent special‑education and accommodations failures (delays, ignored IEPs/504s, minimal implementation) than square entries\"": \""Several raw terms specifically allege IEP noncompliance, absent accommodations, counseling shortfalls and legal/administrative barriers to services—this focused bucket on special‑needs/counseling compliance is separate from facility logistics, broad governance/favoritism, safety/violence, and advanced academic program clusters.\""\n}""]",,46.87640595436096,26557,2624,3152,,[],['resp_0f28120bfa6e19f7006a72548827f8819dae8b2ab365f3829d'],True
vote|reduce1|3|3,"[""{\n    \""circle entries report stronger, routine teacher accessibility, small‑class individualized support, and hands‑on mentorship than square entries\"": \""This groups all reviewer claims about accessible, mentoring teachers, small classes, tutoring and individualized pedagogy — a faculty‑student relational theme that is distinct from administrative governance, safety incidents, facilities/fees, or formal program/credential claims.\"",\n    \""circle entries report more frequent, severe student safety, bullying, and in‑school physical conflict incidents than square entries\"": \""This bucket captures reports of bullying, fights, weapons/drugs, hazing and staff non‑intervention — a discrete safety/behavioral‑risk domain that is separable from staff mentorship, administrative favoritism, facility/resource problems, or advanced‑academics descriptions.\"",\n    \""circle entries report more administrative dysfunction, favoritism, secrecy, and instability than square entries\"": \""This groups allegations about governance failures — nepotism, retaliation, recordkeeping errors, arrested/retained administrators, politicized decision‑making and opaque discipline — which are organizational and procedural problems distinct from safety events, teacher mentoring, resource shortfalls, or program quality.\"",\n    \""circle entries report more concrete material-resource problems, opaque/punitive fee practices, and uneven resource allocation (facility failures, overcrowding, frequent small fees, athletics-first funding) than square entries\"": \""This bucket collects facility, infrastructure, transportation, sanitation, technology rollout problems and explicit fee/finance complaints — operational resource failures that are materially different from safety incidents, governance/favoritism claims, teacher mentoring, or advanced academic pathway reporting.\"",\n    \""circle entries report stronger advanced academic programs, measurable college‑prep outcomes, and credentialed coursework than square entries\"": \""This groups the many itemized claims about AP/IB/Cambridge, dual‑enrollment, early‑college, measurable test/college outcomes and formal academies — programmatic and outcome‑oriented evidence separate from interpersonal staff dynamics, safety issues, governance failures, or material/resource complaints.\""\n}""]",,46.91734766960144,26766,2880,3294,,[],['resp_0464382bb860fc29006a72548764d081a2a4f0f8b126ac4f61'],True
vote|reduce1|24|2,"[""{\n    \""circle entries report more frequent and severe student safety, violence, substance‑use and misconduct incidents than square entries\"": \""This cluster captures the many raw items documenting fights, gang activity, bomb threats, overdoses, frequent bullying, vaping/drug use, weapons/shootings and staff non‑remediation in circle reviews — a distinct safety/behavioral-crisis theme separate from administrative governance, programmatic strength, personalization, or facility/logistics problems.\"",\n    \""circle entries document greater administrative dysfunction, unresponsiveness, arbitrary or retaliatory enforcement, and procedural failures than square entries\"": \""Many raw terms allege favoritism, nepotism, cover‑ups, punitive/opaque discipline, ignored complaints, legal/privacy breaches and board/leadership failures in circle reviews — a governance/discipline/accountability grouping that is substantively different from student-safety incidents, physical facility faults, or descriptions of programs and close-knit culture.\"",\n    \""circle entries document more concrete advanced‑academic pathways and measurable college‑readiness outcomes than square entries\"": \""This groups the repeated, concrete programmatic claims in circle reviews (AP/IB/dual‑enrollment/CTE/industry credentials, college matriculation and scholarship evidence, measurable outcomes) which are program‑and‑outcome focused and distinct from safety, administration, personalization, or operational logistics.\"",\n    \""circle entries portray a small, personalized school culture with closer teacher‑student mentorship, stronger alumni/parent engagement, and distinctive standout extracurricular programs more than square entries\"": \""This bucket collects the many circle mentions of small-school intimacy, strong mentoring/tutoring, alumni/parent engagement, tight peer networks and high‑profile extracurricular life (band, state athletics, clubs) — a cultural/pedagogical personalization theme separate from administrative malpractice, safety crises, logistical failures, or formal advanced‑program descriptions.\"",\n    \""circle entries report more concrete operational, facilities, and instructional logistics problems (gradebooks, outdated materials, tech/config, overcrowding, cleanliness, scheduling) than square entries\"": \""This groups the granular, operational complaints in circle reviews — missing/errant gradebooks, scheduling and coordination problems, pests, meal/parking logistics, special‑education implementation gaps — a practical facilities/operations class distinct from governance/discipline, safety incidents, curricular program strength, or community personalization.\""\n}""]",,46.11553478240967,26135,2432,2970,,[],['resp_00130f16b1fd3363006a725488277c81a3ab91defe1e609dd5'],True
vote|reduce1|11|0,"[""{\n    \""circle entries report more frequent and severe student safety, bullying, violent incidents, and day‑to‑day disciplinary failures than square entries\"": \""This bucket groups all reports of fights, drugs, sexual/physical assaults, pervasive bullying, suicidality, visible security measures, and routine discipline breakdowns — it focuses strictly on student-safety and daily behavior incidents and is distinct from governance, programming, teacher practice, or community/faith themes.\"",\r\n    \""circle entries report more administrative/governance dysfunction—unresponsiveness, favoritism/nepotism, leadership instability, and refusal to discipline—than square entries\"": \""This captures accounts of opaque decision‑making, nepotism, cover‑ups, billing/fee mismanagement, credit/records mishandling, principal turnover, and deliberate non‑enforcement of policy — a governance/management theme separate from student-safety, classroom instruction, program offerings, or community cohesion.\"",\r\n    \""circle entries describe stronger formal academic programs, specialized tracks, and measurable college‑readiness outcomes than square entries\"": \""This groups concrete mentions of AP/IB/honors, dual‑enrollment/early‑college, CTE/CTE academies, medals/scholarships, and named postsecondary placements — a programmatic/outcomes bucket that differs from teacher-level support or governance complaints.\"",\r\n    \""circle entries describe stronger teacher/staff instructional quality, responsiveness, and individualized support than square entries\"": \""This clusters reports of high teacher credentials, routine before/after tutoring, prompt parent–teacher communication, small class one‑on‑one help and documented remediation — a staff‑practice/teaching-quality bucket focused on day‑to‑day pedagogy and support, not on formal program listings or governance failures.\"",\r\n    \""circle entries report stronger parent/community/alumni engagement, small‑school cohesion, and sustained local reputation than square entries\"": \""This captures multigenerational attendance, faith/values identity, active PTO/alumni involvement, tight community bonds, and localized pride — a community/cohesion bucket distinct from safety incidents, administrative dysfunction, teacher practices, or academic-program substance.\""\n}""]",,47.186150789260864,26689,2816,3287,,[],['resp_02f7c6b598b0fd43006a7254882800819c8fbe02d37980e524'],True
vote|reduce1|8|0,"[""{\n    \""circle entries report more frequent and more severe student-safety and behavior breakdowns (fights, gangs, assaults, police incidents, sexual harassment) than square entries\"": \""This bucket groups the many raw items about physical safety, fights, drugs, assaults, harassment, police/SRO responses and resulting student mental‑health harms — a discrete operational/safety domain distinct from administration, academics, staffing or extracurricular prominence.\"",\n    \""circle entries report more administrative dysfunction, poor communication, favoritism/politics, and governance failures than square entries\"": \""This bucket captures nepotism, opaque board/district behavior, retaliation, politicized personnel decisions, and broken parent‑communication/records processes — governance and managerial failures that are conceptually separate from frontline safety incidents, classroom instruction quality, extracurricular emphasis, or formal academic programming.\"",\n    \""circle entries document more concrete, formalized academic pathways and measurable college outcomes (AP/IB/STEM/early‑college/CTE/academies) than square entries\"": \""This bucket groups all mentions of structured advanced‑academic and career pathways (IB/AP/dual‑enrollment/CTE, associate‑degree programs, measurable matriculation or AP pass‑rates), which are curricular-program signals distinct from staffing variability, safety problems, governance, or athletic culture.\"",\n    \""circle entries show greater variability and problems in teacher staffing, instructional quality, grading/support systems, and in‑school academic supports than square entries\"": \""This bucket collects teacher turnover/shortages, substitute reliance, uneven instruction, late grading, counseling/IEP failures and remediation/tutoring inconsistencies — personnel and instructional support issues that differ from formal program breadth, governance problems, athletics prominence, or campus safety crises.\"",\n    \""circle entries emphasize athletics/band prominence and preferential treatment of athletes (sometimes at academic or safety cost) more than square entries\"": \""This bucket groups accounts of sports/band being prioritized, athlete favoritism in discipline/recognition, and athletics‑centered funding/culture — a social/extracurricular dynamic that is conceptually distinct from governance failures, classroom staffing/quality, formal academic pathways, or purely safety‑focused incidents.\""\n}""]",,47.23390793800354,26798,2304,2748,,[],['resp_08b88bb9ba633964006a725487dd6c81a08ed65c46cc0517bb'],True
vote|reduce1|9|4,"[""{\n    \""circle entries report more extensive advanced academic programs, AP/IB/dual‑enrollment pathways, measurable college‑prep outcomes and national recognition than square entries\"": \""Groups all raw terms about formal, named academic pathways (AP/IB/dual‑enrollment, career academies, measurable test/college outcomes, scholarships and certification claims); this is distinct from community/personalization (bucket 5) because it focuses on structured program offerings and measurable postsecondary results rather than small‑school relationships or extracurricular culture.\"",\n    \""circle entries report more administrative dysfunction, opaque/punitive policies, fiscal mismanagement, and inconsistent accountability than square entries\"": \""Captures allegations of governance failure, budget/misuse complaints, punitive or arbitrary policies, lost records and opaque board/district behavior; kept separate from the safety bucket (bucket 3) because it centers on leadership/process failures rather than on-the-ground student incidents.\"",\n    \""circle entries report more severe student safety and behavior problems (frequent fights, sexual harassment, drug use, bullying, threats) than square entries\"": \""Groups all concrete reports of violent/illegal or high‑severity student incidents and staff non‑intervention (weapons, assaults, gang activity, pervasive bullying/substance abuse); intentionally exclusive from the facilities bucket (bucket 4) because it focuses on interpersonal safety and misconduct rather than material/operational deficits.\"",\n    \""circle entries report more acute facilities, sanitation, capacity, and logistical resource problems (pest infestations, no heat/AC, overcrowding, bus no‑shows, poor food) than square entries\"": \""Collects the raw terms about physical infrastructure, operational logistics, maintenance/cleanliness, overcrowding and service failures and fee burdens; distinct from administrative dysfunction (bucket 2) because it describes tangible resource/operational conditions rather than governance or policy misconduct.\"",\n    \""circle entries report stronger small‑school personalization, K–12 continuity, multigenerational/alumni ties, and parent‑/church partnership than square entries\"": \""Groups recurring claims of small‑school/faith or hometown culture, close teacher–student relationships, alumni/parent continuity, and high extracurricular participation/community backing; kept separate from advanced-programs (bucket 1) because it emphasizes relational/community structure and participation rather than formal academic pathways or measurable outcome metrics.\""\n}""]",,47.83264112472534,26555,2752,3247,,[],['resp_0a4481705f20c55e006a72548825288191908a944763d7e283'],True
vote|reduce1|12|4,"[""{\n    \""circle entries describe stronger and more concrete academic/extracurricular programs and college/career pathways than square entries\"": \""Many raw terms show Circle schools listing AP/IB/dual‑enrollment, named CTE/magnet tracks, measurable college credits and scholarship outcomes — this bucket isolates formal curricular/pathway strength (AP/CTE/dual credit/partnerships) and is distinct from community culture, safety, operations, or governance issues.\"",\n    \""circle entries describe a stronger small‑community / personalized‑attention culture, broader extracurricular & arts participation, and deeper alumni/community continuity than square entries\"": \""Multiple Circle reviews describe a familylike small‑school feel, multigenerational alumni ties, high parental volunteering and thriving arts/club participation — this groups social/community intimacy and cultural continuity apart from programmatic rigor, operational/technical details, safety, or governance problems.\"",\n    \""circle entries report more administrative and governance dysfunction, communication failures, favoritism/nepotism, and punitive or inconsistent discipline than square entries\"": \""A large cluster of Circle items allege board/leadership politicization, favoritism, opaque complaint handling, arbitrary/punitive rules and poor communication — this focuses on governance/discipline/favoritism as an accountability issue, separate from student safety incidents, program offerings, parental culture, or case‑level operational logistics.\"",\n    \""circle entries report more pervasive student safety, bullying, fights, theft, drug solicitation, and disruptive behavior problems than square entries\"": \""Many Circle reviews document severe safety incidents (fights, weapons, drugs, racial harassment, ignored bullying) and lack of remediation, so this bucket captures on‑campus student conduct and immediate security failures distinct from administrative governance, curricular offerings, community cohesion, or service logistics.\"",\n    \""circle entries give more concrete, operational descriptions of student support services and family‑facing systems (special‑education implementation, counseling/grade‑recovery, parent portals, scheduling, bus/facility logistics, 1:1 tech) — both successes and failures — than square entries\"": \""Circle reviews are rich in nuts‑and‑bolts operational detail (transportation faults, meal/yearbook glitches, 1:1 device rollouts, special‑ed/IEP examples, counseling/intervention periods), grouping practical service delivery and resource/implementation issues separately from governance, safety, community culture, or high‑level academic program claims.\""\n}""]",,47.93777012825012,26652,2752,3295,,[],['resp_0369f5377d01f80d006a7254882f58819d9dbebde2d9d655aa'],True
vote|reduce1|11|1,"[""{\n    \""circle entries report more frequent and systemic student safety and conduct problems (bullying, fights, theft, drugs, hazing) and attendant lapses in discipline/security than square entries\"": \""This bucket groups all concrete on-campus safety incidents (weekly fights, drugs, sexual misconduct, pervasive bullying, threats, absenteeism for safety) and enforcement/security passivity described in circle reviews; it is distinct from governance or facilities buckets because it concerns student behavior and immediate protection rather than administrative policy, program offerings, or maintenance issues.\"",\n    \""Circle entries report more administrative and governance dysfunction (unresponsiveness, recordkeeping failures, favoritism, leadership turnover and opaque policies) than square entries\"": \""This bucket captures nepotism, cover‑ups, opaque board/district behavior, favoritism toward athletes/insiders, grade/discipline manipulation, and nonresponsive complaint processes described in circle reviews; it is mutually exclusive from safety (incident-level) and operations (facility/logistics) because it focuses on leadership, governance and accountability practices rather than discrete safety events or material breakdowns.\"",\n    \""circle entries report stronger advanced academic programs and measurable college/career outcomes than square entries\"": \""This bucket groups circle claims about AP/IB/Cambridge, dual‑enrollment, AVID/college‑readiness, CTE certification and concrete outcome metrics (ACT/AP pass rates, alumni degrees) that indicate formal academic pathways and measurable postsecondary success; it is exclusive from extracurricular breadth (program breadth/awards) and from teacher/staff quality (day‑to‑day instruction/support) because it centers on formal curriculum pathways and documented academic outcomes.\"",\n    \""circle entries report broader extracurricular breadth and higher extracurricular achievements (arts, athletics, competitions, internships, exchanges) than square entries\"": \""This bucket covers descriptions of abundant, award‑winning arts, state‑champion sports, national competitions, ROTC/JROTC, marching band, travel opportunities and active booster/volunteer program support in circle reviews; it is separate from governance, safety, and facilities buckets because it highlights programmatic breadth, achievement and community engagement rather than leadership failures, incidents, or infrastructure problems.\"",\n    \""circle entries report more operational, facilities, funding, and records-management failures (maintenance, pests, heating/ventilation, transportation, lost transcripts and billing errors) than square entries\"": \""This bucket groups concrete material and logistical failures—broken toilets, no AC, pest infestations, overcrowding, last‑minute grading/report errors, fundraising/fee opacity, and construction/transportation problems—called out in circle reviews; it is distinct from governance/favoritism (which is about decision‑making and politics) and from safety/incidents (which focus on student conduct) because it concerns the physical, logistical, and fiscal systems that enable schooling.\""\n}""]",,47.94008922576904,26290,2752,3355,,[],['resp_0283173bb0ef3d6c006a7254882850819e8986d8be46654592'],True
vote|reduce1|21|2,"[""{\n    \""circle entries report more robust curricular and extracurricular opportunities, advanced-program pathways, and measurable college/award outcomes than square entries\"": \""This bucket groups all concrete programmatic strengths (AP/IB/dual‑enrollment, CTE/JROTC, award‑winning arts/band/robotics, early‑college outcomes, alumni matriculation and scholarships) described in Circle reviews — it is strictly about formal academic/extracurricular offerings and measurable student outcomes, and is therefore distinct from facility/operational, safety, administrative, or teacher‑responsiveness issues.\"",\n    \""circle entries report more frequent and severe student safety/behavior incidents and unresolved bullying (including police involvement) than square entries\"": \""This bucket captures reports of peer violence, bullying, death threats, fights, drug use, sexual misconduct, police/bomb threats and adult non‑intervention; it is explicitly about student‑safety and behavior incidents and is mutually exclusive from governance, facilities, program breadth, or teacher instructional quality buckets.\"",\n    \""circle entries report more administrative nonresponse, concealment, nepotism, unequal/punitive discipline, and policy-driven exclusion than square entries\"": \""This bucket collects governance and accountability problems (favoritism for athletes, nepotism/‘who‑you‑know’, record mishandling, cover‑ups, opaque fees, retaliatory or weaponized discipline) and focuses on leadership/board/HR/policy failures — distinct from operational maintenance, safety incidents, curricular offerings, or frontline teaching.\"",\n    \""circle entries report more operational, facility, and service-level shortcomings (maintenance, sanitation, communication, counseling, special-education support, attendance/records, and resource shortfalls) than square entries\"": \""This bucket groups tangible, day‑to‑day operational problems (overcrowding, pest/food‑safety, custodial shortages, broken bathrooms, technology/transportation logistics, lost records, and counseling/IEP implementation gaps), separating physical/service failures from governance choices, student‑safety episodes, program breadth, or teacher pedagogy.\"",\n    \""circle entries describe stronger teacher/staff instructional quality, responsiveness, and individualized support than square entries\"": \""This bucket covers reports of caring teachers, one‑on‑one attention, staying after for help, active remediation/tutoring and effective classroom instruction — it is explicitly about staff instructional behavior and student supports and is kept distinct from systemic governance, physical facilities, safety incidents, or program offerings.\""\n}""]",,48.12000012397766,26405,2048,2590,,[],['resp_01f9ccb6d2a25f29006a7254883dfc8191b29d8cc6c27f1960'],True
vote|reduce1|20|1,"[""{\n    \""circle entries report more frequent serious student safety incidents, bullying, substance use, police involvement, and administrative mishandling or toleration of those incidents than square entries\"": \""This groups all reports of on‑campus harm (assaults, gang/drug activity, lockdowns, theft, recurring bullying) and staff failure to remedy them — it is about discrete safety/violence events and responses and is distinct from governance/process failures or academic-program claims captured in other buckets.\"",\n    \""circle entries report more administrative malpractice, inconsistent policy enforcement, and poor operational governance than square entries\"": \""This captures complaints about favoritism/nepotism, cover‑ups, grade/credit/IEP mishandling, nonresponsive offices and opaque district actions — a governance/records/enforcement cluster that is conceptually different from incident‑level safety problems, program quality, community intimacy, or resource/facility extremes.\"",\n    \""circle entries report stronger measurable academic offerings and outcomes (AP/Honors rigor, test scores, graduation/college placement, scholarships) than square entries\"": \""This groups concrete, outcome‑oriented academic strengths (extensive AP/IB/dual‑enrollment, SAT/ACT metrics, scholarship/college-placement claims) and is focused on curricular credentials and results rather than governance, safety incidents, community culture, or facilities/resources.\"",\n    \""circle entries depict a small, tight-knit, multigenerational community with strong parental/alumni loyalty and personalized teacher mentorship more than square entries\"": \""This bucket collects reports of small‑school/family feel, multi‑generational alumni ties, faith/identity cohesion, and personal teacher mentorship/parent engagement — a social/community characteristic that is distinct from programmatic rigor, safety crises, administrative malpractice, or facility/resource conditions.\"",\n    \""circle entries show stronger polarized resource and facility conditions than square entries—both advanced classroom/remote‑learning technology and severe maintenance/funding inequities\"": \""This groups the contrasting, concrete facility and resource facts (1:1 devices and high‑end arts/athletics investments coexisting with mold, overcrowding, tiny lockers, mobile units, missing textbooks and sanitation failures) and is focused on physical/infrastructure extremes separate from academic programming, safety incidents, governance, or community culture.\""\n}""]",,48.179352045059204,26233,2304,2804,,[],['resp_0d083af10bbb6607006a7254883bb8819cbb22fac1faa97de0'],True
vote|reduce1|19|5,"[""{\n    \""circle entries report more frequent and severe student-safety, violence, substance‑use, and bullying incidents than square entries\"": \""This groups all items about fights, weapons/drug incidents, pervasive bullying, gang/exploitation risks, police/K‑9 searches and administrators failing to intervene — a distinct concrete safety/discipline cluster that does not overlap with program quality, facilities, governance, or community‑culture buckets.\"",\n    \""circle entries report stronger, broader college‑and‑career programs and measurable postsecondary outcomes (AP/IB/dual‑enrollment/CTE, test scores, scholarships) than square entries\"": \""This captures the many concrete claims about AP/IB/dual‑credit, CTE certification, quantified ACT/college metrics, scholarships and named university pipelines — a program/outcomes cluster separate from safety, facilities, governance, or social culture.\"",\n    \""circle entries report greater administrative dysfunction, favoritism, poor parent communication, governance failures and record‑keeping/transparency problems than square entries\"": \""This bucket collects allegations about opaque boards, nepotism/favoritism, retaliation, IEP/records mishandling, nonresponsive principals/counselors and manipulated metrics — governance and process failures distinct from physical facilities, student safety incidents, curricular/program strengths, or community cohesion.\"",\n    \""Circle entries document more concrete facility, maintenance and operational failures and abrupt service changes (mold, trailers/overcrowding, leaks, bus cuts, broken bathrooms, HVAC problems) than square entries\"": \""This groups concrete, physical and operational resource problems — overcrowding, broken toilets, outdated tech, renovation logistics and service cuts — which are about infrastructure/operations rather than leadership behavior, pedagogical programs or social culture.\"",\n    \""circle entries emphasize cohesive community culture, multi‑generational/alumni engagement, religious or small‑town identity, and status/favoritism dynamics more than square entries\"": \""This captures recurring themes of small‑school personalization, long family/alumni ties, faith/mission identity, strong booster/athletics culture and social cliques or ‘in‑crowd’ dynamics — a social/cohesion identity cluster that is conceptually distinct from safety incidents, administrative misconduct, facilities problems, or academic program descriptions.\""\n}""]",,48.34693503379822,23003,2624,3127,,[],['resp_0003db84a50ef556006a725488177081a2943ef6c7cb0aed94'],True
vote|reduce1|6|2,"[""{\n    \""circle entries document more administrative governance, financial, and favoritism failures (nepotism, corruption, harassment, billing disputes, politicization) than square entries\"": \""Many raw items allege cronyism, nepotism, fiscal/record mismanagement, opaque hiring/discipline and retaliatory governance at circle schools; this bucket is distinct from safety, instruction, programs or facilities because it targets leadership/governance and favoritism specifically.\"",\n    \""circle entries report broader extracurricular breadth and higher extracurricular achievements (arts, athletics, competitions, internships, exchanges) than square entries\"": \""A large cluster of circle items documents extensive, award‑winning sports, band, arts, travel and vocational offerings and booster/parent engagement — a programmatic/extracurricular strength that is conceptually separate from academic rigor, safety problems, governance, or basic operations.\"",\n    \""circle entries describe stronger advanced-academic programming and measurable college‑preparatory outcomes than square entries\"": \""Many circle reviews name IB/AP/dual‑credit/CTE pathways, measurable matriculation/graduation metrics, scholarships and concrete college outcomes; this academic‑programs/college‑prep theme is about curricular pathways and outcomes, and does not overlap with governance, extracurricular breadth, safety, or facilities/logistics.\"",\n    \""circle entries report more pervasive student safety, bullying, substance‑use, fights, and severe behavioral incidents (with frequent adult non‑intervention) than square entries\"": \""Numerous circle items describe bullying, fights, drugs, sexual/harassment incidents and inadequate administrative response — a distinct cluster focused on student safety and disciplinary failures that is separate from governance/favoritism, curricular strength, extracurricular programming, or operational logistics.\"",\n    \""circle entries report more concrete operational, facilities and logistical failures and details (bathrooms, food, buses, scheduling, grading/records, overcrowding, device rollouts) than square entries\"": \""A broad set of circle items give granular operational descriptions — broken bathrooms, late buses, scheduling changes, grade‑report problems and overcrowding — which is an operational/infrastructure/logistics category kept separate from governance, safety, academics or extracurriculars.\""\n}""]",,48.40073013305664,26608,2816,3260,,[],['resp_0a3ef26ca4fe58a4006a725487967c81919629c1f5bd2005b1'],True
vote|reduce1|19|2,"[""{\n    \""circle entries describe more named specialized academic pathways, measurable program outcomes, and explicit college‑prep pipelines than square entries\"": \""This bucket groups the many circle claims about AP/IB/dual‑enrollment, academies, scholarship totals and measurable post‑secondary outcomes — it is focused on formal, named academic pathways and outcomes and is distinct from instructional warmth, facility problems, safety incidents, or governance issues captured by other buckets.\"",\n    \""circle entries report more frequent and severe student safety, violence, substance‑use and misconduct incidents than square entries\"": \""This bucket captures the recurring circle descriptions of fights, bullying, gang/drug activity, sexual/identity‑based harassment and staff non‑intervention — it is explicitly about on‑campus safety and student behavior and does not overlap with programmatic academics, physical facilities/logistics, teacher dedication, or administrative favoritism.\"",\n    \""circle entries report more administrative instability, favoritism/nepotism, governance failures and resource mismanagement than square entries\"": \""This bucket collects circle allegations about nepotism, opaque discipline, governance cover‑ups, retaliatory leadership, board/district dysfunction and politicized hires — it addresses governance and equity of treatment rather than frontline teaching, facility logistics, formal academic pathways, or student safety incidents.\"",\n    \""circle entries document more operational, facility, and logistical failures (transportation, cafeteria, plumbing, scheduling, recordkeeping) than square entries\"": \""This bucket groups concrete, operational complaints from circle reviews — broken HVAC, cafeteria/food problems, bus/tardy policies, tech rollouts, locker/renovation details and parental fee burdens — and is kept separate from governance/favoritism, safety/behavior crises, academic-program strength, and teacher/counseling support.\"",\n    \""circle entries portray higher teacher commitment, accessible instructional supports, and small/classroom‑level care more than square entries\"": \""This bucket aggregates circle reports of small classes, intensive one‑on‑one help, tutoring/after‑school support, caring teachers and strong counselor contact — it specifically concerns day‑to‑day instructional support and community cohesion distinct from formal programs, facilities/logistics, safety incidents, or administrative corruption.\""\n}""]",,48.39772629737854,26380,2880,3353,,[],['resp_0e0b5fb02c4584bd006a725488bebc819faaa4789543ba7123'],True
vote|reduce1|8|4,"[""{\n    \""circle entries report more administrative, operational, compliance and resource‑management failures (poor communication, counseling breakdowns, policy non‑enforcement, facility/overcrowding and legal/privacy lapses) than square entries\"": \""Many raw items describe broken processes (lost records, guidance overload, scheduling/credit errors, locked bathrooms, overcrowding, outdated textbooks and opaque fee/tuition practices); this bucket captures procedural/management and resource‑governance failures and is distinct from safety incidents, program richness, community cohesion, or square’s leadership praise (other buckets).\"",\n    \""circle entries report more pervasive bullying, staff‑perpetrated harassment, targeted abuse of protected groups, and serious on‑campus safety incidents than square entries\"": \""A large cluster documents fights, gangs, weapons/sexual‑misconduct, tolerated slurs, and victim‑blaming/non‑intervention by staff—this is a concrete safety/harassment cluster (student violence and hate/targeted abuse) that is thematically separate from administrative process breakdowns, academic program strength, community engagement, or square’s stable leadership.\"",\n    \""circle entries report stronger advanced-academic programs and measurable college outcomes than square entries\"": \""Numerous circle reviews name IB/AP/dual‑enrollment, elite college placements, measurable outcomes (GPA, remediation rates, scholarship/competition wins), so this bucket isolates superior/formal academic pathway and measurable outcome claims distinct from safety, admin failures, community feel, or praise of square leadership.\"",\n    \""circle entries report stronger community/parent engagement, small‑school intimacy, and organized parent/alumni engagement than square entries\"": \""Many circle entries describe family/small‑school culture, active boosters, faith or alumni loyalty, tuition/relocation commitment and organized parent protests—this captures social cohesion and identity distinct from program rigor, safety issues, or administrative mismanagement.\"",\n    \""square entries depict more visible, engaged, and stable leadership and community partnership than circle entries\"": \""Multiple square reviews explicitly praise steady/accessible principals, supportive teachers, and constructive parent–school communication, so this bucket captures the opposite directional pattern (square = stable, responsive leadership) and is mutually exclusive from the circle‑focused buckets above.\""\n}""]",,48.84631323814392,26482,2624,3134,,[],['resp_0a11630e34826864006a725487d62c819fb0b5932d3200e121'],True
vote|reduce1|5|2,"[""{\n    \""circle entries report more pervasive student-on-student bullying, sexual harassment/assault, violent threats, and administrative minimization of safety incidents than square entries\"": \""Many circle reviews describe fights, bullying, weapons/drugs, sexualized incidents and explicit claims that staff/administration tolerated or ignored them (e.g., bullying punished victims, unchecked assaults), and this safety‑focused bucket is distinct from administrative governance, facilities, academic programming, or parent/community engagement by focusing specifically on student safety incidents and staff non‑intervention.\"",\n    \""circle entries describe stronger advanced academic pathways and measurable college‑preparation outcomes than square entries\"": \""Numerous circle items catalog AP/IB/dual‑enrollment, vocational academies, scholarships and explicit college placements/metrics (full scholarships, associates degrees, Ivy/military acceptances), and this program/outcomes cluster is substantively about curricular pathways and postsecondary results—separate from safety, operations, governance, or community bonds.\"",\n    \""circle entries allege more governance failures, administrative neglect, favoritism/nepotism, suppression of criticism, and exclusionary or punitive policies than square entries\"": \""Many circle reviews accuse leaders/boards of opaque rulemaking, favoritism (athletes/connected families), retaliatory conduct, improper personnel actions and refusal to investigate, and this governance/misconduct theme is centered on decision‑making and power abuses rather than student safety incidents, facility problems, curricular offerings, or community engagement.\"",\n    \""circle entries report more concrete operational, facilities, and instructional logistics problems (gradebooks, outdated materials, tech/config, overcrowding, cleanliness, scheduling) than square entries\"": \""Circle reviews repeatedly document broken toilets, pests, overcrowding/portables, failed gradebook/recordkeeping, bus/pickup scheduling, outdated texts and tech rollouts or lacks—a distinct cluster about day‑to‑day infrastructure and logistics that is operational rather than about safety incidents, governance, academic pathways, or community ties.\"",\n    \""circle entries emphasize stronger small‑school community bonds, active long‑term parent/alumni engagement, visible local leadership, and community partnerships than square entries\"": \""Multiple circle items highlight tight-knit, multigenerational communities, active PTA/alumni/donor support, named principals, and local pride (mascots, traditions), and this social/community/cohort identity cluster is about relational capital and local engagement rather than safety events, governance abuses, facilities failures, or academic program specifics.\""\n}""]",,48.84679198265076,26651,2560,3106,,[],['resp_0981324715d63192006a7254878420819db99d8d161b724eb9'],True
vote|reduce1|1|4,"[""{\n    \""circle entries report more frequent and severe student-safety and misconduct problems (bullying, fights, drugs, gang violence, lockdowns) than square entries\"": \""This groups all reviewer evidence about on-campus violence, substance/gang activity, endemic bullying, and staff/facility failures to protect students — a distinct, operational safety/behavior cluster that does not overlap with programmatic, curricular, or teacher‑support themes.\"",\n    \""circle entries report stronger advanced-academic offerings and measurable college-prep outcomes than square entries\"": \""This captures the many concrete claims about AP/IB, dual‑enrollment, college credit, measurable test/scholarship results and formal pathway structures — a curricular/outcome dimension separate from extracurricular achievements, safety problems, administrative politics, or day‑to‑day teacher mentoring.\"",\n    \""circle entries emphasize broader, award‑winning extracurriculars, performing-arts and athletics programs and stronger community/alumni spirit than square entries\"": \""This groups the evidence about high‑profile arts/band/theatre, athletic championships, FFA/JROTC/mariachi, alumni pride and booster/parent engagement — programmatic and community visibility distinct from academic-pathway strength or administrative misconduct.\"",\n    \""circle entries report more administrative favoritism, nepotism, retaliatory or dishonest governance and inequitable discipline than square entries\"": \""This isolates personnel/governance issues — claims of nepotism, protection of athletes, retaliation, cover‑ups and arbitrary punishments — which are about power and fairness in administration rather than facility logistics, curricular offerings, safety incidents, or teacher mentoring.\"",\n    \""circle entries report more individualized, student‑centered instructional and counseling support (small classes, teacher one‑to‑one help, proactive counselors, remediation focus) than square entries\"": \""This groups concrete classroom- and counseling-level supports (small class sizes, after‑school help, proactive counselors, IEP accommodations, tutoring) that describe day‑to‑day adult–student interactions and remedial capacity distinct from systemwide governance, extracurricular prominence, academic-program breadth, or safety crises.\""\n}""]",,49.16019320487976,26089,2880,3316,,[],['resp_04fdce64a30f7d1e006a725487529c819ead3c7575ef7dd753'],True
vote|reduce1|22|2,"[""{\n    \""circle entries report more frequent and more severe safety, bullying, harassment, drug and violence incidents with frequent adult non‑intervention than square entries\"": \""This bucket groups raw items documenting concrete student‑safety harms (fights, drugs, assaults, cyberbullying) and staff/administration failing to stop them — a discrete pattern of on‑campus threat and non‑response that is different from governance/funding failures, programmatic academic breadth, small‑school community identity, or claims about teacher consistency.\"",\n    \""circle entries report more administrative and governance dysfunction, communication failures, favoritism/nepotism, and punitive or inconsistent discipline than square entries\"": \""This bucket collects reports of opaque budgets, retaliation, nepotism, record/grade mishandling, calls for administrators to be removed, and punitive policy enforcement — organizational/governance problems distinct from (and not reducible to) student‑safety incidents, academic program strength, small‑school pride, or comparative teacher reliability.\"",\n    \""circle entries describe stronger formal academic programs, specialized tracks, and measurable college‑preparatory outcomes than square entries\"": \""This bucket groups concrete claims about AP/IB/dual‑enrollment, magnet/CTE academies, scholarship and matriculation metrics, and explicit college‑credit pathways — programmatic, outcome‑oriented differences that are conceptually separate from safety, administration/governance, community identity, or everyday teacher consistency.\"",\n    \""circle entries report stronger small‑school personalization, K–12 continuity, multigenerational/alumni ties, and parent‑/church partnership than square entries\"": \""This bucket captures the community/identity axis (small classes, family atmosphere, faith/alumni continuity, intense parent engagement) that shapes social life and belonging — a distinct social‑context signal that is not the same as administrative mismanagement, safety crises, or formal academic/program offerings.\"",\n    \""square entries describe more consistent, caring, and stable teacher/staff engagement and family/community endorsement than circle entries, which show greater variability in teacher quality and mixed community experiences\"": \""This bucket isolates contrasts in day‑to‑day adult support and instructional stability (square = steady/caring staff; circle = higher variability, mentorship extremes or pronounced teacher turnover), a personnel/teaching‑quality pattern that is distinct from governance/funding failures, safety incidents, academic program presence, or small‑school community identity.\""\n}""]",,48.34934878349304,26180,2560,3110,,[],['resp_038f160e92905ca3006a7254882a0881a0b75cf111adb39350'],True
vote|reduce1|17|1,"[""{\n    \""circle entries document more frequent and severe student-safety, supervision, and conduct failures (bullying, fights, vaping/drug use, tolerated rule violations, bus/food-safety problems) than square entries\"": \""This bucket groups the many raw items describing violent incidents, gang fights, frequent physical altercations, police lockdowns, unchecked bullying, theft, substance use, and supervision lapses — and is distinct from administrative or programmatic themes because it focuses on on-the-ground student safety and adult failure to supervise rather than governance, resources, or curricular strengths.\"",\n    \""circle entries report stronger formal college-preparatory academic programs and measurable postsecondary outcomes than square entries\"": \""This captures raw terms documenting AP/IB/dual-credit pathways, high SAT/college‑placement claims, alumni success stories and measurable college outcomes reported more by circle reviewers, and is mutually exclusive from operational/facility or safety buckets because it specifically concerns organized academic pathways and measurable postsecondary results rather than staffing, discipline, or material conditions.\"",\n    \""circle entries report more administrative and operational governance failures (communication, discipline inconsistency, resource/facility mismanagement, and closed‑door/board indifference) than square entries\"": \""This groups complaints about favoritism/nepotism, poor leadership responsiveness, record/discipline mishandling, opaque governance and problematic front‑office behavior — distinct from safety incidents (which describe student harm) and from facilities shortages (which describe maintenance/material deficits) because it centers on governance, policy, and managerial malpractice.\"",\n    \""circle entries describe a small‑school, familylike community with close teacher relationships and personalized attention more than square entries\"": \""This bucket collects descriptions of small‑school personalization, strong parent/alumni engagement, close teacher–student bonds, faith/identity orientation and multi‑generational loyalty reported by circle reviewers, and is exclusive from academic-program and operational buckets because it highlights culture, relationships and community cohesion rather than curricular breadth, safety failures, or resource problems.\"",\n    \""circle entries report chronic facility, material, and funding shortfalls (and related maintenance failures) more than square entries\"": \""This groups items about broken toilets, pest infestations, overcrowded cafeterias, textbook/technology shortages, fundraising/fee pressures and capital vs. staffing tradeoffs — it is separate from governance (policy/ favoritism) and safety (fights/bullying) because it focuses on tangible physical/resource deficits and maintenance/funding problems.\"" \n}""]",,49.30847692489624,26558,2944,3465,,[],['resp_01a90f1c8b6d30c7006a725488329081a2933c985b37441e63'],True
vote|reduce1|18|4,"[""{\n    \""square entries portray more pervasive instructional disengagement and curricular weakness that reviewers say requires outside remediation or removal from the school than circle entries\"": \""Captures the cluster of square reviews documenting weak instruction, unqualified/absent teachers, poor grading/feedback, and recommendations for remediation or leaving — a distinct instructional-quality pattern that is about classroom pedagogy and curricular failure rather than safety, favoritism, program offerings, or small-school personalization.\"",\n    \""circle entries allege more nepotism, favoritism, athletic prioritization, and protection of insiders in staffing and discipline than square entries\"": \""Groups the many circle reports about cronyism, legacy/donor/athlete privilege, grade/discipline manipulation, and staff protection — a governance/favoritism phenomenon that is separable from academic-program strength, student-safety incidents, individualized support, or general facility problems.\"",\n    \""circle entries report more pervasive student-safety, bullying/harassment (including identity‑based attacks), physical fights, and repeated administrative failure to intervene than square entries\"": \""Collects the frequent circle accounts of bullying, physical fights, sexual harassment, weapons/drugs, and administrators failing to act — a safety/behavioral-crisis cluster that is clearly about campus security and incident response, distinct from academic rigor, favoritism, or personalization.\"",\n    \""circle entries report stronger formal advanced-academic pathways, measurable college-prep outcomes, and sustained tech/dual-enrollment programs than square entries\"": \""Groups circle evidence of AP/IB/dual‑enrollment/CTE, measurable scholarship and college-credit outcomes, and named specialty academies — a programmatic/college-prep cluster focused on formal curricular opportunities and outcomes, distinct from small‑school personalization or administrative malpractice.\"",\n    \""circle entries report more individualized, small-class, family-like teacher attention and active parent–school collaboration/community pride than square entries\"": \""Aggregates circle statements about small class sizes, one‑on‑one mentoring, routine tutoring/counseling, and strong parent/alumni engagement — a people‑and‑culture cluster centered on personalization and community support that is conceptually separate from safety incidents, formal advanced pathways, favoritism, or wholesale instructional neglect.\""\n}""]",,49.324394941329956,26622,2880,3354,,[],['resp_0b5aff076fbd0a74006a7254883de881a2b7d71b1bc5fcd220'],True
vote|reduce1|11|3,"[""{\n    \""circle entries report more administrative malpractice, inconsistent policy enforcement, and poor operational governance than square entries\"": \""This bucket captures the many circle reports of nepotism, favoritism, retaliatory or politicized leadership, opaque enrollment/finance decisions, and inconsistent discipline—distinct from facility problems (logistics/resources), safety incidents (bullying/violence), academic-program strength, or close teacher/community supports which are separate phenomena in the data.\"",\n    \""circle entries report more unaddressed student safety problems, bullying, violent incidents, gang/drug activity, hate‑based harassment and mental‑health crises than square entries\"": \""This groups the circle items describing pervasive bullying, harassment, fights, substance incidents and suicidal/mental‑health harms with staff inaction—a safety/behavior cluster that is conceptually different from administration malpractice, facility shortfalls, curricular/programmatic strength, or community/personalized teacher support.\"",\n    \""circle entries report chronic facility, material, and funding shortfalls (and related maintenance failures) more than square entries\"": \""This bucket covers concrete operational deficits in circle reviews—outdated textbooks, broken HVAC, food/meal problems, overcrowding, lost records and tuition/fee burdens—separating physical/resource/logistical deficiencies from governance misconduct, safety/behavior crises, academic-program claims, and small‑school personalization.\"",\n    \""circle entries report stronger advanced-academic programs, AP/IB/dual‑credit availability and clearer measurable college‑prep outcomes than square entries\"": \""This groups circle entries that cite formal advanced programs (AP/IB/dual‑enrollment/early college), measurable scholarship/admissions outcomes and academic rankings—distinctly about curricular opportunity and postsecondary results rather than governance, safety, facilities, or personalized community/teacher access.\"",\n    \""circle entries report more individualized supports and stronger local/familial community engagement (small classes, proactive counselors, hands‑on teachers, multi‑generational loyalty and relocation demand) than square entries\"": \""This bucket collects the circle reports of small‑school personalization, accessible teachers/counselors, active parent/booster involvement and multi‑generational/community ties—an interpersonal/community support pattern that is separate from programmatic rigor, facility deficits, safety incidents, and administrative malpractice.\""\n}""]",,49.541255712509155,27097,2752,3226,,[],['resp_0e76c78571023a54006a725488296c819e80aa64dea4e9b0e6'],True
vote|reduce1|16|1,"[""{\n    \""circle entries emphasize an athletics‑dominant culture and favoritism toward athletes/wealthy parents more than square entries\"": \""Many raw terms describe sports-first budgeting, coach/athlete favoritism, and parental protection for athletes — this bucket isolates culture/favoritism tied to athletics (distinct from general admin failures, safety incidents, academics, or community cohesion).\"",\n    \""circle entries report more administrative, operational, compliance and resource‑management failures (poor communication, counseling breakdowns, policy non‑enforcement, facility/overcrowding and legal/privacy lapses) than square entries\"": \""A large group of items document front‑office breakdowns, scheduling/records/credit problems, IEP/counseling lapses, maintenance and logistics failures — this operational/governance cluster is about process and resource management, not about student behavior, program strength, athletics, or parental identity.\"",\n    \""circle entries describe broader and more credentialed academic pathways and measurable college outcomes than square entries\"": \""Numerous entries cite AP/IB/dual‑credit, vocational/CTE pipelines, concrete college placements and earned college hours — this bucket captures programmatic academic breadth and measurable postsecondary outcomes, which is conceptually distinct from administration, safety, athletics, or community/faith themes.\"",\n    \""circle entries emphasize stronger parental/community engagement, faith/identity-driven culture, and small‑school cohesion than square entries\"": \""Many reviews highlight active PTA/volunteerism, faith/mission language, multigenerational ties, and small‑school belonging — this social/community/identity cluster is about parental/alumni engagement and institutional identity rather than programs, operations, safety, or athletic favoritism.\"",\n    \""circle entries report more frequent and severe student‑safety, violence, substance‑use, and bullying incidents than square entries\"": \""A coherent subset documents fights, drug exposure, ganglike behavior, pervasive bullying and ineffective enforcement — this safety/behavior incident cluster focuses on student harm and enforcement failures and is intentionally separated from administrative/process failures, athletics bias, academic program descriptions, or community cohesion.\""\n}""]",,49.545352935791016,26524,2688,3139,,[],['resp_0216ff150cdb8ce6006a72548830f0819d81809c474f3ceeae'],True
vote|reduce1|15|3,"[""{\n    \""Circle entries report more severe safety failures, pervasive bullying, and staff non‑intervention than square entries\"": \""This captures the many raw items about fights, gang bullying, assaults, drugs, SRO citations, police involvement and explicit staff non‑intervention; it is focused on day‑to‑day student safety incidents and staff failure to protect (distinct from governance or programmatic descriptions).\"",\n    \""circle entries report administrative misconduct, favoritism, and governance failures more than square entries\"": \""This groups allegations of nepotism, protection of athletes, retaliation, opaque discipline, board rubber‑stamping and politicized leadership — governance and favoritism problems that are organizational (not the same as isolated safety incidents or operational service details).\"",\n    \""circle entries document richer, higher‑profile extracurricular and athletics/fine‑arts programs and often report athletics prioritized over academics more than square entries\"": \""This clusters the many concrete reports of award‑winning bands, state championships, extensive club/CTE offerings and booster/athletics prominence (a program‑breadth and prioritization theme that is programmatic rather than about safety, governance, or support services).\"",\n    \""circle entries document more concrete operational supports and compliance issues (IEP/SPED, counseling, transportation, records, facilities, sanitation, tech) — both positive and negative — than square entries\"": \""This covers the dense operational details (special‑education failures and supports, counseling availability, scheduling, facility/tech/food/HVAC complaints and renovation projects) that describe service delivery and compliance, a distinct category from governance, safety, extracurriculars, or high‑level academic prestige.\"",\n    \""square entries report more consistent, formalized advanced academic programs and measurable college‑readiness/test outcomes than circle entries\"": \""This isolates the cluster of reviews describing steady AP/IB/honors/dual‑enrollment structures and explicit metrics (SAT/ACT/graduation/scholarship outcomes) that portray institutionalized college‑prep strengths, a contrast to circle’s mixed program/service descriptions rather than overlapping with safety, governance, or operational support themes.\""\n}""]",,49.902803897857666,26288,2752,3183,,[],['resp_03e0bafae8970260006a72548826f881a286cb67b93db8e723'],True
vote|reduce1|10|4,"[""{\n    \""circle entries document more pervasive student safety/behavior problems (bullying, racial harassment, substance use, assaults, weapons) and more administrative refusal or failure to remedy them than square entries\"": \""Groups many raw items about frequent fights, sexual assault, drug/gang activity, hate/racial harassment, special‑needs restraints, and explicit examples of staff non‑intervention into a single safety/incident bucket; this is distinct from governance (which addresses leadership/favoritism) and from facilities/resources (which address HVAC/tech/food/etc.).\"",\n    \""circle entries document more administrative mismanagement, unresponsiveness, favoritism/nepotism, and governance failures than square entries\"": \""Clusters reports of opaque personnel actions, coverups, nepotism, secretive boards, punitive/weaponized policy enforcement, retaliation and call‑ignoring into one governance/fairness bucket that is conceptually different from operational breakdowns (logistics) and from direct student safety incidents.\"",\n    \""circle entries describe stronger, documented college‑preparatory rigor and measurable post‑secondary outcomes (AP/IB, scholarships, elite acceptances) than square entries\"": \""Groups the many concrete accounts of AP/IB/dual‑enrollment, academies, measurable matriculation and scholarship outcomes into an academic‑rigor/college‑prep bucket that is separate from extracurricular/athletics achievements and from administrative or facility problems.\"",\n    \""circle entries describe richer, broader extracurricular, athletics, arts, and alumni infrastructure than square entries\"": \""Captures the cluster of items about extensive clubs, band/theatre successes, state championships, alumni mobilization, booster/parent involvement and strong local identity—an extracurricular/community identity bucket that is distinct from curricular rigor, governance failures, or operational deficiencies.\"",\n    \""circle entries report more operational, facility, and logistical failures (transportation, cafeteria, plumbing, scheduling, recordkeeping) than square entries\"": \""Groups concrete resource and logistics complaints—aging buildings, HVAC/power/library access, meal quality, gradebook/PowerSchool lags, cost/fee surprises, scheduling/overcrowding and special‑education intake breakdowns—into an operations/facilities bucket that is materially different from safety incidents, governance/favoritism, extracurricular strengths, or academic-program claims.\""\n}""]",,50.540223121643066,26372,2880,3382,,[],['resp_0fee30b588f47f2d006a7254882e3c819c84fff30a3406b150'],True
vote|reduce1|17|4,"[""{\n    \""circle entries emphasize broader, better‑resourced extracurricular, vocational, and community supports (competitive arts, athletics, CTE, JROTC, active parent councils) than square entries\"": \""This bucket groups all raw terms documenting richer extracurricular ecosystems, booster/tuition/fundraising enabled programs, visible facility investments and organised alumni/parent engagement in circle reviews; it is distinct from academic rigor, safety, governance or individualized‑support buckets because it focuses on program breadth and resourcing rather than outcomes, discipline, or administration.\"",\n    \""circle entries report more extensive advanced college‑prep offerings and measurable postsecondary outcomes than square entries\"": \""This captures the many circle items that name AP/IB/dual‑enrollment/early‑college pathways, high AP pass rates, and concrete alumni/college‑matriculation metrics; it is mutually exclusive from the extracurricular/resources bucket because it is specifically about formal academic pathways and measurable postsecondary results rather than non‑academic programs or facilities.\"",\n    \""circle entries report more frequent and severe student safety, bullying, gang, drug, and physical‑fight incidents than square entries\"": \""This groups every raw term describing physical violence, gangs, regular fights, substance incidents, sexual/racial/LGBTQ harassment and staff/security failure to protect students in circle reviews; it is explicitly about student safety and peer misconduct rather than administrative favoritism, program offerings, or individualized academic supports.\"",\n    \""circle entries document more concrete administrative breakdowns, mismanagement, and formal escalations (unresponsiveness, financial or legal complaints, staff‑targeting) than square entries\"": \""This bucket collects raw terms alleging nepotism/cronyism, opaque board behavior, record‑keeping failures, naming/firing/retention controversies, legal/financial mismanagement and refusal to discipline — focusing on governance and operational failure distinct from student safety, curriculum quality, extracurricular resources, or classroom‑level supports.\"",\n    \""Circle entries report more individualized, small‑class, family‑like teacher availability and hands‑on support including notable special‑needs accommodations than square entries\"": \""This groups items where circle reviews report personalized attention (small classes, daily tutoring, proactive counselors, successful special‑needs interventions and parent collaboration); it is mutually exclusive because it centers on onsite, person‑to‑person academic and social supports rather than systemic governance, high‑profile program offerings, or safety/discipline crises.\""\n}""]",,50.77150797843933,26546,2560,3054,,[],['resp_01f035cdb805350f006a725488475481a1961f993224175ca9'],True
vote|reduce1|6|4,"[""{\n    \""circle entries report more frequent and severe student-safety and misconduct problems (bullying, fights, drugs, gang violence, lockdowns) than square entries\"": \""This captures the many raw items alleging physical violence, gang activity, police reports, pervasive bullying, substance use, and other acute on‑campus safety crises in Circle reviews — a distinct operational outcome (safety incidents) that is separable from administrative, academic, or extracurricular themes.\"",\n    \""circle entries report more administrative and staffing governance problems (hiring, nepotism, turnover, secrecy, and favoritism) than square entries\"": \""This groups the governance‑level allegations (nepotism/favoritism, opaque discipline, recordkeeping or staffing failures, manufactured reviews, leadership turnover) that are about who runs the school and how decisions are made — materially different from direct safety incidents, academic programming, community/extracurricular strengths, or special‑needs support problems.\"",\n    \""circle entries document stronger, concrete advanced academic offerings and measurable college/post‑secondary outcomes (AP/IB/dual enrollment, scholarships, Ivy/ selective admits, named awards) than square entries\"": \""This bucket collects all items that describe formal, named high‑rigor programs and quantifiable postsecondary results (IB/AP, dual credit, scholarships, selective college matriculation) and so addresses programmatic academic rigor and outcomes rather than governance, safety, community spirit, or special‑education service delivery.\"",\n    \""circle entries emphasize broader, higher‑profile extracurricular breadth and outcomes (athletics, JROTC, arts, vocational pathways, amenities) than square entries\"": \""This groups the many raw claims about rich extracurricular life, strong band/music/arts, athletic identity and championships, booster/alumni engagement and school spirit — a community/program resources and culture dimension distinct from academics, safety, governance, or special‑needs supports.\"",\n    \""circle entries report more failures or exclusions in special‑education, counseling, and mental‑health supports than square entries\"": \""This isolates the repeated, concrete accounts about IEP noncompliance, poor special‑education services, counseling/mental‑health neglect, and forced disenrollments — a focused vulnerability‑support theme that is substantively different from general administrative governance, campus safety incidents, programmatic excellence, or extracurricular breadth.\""\n}""]",,50.83050298690796,26323,3328,3811,,[],['resp_0b4e742b27f777f7006a725487af5481a097f16eb53950c074'],True
vote|reduce1|13|4,"[""{\n    \""circle entries describe more concrete advanced academic pathways, dual‑enrollment/AP/early‑college offerings and measurable college outcomes than square entries\"": \""Groups all reviewer claims about formal academic pathways (AP/IB/dual‑enrollment, scholarships, college matriculation, measurable test/grad outcomes) into a single bucket focused on programmatic, credential and post‑secondary results—distinct from facility, safety, governance, or community/teacher‑support claims.\"",\n    \""circle entries report more concrete operational, facility, and resource failures and cost burdens than square entries\"": \""Captures HVAC, sanitation, overcrowding, lunch/cafeteria logistics, HVAC, broken Chromebooks, lost records, fee burdens and capital/maintenance issues—a physical/operational‑resources bucket that is meaningfully separate from governance/favoritism, safety incidents, curricular/program claims, or small‑school culture.\"",\n    \""circle entries report more frequent and severe student-safety and discipline failures (bullying, fights, gangs, drugs, hazing) than square entries\"": \""Aggregates the many reports of bullying, physical assaults, drug/gang activity, hazing and other acute safety threats and enforcement failures into a single safety/behavior bucket, which is conceptually distinct from administrative governance or facility problems (even when administrations fail to respond).\"",\n    \""circle entries report more administrative dysfunction, inconsistent or punitive discipline, favoritism/nepotism, and poor communication than square entries\"": \""Groups reviewer evidence of governance and staffing pathologies—favoritism, nepotism, cover‑ups, opaque boards, punitive/arbitrary discipline, lost records and nonresponsive offices—into a single governance/accountability bucket that is separate from safety incidents, physical resource shortfalls, curricular pathways, or tight community/teacher bonds.\"",\n    \""circle entries portray a tighter small‑school / family community with higher parental/alumni continuity and personalized teacher investment than square entries\"": \""Collects claims about small‑school personalization, close teacher–student relationships, active parental/alumni involvement, faith/identity cohesion and broad extracurricular/community traditions—an interpersonal/community strengths bucket that is specifically different from programmatic (academic/pathway), safety, facility, or governance issues.\""\n}""]",,51.10547089576721,26384,2944,3417,,[],['resp_03bfd866dabea6cc006a72548a040881a283cb61cdf48b35c2'],True
vote|reduce1|21|5,"[""{\n    \""circle entries report more frequent and severe student safety incidents (bullying, fights, drugs, weapons, lockdowns) than square entries\"": \""This bucket groups all raw items describing on‑campus harm and misconduct (physical fights, severe bullying, vaping/drug use, overdoses, gang activity, police/lockdown events) and is distinct from governance/discipline or resource complaints because it focuses on incidents and immediate student safety outcomes rather than administrative policy or facility conditions.\"",\n    \""circle entries allege more administrative politicization, favoritism, nepotism and inconsistent/punitive discipline than square entries\"": \""This bucket collects reviews alleging unfair hiring/admissions, nepotism, favoritism (athlete/donor bias), intimidation, retaliatory or arbitrary punishments and record‑keeping abuses — a governance/people‑management cluster that is about decision‑making and power dynamics, not about isolated safety incidents, curricular offerings, or infrastructure.\"",\n    \""circle entries describe stronger, more concrete advanced-academic and college-preparation pathways and supports (AP/IB, dual‑enrollment, early‑college, external partnerships, conservatory tracks) than square entries\"": \""This groups the many comments documenting formal college‑prep programs, AP/IB/dual‑credit, CTE/industry credentials, documented scholarship/college outcomes and partnerships — programmatic, curriculum‑level strengths distinct from extracurricular prestige, staffing behavior, or facilities.\"",\n    \""circle entries emphasize athletics and flagship extracurricular prioritization and funding/favoritism (football/band dominance, many coaches, resource skew) more than square entries\"": \""This bucket captures the repeated descriptions of prominent, well‑resourced athletics and performing‑arts programs (championships, marching band trophies, booster emphasis) and related claims of funding/prioritization bias — a distinct theme about extracurricular prominence and resource allocation separate from academics, safety, or governance.\"",\n    \""circle entries report more operational, facility, and logistical breakdowns (transportation, overcrowding, meal/yearbook/accounting errors, HVAC, lost records, scheduling) than square entries\"": \""This groups concrete, physical and logistical problems (overcrowding, HVAC/mold, dirty bathrooms, long commutes, lost credits, scheduling/placement errors and levy/finance details) that concern infrastructure and day‑to‑day operations and are materially different from interpersonal safety, governance/favoritism, curricular offerings, or extracurricular prominence.\""\n}""]",,50.37532901763916,22901,2688,3214,,[],['resp_03c1f55b324bbbc7006a7254881d58819caa1367120834b32c'],True
vote|reduce1|15|2,"[""{\n    \""circle entries report more pervasive student safety and misconduct incidents (bullying, drugs, fighting, vaping, hazing) than square entries\"": \""This groups the numerous raw items documenting violence, bullying, drug use, assaults, gang/behavior problems and staff non‑intervention into a single safety/behavior cluster that is clearly distinct from academic-program, governance, community, or teacher‑professionalism themes.\"",\n    \""circle entries report stronger advanced academic programs, college‑prep pathways, and measurable outcomes than square entries\"": \""This captures the many raw items about AP/dual‑credit/CTE/magnet tracks, measurable test/college outcomes and formal college‑prep infrastructure in circle reviews, and is separate from safety, governance, parental/community ties, or teacher morale issues.\"",\n    \""circle entries report more administrative/staff misconduct, favoritism, discriminatory or covert discipline, and accountability failures than square entries\"": \""This groups raw terms alleging nepotism, favoritism toward athletes/staff children, cover‑ups, legal/constitutional violations, punitive/retaliatory enforcement, and board dysfunction — a governance/accountability cluster that is conceptually distinct from safety incidents, program richness, community cohesion, or frontline teacher quality.\"",\n    \""circle entries portray a small, personalized school culture with closer teacher‑student mentorship, stronger alumni/parent engagement, and distinctive standout extracurricular programs more than square entries\"": \""This buckets the repeated signals about multigenerational alumni ties, parent volunteering/relocation for fit, tight community identity, and celebrated extracurricular/arts/athletics into a community/personality cluster that does not overlap with governance abuse, safety crises, or academic-program descriptions.\"",\n    \""square entries report more pervasive teacher disengagement, instructional inconsistency, and low morale (absenteeism, unqualified instructors, poor grading/feedback) than circle entries\"": \""This isolates the square-centered pattern of weak/uneven classroom instruction, teacher unresponsiveness, grading/organization problems and morale/turnover complaints, which is a frontline instructional staffing theme distinct from governance failures, student-safety problems, program breadth, or community cohesion.\""\n}""]",,51.31161713600159,26284,2688,3129,,[],['resp_09b98ae54c6de2e4006a72548833a48191b2f5d420d8023745'],True
vote|reduce1|14|5,"[""{\n    \""circle entries report more acute student safety and behavior crises and enforcement failures than square entries\"": \""Groups raw terms describing fights, gangs, weapons/drugs, pervasive bullying, harassment, invasive searches and failures to protect students — a safety/discipline domain distinct from facility maintenance, administrative favoritism, program offerings, or extracurricular breadth.\"",\n    \""circle entries report more concrete administrative/operational failures, inconsistent policy enforcement, favoritism, and poor parent-office communication than square entries\"": \""Captures allegations of nepotism, biased discipline, opaque complaint handling, lost records, punitive retaliation and chronically poor parent communication — governance and process failures that are operationally different from safety incidents, material facility problems, curricular strength, or extracurricular life.\"",\n    \""circle entries report more detailed facility, operational, and resource‑management facts and failures (new construction, renovations, cafeteria/food, transportation, 1:1 device programs, e‑text outages, funding mismanagement) than square entries\"": \""Encompasses concrete descriptions of capital projects, overcrowding, sanitation/pest problems, food quality, device rollouts, textbook/tech shortages and funding allocation — a physical/resource-management cluster separate from personnel/governance, student-safety, programmatic academics, or community/extracurricular themes.\"",\n    \""circle entries report more extensive advanced academic offerings and measurable college/career outcomes than square entries\"": \""Groups reports of AP/IB/dual‑enrollment/CTE/magnet/STEM pathways, formal academies, scholarship placements and clear postsecondary outcomes — a curricular/college‑prep evidence cluster that is substantively different from safety, facilities, admin processes, or extracurricular prominence.\"",\n    \""circle entries emphasize broader extracurricular breadth, athletics/fine‑arts prominence, and active community/alumni engagement more than square entries\"": \""Captures descriptions of rich arts/music/theatre programs, competitive athletics, booster/PTA activity, alumni attachment and community support — an engagement/program-culture axis distinct from facility logistics, administrative misconduct, student-safety crises, or academic-program detail.\""\n}""]",,51.59448790550232,22619,1344,1784,,[],['resp_0f35cf3e0ed8b119006a72548817f881a0bc374c839b9d40a8'],True
vote|reduce1|13|5,"[""{\n    \""circle entries report more frequent and severe student safety and behavior incidents (fights, drugs, weapons, sexual assaults, hate crimes, vandalism) than square entries\"": \""This groups the many circle reports of violence, gang/drug arrests, sexual‑assault allegations, tolerated racial slurs, frequent fights/lockdowns and pervasive bullying into a single safety/behavior bucket that is about student misconduct and harms (distinct from administrative failures, facilities problems, academic offerings, or community identity).\"",\n    \""circle entries report more administrative, operational, compliance and resource‑management failures (poor communication, counseling breakdowns, policy non‑enforcement, facility/overcrowding and legal/privacy lapses) than square entries\"": \""This captures circle accounts of unresponsive/retaliatory leadership, nepotism/favoritism, lost transcripts, mismanaged transfers/records, counseling breakdowns and policy non‑enforcement — a governance/operations cluster separate from physical plant issues, frontline teaching quality, extracurricular strength, or student safety incidents.\"",\n    \""circle entries describe stronger advanced academic programs, clearer measurable outcomes, and a more explicit college‑prep reputation than square entries\"": \""This groups circle mentions of AP/IB/Cambridge/dual‑enrollment, vocational/CTE pathways, documented scholarship/Ivy/admit examples and concrete college‑prep supports into a programmatic/outcomes bucket that is distinct from safety, governance, facilities, or social/community culture.\"",\n    \""circle entries emphasize close-knit community identity, faith/alumni continuity, small-school scale, or boarding culture more than square entries\"": \""This groups circle evidence of multigenerational alumni ties, faith formation or single‑sex brotherhood, strong booster/parent engagement, and small/school‑culture pride into a social‑identity and community engagement bucket distinct from program quality, safety incidents, facilities, or administrative misconduct.\"",\n    \""circle entries report more acute facilities, infrastructure and resourcing failures (heat/AC failures, overcrowding, sanitation, underfunding) than square entries\"": \""This isolates concrete physical/infrastructure and resourcing complaints in circle reviews — pest infestations, lack of nurse, outdated textbooks/tech, overcrowded classes, construction/parking/lunch problems — which concern the built environment and resourcing rather than governance malpractice, curricular offerings, community identity, or student safety/behavior.\""\n}""]",,51.87150502204895,22964,2880,3418,,[],['resp_085cc2c756555a67006a7254882b788192ae3f752e9f674615'],True
vote|reduce1|14|0,"[""{\n    \""circle entries report more frequent and severe student-safety and peer-harm problems (bullying, fights, drugs, gang violence) and administrative toleration than square entries\"": \""Many raw items document recurring fights, gang affiliation, drug use, sexual assaults, and bullying in circle schools and frequent claims that staff/leadership tolerate or fail to address these harms — a concrete safety/behavior cluster that is conceptually distinct from academic-program, community/cohesion, or governance/favoritism issues.\"",\n    \""circle entries describe stronger, more concrete advanced-academic and college-preparation pathways and supports (AP/IB, dual‑enrollment, early‑college, external partnerships, conservatory tracks) than square entries\"": \""Numerous circle reviews enumerate AP/IB, dual‑enrollment, magnet/CTE tracks, measurable college placements and scholarship outcomes, forming a substantive programmatic/college‑prep bucket that is separate from safety, governance, personalization, or staff‑responsiveness themes.\"",\n    \""circle entries report more administrative nonresponse, concealment, nepotism, unequal/punitive discipline, and policy-driven exclusion than square entries\"": \""Multiple circle items allege opaque fee practices, favoritism toward athletes/donors, punitive/exclusionary discipline, record manipulation and leaders who ignore or silence critics — an operational/governance/fairness pattern distinct from both safety incidents and academic-program descriptions.\"",\n    \""circle entries portray a tighter small‑school / family community with higher parental/alumni continuity and personalized teacher investment than square entries\"": \""Many circle reviews emphasize small classes, multigenerational alumni ties, familylike culture, hands‑on parent/volunteer engagement and individualized teacher mentorship — a community/cohesion and personalization theme that is meaningfully different from advanced‑program strength, safety failures, or administrative misconduct.\"",\n    \""square entries report more consistent day-to-day caring staff, effective special‑education/counseling support, inclusive climate, and visible principal leadership than circle entries\"": \""A recurring pattern in square reviews is descriptions of responsive principals, helpful counselors, effective special‑education follow‑through and a reliably caring staff; this operationally contrasts with the circle buckets (safety, governance, program breadth, small‑school cohesion) and thus remains a distinct, mutually exclusive dimension.\""\n}""]",,51.97583627700806,26500,2816,3314,,[],['resp_06f7c635b7e76687006a72548826f4819c9ced30935344fb7a'],True
vote|reduce1|14|3,"[""{\n    \""circle entries report more concrete advanced/alternative academic pathways, CTE/dual‑credit offerings, and measurable college‑readiness outcomes than square entries\"": \""Many raw items describe Circle schools offering Dual Enrollment, extensive AP/IB/CTE tracks, documented college admissions and measurable postsecondary outcomes—this cluster is about programmatic academic pathways and outcomes and is distinct from governance, safety, facilities or day‑to‑day teacher attention.\"",\n    \""circle entries emphasize stronger teacher–student connection, individualized supports, small‑school community cohesion and outreach than square entries\"": \""A large set of raw terms documents Circle schools’ small classes, routine one‑on‑one help, proactive parent communication and community/alumni cohesion—this captures interpersonal, personalization and community ties separate from formal advanced programs, safety incidents, facilities, or governance problems.\"",\n    \""circle entries report more student-safety incidents, bullying, drugs/weapons, and failures or unevenness in disciplinary response than square entries\"": \""Many statements cluster around recurrent bullying, fights, substance use/availability, threats and either staff non‑intervention or inconsistent enforcement—this safety/behavioral crisis theme is operationally distinct from administrative favoritism, physical facilities, academic offerings, or classroom-level support.\"",\n    \""circle entries report more material, facility, and operational infrastructure shortages and environmental hazards than square entries\"": \""Numerous raw items describe concrete logistical and facility failures (overcrowding, HVAC/AC failures, food safety, transportation overcrowding, lost records, late grading), which are infrastructure/operations problems and not the same as governance favoritism, student safety crises, or academic-program differences.\"",\n    \""circle entries report more administrative favoritism, nepotism, staff misconduct, inconsistent discipline, and governance failures than square entries\"": \""Multiple raw terms allege cronyism, nepotistic hiring, favoritism toward athletes/insiders, cover‑ups, retaliation and arbitrary/unfair discipline; this governance/fairness cluster is conceptually separate from facilities, safety incidents, academic pathways, or individualized teacher care.\""\n}""]",,52.48739695549011,26255,3264,3688,,[],['resp_0ebd6fe60e9d827e006a7254882f7481a2a6241620cccdebca'],True
vote|reduce1|1|5,"[""{\n    \""circle entries report more administrative dysfunction, inconsistent enforcement, favoritism/cliques, poor communication and unstable or image‑management leadership than square entries\"": \""Many circle reviews allege nepotism, cover‑ups, micromanagement, unequal discipline, and administrators who ignore parents (e.g., PTA/donor manipulation, principal threats, record‑keeping failures); this bucket focuses on governance/process failures distinct from physical safety events, resource shortages, academic program strength, or community cohesion.\"",\n    \""circle entries report more frequent and more severe student behavioral, safety, and bullying incidents (and security responses) than square entries\"": \""Numerous circle entries describe fights, gang/activity, drug use, lockdowns, sexual assaults, pervasive bullying and victims pushed out, making this a discrete category about on‑campus safety and misconduct (separate from administrative favoritism, facilities/funding problems, academic offerings, or community culture).\"",\n    \""circle entries report stronger advanced academic programs and measurable college‑preparation outcomes than square entries\"": \""Many circle reviews document AP/IB/dual‑enrollment, clear college matriculation metrics, scholarships and early‑college pathways, so this bucket captures programmatic academic rigor and measurable post‑secondary outcomes distinct from complaints about safety, governance, resources, or local community ties.\"",\n    \""circle entries report more material resource and operational shortfalls, funding inequities, and parent out‑of‑pocket charges (facilities, transportation, cafeteria, fees) than square entries\"": \""A large subset of circle items concern HVAC/AC failures, broken tech/textbooks, costly fees, cafeteria shortages and contested fundraising/tuition—operational and fiscal deficits that are separable from leadership behavior, student safety incidents, academic program content, or social/community descriptions.\"",\n    \""circle entries emphasize stronger small‑town / faith / multi‑generational community cohesion, parental/alumni ties, and fan support than square entries\"": \""Many circle reviews highlight intense parental/alumni involvement, faith or single‑sex identity, booster culture, legacy/athlete preferences and a familylike small‑school feel; this bucket isolates local social/cohesion characteristics distinct from administrative mismanagement, safety problems, resources, or curricular strength.\""\n}""]",,53.31659984588623,23300,3008,3501,,[],['resp_0428b74140af3b82006a72548743d481a1b710c79f1e55ed67'],True
vote|reduce1|0|2,"[""{\n    \""circle entries report more frequent and more severe student‑safety and criminal‑behavior problems (bullying, physical assaults, on‑campus drug dealing/overdoses, and staff sexual‑misconduct complaints) than square entries\"": \""This groups the many raw items about fights, gang/drug activity, theft, police visits, sexual/abuse allegations, suicidality mishandling and generalized physical-safety crises into a single safety/behavior cluster that is distinct from administrative governance, facility shortages, academic programming, or community/cohesion issues.\"",\n    \""circle entries document more administrative dysfunction, politicization, and failure of policy/enforcement (unresponsiveness, denial, nepotism, inconsistent discipline, recordkeeping errors) than square entries\"": \""This collects the raw terms alleging nepotism, favoritism, board/leadership corruption, manipulated grades, unresponsive complaint handling, inconsistent/retaliatory discipline and recordkeeping failures into one governance-and-accountability bucket that is conceptually separate from safety incidents, physical resource shortfalls, curricular offerings, or community warmth.\"",\n    \""circle entries report more chronic facility and resource shortfalls and operational problems (overcrowding, outdated tech/textbooks, maintenance, budget cuts) than square entries\"": \""This captures concrete operational failures (no AC, broken fountains, overcrowded buses/portables, food/lunch problems, outdated equipment and scheduling/transportation errors) into an infrastructure/logistics bucket distinct from personnel/governance, safety/behavior, advanced-program claims, or small‑school/community personalization.\"",\n    \""circle entries report stronger formal college‑prep, advanced‑course offerings, and measurable student outcomes than square entries\"": \""This groups the many specific claims about IB/AP/dual‑enrollment/early‑college, scholarships, quantified matriculation rates and named college placements into a single academic-program/outcomes bucket that is analytically separate from facility problems, safety incidents, administrative misconduct, or close‑knit community descriptions.\"",\n    \""circle entries report a more small‑school, personalized community with close teacher relationships, multi‑generational alumni ties, and individualized supports than square entries\"": \""This groups descriptions of small class sizes, sustained parent/alumni continuity, hands‑on mentoring, strong pastorals/family culture and individualized special‑needs supports into a single community/personalization bucket that does not overlap with governance failures, physical resource deficits, safety crises, or advanced‑program strength.\""\n}""]",,53.46480417251587,26160,2816,3316,,[],['resp_0d30cf9c4a9c9ef4006a7254878cec819c869c1b02341385ac'],True
vote|reduce1|10|5,"[""{\n    \""circle entries report more administrative/governance dysfunction—unresponsiveness, favoritism/nepotism, leadership instability, and refusal to discipline—than square entries\"": \""This bucket groups all reviewer claims about governance/leadership behavior (cronyism, retaliation, refusal-to-act, board/political interference and unstable principals); it is distinct from facility/operational failures (logistics, maintenance) and from safety/behavior or programmatic strength, because it focuses on who makes decisions and how they handle complaints rather than on physical resources, student conduct, or curricular offerings.\"",\n    \""circle entries report more pervasive student-safety and behavior problems (bullying, fights, substance use, cyberbullying) and routine peer‑harassment than square entries\"": \""This bucket captures the many explicit allegations about bullying, gangs, sexual harassment, violent incidents, and ongoing peer misconduct that reviewers recount; it is kept separate from governance (which addresses leadership response) and from facilities (which addresses physical/operational problems) so that incidents and their patterns are the primary focus.\"",\n    \""circle entries describe stronger, more concrete advanced-academic and college-preparation pathways and supports (AP/IB, dual‑enrollment, early‑college, external partnerships, conservatory tracks) than square entries\"": \""This groups descriptions of robust, named academic pathways, AP/IB/dual-credit programs, measurable post‑secondary outcomes and alumni success stories; it is mutually exclusive from extracurricular/resource buckets (which catalog arts/FFA/teams) and from governance or safety buckets because it is about curricular/programmatic academic continuity and measurable outcomes.\"",\n    \""circle entries document richer extracurricular, arts, vocational and facility resources (band/orchestra/FFA/tech labs/partnerships) and visible facility upgrades more than square entries\"": \""This bucket collects reports of broad extracurricular breadth (music, drama, FFA, competitions, internships), named program instructors, and recent facility upgrades as assets — distinct from the academic/college‑prep bucket (which centers on curricular pathways and outcomes) and distinct from operational/failure reports (which focus on breakdowns and deficits rather than celebrated offerings).\"",\n    \""circle entries report more concrete, detailed facility, operational, and resource‑management facts and failures (new construction, renovations, cafeteria/food, transportation, 1:1 device programs, e‑text outages, funding mismanagement) than square entries\"": \""This bucket captures logistical and physical-resource complaints or documented facts (mold, broken lockers, HVAC, bus failures, lost records, budget cuts, tech access problems) and is intentionally separated from governance (decision-making/favoritism), safety/behavior (student incidents), and programmatic strength (academic/extracurricular offerings) so that operational realities are the focal point.\""\n}""]",,53.7335901260376,22854,2944,3531,,[],['resp_0726c97af3cadbe1006a7254881524819da0354b9493a65f07'],True
vote|reduce1|0|3,"[""{\n    \""circle entries report more pervasive student-safety and peer-abuse problems (bullying, fights, harassment, hate incidents) than square entries\"": \""This groups the many raw items about bullying, frequent fights, drug offers, bathroom assaults, identity‑based harassment, and adult non‑intervention into a single safety/behavior bucket that is distinct from administrative governance, facilities, academic programming, or community/cohesion issues.\"",\n    \""circle entries allege more administrative favoritism, nepotism, cover‑ups, and governance dysfunction than square entries\"": \""This captures the cluster of reports about cronyism, protected insiders, governance cover‑ups, selective discipline, retaliatory record‑keeping, and board-level dysfunction, which is organizational/governance-focused and separable from student safety, physical facilities, instructional quality, or program breadth.\"",\n    \""circle entries document broader and stronger advanced academic and extracurricular pathways and measurable postsecondary outcomes (AP/IB/dual enrollment, tech/vocational teams, awards, scholarships) than square entries\"": \""This groups the many concrete claims about dual‑enrollment, AP/honors/CTE programs, early‑college/associate degree pathways, measurable test/scholarship outcomes, and competitive extracurricular successes, distinct from small‑school culture, safety problems, or administrative malpractice.\"",\n    \""circle entries emphasize a small-school, familylike personalization and close student–staff relationships more than square entries\"": \""This groups descriptions of small enrollment, intimate class sizes, strong parental/alumni volunteering, faith/school identity, visible principal/teacher mentorship, and community cohesion that are about social structure and culture rather than safety incidents, governance misconduct, facilities, or formal academic pathways.\"",\n    \""square entries report systemic instructional failure, weak curriculum/assessment practices, grade‑policy problems, and failure to meet state standards more than circle entries\"": \""This isolates the square‑dominated pattern of complaints about poor day‑to‑day instruction, disengaged teachers, curriculum gaps, grade/promotion policy concerns and low standardized outcomes — a classroom/instructional quality axis that is conceptually separate from safety, governance, facilities, or the presence of advanced programs.\""\n}""]",,54.29346704483032,26815,3072,3563,,[],['resp_0a531259785cdcdb006a7254873f8c81a3bbc01ddacaaae071'],True
vote|reduce1|2|4,"[""{\n    \""circle entries surface special‑education, IEP/504 and counseling issues (both concrete success stories and explicit failures/understaffing/rights abuses) far more than square entries\"": \""This bucket aggregates all reviews that specifically discuss IEP/504 implementation, counselor ratios/competence, therapy/clinical services, legal disputes over special‑ed supports, and concrete staffing of counseling — a discrete policy/service domain separate from general safety incidents, overall governance/favoritism, academic-program breadth, or small‑school community phenomena.\"",\n    \""circle entries report more pervasive student‑safety, bullying, and culture‑of‑abuse problems (including unchecked physical violence, hate‑based harassment, and inconsistent/punitive discipline) than square entries\"": \""This groups raw terms about fights, gang/drug activity, sexual assaults, explicit harassment/slurs, bullying left unaddressed, and related acute harms — focused on student safety and harassment outcomes (distinct from special‑ed/counseling failures, administrative governance problems, instructional/programmatic offerings, or parent/community engagement).\"",\n    \""circle entries report more administrative dysfunction, inconsistent enforcement, favoritism/cliques, poor communication and unstable or image‑management leadership than square entries\"": \""This bucket captures governance and operational failures — nepotism, opaque boards, lost records, politicized discipline, rude front‑office behavior, deliberate image management, and budget/oversight complaints — which are organizational/governance issues distinct from frontline safety incidents, specialized academic pathways, or individualized support practices.\"",\n    \""circle entries describe more concrete and diverse advanced academic, CTE, arts, and college‑credit programs and measurable postsecondary outcomes than square entries\"": \""This groups explicit programmatic evidence — AP/IB/dual‑enrollment, CTE/JROTC/magnet/arts offerings, measurable scholarship/graduation metrics and college partnerships — i.e., curricular and outcome structures, which are distinct from governance failures, safety problems, special‑ed/counseling issues, or community/personalization dynamics.\"",\n    \""circle entries report more individualized supports and stronger local/familial community engagement (small classes, proactive counselors, hands‑on teachers, multi‑generational loyalty and relocation demand) than square entries\"": \""This bucket groups comments about small‑school personalization, active PTO/alumni/mentorship, high parental donation/volunteer requirements, tailored tutoring schedules and teacher accessibility — community and hands‑on support patterns that are conceptually separate from advanced-program breadth, governance dysfunction, special‑education legal/clinical issues, and acute safety/violence reports.\""\n}""]",,57.81190204620361,26127,3136,3676,,[],['resp_0ad72936f869ba31006a725487877c81a08752def1c344dfc9'],True
vote|reduce1|7|1,"[""{\n    \""circle entries report greater administrative and operational dysfunction and unresponsiveness than square entries\"": \""This groups the many reports about lost records, registration/scheduling breakdowns, poor parent communication, guidance failures, billing/tuition disputes and front‑office rudeness into a single operational/governance failure bucket that is distinct from (a) student safety events, (b) programmatic/academic strength, (c) small‑school personalization, and (d) favoritism/nepotism‑style misconduct.\"",\n    \""circle entries report more pervasive student-safety, bullying, and culture-of-abuse problems (including unchecked physical violence, hate-based harassment, and inconsistent/punitive discipline) than square entries\"": \""This captures the cluster of concrete safety harms (bullying, fights, drugs, sexual misconduct, gang activity, suicidal crises, physical assaults) and explicit adult non‑intervention; it is focused on safety/behavior incidents and differs from administrative operational failures, from programmatic strength, from personalization/community features, and from governance/favoritism allegations.\"",\n    \""circle entries describe a broader, more concrete set of specialized academic and career programs and extracurricular breadth (AP/IB, internships/fellowships, CTE/vocational tracks, JROTC/ROTC, film/media, robotics, award-winning arts, athletics) than square entries\"": \""This groups all accounts of named advanced pathways, dual‑credit/AP/IB offerings, vocational/CTE programming, award‑winning arts/band/theater, robotics/STEM labs and formal partnerships — a programmatic/resources bucket that is conceptually distinct from safety problems, administrative dysfunction, small‑school personalization, and favoritism claims.\"",\n    \""circle entries describe a small‑school, familylike community with close teacher relationships and personalized attention more than square entries\"": \""This bucket captures the recurrent themes of small class sizes, tight alumni/parent networks, daily teacher availability, individualized remediation/tutoring, faith/mission identity and strong local continuity — a culture/community/person‑level support cluster that is separate from institutional/programmatic offerings, safety crises, operational failures, or corrupt favoritism.\"",\n    \""circle entries report more administrative favoritism, nepotism, staff misconduct, inconsistent discipline, and governance failures than square entries\"": \""This groups allegations about preferential treatment (by donors/last names/athletes), nepotistic promotions, deliberate coverups, coerced/exclusionary policies, and staff misconduct into a governance‑accountability and fairness bucket that is distinct from routine operational errors, raw safety incidents, program richness, and small‑school personalization.\""\n}""]",,57.81164479255676,26275,3840,4387,,[],['resp_00066144ab9e4e4f006a725487961481a1bfcd14cb0b7ca0fb'],True
vote|reduce1|8|2,"[""{\n    \""circle entries report more administrative dysfunction, opaque/punitive policies, fiscal mismanagement, and inconsistent accountability than square entries\"": \""This groups reviews describing governance, nepotism/favoritism, budget misallocation, punitive/arbitrary policy enforcement and board/administrative opacity — a distinct governance/decision‑making cluster that is about who runs the school and how, and is mutually exclusive from buckets about physical facilities, student safety incidents, extracurricular strength, or classroom/staff quality.\"",\n    \""circle entries report more frequent and severe student safety incidents, bullying, racial/sexual discrimination, and staff/security misconduct than square entries\"": \""This captures concrete reports of fights, drugs, threats, harassment, discrimination, sexual/abuse/alleged predator claims and staff/security misconduct or tolerance — a distinct safety/behavior/incidents cluster separate from administration/fiscal misconduct, routine facility problems, programmatic strengths, or teacher competence.\"",\n    \""circle entries report more chronic facility, resource, scheduling and operational shortfalls and failures than square entries\"": \""This bucket groups complaints about overcrowding, pests, broken infrastructure, food/service problems, transportation/scheduling glitches, communication/records failures and resource shortfalls — operational and capital/service delivery issues that are distinct from governance/favoritism, safety incidents, extracurricular achievements, or instructional quality.\"",\n    \""circle entries portray broader and higher-profile extracurricular, fine‑arts, and athletics programming (award-winning clubs, strong band/theatre/music conservatories, varsity sports) than square entries\"": \""This groups concrete positive programmatic evidence — championship teams, strong band/theatre/FFA/JROTC, internships and visible community/alumni support — a program‑breadth and achievement cluster separate from safety, administration, facilities, or everyday teacher competence.\"",\n    \""square entries report stronger teacher competence, availability, and parent communication than circle entries\"": \""This captures square reviewers’ repeated claims of reliably qualified, accessible, helpful teachers and counselors and responsive parent communication — an instructional/staff‑responsiveness cluster that is about classroom/counselor performance and family outreach, distinct from administration governance, physical operations, extracurricular strength, or acute safety incident reporting.\""\n}""]",,57.81163215637207,26538,3712,4175,,[],['resp_0f552e6e04d3fa9c006a7254879d0481a1a4d6f09f56854383'],True
vote|reduce1|2|2,"[""{\n    \""circle entries document broader, concrete programmatic offerings and hands‑on/career pathways (vocational & technical programs, culinary/recording studio, JROTC/IB, dual‑credit, STEM/CTE, extensive extracurriculars) and often cite measurable alumni/postsecondary outcomes more than square entries\"": \""Groups all raw terms that describe tangible program breadth (AP/IB/CTE/dual‑credit, JROTC, vocational shops, internships, alumni/college outcomes) into a single bucket focused on substantive academic/career pathways; this is distinct from governance/favoritism, safety, operations, and community/culture buckets because it addresses programmatic offerings and measurable post‑school outcomes rather than who runs or funds them or everyday facility/discipline issues.\"",\n    \""circle entries describe a stronger small‑community / personalized‑attention culture, broader extracurricular & arts participation, and deeper alumni/community continuity than square entries\"": \""Captures raw items about small‑school feel, multigenerational ties, faith/school identity, high parental/alumni engagement, and broad participation in arts/activities as a coherent cultural/personnel pattern; this bucket is mutually exclusive from programmatic, safety, governance, and facilities themes because it emphasizes social cohesion/identity and personalized relations rather than programs, discipline incidents, administrative corruption, or material breakdowns.\"",\n    \""circle entries report more frequent and severe student safety and behavior incidents, plus lax or unequal enforcement, than square entries\"": \""Groups all concrete claims about fights, weapons/drugs, pervasive bullying/discrimination, threats to wellbeing, and administration failing to intervene (or applying enforcement unevenly) into a single safety/behavior bucket; this is separate from the operational/facility bucket (which covers tech/food/transport) and from the favoritism/governance bucket (which covers nepotism and political misconduct) because it centers on student harm and enforcement outcomes.\"",\n    \""circle entries report more administrative favoritism, cronyism, resource misallocation, and unresponsiveness toward parents/staff than square entries\"": \""Aggregates reports of nepotism, legacy/donor privilege, coach/athlete protection, retaliatory or secretive leadership, and opaque governance/board politics into one governance/favoritism bucket; this is mutually exclusive from program‑breadth (what exists), safety (student incidents), operations (facilities/maintenance), and community culture (small‑school identity) because it focuses on who is advantaged/protected and how decisions are made.\"",\n    \""circle entries report more concrete operational, facility, and communication failures (technology rollouts, buses/transport, lunch/food services, overcrowding, scheduling/transcript errors, malfunctioning security hardware, and poor parent communication) than square entries\"": \""Collects the many raw terms about broken or inadequate material systems, logistics, tech rollouts, food/health/sanitation, scheduling/records errors, and poor responsiveness into one operational/facilities bucket; this is distinct from safety (incidents and enforcement), governance (favoritism/retaliation), programmatic offerings, and community culture because it targets tangible infrastructure and service delivery failures rather than people‑policy behavior or curricular breadth.\""\n}""]",,57.844282150268555,26551,3264,3969,,[],['resp_054d4762842d6ec9006a725488f5e081a0abf6119d2aa07184'],True
vote|reduce1|19|4,"[""{\n    \""circle entries describe more structured advanced academic pathways and measurable postsecondary outcomes (AP/honors, dual enrollment, college credit, and scholarship success) than square entries\"": \""Groups the many raw items about AP/IB/dual‑credit programs, measurable college acceptances, scholarship totals, honors curricula and explicit college‑prep pathways — a curriculum/outcomes axis that is distinct from safety, governance, facilities, or special‑education themes.\"",\n    \""circle entries report more pervasive student‑safety, bullying, substance‑use and ineffective disciplinary enforcement than square entries\"": \""Captures the cluster of concrete safety and student‑behavior problems (fights, gangs, drugs, sexual misconduct, bullying, theft) and reviewers’ claims that staff/administration fail to stop them — a behavioral/discipline cluster separate from academic offerings, facilities, governance, or special‑needs support.\"",\n    \""circle entries report more administrative and staffing governance problems (hiring, nepotism, turnover, secrecy, and favoritism) than square entries\"": \""Groups complaints about governance, favoritism/nepotism, opaque/ politicized board behavior, personnel misconduct and turnover — organizational and accountability failures that are about who runs the school rather than about student safety, academic programs, resources, or IEP/counseling operations.\"",\n    \""circle entries report more resource, funding, and facility problems (and explicit fundraising/tuition pressures) than square entries\"": \""Collects concrete items about facilities, maintenance/sanitation, capital upgrades, technology, budget choices, bond failures and fundraising pressures — operational resource issues distinct from governance culture, student safety, curricular rigor, or special‑education casework.\"",\n    \""circle entries include more specific accounts of special‑needs accommodations, counseling, and student mental‑health incidents (both effective supports and failures) than square entries\"": \""Groups the IEP/504, counseling responsiveness, individual accommodation examples, lost records, and mental‑health/support anecdotes into a single student‑support bucket that is conceptually separate from curriculum/outcomes, safety incidents, governance problems, and facility/resource complaints.\""\n}""]",,58.53308296203613,26920,2880,3333,,[],['resp_0302f69255465036006a72548826e4819e8ee303dfd8cd5c8f'],True
vote|reduce1|6|3,"[""{\n    \""circle entries report more frequent and more severe safety, drug, and assault incidents combined with staff inaction than square entries\"": \""This groups the many explicit reports of fights, gangs, weapons/drugs, sexual/violent incidents, and repeated claims that staff or SROs failed to intervene—covering onsite student‑safety crises and non‑response, and it is distinct from governance, facilities, academic program, or teacher‑support buckets which address different problem domains.\"",\n    \""circle entries describe stronger formal academic programs, specialized tracks, and measurable college‑preparatory outcomes than square entries\"": \""This captures the cluster of reviews that detail AP/IB/dual‑enrollment, measurable scholarship/college credit outcomes and specialized academies or STEM/CTE pathways in Circle schools, and it is mutually exclusive from safety, governance, operations, and day‑to‑day teacher support buckets because it focuses on programmatic academic pathways and outcomes rather than incidents, facilities, or personnel misconduct.\"",\n    \""circle entries report more administrative neglect, misconduct, and gatekeeping than square entries\"": \""This bucket collects allegations about nepotism, favoritism, politicized leadership, opaque complaint handling, retaliatory discipline and credential/record mismanagement—organizational governance failures distinct from frontline staff pedagogy, facilities/operational breakdowns, student safety events, or descriptions of academic-program strength.\"",\n    \""circle entries report more concrete operational and facility failures (technology rollouts, internet/Chromebook issues, buses, lunch delivery, pests, overcrowding, building maintenance) than square entries\"": \""This groups the concrete, logistical and resource complaints—outdated textbooks, Chromebook/internet rollout problems, overcrowding/trailers, food/cleanliness and renovation notes—separate from safety incidents, governance/ favoritism, teacher availability, or the presence of advanced academic tracks.\"",\n    \""circle entries report more proactive teacher availability, individualized academic support, and successful remediation than square entries\"": \""This bundles consistent reviewer claims that Circle schools provide mandatory tutoring windows, accessible teachers, one‑on‑one counseling/special‑education supports, credit‑recovery and remediation that rescue struggling students—a frontline instructional/support phenomenon that is different from formal program offerings, facility conditions, governance failures, or campus safety problems.\""\n}""]",,59.6008141040802,26680,1792,2264,,[],['resp_03a3edfb21782bc4006a7254879d0c81a3a5e48ef16507d872'],True
vote|reduce1|18|2,"[""{\n    \""square entries describe weaker classroom instruction, higher teacher instability/turnover, and less reliable individualized academic support than circle entries\"": \""Many raw items attribute instructional neglect, uncertified or quitting teachers, poor classroom management, and limited tutoring/individual help specifically to the schools in the 'square' group — this bucket isolates instructional/staffing quality and individualized academic support (distinct from facilities, discipline, advanced-programming, or governance issues).\"",\n    \""Circle entries report stronger specialized academic programming, AP/IB/dual‑credit pathways, and measurable college‑prep outcomes than square entries\"": \""Numerous circle reviews cite formal advanced pathways (AP, IB, dual‑enrollment, early college, vocational certificates) and concrete college admissions/scholarship outcomes; this bucket captures programmatic academic strength and outcomes and is kept separate from teacher conduct, safety, facilities, or governance concerns.\"",\n    \""circle entries document more operational, facility, and logistical failures (transportation, cafeteria, plumbing, scheduling, recordkeeping) than square entries\"": \""Many circle reviews provide concrete operational complaints (food quality, overcrowded lunchrooms, locked bathrooms, buses, record/registration errors), so this bucket groups physical/facility/logistics failures distinct from pedagogical quality, safety incidents, governance/favoritism, or advanced-programming.\"",\n    \""circle entries report more pervasive student‑safety and disciplinary crises (bullying, fights, theft, substance incidents) and attendant adult inaction than square entries\"": \""A large cluster of circle items describes repeated fights, bullying, hate incidents, threats, and accusations that staff/administration failed to intervene; this safety/discipline cluster is conceptually separate from (a) institutional governance/favoritism, (b) facility/operational problems, and (c) academic program strength.\"",\n    \""Circle entries allege greater administrative corruption, favoritism, secrecy, arbitrary personnel/financial decisions, and governance instability than square entries\"": \""Many circle reviews accuse leadership of nepotism, punitive/fee‑linked policies, withholding records, fiscal mismanagement and politicized decisions; this governance/favoritism bucket isolates institutional decision‑making and accountability issues distinct from safety incidents, instructional quality, facilities, or program offerings.\""\n}""]",,59.75726890563965,26504,3264,3771,,[],['resp_04cc40439dfab55c006a72548829d8819e83d78287eaa0b371'],True
vote|reduce1|1|2,"[""{\n    \""circle entries report more administrative and staff dysfunctional practices (unresponsiveness, nepotism/favoritism, hiring problems, inconsistent teacher quality, counseling/special‑education failures, allegations of misconduct and discriminatory discipline) than square entries\"": \""This bucket groups governance and personnel‑misconduct claims (retaliation, favoritism, opaque hiring/discipline, staff misconduct) which are about who runs and controls the school — distinct from (a) student safety incidents, (b) operational/facility logistics, (c) extracurricular/program breadth, and (d) measurable academic/program outcomes.\"",\n    \""circle entries report more pervasive student-safety, bullying, and culture-of-abuse problems (including unchecked physical violence, hate-based harassment, and inconsistent/punitive discipline) than square entries\"": \""This bucket collects reports of peer harm, fights, drug/gang activity, harassment and failures to protect students — concrete safety/behavioral crises that are substantively different from administrative favoritism, resource/facility breakdowns, program offerings, or claims about academic metrics.\"",\n    \""circle entries describe richer, more active community & extracurricular ecosystems (parent/PTA/booster involvement, alumni networks, business/nonprofit mentoring, robust arts/athletics) than square entries\"": \""This bucket groups claims about breadth and visibility of extracurricular life, athletics/band prominence, boosters/alumni engagement and community partnerships — programmatic and social resources that are not the same as safety failures, governance misconduct, logistical/facility problems, or academic‑outcome evidence.\"",\n    \""circle entries present more concrete academic metrics and formal advanced-program evidence (SAT/ACT stats, AP/IB, college matriculation) than square entries\"": \""This bucket captures explicit, measurable academic signals (test scores, AP/IB/dual‑enrollment, scholarship/college placement) and formal advanced‑program claims — a distinct axis focused on documented academic outcomes rather than extracurricular richness, safety incidents, governance behavior, or operational logistics.\"",\n    \""circle entries report more operational/resource and logistical dysfunctions (overcrowding, underfunding, pests, busing/meals, lack of materials, poor communication) than square entries\"": \""This bucket groups facility, funding, scheduling, materials, and front‑office/communication breakdowns (e.g., missing textbooks, broken cafeterias, scheduling errors) — concrete day‑to‑day operational failures that are separable from governance/favoritism, student‑safety crises, program breadth, or measurable academic claims.\""\n}""]",,60.88148307800293,26322,3584,4116,,[],['resp_03167d57e2af3cde006a7254874ebc819ca482f4c137ceec25'],True
vote|reduce1|9|2,"[""{\n    \""circle entries describe stronger, broader, and more measurable advanced academic, vocational, and college‑placement programs than square entries\"": \""This cluster groups entries that detail concrete curricula and outcomes (AP/IB/dual‑enrollment/CTE, running‑start, measurable college/admit/test outcomes and alumni placement) and is distinct from other buckets because it focuses on program content and measurable post‑secondary results rather than on facilities, behavior, or governance.\"",\n    \""circle entries describe stronger parental/community engagement, small‑school personalization, and proactive staff/administrative outreach than square entries\"": \""This bucket captures reports of tight community ties, multigenerational/alumni involvement, active PTO/boosters, small‑school teacher familiarity, mentoring/LINK programs and staff outreach to families — a social/community/relationship dimension separate from academic program quality, operational failures, safety incidents, or governance problems.\"",\n    \""circle entries report more pervasive student‑safety and behavior problems (bullying, fights, harassment, substance use, sexual/identity‑based abuse) than square entries\"": \""This groups all raw items documenting peer violence, bullying, drug use, sexual/identity‑based harassment, lockdowns and adult non‑intervention — a student‑safety/behavior domain that is conceptually distinct from administrative dysfunction, resource/facility problems, or academic-program descriptions.\"",\n    \""circle entries document systemic administrative dysfunction, nepotism, favoritism, governance failures and operational breakdowns more than square entries\"": \""This bucket isolates allegations about leadership/board dysfunction (nepotism, favoritism, cover‑ups, punitive/unaccountable discipline, litigation), clearly separable from frontline operational complaints (e.g., broken cafeterias), safety incidents, community engagement, or academic-program strength.\"",\n    \""circle entries provide more concrete facility, operational, and program‑structure detail (technology, renovations, schedules, sanitation, transportation, cafeterias, portable classrooms, and credit/dual‑enrollment systems) than square entries\"": \""This captures detailed, tangible operational and infrastructure reports — Wi‑Fi, buses, lunches, overcrowding, sanitation, scheduling, recordkeeping and credit issues — which are distinct from the social/community, governance, safety, or curricular/academic outcome buckets above.\""\n}""]",,60.9633150100708,26553,4352,4836,,[],['resp_0a3220fcdc58988d006a725487ad4481a1979a1354a2579824'],True
vote|reduce1|16|5,"[""{\n    \""circle entries report more frequent and severe student safety, bullying, harassment, and discrimination incidents than square entries\"": \""Many raw items cluster around violence, frequent fights, gangs, drug use, weapons, pervasive bullying, racial/sexual harassment and adult non‑intervention — this bucket isolates on‑campus safety/peer‑harm problems and is distinct from administrative, programmatic, or instructional themes in the other buckets.\"",\n    \""circle entries report broader formal advanced academic and career pathways (AP/IB/honors, dual‑enrollment, certifications, work‑study) and measurable college/career outcomes more than square entries\"": \""A large set of entries document named advanced‑academic tracks, AP/Cambridge/AICE, dual‑enrollment and concrete college‑credit outcomes—this bucket focuses on formal academic/career pathway offerings and outcomes, which is separate from extracurricular breadth, student safety, governance, or special‑education supports.\"",\n    \""Circle entries report more administrative and governance dysfunction (unresponsiveness, recordkeeping failures, favoritism, leadership turnover and opaque policies) than square entries\"": \""Numerous items allege favoritism/nepotism, opaque discipline, withheld records/grades, high leadership churn and poor district responsiveness — this bucket captures governance/discipline/policy failures and is kept distinct from operational logistics, instructional quality, student supports, or extracurricular resources.\"",\n    \""circle entries report broader extracurricular offerings, facility/technology investments, and visible program resources than square entries\"": \""Many reviews enumerate strong, award‑winning arts, athletics, vocational shops, career centers and visible facility/technology investments or booster support — this bucket groups programmatic breadth and resource presence (or booster‑funded richness), distinct from formal academic pathways, safety incidents, governance problems, or special‑needs services.\"",\n    \""circle entries report more organized special‑education, counseling, and individualized student supports (and related legal/administrative disputes) than square entries\"": \""A recurring cluster documents SSD/IEP/504 mentions, counseling follow‑up, 1:1 remediation, after‑school tutoring and also disputes over accommodations — this bucket isolates individualized/IEP/school‑support practices (and related compliance conflicts), separate from overall governance, academics, extracurriculars, or campus safety.\""\n}""]",,61.27867913246155,22481,3520,4032,,[],['resp_0940f53f413de239006a7254881904819f8171668d818c2329'],True
vote|reduce1|16|2,"[""{\n    \""circle entries report more frequent and severe student safety, bullying, gang, drug, and physical‑fight incidents than square entries\"": \""Many circle reviews record concrete safety crises (on‑campus overdoses, police reports, gang/drug activity, chronic bullying, fights and teacher/non‑intervention) — a discrete theme about student safety and violent/misconduct incidents that is distinct from facility/academic/favoritism complaints.\"",\n    \""circle entries report more nepotism, favoritism, discriminatory or uneven discipline, and insider influence than square entries\"": \""Circle reviewers repeatedly describe insider advantage and unequal enforcement (teachers' children/athlete favoritism, donor‑alumni influence, socioeconomic gatekeeping, and punitive treatment of outsiders), a personnel/discipline‑bias cluster that is conceptually different from safety incidents, program breadth, community pride, or logistical problems.\"",\n    \""Circle entries describe stronger advanced academic programs and measurable postsecondary outcomes than square entries\"": \""Circle entries contain numerous concrete claims of high‑rigor offerings and outcomes (AP success, dual‑enrollment, early college credits, scholarship/college matriculation and high ACT/SAT claims), a program/outcome‑level pattern that is separable from safety, governance, community identity, or facilities detail.\"",\n    \""circle entries report stronger community/parent engagement, small‑school intimacy, and personalized teacher–student relationships than square entries\"": \""A separate cluster of circle content emphasizes tight community/alumni networks, faith or mission identity, small‑school ‘family’ vibes, booster/parent involvement and long‑term loyalty that describe social/cohesion dynamics distinct from favoritism, safety, logistics, or academic program lists.\"",\n    \""circle entries provide more concrete facility, operational, and program-structure detail (technology, renovations, schedules, sanitation, transportation, cafeterias, portable classrooms, and credit/dual‑enrollment systems) than square entries\"": \""Many circle reviews enumerate tangible operational facts and failures — HVAC, lockers, passing times, lunch assignment, fees, 1:1 laptops, scheduling/transcript errors and funding allocation — a logistical/facilities cluster that does not collapse into safety, personnel favoritism, community identity, or academic-program strength.\""\n}""]",,61.28765606880188,26661,3456,3974,,[],['resp_04e6337032b74a22006a725488372481a292a759946ea43608'],True
vote|reduce1|1|3,"[""{\n    \""circle entries report more frequent and more severe student safety, harassment, and mental‑health crises than square entries\"": \""This bucket groups raw terms about violence, bullying, harassment, substance incidents, suicide/self‑harm and mental‑health harms (and administrators minimizing/responding poorly) — distinct from administrative governance, program strength, teacher-level tutoring, or facility logistics because it focuses specifically on student safety and wellbeing incidents and outcomes rather than who runs or funds the school or what programs exist.\"",\n    \""circle entries report more administrative dysfunction, inconsistent or punitive discipline, favoritism/nepotism, and poor communication than square entries\"": \""This bucket collects items about governance, opaque decision‑making, favoritism/nepotism, discipline inconsistency, billing/records/IEP mishandling and parent‑board conflicts — separated from safety incidents (which are the students' harms), from program breadth (which describes curricular/extracurricular offerings), from teacher one‑on‑one supports, and from physical/operational facility failures because it centers on leadership, policy and complaint‑handling processes.\"",\n    \""circle entries describe broader, better‑resourced extracurricular, vocational, arts, athletics and technology facilities than square entries\"": \""This bucket captures raw terms describing abundant or high‑profile programs and capital investments (award‑winning band, ROTC/JROTC, AP/dual‑enrollment, vocational shops, specialized arts/theaters, campus tech) and measurable college‑prep outcomes — and is kept distinct from teacher‑level individualized supports, facility failures, or governance complaints because it describes programmatic breadth and demonstrable student‑opportunity assets rather than operational problems or personnel behavior.\"",\n    \""circle entries report more individualized, small-class, family-like teacher attention and active parent–school collaboration/community pride than square entries\"": \""This bucket groups concrete, person‑level supports (one‑on‑one tutoring, small classes, accessible principals/teachers, counselor outreach, parent inclusion, alumni/multigenerational pride) and is explicitly different from governance/favoritism issues, safety crises, program breadth, or physical resource failures because it concerns direct instructional/caring relationships and structured student supports.\"",\n    \""circle entries report more acute facility, operational, and resource failures (overcrowding, broken/absent equipment, sanitation/food-safety issues, transportation gaps) than square entries\"": \""This bucket groups items about building maintenance, sanitation, food quality, supply shortages, scheduling/gradebook/records errors and transportation cuts — distinct from programmatic richness (which is about offerings), from teacher mentorship (which is interpersonal), and from governance/favoritism (which is about policy and leadership).\""\n}""]",,61.33669400215149,26143,3456,4051,,[],['resp_00a3b95b2b03d499006a7254875ad08191a537776f57d28c0b'],True
vote|reduce1|14|4,"[""{\n    \""circle entries report more frequent and severe student‑safety and behavior incidents (bullying, fights, drugs, hazing) than square entries\"": \""Many raw items cluster around concrete threats to student safety (fights, gangs, drug use, pervasive bullying, lockdowns and unaddressed harassment), so this bucket isolates on‑campus student‑safety and peer‑misconduct problems and is distinct from administration, program, community, or facility themes.\"",\n    \""circle entries report more administrative and governance dysfunction (turnover, favoritism, cover‑ups, coercion, hiring based on connections) than square entries\"": \""A large subset of items describe nepotism, retaliation, opaque discipline, politicized boards and leadership instability, so this bucket captures governance/administrative wrongdoing and is conceptually separate from student safety, resource/facility failures, community cohesion, or curricular offerings.\"",\n    \""circle entries report more concrete advanced, vocational, and postsecondary pathway offerings and measurable outcomes than square entries\"": \""Many raw terms document formal academic pathways (AP/IB/dual‑credit/CTE/STEM/vocational tracks and scholarship/college placement metrics), so this bucket groups substantive programmatic and measurable outcome differences and is distinct from safety, administration, facilities, or small‑community descriptions.\"",\n    \""circle entries emphasize close-knit community identity, faith/alumni continuity, small-school scale, or boarding culture more than square entries\"": \""Numerous entries describe multi‑generational alumni ties, active parent/booster involvement, faith identity, small‑school personalization and visible local partnerships, making this a social/community culture bucket separate from operational, safety, governance, or programmatic buckets.\"",\n    \""circle entries report more acute facility, instructional‑material, sanitation, and operational resource failures than square entries\"": \""Several items focus on concrete infrastructure and operational shortfalls (AC, cleanliness, overcrowding, broken tech, schedule/transportation and material shortages), so this bucket captures resourcing and facilities failures and stays mutually exclusive from safety, governance, programming, and community themes.\""\n}""]",,61.962141036987305,26523,3264,3696,,[],['resp_097fcad67ad5daff006a72548828dc819e890934821cb7e6dd'],True
vote|reduce1|8|3,"[""{\n    \""circle entries report more student-safety incidents, violence, bullying, and substance-use problems than square entries\"": \""Many raw items document concrete safety crises in circle schools (weekly lockdowns/bomb threats, drug selling/use, frequent fights, hate‑speech/theft and gang mentions) that cluster together as operational safety and behavior failures distinct from administrative favoritism, curricular quality, staff support, or facility-resourcing issues covered by other buckets.\"",\n    \""circle entries report more administrative and governance misconduct, favoritism and metric manipulation than square entries\"": \""Numerous circle reviewers allege nepotism, retaliatory discipline, unequal enforcement for athletes/wealthy families, grade‑inflation/metric gaming, withheld IEP information and coverups — a governance/fairness cluster that is about leadership behavior and policy abuse and is conceptually separate from safety incidents, curricular offerings, teacher-level support, or facility deficits.\"",\n    \""circle entries describe stronger, more structured college‑preparatory and measurable postsecondary outcomes than square entries\"": \""Circle reviews repeatedly list named advanced pathways (AP/IB/dual‑enrollment/magnet/early‑college, high college acceptances, scholarships and measurable test/performance claims), pointing to programmatic academic structures and outcomes that are different from claims about day‑to‑day teacher access, safety, administration, or physical resources.\"",\n    \""circle entries report greater teacher accessibility, small‑class personalized instruction, and individualized mentorship than square entries\"": \""Many circle entries describe concrete one‑on‑one supports (teachers calling at night, tutoring, looping, small classes, principal knowing students personally, mentoring programs) — a classroom‑level, personnel‑driven personalization pattern distinct from institutional governance, broad advanced-program availability, safety crises, or facility/resource problems.\"",\n    \""circle entries report more facility, staffing, and operational resource deficits and failures than square entries\"": \""A cluster of circle items detail tangible operational shortfalls (overcrowding, broken bathrooms, cafeteria/food complaints, busing failures, lost transcripts, staffing shortages and budget cuts) — material and logistical problems that are separate from leadership favoritism, safety incidents, teacher mentoring, or advanced‑program strength.\""\n}""]",,62.722989082336426,26892,1984,2439,,[],['resp_0708f5fd4835ac4c006a7254882994819f896d1b5b8711d3e4'],True
vote|reduce1|2|3,"[""{\n    \""circle entries report more advanced academic programs, college‑credit pathways, and measurable postsecondary outcomes than square entries\"": \""Groups many raw terms about AP/IB/dual‑credit, vocational/CTE tracks, documented college admissions/retention metrics and early‑college outcomes into a single academic‑pathways bucket; this is distinct from teacher/parent supports, safety issues, governance/favoritism, and operational/facility problems because it concerns formal program offerings and measurable postsecondary results rather than staff behavior, discipline, or logistics.\"",\n    \""circle entries report stronger, more individualized teacher engagement and parent–teacher communication than square entries\"": \""Captures the multiple reports of caring teachers, routine one‑on‑one tutoring, mentoring programs, visible principal outreach, and active parental involvement—a people‑level, relational support cluster that is substantively different from program‑level academics, safety/crisis reports, governance corruption, or infrastructural/logistical failures.\"",\n    \""circle entries report more pervasive student‑safety, bullying, substance‑use and ineffective disciplinary enforcement than square entries\"": \""Groups the extensive accounts of bullying, fights, drugs, sexual/physical assaults, mental‑health harms and administrators tolerating or mishandling incidents into a single safety/discipline bucket; this is separate from administrative favoritism (which concerns governance and misconduct), program offerings, teacher caring, and operational infrastructure.\"",\n    \""circle entries allege more nepotism, favoritism, personal administrative misconduct, retaliation, and leadership instability than square entries\"": \""Collects reports of opaque governance, corruption, protected staff, targeted suspensions, politicized hiring/layoffs and chronic leadership turnover into a governance/favoritism bucket that is conceptually distinct from safety incidents, instructional/program quality, frontline teacher caring, or logistical/facilities breakdowns.\"",\n    \""circle entries document more operational, facilities and student‑support resource problems (overcrowding, outdated instructional tech, late buses, poor food service, and weak or improperly implemented special‑education/counseling) than square entries\"": \""Groups transportation, overcrowding, cafeteria/cleanliness, scheduling, maintenance, obsolete materials and concrete special‑education implementation failures into an operational/infrastructure bucket that is materially different from programmatic strength, staff relationships, safety crises, or governance/favoritism issues.\""\n}""]",,68.06120896339417,26547,3712,4230,,[],['resp_0d7e397448c92f61006a72548812a081a1b6f687dfedaea5a9'],True
vote|reduce1|18|0,"[""{\n    \""circle entries describe more concrete and diverse advanced academic, CTE, arts, and college‑credit programs and measurable postsecondary outcomes than square entries\"": \""This bucket groups the many circle reports that enumerate named AP/IB/CTE/dual‑credit/arts/academy offerings and concrete college placements or test metrics — it is focused on program breadth and documented outcomes rather than on staffing, safety, facilities, or governance issues covered by other buckets.\"",\n    \""circle entries report more severe student safety/behavior incidents and alleged administrative neglect or protective favoritism (drugs, gangs, stabbings, sexual/racial/LGBTQ harassment, victims punished) than square entries\"": \""This bucket captures descriptions of fights, sustained bullying, substance use, sexual misconduct, identity‑based harassment and staff/security non‑response or protection of offenders — a distinct cluster about on‑campus safety and adult failure to protect that is separate from program offerings, facilities logistics, staffing variability, or governance malpractice.\"",\n    \""circle entries report more administrative mismanagement, favoritism, policy interference, and finance/enrollment‑driven decisions that harm students than square entries\"": \""This bucket collects allegations about board/district/administrative corruption, nepotism, cover‑ups, punitive/retaliatory policies, manipulated enrollment/counting or finance‑driven choices — organizational governance failures that are conceptually different from day‑to‑day facilities problems, classroom staffing variability, student safety incidents, or curricular breadth.\"",\n    \""circle entries report more concrete operational and facility failures (technology rollouts, internet/Chromebook issues, buses, lunch delivery, pests, overcrowding, building maintenance) than square entries\"": \""This bucket groups the tangible, service‑and‑plant operational complaints—cleanliness/pests, cafeteria/food, HVAC/overcrowding, scheduling/communication, bus issues and tech rollouts—distinct from higher‑level governance, staffing quality, safety incidents, or programmatic offerings.\"",\n    \""circle entries report greater variability and instability in instructional and support staffing (teachers, counselors) — including both strong, caring mentors and many underqualified/burnt‑out staff and turnover — than square entries\"": \""This bucket covers recurring raw terms about frequent teacher/sub turnover, widely mixed teacher competence, overloaded substitutes, uneven counseling/guidance support and simultaneous reports of standout mentors, which is about human capital variability and not the same phenomenon as governance corruption, facilities failures, safety crises, or program availability.\""\n}""]",,69.38566303253174,26613,2368,2915,,[],['resp_046924991acb7a41006a72548827c88192b5d9acbce7d2b7d6'],True
vote|reduce1|5|0,"[""{\n    \""circle entries report more frequent and severe student safety, bullying, substance‑use, and mental‑health crises than square entries\"": \""Many raw items document concrete safety incidents (fights, gang/drug activity, sexual harassment, death threats, lockdowns) and failures to remediate — this cluster is distinct from programmatic, governance, facility, or community‑support themes because it focuses squarely on pupil safety, peer harm, and clinical/disciplinary crises rather than on academics, facilities, or governance.\"",\n    \""circle entries report stronger advanced-academic programs, AP/IB/dual‑credit availability and clearer measurable college‑prep outcomes than square entries\"": \""A large subset of excerpts name AP/IB/dual‑enrollment, measurable test/ranking claims, scholarships and alumni college success — this bucket is limited to formal academic pathways and documented postsecondary outcomes and does not overlap with extracurricular/facility praise, safety incidents, or governance/favoritism complaints.\"",\n    \""circle entries report more systemic administrative dysfunction, governance problems, and poor parent communication (misdirected messages, enrollment/transportation errors, corruption, swept‑under‑the‑rug issues) than square entries\"": \""Multiple items describe mismanagement, opaque discipline decisions, tenure/board problems, lost records, bungled scheduling/busing and hush‑ups — this governance/operational‑dysfunction cluster is separate from safety incidents (which are behavioral), program richness (which is curricular/extracurricular), and the small‑school/teacher‑support theme (which is relational).\"",\n    \""circle entries emphasize broader extracurricular depth, visible arts/athletics investment, and active community/alumni support more than square entries\"": \""Many reviews catalogue robust arts, athletics, robotics, facility upgrades, booster/alumni engagement, and competitive awards — this bucket captures program/facility/community resourcing and public extracurricular footprint, distinct from academic-program rigor, safety problems, or administrative malpractice.\"",\n    \""circle entries portray a small, tight-knit, multigenerational community with strong parental/alumni loyalty and personalized teacher mentorship more than square entries\"": \""Numerous excerpts highlight small classes, familylike culture, enduring teacher–student mentorship, and localized parental ties — this people‑and‑relationship oriented pattern is different from (a) formal advanced coursework, (b) extracurricular/facility scale, (c) governance/operational failures, and (d) acute safety/discipline crises.\""\n}""]",,70.27289819717407,26442,2240,2759,,[],['resp_0cbe3017ba34042a006a725490588481a3b040a05218153849'],True
vote|reduce1|23|2,"[""{\n    \""circle entries report more frequent and severe student safety, bullying, violent incidents, and day‑to‑day disciplinary failures than square entries\"": \""This groups the many reports of fights, gang/drug activity, racial harassment, pepper‑spray/police responses, death threats, and routine non‑intervention into one safety/discipline bucket distinct from governance, facilities, academics or community culture.\"",\n    \""circle entries report administrative malpractice, favoritism, and record/grade manipulation more than square entries\"": \""This captures the recurring themes of nepotism, protectionism, biased discipline, lost credits/record errors, punitive demerits and cover‑ups, and is conceptually separate from physical safety, instructional quality, resource deficits, or community identity.\"",\n    \""circle entries report stronger formal college‑preparatory programs, measurable academic outcomes, and higher academic rigor than square entries\"": \""This groups the IB/AP/dual‑enrollment/early‑college, scholarship/college matriculation and measurable‑outcome claims into an academics/college‑prep bucket that is separate from operational problems, safety incidents, governance failures, or local community culture.\"",\n    \""circle entries document more operational, facilities and student‑support resource problems (overcrowding, outdated instructional tech, late buses, poor food service, and weak or improperly implemented special‑education/counseling) than square entries\"": \""This collects transportation, cafeteria/meal time, HVAC/cleanliness, textbook/technology shortages, scheduling/records failures, counseling/IEP breakdowns and similar service‑delivery issues, keeping logistics and material resourcing distinct from safety, governance, academics, and culture.\"",\n    \""circle entries emphasize local community context, cohesion, faith/identity, and parent/alumni engagement more than square entries\"": \""This captures small‑town/faith traditions, alumni pride, booster/tuition dynamics, parental involvement and localism/favoritism as a community‑culture bucket that is meaningfully different from safety, governance, resourcing, or academic‑program distinctions.\""\n}""]",,69.87760376930237,26542,2560,3001,,[],['resp_03220e738a0d4487006a725488295c819189527d2e762d4348'],True
vote|reduce1|8|5,"[""{\n    \""circle entries report more individualized, student‑centered instructional and counseling support (small classes, teacher one‑to‑one help, proactive counselors, remediation focus) than square entries\"": \""Covers all concrete mentions of small class sizes, tutoring, teacher availability, AVID/parent conferences and proactive counselor work—distinct from formal program/credential claims, governance/favoritism allegations, safety incidents, or extracurricular breadth which are captured by other buckets.\"",\n    \""Circle entries report more administrative favoritism, corruption, nepotism, arbitrary discipline, and active harassment of parents/students than square entries\"": \""Groups the governance‑level complaints (nepotistic hiring, donor/athlete favoritism, coverups, punitive admin behavior, record‑tampering) together and is mutually exclusive because it addresses institutional decision‑making and bias rather than student safety incidents, instructional supports, formal academic pathways, or program breadth.\"",\n    \""circle entries report more frequent and severe safety, bullying, discrimination, and staff‑misconduct incidents than square entries\"": \""Captures concrete safety/discipline failures (physical fights, sexual assault allegations, pervasive bullying, vaping/drugs, racial slurs, and staff non‑intervention) and is separate from buckets about academic programming, individualized supports, governance/favoritism, or extracurricular offerings.\"",\n    \""Circle entries report stronger specialized academic programming, AP/IB/dual‑credit pathways, and measurable college‑prep outcomes than square entries\"": \""Groups explicit, formalized academic pathways and measurable post‑secondary signals (AP/AICE, dual enrollment, scholarships, SAT/NAEP metrics, named awards) and is distinct from one‑on‑one supports, governance complaints, safety issues, or extracurricular/arts/athletics breadth.\"",\n    \""circle entries describe broader and more numerous extracurricular, athletics, alumni and community resource offerings than square entries\"": \""Aggregates the concrete programmatic breadth and investment claims (bands, marching arts, stadiums, career academies, volunteer/alumni networks) and is exclusive because it addresses non‑academic program scale and resources rather than governance misconduct, student safety, individualized instruction, or formal advanced‑academics.\""\n}""]",,70.92658495903015,22913,2496,2974,,[],['resp_0d08a04d148bddde006a72548794ac81a0b62909fc896aef04'],True
vote|reduce1|23|0,"[""{\n    \""circle entries report more student safety incidents, pervasive bullying, substance use, fights, and discipline failures than square entries\"": \""This bucket groups all concrete, incident‑level harms and breakdowns of student safety (fights, stabbings, drug use, pervasive bullying, gang activity and staff failure to protect); it is distinct from governance/favoritism, facilities/resource problems, remedial supports, or academic-program strength because it labels frontline safety events and disciplinary breakdowns rather than causes, administrative motives, or curricular offerings.\"",\n    \""Circle entries allege greater administrative corruption, favoritism, secrecy, arbitrary personnel/financial decisions, and governance instability than square entries\"": \""This bucket captures allegations about leadership behavior and district/board politics (nepotism, insider protection for athletes, secretive or punitive governance, lawsuits/retaliation, and turnover), which is conceptually separate from physical safety incidents, everyday operational failures, direct student supports, or descriptions of academic programming.\"",\n    \""circle entries report more operational, facility, and service-level shortcomings (maintenance, sanitation, communication, counseling, special-education support, attendance/records, and resource shortfalls) than square entries\"": \""This bucket aggregates concrete logistical and infrastructure failures (mold, HVAC, lost records, billing/records withholding, bus allocation, meal shortages, tech rollouts, counseling/guidance breakdowns) that affect day‑to‑day service delivery and are distinct from claims about violence, governance/favoritism, individualized supports, or the presence/quality of advanced academic programs.\"",\n    \""circle entries report stronger remedial and individualized student supports and measurable positive outcomes (tutoring, special‑education services, counseling responsiveness, small classes, college admissions) than square entries\"": \""This bucket groups accounts of hands‑on, student‑level supports and documented positive remediation/placements (IEPs, small classes, tutoring, successful college acceptances, counselor responsiveness) and is mutually exclusive from safety incidents, administrative corruption, facility/resource failures, and descriptions of formal advanced academic pathways because it focuses on personalized student interventions and outcomes.\"",\n    \""circle entries describe more structured advanced academic & extracurricular pathways and measurable college‑prep/achievement than square entries\"": \""This bucket covers institutional offerings and measurable academic attainments (IB/AP/dual‑credit/CTE/magnet programs, national competition teams, scholarship/elite admissions outcomes, high‑rigor curricula and organized extracurricular achievement) and is distinct from remediation/personalized supports (which are case‑level), safety incidents, governance issues, or operational/facility shortcomings.\""\n}""]",,72.48372006416321,26455,2624,3175,,[],['resp_097c0d482bda8302006a7254882674819fa711c8f9f0e02621'],True
vote|reduce1|19|1,"[""{\n    \""Circle entries report more frequent and severe student‑safety incidents, bullying, drug and violent‑incident problems that staff or administrators fail to remediate than square entries\"": \""Groups together the many raw items describing bullying, fights, drugs, sexual harassment, medical emergencies and explicit staff/non‑response (lockdowns, SROs, ICU incidents), and is distinct from governance or teacher‑support issues because it focuses on on‑campus safety events and their remediation rather than leadership style, programming, or instructional supports.\"",\n    \""circle entries report more administrative dysfunction, opaque/punitive policies, fiscal mismanagement, and inconsistent accountability than square entries\"": \""Captures the cluster of complaints about unresponsive or hostile administrators, opaque board/finance decisions, recordkeeping/communication failures, harsh or inconsistent discipline and cover‑ups (nepotism/favoritism overlaps in governance), and is mutually exclusive from the safety bucket (which centers on incidents) and from program/resource or classroom support buckets (which center on services and offerings rather than governance behavior).\"",\n    \""circle entries report stronger advanced academic programs and measurable college‑preparation outcomes than square entries\"": \""Groups the many raw statements documenting AP/IB/dual‑credit/AVID/college matriculation, test score and scholarship evidence and formal pathways that portray higher measurable college‑prep strength, and is distinct from teacher availability (which is about day‑to‑day support) and from facilities/extracurricular breadth (which is about non‑academic resources and activities).\"",\n    \""circle entries report more consistent teacher availability, individualized instruction, and mentoring than square entries\"": \""Collects the recurring reports of small classes, tutoring/after‑school help, one‑on‑one teacher availability, proactive counselor outreach and personalized remediation, and it is separate from advanced‑program claims (program existence/outcomes) and from governance or safety complaints (which concern leadership or incidents, not classroom‑level supports).\"",\n    \""circle entries report greater facilities/resources and extracurricular breadth often enabled by fee/fundraising or tuition models (arts, labs, new buildings, 1:1 laptops) than square entries\"": \""Groups raw items about visible capital projects, 1:1 tech, band/arts/CTE/athletic program scale, vocational offerings and funding/tuition/fee dynamics, and remains distinct from academic‑rigor or teacher‑support buckets because it focuses on material capacity, program breadth and resourcing rather than pedagogy, safety, or governance.\"" \n}""]",,73.47554993629456,26717,2688,3239,,[],['resp_0284b643a233e1d0006a725488955c81a0b98653ef917f4430'],True
vote|reduce1|23|5,"[""{\n    \""circle entries report more severe on-campus violence, gang activity, drug use, bullying and related student safety crises (including lockdowns and suicidal outcomes) with insufficient protective response than square entries\"": \""This bucket groups the many raw items describing acute safety, substance, gang and pervasive bullying incidents and administrators failing to intervene — a discrete operational/child‑safety domain distinct from (a) governance/funding problems, (b) academic program richness, (c) teacher‑level instructional support, and (d) extracurricular/facility strength.\"",\n    \""circle entries report more administrative and staff governance problems — poor communication, favoritism/nepotism, fee mismanagement, high turnover, punitive/arbitrary actions, and local financial irregularities — than square entries\"": \""This bucket captures the recurring allegations about governance, opaque finance/fee handling, nepotism, intimidation of parents, and punitive admin behavior that are about leadership and policy failures rather than student safety incidents, classroom instruction quality, formal academic program offerings, or extracurricular/facility activity.\"",\n    \""circle entries describe a broader, more concrete set of specialized academic and career programs and extracurricular breadth (AP/IB, internships/fellowships, CTE/vocational tracks, JROTC/ROTC, film/media, robotics, award-winning arts, athletics) than square entries\"": \""This bucket groups comments documenting explicit, organized advanced-academic and career pathways and measurable postsecondary outcomes (dual enrollment, scholarships, AP/IB, vocational academies) that are program‑design and outcome signals separate from governance complaints, day‑to‑day safety crises, teacher one‑on‑one support, or local booster/facility narratives.\"",\n    \""circle entries describe stronger teacher/staff instructional quality, responsiveness, and individualized support than square entries\"": \""This bucket collects descriptions of consistent, personal teacher engagement — small classes, one‑on‑one help, mentors and accessible teachers — a staff–student relational pattern that is conceptually distinct from systemic leadership/governance, large‑scale academic program architecture, campus safety incidents, or extracurricular/facility prominence.\"",\n    \""circle entries report more visible extracurricular breadth, active parent/booster involvement, athletics prominence, facility projects, and family financial/fundraising burdens than square entries\"": \""This bucket groups the concrete reports about thriving (or costly) extracurriculars, band/athletics traditions, recent capital projects and booster/parent activism and costs — community/facility/participation phenomena that are separate from in‑class instructional quality, formal academic pathways, governance malpractice, or student safety/crisis reports.\""\n}""]",,74.1423921585083,22798,2496,3084,,[],['resp_0e879b996f8ab824006a7254884e44819e84364795f4153e19'],True
vote|reduce1|4|1,"[""{\n    \""circle entries report more student safety incidents, bullying, violent fights, gang activity and administrative non‑response than square entries\"": \""Captures the many raw items documenting on‑campus violence, pervasive bullying, drug/sexual‑misconduct reports and reviewer claims of leadership failing to protect students; this is distinct from administrative/governance (process failures) because it focuses on the occurrence and severity of safety incidents themselves rather than policy or governance mechanics.\"",\n    \""circle entries document stronger advanced academic programming and measurable college preparation than square entries\"": \""Groups raw terms that cite AP/IB/honors, dual‑credit, early‑college/associate‑degree outcomes and named college‑prep achievements—concrete curricular pathways and postsecondary metrics—distinct from teacher engagement (classroom practices) and extracurricular breadth (nonacademic programs).\"",\n    \""circle entries report richer extracurricular breadth and documented program success than square entries\"": \""Covers the repeated examples of broad clubs, award‑winning band/arts, FFA/CTE/JROTC, athletic facilities and alumni/booster engagement; this bucket is specifically about program breadth, competitive success and community support, not about academic rigor, safety incidents, or administrative policy.\"",\n    \""circle entries flag more systemic administrative dysfunction, governance problems, and poor parent communication (misdirected messages, enrollment/transportation errors, corruption, swept‑under‑the‑rug issues) than square entries\"": \""Groups numerous allegations of favoritism/nepotism, opaque discipline/credit decisions, record‑keeping/scheduling failures and hostile or dismissive leadership; it is about governance and process breakdowns and intentionally kept separate from safety incident content, teacher instructional quality, and extracurricular resources.\"",\n    \""square entries report more teacher disengagement, turnover, inconsistent classroom instruction, and failures to intervene/support students than circle entries\"": \""Collects the raw observations that square reviews emphasize poor instructional competence, staff apathy/high turnover, weak classroom control and lack of academic support; this is the inverse‑teacher‑quality contrast to circle’s programmatic/academic claims and is mutually exclusive from governance, safety, and extracurricular buckets which address different institutional domains.\""\n}""]",,79.30969095230103,26152,3136,3587,,[],['resp_0c6398df987b7271006a7254881b5c819f8aea1a0d02df38da'],True
vote|reduce1|7|3,"[""{\n    \""square entries describe stronger, more cohesive teacher/faculty engagement and effective student support than circle entries\"": \""Square reviews consistently highlight stable, visible principals, caring teachers, reliable counseling/IEP follow‑through and proactive in‑class help — a discrete personnel-and-support theme that is distinct from the other buckets (it focuses on day‑to‑day adult instructional/support practices rather than safety incidents, governance corruption, program breadth, or facilities).\"",\n    \""circle entries report far more student-safety, violence, bullying, substance‑abuse and crisis incidents than square entries\"": \""Many circle reviews document fights, daily bullying, drug/vaping use, stabbings, lockdowns and untreated mental‑health crises — a concrete safety/behavior cluster that is separable from complaints about administration favoritism, curriculum/program strength, or logistical/facility failures. \"",\n    \""circle entries report more administrative favoritism, nepotism, enrollment manipulation, and governance failures than square entries\"": \""Circle entries repeatedly allege cronyism, legacy/athlete favoritism, nepotistic hiring/admissions, board cover‑ups and selective discipline — a governance-and-accountability pattern that is about decision‑making and fairness, not about student safety, teacher engagement, or program offerings. \"",\n    \""circle entries document more concrete, formalized academic/career programs and measurable college outcomes than square entries\"": \""Numerous circle reviews list AP/IB/dual‑enrollment, career academies, vocational shops, certifications, internships and named college placements — a programmatic/outcomes cluster focused on advanced academic and CTE pathways that is conceptually separate from administration misconduct, safety problems, day‑to‑day teacher warmth, or broken facilities. \"",\n    \""circle entries report more operational negligence, administrative mismanagement, and facility/resource failures than square entries\"": \""Circle reviews include repeated specifics about overcrowding, outdated textbooks/tech, food/sanitation failures, lost paperwork, chaotic scheduling and budget shortfalls — an operational/infrastructure grouping distinct from governance favoritism, student‑safety crises, teacher engagement, or programmatic strengths.\""\n}""]",,109.10183191299438,26644,2240,2721,,[],['resp_04334b7d972b249d006a725488a8a4819eb363975a64a9a3c3'],True
vote|reduce1|9|3,"[""{\n    \""circle entries report more pervasive student-safety, bullying, fights, racial harassment, sexual harassment, gang activity, and administrative minimization or nonresponse than square entries\"": \""This bucket groups all raw terms about actual on‑campus harm and repeated safety failures (bullying, gangs, weapons, assaults, hate/sexual harassment) and is distinct from governance/facility/program topics because it focuses solely on student‑safety incidents and administrators' failure to protect students rather than on budget, pedagogy, or community culture.\"",\n    \""circle entries report more administrative and staff dysfunctional practices (unresponsiveness, nepotism/favoritism, hiring problems, inconsistent teacher quality, counseling/special‑education failures, allegations of misconduct and discriminatory discipline) than square entries\"": \""This bucket captures personnel, governance and accountability problems (retaliation, favoritism, opaque boards, IEP/IEP mishandling, staff misconduct) and is mutually exclusive from the safety bucket because it centers on leaders’ and staffers’ behavior and structural governance problems rather than direct student safety incidents.\"",\n    \""circle entries report more concrete advanced/alternative academic pathways, CTE/dual‑credit offerings, and measurable college‑readiness outcomes than square entries\"": \""This bucket groups all mentions of formal academic and career pathways (AP/IB/CTE, dual‑enrollment, documented college outcomes and credits) and is separate from the teacher‑support or extracurricular/resource buckets because it describes programmatic curriculum and measurable post‑secondary outcomes rather than interpersonal culture, facilities, or general extracurricular breadth.\"",\n    \""circle entries report more concrete operational, facilities, and instructional logistics problems (gradebooks, outdated materials, tech/config, overcrowding, cleanliness, scheduling) than square entries\"": \""This bucket groups the tangible, day‑to‑day operational failures and facility/resource deficits (heating, pests, lunch, buses, scheduling, outdated texts, tech rollouts) and is distinct from governance/favoritism and safety because it focuses on infrastructure and logistic breakdowns rather than policy misconduct or violent incidents.\"",\n    \""circle entries emphasize small‑school personalization and sustained parent/alumni/community engagement and loyalty more than square entries\"": \""This bucket groups accounts of small‑school intimacy, routine individualized teacher availability, strong parent/booster/alumni ties and local loyalty, and is mutually exclusive from academic‑pathway, safety, governance, or facilities buckets because it captures relational culture and sustained community engagement rather than programs, incidents, or operational conditions.\""\n}""]",,152.75225806236267,25912,3584,4146,,[],['resp_0e21b4d3c7ac283d006a725488eef48192983cfcbcd42be6ad'],True
